2026-09-17T05:48:24.180967Z  INFO panoptikon::logging: logging to file path=data/panoptikon.log
2026-09-17T05:48:24.182028Z  INFO panoptikon::rlimit: open file descriptor limit is already at its maximum soft_nofile=524288
2026-09-17T05:48:24.222833Z  INFO panoptikon::accelerator_report: accelerator backend: using CPU backend="cpu" backend_source=explicitly configured devices=["nvidia:NVIDIA RTX PRO 6000 Blackwell Workstation Edition (CC 12.0)", "nvidia:NVIDIA RTX PRO 6000 Blackwell Workstation Edition (CC 12.0)"]
2026-09-17T05:48:24.405243Z  INFO panoptikon::inferio::gpu: admitting batches from workers that run on the CPU against system RAM (running out of it is an OS process kill rather than a catchable allocation failure, so the device ships with a default ceiling) uuid=CPU name=CPU (128 GB) total_mb=128649 default_cap_fraction=0.75 accelerators=0
2026-09-17T05:48:24.407944Z  INFO panoptikon: serving /api/inference locally (inference_local.enabled)
2026-09-17T05:48:24.524321Z  INFO panoptikon: gateway listening endpoint=default address=127.0.0.1:6922
2026-09-17T05:48:24.524373Z  INFO panoptikon: gateway listening endpoint=test address=127.0.0.1:6923
2026-09-17T05:48:24.524399Z  INFO panoptikon: gateway listening endpoint=legacy_ui address=127.0.0.1:6919
2026-09-17T05:48:24.524457Z  INFO panoptikon: serving HTTP/1.1 and HTTP/2 cleartext max_concurrent_streams=512
2026-09-17T05:48:25.044842Z  INFO panoptikon::media_tools: media tools resolved ffmpeg=/home/admin/projects/panoptikon-wt/final-deploy/pyenv/.venv/lib/python3.12/site-packages/static_ffmpeg/bin/linux/ffmpeg ffprobe=/home/admin/projects/panoptikon-wt/final-deploy/pyenv/.venv/lib/python3.12/site-packages/static_ffmpeg/bin/linux/ffprobe
2026-09-17T05:48:25.327026Z  INFO panoptikon::media_tools::transcode::hw: no hardware H.264 encoder; the fast channel uses libx264 hwaccel="auto"
2026-09-17T05:48:25.483417Z  WARN panoptikon::jobs::files: no headless browser found; HTML files will not be indexed
2026-09-17T05:48:36.246844Z  INFO panoptikon::jobs::files: file scan phase timing folder="/home/admin/tmp-final-deploy/corpus/ramp/" hashing_busy_secs=1.7290863949999982 hashing_work_secs=1.981884301999998 metadata_busy_secs=0.2895653099999995 metadata_work_secs=0.32991545100000047 thumbgen_busy_secs=6.439310134000001 thumbgen_work_secs=155.0741106800001 blurhash_busy_secs=4.063866695 blurhash_work_secs=13.78643821600001
2026-09-17T05:48:40.477277Z  INFO panoptikon::jobs::files: file scan phase timing folder="/home/admin/tmp-final-deploy/corpus/ramp/" hashing_busy_secs=0.0 hashing_work_secs=0.0 metadata_busy_secs=0.0 metadata_work_secs=0.0 thumbgen_busy_secs=0.0 thumbgen_work_secs=0.0 blurhash_busy_secs=0.0 blurhash_work_secs=0.0
2026-09-17T05:48:40.485178Z  INFO Actor{id="0.5" name="job-runner"}: panoptikon::jobs::queue: scheduling deferred database maintenance index_db="cal" queue_id=3 owed=wrote_data
2026-09-17T05:48:41.522940Z DEBUG panoptikon::inferio_client: multiplexing inference requests over HTTP/2 cleartext endpoint=http://127.0.0.1:6922/api/inference connection_lanes=64 streams_per_lane=64 max_concurrent=256 max_concurrent_ceiling=4096
2026-09-17T05:48:41.624572Z DEBUG panoptikon::inferio::manager: resolved cost dimension model=tags/wd-vit-tagger-v3 unit="item" aggregation="count" epoch=1 seed_units=64 priced=true degraded=false
2026-09-17T05:48:41.625672Z DEBUG panoptikon::inferio::ledger: probing the host for this GPU's free memory before pricing a load against it model="tags/wd-vit-tagger-v3" gpu="CPU" reason="no free sample: this GPU has never had a resident" sample_age_ms=None
2026-09-17T05:48:41.627066Z DEBUG panoptikon::inferio::ledger: refreshed the GPU's free memory from the host probe gpu=CPU source="ram" free_mb=98866 total_mb=128649 external_mb=29783 previous_age_ms=None recorded=true
2026-09-17T05:48:41.670115Z DEBUG panoptikon::inferio::worker: spawned an inferio worker worker=wd_tagger inference_id="tags/wd-vit-tagger-v3" pid=Some(993680)
2026-09-17T05:48:44.647042Z  INFO panoptikon::inferio::worker: 2026-09-17 05:48:44,646 [INFO] inferio_worker: Resolved impl class wd_tagger to /home/admin/projects/panoptikon-wt/final-deploy/pyenv/inferio/impl/wd_tagger.py worker=wd_tagger
2026-09-17T05:48:44.647148Z  INFO panoptikon::inferio::worker: 2026-09-17 05:48:44,646 [INFO] inferio_worker: Handshake ok for impl class wd_tagger worker=wd_tagger
2026-09-17T05:48:44.648149Z  INFO panoptikon::inferio::worker: 2026-09-17 05:48:44,648 [INFO] inferio_worker: Configured as tags/wd-vit-tagger-v3 worker=wd_tagger
2026-09-17T05:48:47.632381Z  INFO panoptikon::inferio::worker: 2026-09-17 05:48:47,632 [DEBUG] urllib3.connectionpool: Starting new HTTPS connection (1): huggingface.co:443 worker=wd_tagger
2026-09-17T05:48:47.812698Z  INFO panoptikon::inferio::worker: 2026-09-17 05:48:47,812 [DEBUG] urllib3.connectionpool: https://huggingface.co:443 "HEAD /SmilingWolf/wd-vit-tagger-v3/resolve/main/selected_tags.csv HTTP/1.1" 307 0 worker=wd_tagger
2026-09-17T05:48:47.826491Z  INFO panoptikon::inferio::worker: 2026-09-17 05:48:47,826 [DEBUG] urllib3.connectionpool: https://huggingface.co:443 "HEAD /api/resolve-cache/models/SmilingWolf/wd-vit-tagger-v3/7f6b584d0bd3f55c4531f14ba3d4761b2bccdc0f/selected_tags.csv HTTP/1.1" 200 0 worker=wd_tagger
2026-09-17T05:48:47.992692Z  INFO panoptikon::inferio::worker: 2026-09-17 05:48:47,992 [DEBUG] urllib3.connectionpool: https://huggingface.co:443 "HEAD /SmilingWolf/wd-vit-tagger-v3/resolve/main/config.json HTTP/1.1" 307 0 worker=wd_tagger
2026-09-17T05:48:48.007133Z  INFO panoptikon::inferio::worker: 2026-09-17 05:48:48,006 [DEBUG] urllib3.connectionpool: https://huggingface.co:443 "HEAD /api/resolve-cache/models/SmilingWolf/wd-vit-tagger-v3/7f6b584d0bd3f55c4531f14ba3d4761b2bccdc0f/config.json HTTP/1.1" 200 0 worker=wd_tagger
2026-09-17T05:48:49.365748Z  INFO panoptikon::inferio::worker: 2026-09-17 05:48:49,365 [DEBUG] urllib3.connectionpool: https://huggingface.co:443 "HEAD /SmilingWolf/wd-vit-tagger-v3/resolve/main/model.safetensors HTTP/1.1" 302 0 worker=wd_tagger
2026-09-17T05:48:49.367026Z  INFO panoptikon::inferio::worker: 2026-09-17 05:48:49,366 [INFO] timm.models._hub: [SmilingWolf/wd-vit-tagger-v3] Safe alternative available for 'pytorch_model.bin' (as 'model.safetensors'). Loading weights using safetensors. worker=wd_tagger
2026-09-17T05:48:49.756822Z  INFO panoptikon::inferio::worker: 2026-09-17 05:48:49,756 [DEBUG] inferio_worker_impl_0_wd_tagger: Model SmilingWolf/wd-vit-tagger-v3 loaded worker=wd_tagger
2026-09-17T05:48:49.786207Z DEBUG panoptikon::inferio::worker: worker reported its load footprint worker=tags/wd-vit-tagger-v3 base_mb=479 base_method="rss" dtype="fp32" dtype_method="inferred" gpu_name="CPU (128 GB)" gpu_arch="cpu" gpu_total_mb=128649 torch="2.7.1+cpu"
2026-09-17T05:48:49.787832Z DEBUG panoptikon::inferio::manager: replica loaded model=tags/wd-vit-tagger-v3 replica=0 device="<unpinned>"
2026-09-17T05:48:49.789149Z DEBUG panoptikon::inferio::ledger: admitted a worker to a GPU's ledger model=tags/wd-vit-tagger-v3 gpu=CPU replica=2 base_mb=Some(479) base_method="rss" reserved_at_load_mb=Some(1050) seeded_from_store=false
2026-09-17T05:48:49.835791Z DEBUG panoptikon::inferio::http: processing local inference predict model=tags/wd-vit-tagger-v3 inputs=1
2026-09-17T05:48:49.835920Z DEBUG panoptikon::inferio::http: processing local inference predict model=tags/wd-vit-tagger-v3 inputs=1
2026-09-17T05:48:49.835972Z DEBUG panoptikon::inferio::http: processing local inference predict model=tags/wd-vit-tagger-v3 inputs=1
2026-09-17T05:48:49.836035Z DEBUG panoptikon::inferio::ledger: issued a memory grant model=tags/wd-vit-tagger-v3 gpu=CPU unit_budget=1 mb=96007 canvas_pixels=none share_mb=96007 room_mb=96007 headroom_mb=96007 external_mb=29924 reserve_mb=1024 reserve_rule="capped_default" pre_fit=true ramp_step=0 deflation=0 squeezed=false window_requests=1
2026-09-17T05:48:49.836637Z DEBUG panoptikon::inferio::http: processing local inference predict model=tags/wd-vit-tagger-v3 inputs=1
2026-09-17T05:48:49.836677Z DEBUG panoptikon::inferio::http: processing local inference predict model=tags/wd-vit-tagger-v3 inputs=1
2026-09-17T05:48:49.836812Z DEBUG panoptikon::inferio::http: processing local inference predict model=tags/wd-vit-tagger-v3 inputs=1
2026-09-17T05:48:49.837113Z DEBUG panoptikon::inferio::http: processing local inference predict model=tags/wd-vit-tagger-v3 inputs=1
2026-09-17T05:48:49.837143Z DEBUG panoptikon::inferio::http: processing local inference predict model=tags/wd-vit-tagger-v3 inputs=1
2026-09-17T05:48:49.837212Z DEBUG panoptikon::inferio::http: processing local inference predict model=tags/wd-vit-tagger-v3 inputs=1
2026-09-17T05:48:49.837253Z DEBUG panoptikon::inferio::http: processing local inference predict model=tags/wd-vit-tagger-v3 inputs=1
2026-09-17T05:48:49.837478Z DEBUG panoptikon::inferio::http: processing local inference predict model=tags/wd-vit-tagger-v3 inputs=1
2026-09-17T05:48:49.837539Z DEBUG panoptikon::inferio::http: processing local inference predict model=tags/wd-vit-tagger-v3 inputs=1
2026-09-17T05:48:49.837673Z DEBUG panoptikon::inferio::http: processing local inference predict model=tags/wd-vit-tagger-v3 inputs=1
2026-09-17T05:48:49.837901Z DEBUG panoptikon::inferio::http: processing local inference predict model=tags/wd-vit-tagger-v3 inputs=1
2026-09-17T05:48:49.838050Z DEBUG panoptikon::inferio::http: processing local inference predict model=tags/wd-vit-tagger-v3 inputs=1
2026-09-17T05:48:49.838131Z DEBUG panoptikon::inferio::http: processing local inference predict model=tags/wd-vit-tagger-v3 inputs=1
2026-09-17T05:48:49.838315Z DEBUG panoptikon::inferio::http: processing local inference predict model=tags/wd-vit-tagger-v3 inputs=1
2026-09-17T05:48:49.838525Z DEBUG panoptikon::inferio::http: processing local inference predict model=tags/wd-vit-tagger-v3 inputs=1
2026-09-17T05:48:49.838548Z DEBUG panoptikon::inferio::http: processing local inference predict model=tags/wd-vit-tagger-v3 inputs=1
2026-09-17T05:48:49.838737Z DEBUG panoptikon::inferio::http: processing local inference predict model=tags/wd-vit-tagger-v3 inputs=1
2026-09-17T05:48:49.838875Z DEBUG panoptikon::inferio::http: processing local inference predict model=tags/wd-vit-tagger-v3 inputs=1
2026-09-17T05:48:49.839022Z DEBUG panoptikon::inferio::http: processing local inference predict model=tags/wd-vit-tagger-v3 inputs=1
2026-09-17T05:48:49.839264Z DEBUG panoptikon::inferio::http: processing local inference predict model=tags/wd-vit-tagger-v3 inputs=1
2026-09-17T05:48:49.839476Z DEBUG panoptikon::inferio::http: processing local inference predict model=tags/wd-vit-tagger-v3 inputs=1
2026-09-17T05:48:49.839575Z DEBUG panoptikon::inferio::http: processing local inference predict model=tags/wd-vit-tagger-v3 inputs=1
2026-09-17T05:48:49.839747Z DEBUG panoptikon::inferio::http: processing local inference predict model=tags/wd-vit-tagger-v3 inputs=1
2026-09-17T05:48:49.839800Z DEBUG panoptikon::inferio::http: processing local inference predict model=tags/wd-vit-tagger-v3 inputs=1
2026-09-17T05:48:49.839821Z DEBUG panoptikon::inferio::http: processing local inference predict model=tags/wd-vit-tagger-v3 inputs=1
2026-09-17T05:48:49.840562Z DEBUG panoptikon::inferio::http: processing local inference predict model=tags/wd-vit-tagger-v3 inputs=1
2026-09-17T05:48:49.840848Z DEBUG panoptikon::inferio::http: processing local inference predict model=tags/wd-vit-tagger-v3 inputs=1
2026-09-17T05:48:49.840952Z DEBUG panoptikon::inferio::http: processing local inference predict model=tags/wd-vit-tagger-v3 inputs=1
2026-09-17T05:48:49.840998Z DEBUG panoptikon::inferio::http: processing local inference predict model=tags/wd-vit-tagger-v3 inputs=1
2026-09-17T05:48:49.841052Z DEBUG panoptikon::inferio::http: processing local inference predict model=tags/wd-vit-tagger-v3 inputs=1
2026-09-17T05:48:49.841078Z DEBUG panoptikon::inferio::http: processing local inference predict model=tags/wd-vit-tagger-v3 inputs=1
2026-09-17T05:48:49.841153Z DEBUG panoptikon::inferio::http: processing local inference predict model=tags/wd-vit-tagger-v3 inputs=1
2026-09-17T05:48:49.841199Z DEBUG panoptikon::inferio::http: processing local inference predict model=tags/wd-vit-tagger-v3 inputs=1
2026-09-17T05:48:49.841575Z DEBUG panoptikon::inferio::http: processing local inference predict model=tags/wd-vit-tagger-v3 inputs=1
2026-09-17T05:48:49.841629Z DEBUG panoptikon::inferio::http: processing local inference predict model=tags/wd-vit-tagger-v3 inputs=1
2026-09-17T05:48:49.841737Z DEBUG panoptikon::inferio::http: processing local inference predict model=tags/wd-vit-tagger-v3 inputs=1
2026-09-17T05:48:49.841911Z DEBUG panoptikon::inferio::http: processing local inference predict model=tags/wd-vit-tagger-v3 inputs=1
2026-09-17T05:48:49.841991Z DEBUG panoptikon::inferio::http: processing local inference predict model=tags/wd-vit-tagger-v3 inputs=1
2026-09-17T05:48:49.842225Z DEBUG panoptikon::inferio::http: processing local inference predict model=tags/wd-vit-tagger-v3 inputs=1
2026-09-17T05:48:49.842389Z DEBUG panoptikon::inferio::http: processing local inference predict model=tags/wd-vit-tagger-v3 inputs=1
2026-09-17T05:48:49.842464Z DEBUG panoptikon::inferio::http: processing local inference predict model=tags/wd-vit-tagger-v3 inputs=1
2026-09-17T05:48:49.842715Z DEBUG panoptikon::inferio::http: processing local inference predict model=tags/wd-vit-tagger-v3 inputs=1
2026-09-17T05:48:49.842855Z DEBUG panoptikon::inferio::http: processing local inference predict model=tags/wd-vit-tagger-v3 inputs=1
2026-09-17T05:48:49.842927Z DEBUG panoptikon::inferio::http: processing local inference predict model=tags/wd-vit-tagger-v3 inputs=1
2026-09-17T05:48:49.843000Z DEBUG panoptikon::inferio::http: processing local inference predict model=tags/wd-vit-tagger-v3 inputs=1
2026-09-17T05:48:49.843038Z DEBUG panoptikon::inferio::http: processing local inference predict model=tags/wd-vit-tagger-v3 inputs=1
2026-09-17T05:48:49.843257Z DEBUG panoptikon::inferio::http: processing local inference predict model=tags/wd-vit-tagger-v3 inputs=1
2026-09-17T05:48:49.843324Z DEBUG panoptikon::inferio::http: processing local inference predict model=tags/wd-vit-tagger-v3 inputs=1
2026-09-17T05:48:49.843783Z DEBUG panoptikon::inferio::http: processing local inference predict model=tags/wd-vit-tagger-v3 inputs=1
2026-09-17T05:48:49.843841Z DEBUG panoptikon::inferio::http: processing local inference predict model=tags/wd-vit-tagger-v3 inputs=1
2026-09-17T05:48:49.843991Z DEBUG panoptikon::inferio::http: processing local inference predict model=tags/wd-vit-tagger-v3 inputs=1
2026-09-17T05:48:49.844160Z DEBUG panoptikon::inferio::http: processing local inference predict model=tags/wd-vit-tagger-v3 inputs=1
2026-09-17T05:48:49.844209Z DEBUG panoptikon::inferio::http: processing local inference predict model=tags/wd-vit-tagger-v3 inputs=1
2026-09-17T05:48:49.844237Z DEBUG panoptikon::inferio::http: processing local inference predict model=tags/wd-vit-tagger-v3 inputs=1
2026-09-17T05:48:49.844297Z DEBUG panoptikon::inferio::http: processing local inference predict model=tags/wd-vit-tagger-v3 inputs=1
2026-09-17T05:48:49.844701Z DEBUG panoptikon::inferio::http: processing local inference predict model=tags/wd-vit-tagger-v3 inputs=1
2026-09-17T05:48:49.844780Z DEBUG panoptikon::inferio::http: processing local inference predict model=tags/wd-vit-tagger-v3 inputs=1
2026-09-17T05:48:49.844946Z DEBUG panoptikon::inferio::http: processing local inference predict model=tags/wd-vit-tagger-v3 inputs=1
2026-09-17T05:48:49.844982Z DEBUG panoptikon::inferio::http: processing local inference predict model=tags/wd-vit-tagger-v3 inputs=1
2026-09-17T05:48:49.845229Z DEBUG panoptikon::inferio::http: processing local inference predict model=tags/wd-vit-tagger-v3 inputs=1
2026-09-17T05:48:49.845406Z DEBUG panoptikon::inferio::http: processing local inference predict model=tags/wd-vit-tagger-v3 inputs=1
2026-09-17T05:48:49.858370Z  INFO panoptikon::inferio::worker: 2026-09-17 05:48:49,858 [DEBUG] inferio_worker_impl_0_wd_tagger: Running inference on 1 images worker=wd_tagger
2026-09-17T05:48:50.360171Z DEBUG panoptikon::inferio::ledger: queued a calibration profile update for the store model=tags/wd-vit-tagger-v3 gpu=CPU reason="anchor_advanced" max_units_measured=0 fit_version=0
2026-09-17T05:48:50.360267Z DEBUG panoptikon::inferio::ledger: settled a granted window model=tags/wd-vit-tagger-v3 gpu=CPU outcome="clean" fit_samples=1 throughput_samples=1 clamped_samples=0 clamped=none ramp_step=0 deflation=0 clean_windows=1 max_units_measured=1
2026-09-17T05:48:50.360379Z DEBUG panoptikon::inferio::ledger: issued a memory grant model=tags/wd-vit-tagger-v3 gpu=CPU unit_budget=2 mb=96007 canvas_pixels=none share_mb=96007 room_mb=96007 headroom_mb=96007 external_mb=30045 reserve_mb=1024 reserve_rule="capped_default" pre_fit=true ramp_step=0 deflation=0 squeezed=false window_requests=6
2026-09-17T05:48:50.361614Z DEBUG panoptikon::inferio::http: processing local inference predict model=tags/wd-vit-tagger-v3 inputs=1
2026-09-17T05:48:50.362362Z  INFO panoptikon::inferio::calibration: wrote the local calibration store path=data/inferio/calibration.toml profiles=1
2026-09-17T05:48:50.381240Z DEBUG panoptikon::inferio::http: processing local inference predict model=tags/wd-vit-tagger-v3 inputs=1
2026-09-17T05:48:50.381409Z DEBUG panoptikon::inferio::http: processing local inference predict model=tags/wd-vit-tagger-v3 inputs=1
2026-09-17T05:48:50.381730Z  INFO panoptikon::inferio::worker: 2026-09-17 05:48:50,381 [DEBUG] inferio_worker_impl_0_wd_tagger: Running inference on 2 images worker=wd_tagger
2026-09-17T05:48:50.381874Z DEBUG panoptikon::inferio::http: processing local inference predict model=tags/wd-vit-tagger-v3 inputs=1
2026-09-17T05:48:50.381946Z DEBUG panoptikon::inferio::http: processing local inference predict model=tags/wd-vit-tagger-v3 inputs=1
2026-09-17T05:48:50.382034Z DEBUG panoptikon::inferio::http: processing local inference predict model=tags/wd-vit-tagger-v3 inputs=1
2026-09-17T05:48:50.382097Z DEBUG panoptikon::inferio::http: processing local inference predict model=tags/wd-vit-tagger-v3 inputs=1
2026-09-17T05:48:50.382144Z DEBUG panoptikon::inferio::http: processing local inference predict model=tags/wd-vit-tagger-v3 inputs=1
2026-09-17T05:48:50.382262Z DEBUG panoptikon::inferio::http: processing local inference predict model=tags/wd-vit-tagger-v3 inputs=1
2026-09-17T05:48:50.382316Z DEBUG panoptikon::inferio::http: processing local inference predict model=tags/wd-vit-tagger-v3 inputs=1
2026-09-17T05:48:50.382340Z DEBUG panoptikon::inferio::http: processing local inference predict model=tags/wd-vit-tagger-v3 inputs=1
2026-09-17T05:48:50.382403Z DEBUG panoptikon::inferio::http: processing local inference predict model=tags/wd-vit-tagger-v3 inputs=1
2026-09-17T05:48:50.382677Z DEBUG panoptikon::inferio::http: processing local inference predict model=tags/wd-vit-tagger-v3 inputs=1
2026-09-17T05:48:50.382745Z DEBUG panoptikon::inferio::http: processing local inference predict model=tags/wd-vit-tagger-v3 inputs=1
2026-09-17T05:48:50.382966Z DEBUG panoptikon::inferio::http: processing local inference predict model=tags/wd-vit-tagger-v3 inputs=1
2026-09-17T05:48:50.383400Z DEBUG panoptikon::inferio::http: processing local inference predict model=tags/wd-vit-tagger-v3 inputs=1
2026-09-17T05:48:50.383736Z DEBUG panoptikon::inferio::http: processing local inference predict model=tags/wd-vit-tagger-v3 inputs=1
2026-09-17T05:48:50.383796Z DEBUG panoptikon::inferio::http: processing local inference predict model=tags/wd-vit-tagger-v3 inputs=1
2026-09-17T05:48:50.383813Z DEBUG panoptikon::inferio::http: processing local inference predict model=tags/wd-vit-tagger-v3 inputs=1
2026-09-17T05:48:50.383886Z DEBUG panoptikon::inferio::http: processing local inference predict model=tags/wd-vit-tagger-v3 inputs=1
2026-09-17T05:48:50.383927Z DEBUG panoptikon::inferio::http: processing local inference predict model=tags/wd-vit-tagger-v3 inputs=1
2026-09-17T05:48:50.383989Z DEBUG panoptikon::inferio::http: processing local inference predict model=tags/wd-vit-tagger-v3 inputs=1
2026-09-17T05:48:50.384084Z DEBUG panoptikon::inferio::http: processing local inference predict model=tags/wd-vit-tagger-v3 inputs=1
2026-09-17T05:48:50.384735Z DEBUG panoptikon::inferio::http: processing local inference predict model=tags/wd-vit-tagger-v3 inputs=1
2026-09-17T05:48:50.384799Z DEBUG panoptikon::inferio::http: processing local inference predict model=tags/wd-vit-tagger-v3 inputs=1
2026-09-17T05:48:50.384866Z DEBUG panoptikon::inferio::http: processing local inference predict model=tags/wd-vit-tagger-v3 inputs=1
2026-09-17T05:48:50.384925Z DEBUG panoptikon::inferio::http: processing local inference predict model=tags/wd-vit-tagger-v3 inputs=1
2026-09-17T05:48:50.384991Z DEBUG panoptikon::inferio::http: processing local inference predict model=tags/wd-vit-tagger-v3 inputs=1
2026-09-17T05:48:50.385046Z DEBUG panoptikon::inferio::http: processing local inference predict model=tags/wd-vit-tagger-v3 inputs=1
2026-09-17T05:48:50.385116Z DEBUG panoptikon::inferio::http: processing local inference predict model=tags/wd-vit-tagger-v3 inputs=1
2026-09-17T05:48:50.385174Z DEBUG panoptikon::inferio::http: processing local inference predict model=tags/wd-vit-tagger-v3 inputs=1
2026-09-17T05:48:50.385270Z DEBUG panoptikon::inferio::http: processing local inference predict model=tags/wd-vit-tagger-v3 inputs=1
2026-09-17T05:48:50.385442Z DEBUG panoptikon::inferio::http: processing local inference predict model=tags/wd-vit-tagger-v3 inputs=1
2026-09-17T05:48:50.385476Z DEBUG panoptikon::inferio::http: processing local inference predict model=tags/wd-vit-tagger-v3 inputs=1
2026-09-17T05:48:50.385511Z DEBUG panoptikon::inferio::http: processing local inference predict model=tags/wd-vit-tagger-v3 inputs=1
2026-09-17T05:48:50.385592Z DEBUG panoptikon::inferio::http: processing local inference predict model=tags/wd-vit-tagger-v3 inputs=1
2026-09-17T05:48:50.386436Z DEBUG panoptikon::inferio::http: processing local inference predict model=tags/wd-vit-tagger-v3 inputs=1
2026-09-17T05:48:50.386481Z DEBUG panoptikon::inferio::http: processing local inference predict model=tags/wd-vit-tagger-v3 inputs=1
2026-09-17T05:48:50.386510Z DEBUG panoptikon::inferio::http: processing local inference predict model=tags/wd-vit-tagger-v3 inputs=1
2026-09-17T05:48:50.386661Z DEBUG panoptikon::inferio::http: processing local inference predict model=tags/wd-vit-tagger-v3 inputs=1
2026-09-17T05:48:50.386871Z DEBUG panoptikon::inferio::http: processing local inference predict model=tags/wd-vit-tagger-v3 inputs=1
2026-09-17T05:48:50.386921Z DEBUG panoptikon::inferio::http: processing local inference predict model=tags/wd-vit-tagger-v3 inputs=1
2026-09-17T05:48:50.386997Z DEBUG panoptikon::inferio::http: processing local inference predict model=tags/wd-vit-tagger-v3 inputs=1
2026-09-17T05:48:50.387042Z DEBUG panoptikon::inferio::http: processing local inference predict model=tags/wd-vit-tagger-v3 inputs=1
2026-09-17T05:48:50.387083Z DEBUG panoptikon::inferio::http: processing local inference predict model=tags/wd-vit-tagger-v3 inputs=1
2026-09-17T05:48:50.387201Z DEBUG panoptikon::inferio::http: processing local inference predict model=tags/wd-vit-tagger-v3 inputs=1
2026-09-17T05:48:50.387248Z DEBUG panoptikon::inferio::http: processing local inference predict model=tags/wd-vit-tagger-v3 inputs=1
2026-09-17T05:48:50.387309Z DEBUG panoptikon::inferio::http: processing local inference predict model=tags/wd-vit-tagger-v3 inputs=1
2026-09-17T05:48:50.387381Z DEBUG panoptikon::inferio::http: processing local inference predict model=tags/wd-vit-tagger-v3 inputs=1
2026-09-17T05:48:50.387413Z DEBUG panoptikon::inferio::http: processing local inference predict model=tags/wd-vit-tagger-v3 inputs=1
2026-09-17T05:48:50.387633Z DEBUG panoptikon::inferio::http: processing local inference predict model=tags/wd-vit-tagger-v3 inputs=1
2026-09-17T05:48:50.387848Z DEBUG panoptikon::inferio::http: processing local inference predict model=tags/wd-vit-tagger-v3 inputs=1
2026-09-17T05:48:50.388048Z DEBUG panoptikon::inferio::http: processing local inference predict model=tags/wd-vit-tagger-v3 inputs=1
2026-09-17T05:48:50.388108Z DEBUG panoptikon::inferio::http: processing local inference predict model=tags/wd-vit-tagger-v3 inputs=1
2026-09-17T05:48:50.388143Z DEBUG panoptikon::inferio::http: processing local inference predict model=tags/wd-vit-tagger-v3 inputs=1
2026-09-17T05:48:50.388204Z DEBUG panoptikon::inferio::http: processing local inference predict model=tags/wd-vit-tagger-v3 inputs=1
2026-09-17T05:48:50.388381Z DEBUG panoptikon::inferio::http: processing local inference predict model=tags/wd-vit-tagger-v3 inputs=1
2026-09-17T05:48:50.388531Z DEBUG panoptikon::inferio::http: processing local inference predict model=tags/wd-vit-tagger-v3 inputs=1
2026-09-17T05:48:50.388727Z DEBUG panoptikon::inferio::http: processing local inference predict model=tags/wd-vit-tagger-v3 inputs=1
2026-09-17T05:48:50.388777Z DEBUG panoptikon::inferio::http: processing local inference predict model=tags/wd-vit-tagger-v3 inputs=1
2026-09-17T05:48:50.389037Z DEBUG panoptikon::inferio::http: processing local inference predict model=tags/wd-vit-tagger-v3 inputs=1
2026-09-17T05:48:50.389118Z DEBUG panoptikon::inferio::http: processing local inference predict model=tags/wd-vit-tagger-v3 inputs=1
2026-09-17T05:48:50.389187Z DEBUG panoptikon::inferio::http: processing local inference predict model=tags/wd-vit-tagger-v3 inputs=1
2026-09-17T05:48:50.389319Z DEBUG panoptikon::inferio::http: processing local inference predict model=tags/wd-vit-tagger-v3 inputs=1
2026-09-17T05:48:50.389495Z DEBUG panoptikon::inferio::http: processing local inference predict model=tags/wd-vit-tagger-v3 inputs=1
2026-09-17T05:48:50.399595Z DEBUG panoptikon::inferio::http: processing local inference predict model=tags/wd-vit-tagger-v3 inputs=1
2026-09-17T05:48:50.399835Z DEBUG panoptikon::inferio::http: processing local inference predict model=tags/wd-vit-tagger-v3 inputs=1
2026-09-17T05:48:50.400002Z DEBUG panoptikon::inferio::http: processing local inference predict model=tags/wd-vit-tagger-v3 inputs=1
2026-09-17T05:48:50.400137Z DEBUG panoptikon::inferio::http: processing local inference predict model=tags/wd-vit-tagger-v3 inputs=1
2026-09-17T05:48:50.400196Z DEBUG panoptikon::inferio::http: processing local inference predict model=tags/wd-vit-tagger-v3 inputs=1
2026-09-17T05:48:50.400228Z DEBUG panoptikon::inferio::http: processing local inference predict model=tags/wd-vit-tagger-v3 inputs=1
2026-09-17T05:48:50.400611Z DEBUG panoptikon::inferio::http: processing local inference predict model=tags/wd-vit-tagger-v3 inputs=1
2026-09-17T05:48:50.400946Z DEBUG panoptikon::inferio::http: processing local inference predict model=tags/wd-vit-tagger-v3 inputs=1
2026-09-17T05:48:50.401021Z DEBUG panoptikon::inferio::http: processing local inference predict model=tags/wd-vit-tagger-v3 inputs=1
2026-09-17T05:48:50.401108Z DEBUG panoptikon::inferio::http: processing local inference predict model=tags/wd-vit-tagger-v3 inputs=1
2026-09-17T05:48:50.401163Z DEBUG panoptikon::inferio::http: processing local inference predict model=tags/wd-vit-tagger-v3 inputs=1
2026-09-17T05:48:50.401221Z DEBUG panoptikon::inferio::http: processing local inference predict model=tags/wd-vit-tagger-v3 inputs=1
2026-09-17T05:48:50.401267Z DEBUG panoptikon::inferio::http: processing local inference predict model=tags/wd-vit-tagger-v3 inputs=1
2026-09-17T05:48:50.401551Z DEBUG panoptikon::inferio::http: processing local inference predict model=tags/wd-vit-tagger-v3 inputs=1
2026-09-17T05:48:50.401602Z DEBUG panoptikon::inferio::http: processing local inference predict model=tags/wd-vit-tagger-v3 inputs=1
2026-09-17T05:48:50.401646Z DEBUG panoptikon::inferio::http: processing local inference predict model=tags/wd-vit-tagger-v3 inputs=1
2026-09-17T05:48:50.401841Z DEBUG panoptikon::inferio::http: processing local inference predict model=tags/wd-vit-tagger-v3 inputs=1
2026-09-17T05:48:50.402131Z DEBUG panoptikon::inferio::http: processing local inference predict model=tags/wd-vit-tagger-v3 inputs=1
2026-09-17T05:48:50.402177Z DEBUG panoptikon::inferio::http: processing local inference predict model=tags/wd-vit-tagger-v3 inputs=1
2026-09-17T05:48:50.402399Z DEBUG panoptikon::inferio::http: processing local inference predict model=tags/wd-vit-tagger-v3 inputs=1
2026-09-17T05:48:50.402459Z DEBUG panoptikon::inferio::http: processing local inference predict model=tags/wd-vit-tagger-v3 inputs=1
2026-09-17T05:48:50.402562Z DEBUG panoptikon::inferio::http: processing local inference predict model=tags/wd-vit-tagger-v3 inputs=1
2026-09-17T05:48:50.403142Z DEBUG panoptikon::inferio::http: processing local inference predict model=tags/wd-vit-tagger-v3 inputs=1
2026-09-17T05:48:50.403179Z DEBUG panoptikon::inferio::http: processing local inference predict model=tags/wd-vit-tagger-v3 inputs=1
2026-09-17T05:48:50.403344Z DEBUG panoptikon::inferio::http: processing local inference predict model=tags/wd-vit-tagger-v3 inputs=1
2026-09-17T05:48:50.403490Z DEBUG panoptikon::inferio::http: processing local inference predict model=tags/wd-vit-tagger-v3 inputs=1
2026-09-17T05:48:50.403556Z DEBUG panoptikon::inferio::http: processing local inference predict model=tags/wd-vit-tagger-v3 inputs=1
2026-09-17T05:48:50.403650Z DEBUG panoptikon::inferio::http: processing local inference predict model=tags/wd-vit-tagger-v3 inputs=1
2026-09-17T05:48:50.403684Z DEBUG panoptikon::inferio::http: processing local inference predict model=tags/wd-vit-tagger-v3 inputs=1
2026-09-17T05:48:50.403788Z DEBUG panoptikon::inferio::http: processing local inference predict model=tags/wd-vit-tagger-v3 inputs=1
2026-09-17T05:48:50.404417Z DEBUG panoptikon::inferio::http: processing local inference predict model=tags/wd-vit-tagger-v3 inputs=1
2026-09-17T05:48:50.404527Z DEBUG panoptikon::inferio::http: processing local inference predict model=tags/wd-vit-tagger-v3 inputs=1
2026-09-17T05:48:50.404590Z DEBUG panoptikon::inferio::http: processing local inference predict model=tags/wd-vit-tagger-v3 inputs=1
2026-09-17T05:48:50.404644Z DEBUG panoptikon::inferio::http: processing local inference predict model=tags/wd-vit-tagger-v3 inputs=1
2026-09-17T05:48:50.404722Z DEBUG panoptikon::inferio::http: processing local inference predict model=tags/wd-vit-tagger-v3 inputs=1
2026-09-17T05:48:50.404773Z DEBUG panoptikon::inferio::http: processing local inference predict model=tags/wd-vit-tagger-v3 inputs=1
2026-09-17T05:48:50.404816Z DEBUG panoptikon::inferio::http: processing local inference predict model=tags/wd-vit-tagger-v3 inputs=1
2026-09-17T05:48:50.405001Z DEBUG panoptikon::inferio::http: processing local inference predict model=tags/wd-vit-tagger-v3 inputs=1
2026-09-17T05:48:50.405032Z DEBUG panoptikon::inferio::http: processing local inference predict model=tags/wd-vit-tagger-v3 inputs=1
2026-09-17T05:48:50.405100Z DEBUG panoptikon::inferio::http: processing local inference predict model=tags/wd-vit-tagger-v3 inputs=1
2026-09-17T05:48:50.405215Z DEBUG panoptikon::inferio::http: processing local inference predict model=tags/wd-vit-tagger-v3 inputs=1
2026-09-17T05:48:50.405269Z DEBUG panoptikon::inferio::http: processing local inference predict model=tags/wd-vit-tagger-v3 inputs=1
2026-09-17T05:48:50.405329Z DEBUG panoptikon::inferio::http: processing local inference predict model=tags/wd-vit-tagger-v3 inputs=1
2026-09-17T05:48:50.405554Z DEBUG panoptikon::inferio::http: processing local inference predict model=tags/wd-vit-tagger-v3 inputs=1
2026-09-17T05:48:50.406027Z DEBUG panoptikon::inferio::http: processing local inference predict model=tags/wd-vit-tagger-v3 inputs=1
2026-09-17T05:48:50.406108Z DEBUG panoptikon::inferio::http: processing local inference predict model=tags/wd-vit-tagger-v3 inputs=1
2026-09-17T05:48:50.406144Z DEBUG panoptikon::inferio::http: processing local inference predict model=tags/wd-vit-tagger-v3 inputs=1
2026-09-17T05:48:50.406192Z DEBUG panoptikon::inferio::http: processing local inference predict model=tags/wd-vit-tagger-v3 inputs=1
2026-09-17T05:48:50.406281Z DEBUG panoptikon::inferio::http: processing local inference predict model=tags/wd-vit-tagger-v3 inputs=1
2026-09-17T05:48:50.406312Z DEBUG panoptikon::inferio::http: processing local inference predict model=tags/wd-vit-tagger-v3 inputs=1
2026-09-17T05:48:50.406644Z DEBUG panoptikon::inferio::http: processing local inference predict model=tags/wd-vit-tagger-v3 inputs=1
2026-09-17T05:48:50.406699Z DEBUG panoptikon::inferio::http: processing local inference predict model=tags/wd-vit-tagger-v3 inputs=1
2026-09-17T05:48:50.406904Z DEBUG panoptikon::inferio::http: processing local inference predict model=tags/wd-vit-tagger-v3 inputs=1
2026-09-17T05:48:50.407288Z DEBUG panoptikon::inferio::http: processing local inference predict model=tags/wd-vit-tagger-v3 inputs=1
2026-09-17T05:48:50.407593Z DEBUG panoptikon::inferio::http: processing local inference predict model=tags/wd-vit-tagger-v3 inputs=1
2026-09-17T05:48:50.407698Z DEBUG panoptikon::inferio::http: processing local inference predict model=tags/wd-vit-tagger-v3 inputs=1
2026-09-17T05:48:50.407788Z DEBUG panoptikon::inferio::http: processing local inference predict model=tags/wd-vit-tagger-v3 inputs=1
2026-09-17T05:48:50.408091Z DEBUG panoptikon::inferio::http: processing local inference predict model=tags/wd-vit-tagger-v3 inputs=1
2026-09-17T05:48:50.408172Z DEBUG panoptikon::inferio::http: processing local inference predict model=tags/wd-vit-tagger-v3 inputs=1
2026-09-17T05:48:50.408219Z DEBUG panoptikon::inferio::http: processing local inference predict model=tags/wd-vit-tagger-v3 inputs=1
2026-09-17T05:48:50.408298Z DEBUG panoptikon::inferio::http: processing local inference predict model=tags/wd-vit-tagger-v3 inputs=1
2026-09-17T05:48:50.408353Z DEBUG panoptikon::inferio::http: processing local inference predict model=tags/wd-vit-tagger-v3 inputs=1
2026-09-17T05:48:50.408444Z DEBUG panoptikon::inferio::http: processing local inference predict model=tags/wd-vit-tagger-v3 inputs=1
2026-09-17T05:48:50.408636Z DEBUG panoptikon::inferio::http: processing local inference predict model=tags/wd-vit-tagger-v3 inputs=1
2026-09-17T05:48:50.427601Z DEBUG panoptikon::inferio::http: processing local inference predict model=tags/wd-vit-tagger-v3 inputs=1
2026-09-17T05:48:50.427679Z DEBUG panoptikon::inferio::http: processing local inference predict model=tags/wd-vit-tagger-v3 inputs=1
2026-09-17T05:48:50.427957Z DEBUG panoptikon::inferio::http: processing local inference predict model=tags/wd-vit-tagger-v3 inputs=1
2026-09-17T05:48:50.428016Z DEBUG panoptikon::inferio::http: processing local inference predict model=tags/wd-vit-tagger-v3 inputs=1
2026-09-17T05:48:50.428144Z DEBUG panoptikon::inferio::http: processing local inference predict model=tags/wd-vit-tagger-v3 inputs=1
2026-09-17T05:48:50.428258Z DEBUG panoptikon::inferio::http: processing local inference predict model=tags/wd-vit-tagger-v3 inputs=1
2026-09-17T05:48:50.428981Z DEBUG panoptikon::inferio::http: processing local inference predict model=tags/wd-vit-tagger-v3 inputs=1
2026-09-17T05:48:50.429035Z DEBUG panoptikon::inferio::http: processing local inference predict model=tags/wd-vit-tagger-v3 inputs=1
2026-09-17T05:48:50.429085Z DEBUG panoptikon::inferio::http: processing local inference predict model=tags/wd-vit-tagger-v3 inputs=1
2026-09-17T05:48:50.429144Z DEBUG panoptikon::inferio::http: processing local inference predict model=tags/wd-vit-tagger-v3 inputs=1
2026-09-17T05:48:50.429177Z DEBUG panoptikon::inferio::http: processing local inference predict model=tags/wd-vit-tagger-v3 inputs=1
2026-09-17T05:48:50.429375Z DEBUG panoptikon::inferio::http: processing local inference predict model=tags/wd-vit-tagger-v3 inputs=1
2026-09-17T05:48:50.429431Z DEBUG panoptikon::inferio::http: processing local inference predict model=tags/wd-vit-tagger-v3 inputs=1
2026-09-17T05:48:50.429960Z DEBUG panoptikon::inferio::http: processing local inference predict model=tags/wd-vit-tagger-v3 inputs=1
2026-09-17T05:48:50.430034Z DEBUG panoptikon::inferio::http: processing local inference predict model=tags/wd-vit-tagger-v3 inputs=1
2026-09-17T05:48:50.430090Z DEBUG panoptikon::inferio::http: processing local inference predict model=tags/wd-vit-tagger-v3 inputs=1
2026-09-17T05:48:50.430323Z DEBUG panoptikon::inferio::http: processing local inference predict model=tags/wd-vit-tagger-v3 inputs=1
2026-09-17T05:48:50.430373Z DEBUG panoptikon::inferio::http: processing local inference predict model=tags/wd-vit-tagger-v3 inputs=1
2026-09-17T05:48:50.430469Z DEBUG panoptikon::inferio::http: processing local inference predict model=tags/wd-vit-tagger-v3 inputs=1
2026-09-17T05:48:50.430561Z DEBUG panoptikon::inferio::http: processing local inference predict model=tags/wd-vit-tagger-v3 inputs=1
2026-09-17T05:48:50.430589Z DEBUG panoptikon::inferio::http: processing local inference predict model=tags/wd-vit-tagger-v3 inputs=1
2026-09-17T05:48:50.430640Z DEBUG panoptikon::inferio::http: processing local inference predict model=tags/wd-vit-tagger-v3 inputs=1
2026-09-17T05:48:50.431030Z DEBUG panoptikon::inferio::http: processing local inference predict model=tags/wd-vit-tagger-v3 inputs=1
2026-09-17T05:48:50.431083Z DEBUG panoptikon::inferio::http: processing local inference predict model=tags/wd-vit-tagger-v3 inputs=1
2026-09-17T05:48:50.431127Z DEBUG panoptikon::inferio::http: processing local inference predict model=tags/wd-vit-tagger-v3 inputs=1
2026-09-17T05:48:50.431197Z DEBUG panoptikon::inferio::http: processing local inference predict model=tags/wd-vit-tagger-v3 inputs=1
2026-09-17T05:48:50.431409Z DEBUG panoptikon::inferio::http: processing local inference predict model=tags/wd-vit-tagger-v3 inputs=1
2026-09-17T05:48:50.431638Z DEBUG panoptikon::inferio::http: processing local inference predict model=tags/wd-vit-tagger-v3 inputs=1
2026-09-17T05:48:50.431715Z DEBUG panoptikon::inferio::http: processing local inference predict model=tags/wd-vit-tagger-v3 inputs=1
2026-09-17T05:48:50.431806Z DEBUG panoptikon::inferio::http: processing local inference predict model=tags/wd-vit-tagger-v3 inputs=1
2026-09-17T05:48:50.431941Z DEBUG panoptikon::inferio::http: processing local inference predict model=tags/wd-vit-tagger-v3 inputs=1
2026-09-17T05:48:50.431997Z DEBUG panoptikon::inferio::http: processing local inference predict model=tags/wd-vit-tagger-v3 inputs=1
2026-09-17T05:48:50.432286Z DEBUG panoptikon::inferio::http: processing local inference predict model=tags/wd-vit-tagger-v3 inputs=1
2026-09-17T05:48:50.432557Z DEBUG panoptikon::inferio::http: processing local inference predict model=tags/wd-vit-tagger-v3 inputs=1
2026-09-17T05:48:50.432697Z DEBUG panoptikon::inferio::http: processing local inference predict model=tags/wd-vit-tagger-v3 inputs=1
2026-09-17T05:48:50.432747Z DEBUG panoptikon::inferio::http: processing local inference predict model=tags/wd-vit-tagger-v3 inputs=1
2026-09-17T05:48:50.432783Z DEBUG panoptikon::inferio::http: processing local inference predict model=tags/wd-vit-tagger-v3 inputs=1
2026-09-17T05:48:50.433027Z DEBUG panoptikon::inferio::http: processing local inference predict model=tags/wd-vit-tagger-v3 inputs=1
2026-09-17T05:48:50.433059Z DEBUG panoptikon::inferio::http: processing local inference predict model=tags/wd-vit-tagger-v3 inputs=1
2026-09-17T05:48:50.433340Z DEBUG panoptikon::inferio::http: processing local inference predict model=tags/wd-vit-tagger-v3 inputs=1
2026-09-17T05:48:50.433432Z DEBUG panoptikon::inferio::http: processing local inference predict model=tags/wd-vit-tagger-v3 inputs=1
2026-09-17T05:48:50.433523Z DEBUG panoptikon::inferio::http: processing local inference predict model=tags/wd-vit-tagger-v3 inputs=1
2026-09-17T05:48:50.433553Z DEBUG panoptikon::inferio::http: processing local inference predict model=tags/wd-vit-tagger-v3 inputs=1
2026-09-17T05:48:50.433741Z DEBUG panoptikon::inferio::http: processing local inference predict model=tags/wd-vit-tagger-v3 inputs=1
2026-09-17T05:48:50.433798Z DEBUG panoptikon::inferio::http: processing local inference predict model=tags/wd-vit-tagger-v3 inputs=1
2026-09-17T05:48:50.433846Z DEBUG panoptikon::inferio::http: processing local inference predict model=tags/wd-vit-tagger-v3 inputs=1
2026-09-17T05:48:50.434008Z DEBUG panoptikon::inferio::http: processing local inference predict model=tags/wd-vit-tagger-v3 inputs=1
2026-09-17T05:48:50.434054Z DEBUG panoptikon::inferio::http: processing local inference predict model=tags/wd-vit-tagger-v3 inputs=1
2026-09-17T05:48:50.434179Z DEBUG panoptikon::inferio::http: processing local inference predict model=tags/wd-vit-tagger-v3 inputs=1
2026-09-17T05:48:50.434686Z DEBUG panoptikon::inferio::http: processing local inference predict model=tags/wd-vit-tagger-v3 inputs=1
2026-09-17T05:48:50.434732Z DEBUG panoptikon::inferio::http: processing local inference predict model=tags/wd-vit-tagger-v3 inputs=1
2026-09-17T05:48:50.434955Z DEBUG panoptikon::inferio::http: processing local inference predict model=tags/wd-vit-tagger-v3 inputs=1
2026-09-17T05:48:50.435236Z DEBUG panoptikon::inferio::http: processing local inference predict model=tags/wd-vit-tagger-v3 inputs=1
2026-09-17T05:48:50.435286Z DEBUG panoptikon::inferio::http: processing local inference predict model=tags/wd-vit-tagger-v3 inputs=1
2026-09-17T05:48:50.435507Z DEBUG panoptikon::inferio::http: processing local inference predict model=tags/wd-vit-tagger-v3 inputs=1
2026-09-17T05:48:50.435632Z DEBUG panoptikon::inferio::http: processing local inference predict model=tags/wd-vit-tagger-v3 inputs=1
2026-09-17T05:48:50.435678Z DEBUG panoptikon::inferio::http: processing local inference predict model=tags/wd-vit-tagger-v3 inputs=1
2026-09-17T05:48:50.435976Z DEBUG panoptikon::inferio::http: processing local inference predict model=tags/wd-vit-tagger-v3 inputs=1
2026-09-17T05:48:50.436376Z DEBUG panoptikon::inferio::http: processing local inference predict model=tags/wd-vit-tagger-v3 inputs=1
2026-09-17T05:48:50.436411Z DEBUG panoptikon::inferio::http: processing local inference predict model=tags/wd-vit-tagger-v3 inputs=1
2026-09-17T05:48:50.436452Z DEBUG panoptikon::inferio::http: processing local inference predict model=tags/wd-vit-tagger-v3 inputs=1
2026-09-17T05:48:50.436507Z DEBUG panoptikon::inferio::http: processing local inference predict model=tags/wd-vit-tagger-v3 inputs=1
2026-09-17T05:48:50.436541Z DEBUG panoptikon::inferio::http: processing local inference predict model=tags/wd-vit-tagger-v3 inputs=1
2026-09-17T05:48:50.436597Z DEBUG panoptikon::inferio::http: processing local inference predict model=tags/wd-vit-tagger-v3 inputs=1
2026-09-17T05:48:50.452308Z DEBUG panoptikon::inferio::http: processing local inference predict model=tags/wd-vit-tagger-v3 inputs=1
2026-09-17T05:48:50.452383Z DEBUG panoptikon::inferio::http: processing local inference predict model=tags/wd-vit-tagger-v3 inputs=1
2026-09-17T05:48:50.454935Z DEBUG panoptikon::inferio::http: processing local inference predict model=tags/wd-vit-tagger-v3 inputs=1
2026-09-17T05:48:50.455037Z DEBUG panoptikon::inferio::http: processing local inference predict model=tags/wd-vit-tagger-v3 inputs=1
2026-09-17T05:48:50.455106Z DEBUG panoptikon::inferio::http: processing local inference predict model=tags/wd-vit-tagger-v3 inputs=1
2026-09-17T05:48:50.455262Z DEBUG panoptikon::inferio::http: processing local inference predict model=tags/wd-vit-tagger-v3 inputs=1
2026-09-17T05:48:50.455301Z DEBUG panoptikon::inferio::http: processing local inference predict model=tags/wd-vit-tagger-v3 inputs=1
2026-09-17T05:48:50.455905Z DEBUG panoptikon::inferio::http: processing local inference predict model=tags/wd-vit-tagger-v3 inputs=1
2026-09-17T05:48:50.456058Z DEBUG panoptikon::inferio::http: processing local inference predict model=tags/wd-vit-tagger-v3 inputs=1
2026-09-17T05:48:50.456102Z DEBUG panoptikon::inferio::http: processing local inference predict model=tags/wd-vit-tagger-v3 inputs=1
2026-09-17T05:48:50.456194Z DEBUG panoptikon::inferio::http: processing local inference predict model=tags/wd-vit-tagger-v3 inputs=1
2026-09-17T05:48:50.456258Z DEBUG panoptikon::inferio::http: processing local inference predict model=tags/wd-vit-tagger-v3 inputs=1
2026-09-17T05:48:50.456359Z DEBUG panoptikon::inferio::http: processing local inference predict model=tags/wd-vit-tagger-v3 inputs=1
2026-09-17T05:48:50.456409Z DEBUG panoptikon::inferio::http: processing local inference predict model=tags/wd-vit-tagger-v3 inputs=1
2026-09-17T05:48:50.456475Z DEBUG panoptikon::inferio::http: processing local inference predict model=tags/wd-vit-tagger-v3 inputs=1
2026-09-17T05:48:50.456567Z DEBUG panoptikon::inferio::http: processing local inference predict model=tags/wd-vit-tagger-v3 inputs=1
2026-09-17T05:48:50.456681Z DEBUG panoptikon::inferio::http: processing local inference predict model=tags/wd-vit-tagger-v3 inputs=1
2026-09-17T05:48:50.456772Z DEBUG panoptikon::inferio::http: processing local inference predict model=tags/wd-vit-tagger-v3 inputs=1
2026-09-17T05:48:50.456828Z DEBUG panoptikon::inferio::http: processing local inference predict model=tags/wd-vit-tagger-v3 inputs=1
2026-09-17T05:48:50.456898Z DEBUG panoptikon::inferio::http: processing local inference predict model=tags/wd-vit-tagger-v3 inputs=1
2026-09-17T05:48:50.457292Z DEBUG panoptikon::inferio::http: processing local inference predict model=tags/wd-vit-tagger-v3 inputs=1
2026-09-17T05:48:50.457457Z DEBUG panoptikon::inferio::http: processing local inference predict model=tags/wd-vit-tagger-v3 inputs=1
2026-09-17T05:48:50.457518Z DEBUG panoptikon::inferio::http: processing local inference predict model=tags/wd-vit-tagger-v3 inputs=1
2026-09-17T05:48:50.457599Z DEBUG panoptikon::inferio::http: processing local inference predict model=tags/wd-vit-tagger-v3 inputs=1
2026-09-17T05:48:50.457688Z DEBUG panoptikon::inferio::http: processing local inference predict model=tags/wd-vit-tagger-v3 inputs=1
2026-09-17T05:48:50.459216Z DEBUG panoptikon::inferio::http: processing local inference predict model=tags/wd-vit-tagger-v3 inputs=1
2026-09-17T05:48:50.459300Z DEBUG panoptikon::inferio::http: processing local inference predict model=tags/wd-vit-tagger-v3 inputs=1
2026-09-17T05:48:50.459394Z DEBUG panoptikon::inferio::http: processing local inference predict model=tags/wd-vit-tagger-v3 inputs=1
2026-09-17T05:48:50.459467Z DEBUG panoptikon::inferio::http: processing local inference predict model=tags/wd-vit-tagger-v3 inputs=1
2026-09-17T05:48:50.459570Z DEBUG panoptikon::inferio::http: processing local inference predict model=tags/wd-vit-tagger-v3 inputs=1
2026-09-17T05:48:50.459657Z DEBUG panoptikon::inferio::http: processing local inference predict model=tags/wd-vit-tagger-v3 inputs=1
2026-09-17T05:48:50.459719Z DEBUG panoptikon::inferio::http: processing local inference predict model=tags/wd-vit-tagger-v3 inputs=1
2026-09-17T05:48:50.459784Z DEBUG panoptikon::inferio::http: processing local inference predict model=tags/wd-vit-tagger-v3 inputs=1
2026-09-17T05:48:50.459866Z DEBUG panoptikon::inferio::http: processing local inference predict model=tags/wd-vit-tagger-v3 inputs=1
2026-09-17T05:48:50.459913Z DEBUG panoptikon::inferio::http: processing local inference predict model=tags/wd-vit-tagger-v3 inputs=1
2026-09-17T05:48:50.459983Z DEBUG panoptikon::inferio::http: processing local inference predict model=tags/wd-vit-tagger-v3 inputs=1
2026-09-17T05:48:50.460046Z DEBUG panoptikon::inferio::http: processing local inference predict model=tags/wd-vit-tagger-v3 inputs=1
2026-09-17T05:48:50.460082Z DEBUG panoptikon::inferio::http: processing local inference predict model=tags/wd-vit-tagger-v3 inputs=1
2026-09-17T05:48:50.461195Z DEBUG panoptikon::inferio::http: processing local inference predict model=tags/wd-vit-tagger-v3 inputs=1
2026-09-17T05:48:50.461230Z DEBUG panoptikon::inferio::http: processing local inference predict model=tags/wd-vit-tagger-v3 inputs=1
2026-09-17T05:48:50.461372Z DEBUG panoptikon::inferio::http: processing local inference predict model=tags/wd-vit-tagger-v3 inputs=1
2026-09-17T05:48:50.461468Z DEBUG panoptikon::inferio::http: processing local inference predict model=tags/wd-vit-tagger-v3 inputs=1
2026-09-17T05:48:50.461514Z DEBUG panoptikon::inferio::http: processing local inference predict model=tags/wd-vit-tagger-v3 inputs=1
2026-09-17T05:48:50.461584Z DEBUG panoptikon::inferio::http: processing local inference predict model=tags/wd-vit-tagger-v3 inputs=1
2026-09-17T05:48:50.461647Z DEBUG panoptikon::inferio::http: processing local inference predict model=tags/wd-vit-tagger-v3 inputs=1
2026-09-17T05:48:50.461694Z DEBUG panoptikon::inferio::http: processing local inference predict model=tags/wd-vit-tagger-v3 inputs=1
2026-09-17T05:48:50.461769Z DEBUG panoptikon::inferio::http: processing local inference predict model=tags/wd-vit-tagger-v3 inputs=1
2026-09-17T05:48:50.461811Z DEBUG panoptikon::inferio::http: processing local inference predict model=tags/wd-vit-tagger-v3 inputs=1
2026-09-17T05:48:50.461876Z DEBUG panoptikon::inferio::http: processing local inference predict model=tags/wd-vit-tagger-v3 inputs=1
2026-09-17T05:48:50.461916Z DEBUG panoptikon::inferio::http: processing local inference predict model=tags/wd-vit-tagger-v3 inputs=1
2026-09-17T05:48:50.461977Z DEBUG panoptikon::inferio::http: processing local inference predict model=tags/wd-vit-tagger-v3 inputs=1
2026-09-17T05:48:50.462065Z DEBUG panoptikon::inferio::http: processing local inference predict model=tags/wd-vit-tagger-v3 inputs=1
2026-09-17T05:48:50.462133Z DEBUG panoptikon::inferio::http: processing local inference predict model=tags/wd-vit-tagger-v3 inputs=1
2026-09-17T05:48:50.462177Z DEBUG panoptikon::inferio::http: processing local inference predict model=tags/wd-vit-tagger-v3 inputs=1
2026-09-17T05:48:50.462266Z DEBUG panoptikon::inferio::http: processing local inference predict model=tags/wd-vit-tagger-v3 inputs=1
2026-09-17T05:48:50.462334Z DEBUG panoptikon::inferio::http: processing local inference predict model=tags/wd-vit-tagger-v3 inputs=1
2026-09-17T05:48:50.462389Z DEBUG panoptikon::inferio::http: processing local inference predict model=tags/wd-vit-tagger-v3 inputs=1
2026-09-17T05:48:50.462475Z DEBUG panoptikon::inferio::http: processing local inference predict model=tags/wd-vit-tagger-v3 inputs=1
2026-09-17T05:48:50.462509Z DEBUG panoptikon::inferio::http: processing local inference predict model=tags/wd-vit-tagger-v3 inputs=1
2026-09-17T05:48:50.462569Z DEBUG panoptikon::inferio::http: processing local inference predict model=tags/wd-vit-tagger-v3 inputs=1
2026-09-17T05:48:50.462598Z DEBUG panoptikon::inferio::http: processing local inference predict model=tags/wd-vit-tagger-v3 inputs=1
2026-09-17T05:48:50.462667Z DEBUG panoptikon::inferio::http: processing local inference predict model=tags/wd-vit-tagger-v3 inputs=1
2026-09-17T05:48:50.462720Z DEBUG panoptikon::inferio::http: processing local inference predict model=tags/wd-vit-tagger-v3 inputs=1
2026-09-17T05:48:50.462755Z DEBUG panoptikon::inferio::http: processing local inference predict model=tags/wd-vit-tagger-v3 inputs=1
2026-09-17T05:48:50.480860Z DEBUG panoptikon::inferio::http: processing local inference predict model=tags/wd-vit-tagger-v3 inputs=1
2026-09-17T05:48:50.481354Z DEBUG panoptikon::inferio::http: processing local inference predict model=tags/wd-vit-tagger-v3 inputs=1
2026-09-17T05:48:50.481473Z DEBUG panoptikon::inferio::http: processing local inference predict model=tags/wd-vit-tagger-v3 inputs=1
2026-09-17T05:48:50.481621Z DEBUG panoptikon::inferio::http: processing local inference predict model=tags/wd-vit-tagger-v3 inputs=1
2026-09-17T05:48:50.482197Z DEBUG panoptikon::inferio::http: processing local inference predict model=tags/wd-vit-tagger-v3 inputs=1
2026-09-17T05:48:50.482344Z DEBUG panoptikon::inferio::http: processing local inference predict model=tags/wd-vit-tagger-v3 inputs=1
2026-09-17T05:48:50.482392Z DEBUG panoptikon::inferio::http: processing local inference predict model=tags/wd-vit-tagger-v3 inputs=1
2026-09-17T05:48:50.482440Z DEBUG panoptikon::inferio::http: processing local inference predict model=tags/wd-vit-tagger-v3 inputs=1
2026-09-17T05:48:50.482825Z DEBUG panoptikon::inferio::http: processing local inference predict model=tags/wd-vit-tagger-v3 inputs=1
2026-09-17T05:48:50.482881Z DEBUG panoptikon::inferio::http: processing local inference predict model=tags/wd-vit-tagger-v3 inputs=1
2026-09-17T05:48:50.482964Z DEBUG panoptikon::inferio::http: processing local inference predict model=tags/wd-vit-tagger-v3 inputs=1
2026-09-17T05:48:50.483044Z DEBUG panoptikon::inferio::http: processing local inference predict model=tags/wd-vit-tagger-v3 inputs=1
2026-09-17T05:48:50.483088Z DEBUG panoptikon::inferio::http: processing local inference predict model=tags/wd-vit-tagger-v3 inputs=1
2026-09-17T05:48:50.483160Z DEBUG panoptikon::inferio::http: processing local inference predict model=tags/wd-vit-tagger-v3 inputs=1
2026-09-17T05:48:50.483227Z DEBUG panoptikon::inferio::http: processing local inference predict model=tags/wd-vit-tagger-v3 inputs=1
2026-09-17T05:48:50.483379Z DEBUG panoptikon::inferio::http: processing local inference predict model=tags/wd-vit-tagger-v3 inputs=1
2026-09-17T05:48:50.483748Z DEBUG panoptikon::inferio::http: processing local inference predict model=tags/wd-vit-tagger-v3 inputs=1
2026-09-17T05:48:50.483781Z DEBUG panoptikon::inferio::http: processing local inference predict model=tags/wd-vit-tagger-v3 inputs=1
2026-09-17T05:48:50.484059Z DEBUG panoptikon::inferio::http: processing local inference predict model=tags/wd-vit-tagger-v3 inputs=1
2026-09-17T05:48:50.484131Z DEBUG panoptikon::inferio::http: processing local inference predict model=tags/wd-vit-tagger-v3 inputs=1
2026-09-17T05:48:50.484514Z DEBUG panoptikon::inferio::http: processing local inference predict model=tags/wd-vit-tagger-v3 inputs=1
2026-09-17T05:48:50.484569Z DEBUG panoptikon::inferio::http: processing local inference predict model=tags/wd-vit-tagger-v3 inputs=1
2026-09-17T05:48:50.484972Z DEBUG panoptikon::inferio::http: processing local inference predict model=tags/wd-vit-tagger-v3 inputs=1
2026-09-17T05:48:50.485045Z DEBUG panoptikon::inferio::http: processing local inference predict model=tags/wd-vit-tagger-v3 inputs=1
2026-09-17T05:48:50.485082Z DEBUG panoptikon::inferio::http: processing local inference predict model=tags/wd-vit-tagger-v3 inputs=1
2026-09-17T05:48:50.485437Z DEBUG panoptikon::inferio::http: processing local inference predict model=tags/wd-vit-tagger-v3 inputs=1
2026-09-17T05:48:50.485498Z DEBUG panoptikon::inferio::http: processing local inference predict model=tags/wd-vit-tagger-v3 inputs=1
2026-09-17T05:48:50.485607Z DEBUG panoptikon::inferio::http: processing local inference predict model=tags/wd-vit-tagger-v3 inputs=1
2026-09-17T05:48:50.486007Z DEBUG panoptikon::inferio::http: processing local inference predict model=tags/wd-vit-tagger-v3 inputs=1
2026-09-17T05:48:50.486049Z DEBUG panoptikon::inferio::http: processing local inference predict model=tags/wd-vit-tagger-v3 inputs=1
2026-09-17T05:48:50.486092Z DEBUG panoptikon::inferio::http: processing local inference predict model=tags/wd-vit-tagger-v3 inputs=1
2026-09-17T05:48:50.486484Z DEBUG panoptikon::inferio::http: processing local inference predict model=tags/wd-vit-tagger-v3 inputs=1
2026-09-17T05:48:50.487357Z DEBUG panoptikon::inferio::http: processing local inference predict model=tags/wd-vit-tagger-v3 inputs=1
2026-09-17T05:48:50.487462Z DEBUG panoptikon::inferio::http: processing local inference predict model=tags/wd-vit-tagger-v3 inputs=1
2026-09-17T05:48:50.487603Z DEBUG panoptikon::inferio::http: processing local inference predict model=tags/wd-vit-tagger-v3 inputs=1
2026-09-17T05:48:50.487645Z DEBUG panoptikon::inferio::http: processing local inference predict model=tags/wd-vit-tagger-v3 inputs=1
2026-09-17T05:48:50.487776Z DEBUG panoptikon::inferio::http: processing local inference predict model=tags/wd-vit-tagger-v3 inputs=1
2026-09-17T05:48:50.487832Z DEBUG panoptikon::inferio::http: processing local inference predict model=tags/wd-vit-tagger-v3 inputs=1
2026-09-17T05:48:50.488028Z DEBUG panoptikon::inferio::http: processing local inference predict model=tags/wd-vit-tagger-v3 inputs=1
2026-09-17T05:48:50.488177Z DEBUG panoptikon::inferio::http: processing local inference predict model=tags/wd-vit-tagger-v3 inputs=1
2026-09-17T05:48:50.488310Z DEBUG panoptikon::inferio::http: processing local inference predict model=tags/wd-vit-tagger-v3 inputs=1
2026-09-17T05:48:50.488943Z DEBUG panoptikon::inferio::http: processing local inference predict model=tags/wd-vit-tagger-v3 inputs=1
2026-09-17T05:48:50.488987Z DEBUG panoptikon::inferio::http: processing local inference predict model=tags/wd-vit-tagger-v3 inputs=1
2026-09-17T05:48:50.489030Z DEBUG panoptikon::inferio::http: processing local inference predict model=tags/wd-vit-tagger-v3 inputs=1
2026-09-17T05:48:50.489108Z DEBUG panoptikon::inferio::http: processing local inference predict model=tags/wd-vit-tagger-v3 inputs=1
2026-09-17T05:48:50.489150Z DEBUG panoptikon::inferio::http: processing local inference predict model=tags/wd-vit-tagger-v3 inputs=1
2026-09-17T05:48:50.489195Z DEBUG panoptikon::inferio::http: processing local inference predict model=tags/wd-vit-tagger-v3 inputs=1
2026-09-17T05:48:50.489550Z DEBUG panoptikon::inferio::http: processing local inference predict model=tags/wd-vit-tagger-v3 inputs=1
2026-09-17T05:48:50.489690Z DEBUG panoptikon::inferio::http: processing local inference predict model=tags/wd-vit-tagger-v3 inputs=1
2026-09-17T05:48:50.491116Z DEBUG panoptikon::inferio::http: processing local inference predict model=tags/wd-vit-tagger-v3 inputs=1
2026-09-17T05:48:50.491164Z DEBUG panoptikon::inferio::http: processing local inference predict model=tags/wd-vit-tagger-v3 inputs=1
2026-09-17T05:48:50.491230Z DEBUG panoptikon::inferio::http: processing local inference predict model=tags/wd-vit-tagger-v3 inputs=1
2026-09-17T05:48:50.491334Z DEBUG panoptikon::inferio::http: processing local inference predict model=tags/wd-vit-tagger-v3 inputs=1
2026-09-17T05:48:50.491386Z DEBUG panoptikon::inferio::http: processing local inference predict model=tags/wd-vit-tagger-v3 inputs=1
2026-09-17T05:48:50.491486Z DEBUG panoptikon::inferio::http: processing local inference predict model=tags/wd-vit-tagger-v3 inputs=1
2026-09-17T05:48:50.491522Z DEBUG panoptikon::inferio::http: processing local inference predict model=tags/wd-vit-tagger-v3 inputs=1
2026-09-17T05:48:50.491596Z DEBUG panoptikon::inferio::http: processing local inference predict model=tags/wd-vit-tagger-v3 inputs=1
2026-09-17T05:48:50.491666Z DEBUG panoptikon::inferio::http: processing local inference predict model=tags/wd-vit-tagger-v3 inputs=1
2026-09-17T05:48:50.491719Z DEBUG panoptikon::inferio::http: processing local inference predict model=tags/wd-vit-tagger-v3 inputs=1
2026-09-17T05:48:50.491793Z DEBUG panoptikon::inferio::http: processing local inference predict model=tags/wd-vit-tagger-v3 inputs=1
2026-09-17T05:48:50.491831Z DEBUG panoptikon::inferio::http: processing local inference predict model=tags/wd-vit-tagger-v3 inputs=1
2026-09-17T05:48:50.491885Z DEBUG panoptikon::inferio::http: processing local inference predict model=tags/wd-vit-tagger-v3 inputs=1
2026-09-17T05:48:50.491972Z DEBUG panoptikon::inferio::http: processing local inference predict model=tags/wd-vit-tagger-v3 inputs=1
2026-09-17T05:48:50.492034Z DEBUG panoptikon::inferio::http: processing local inference predict model=tags/wd-vit-tagger-v3 inputs=1
2026-09-17T05:48:51.144275Z  INFO panoptikon::inferio::worker: 2026-09-17 05:48:51,144 [DEBUG] inferio_worker_impl_0_wd_tagger: Running inference on 2 images worker=wd_tagger
2026-09-17T05:48:51.786606Z  INFO panoptikon::inferio::worker: 2026-09-17 05:48:51,786 [DEBUG] inferio_worker_impl_0_wd_tagger: Running inference on 2 images worker=wd_tagger
2026-09-17T05:48:52.328437Z DEBUG panoptikon::inferio::ledger: declining to fit a throughput knee: the ring's quiet buckets hold too few observations to read as a curve observations=0 min_observations=12 buckets=0 min_buckets=3
2026-09-17T05:48:52.328466Z DEBUG panoptikon::inferio::ledger: queued a calibration profile update for the store model=tags/wd-vit-tagger-v3 gpu=CPU reason="anchor_advanced" max_units_measured=2 fit_version=0
2026-09-17T05:48:52.328536Z DEBUG panoptikon::inferio::ledger: settled a granted window model=tags/wd-vit-tagger-v3 gpu=CPU outcome="clean" fit_samples=3 throughput_samples=3 clamped_samples=0 clamped=none ramp_step=1 deflation=0 clean_windows=2 max_units_measured=2
2026-09-17T05:48:52.328631Z DEBUG panoptikon::inferio::ledger: issued a memory grant model=tags/wd-vit-tagger-v3 gpu=CPU unit_budget=4 mb=96007 canvas_pixels=none share_mb=96007 room_mb=96007 headroom_mb=96007 external_mb=30078 reserve_mb=1024 reserve_rule="capped_default" pre_fit=true ramp_step=1 deflation=0 squeezed=false window_requests=12
2026-09-17T05:48:52.365879Z  INFO panoptikon::inferio::worker: 2026-09-17 05:48:52,365 [DEBUG] inferio_worker_impl_0_wd_tagger: Running inference on 4 images worker=wd_tagger
2026-09-17T05:48:53.176069Z  INFO panoptikon::inferio::worker: 2026-09-17 05:48:53,175 [DEBUG] inferio_worker_impl_0_wd_tagger: Running inference on 4 images worker=wd_tagger
2026-09-17T05:48:53.899339Z  INFO panoptikon::inferio::worker: 2026-09-17 05:48:53,899 [DEBUG] inferio_worker_impl_0_wd_tagger: Running inference on 4 images worker=wd_tagger
2026-09-17T05:48:54.602674Z DEBUG panoptikon::inferio::ledger: refitted the memory cost model model=tags/wd-vit-tagger-v3 gpu=CPU slope_mb_per_unit=46.333333333333336 intercept_mb=14.666666666666664 residual_mb=0.0 samples=3 version=1
2026-09-17T05:48:54.602760Z DEBUG panoptikon::inferio::ledger: declining to fit a throughput knee: the ring's quiet buckets hold too few observations to read as a curve observations=3 min_observations=12 buckets=1 min_buckets=3
2026-09-17T05:48:54.602789Z DEBUG panoptikon::inferio::ledger: queued a calibration profile update for the store model=tags/wd-vit-tagger-v3 gpu=CPU reason="fit_changed" max_units_measured=4 fit_version=1
2026-09-17T05:48:54.602820Z DEBUG panoptikon::inferio::ledger: settled a granted window model=tags/wd-vit-tagger-v3 gpu=CPU outcome="clean" fit_samples=3 throughput_samples=3 clamped_samples=0 clamped=none ramp_step=2 deflation=0 clean_windows=3 max_units_measured=4
2026-09-17T05:48:54.602911Z DEBUG panoptikon::inferio::ledger: issued a memory grant model=tags/wd-vit-tagger-v3 gpu=CPU unit_budget=8 mb=464 canvas_pixels=none share_mb=96007 room_mb=96007 headroom_mb=96007 external_mb=30112 reserve_mb=1024 reserve_rule="capped_default" pre_fit=false ramp_step=2 deflation=0 squeezed=false window_requests=24
2026-09-17T05:48:54.651676Z  INFO panoptikon::inferio::worker: 2026-09-17 05:48:54,651 [DEBUG] inferio_worker_impl_0_wd_tagger: Running inference on 8 images worker=wd_tagger
2026-09-17T05:48:55.964126Z  INFO panoptikon::inferio::worker: 2026-09-17 05:48:55,963 [DEBUG] inferio_worker_impl_0_wd_tagger: Running inference on 8 images worker=wd_tagger
2026-09-17T05:48:57.274482Z  INFO panoptikon::inferio::worker: 2026-09-17 05:48:57,274 [DEBUG] inferio_worker_impl_0_wd_tagger: Running inference on 8 images worker=wd_tagger
2026-09-17T05:48:58.538719Z DEBUG panoptikon::inferio::ledger: refitted the memory cost model model=tags/wd-vit-tagger-v3 gpu=CPU slope_mb_per_unit=39.285714285714285 intercept_mb=36.78571428571429 residual_mb=7.357142857142847 samples=4 version=2
2026-09-17T05:48:58.538794Z DEBUG panoptikon::inferio::ledger: declining to fit a throughput knee: the ring's quiet buckets hold too few observations to read as a curve observations=6 min_observations=12 buckets=2 min_buckets=3
2026-09-17T05:48:58.538819Z DEBUG panoptikon::inferio::ledger: queued a calibration profile update for the store model=tags/wd-vit-tagger-v3 gpu=CPU reason="fit_changed" max_units_measured=8 fit_version=2
2026-09-17T05:48:58.538868Z DEBUG panoptikon::inferio::ledger: settled a granted window model=tags/wd-vit-tagger-v3 gpu=CPU outcome="clean" fit_samples=3 throughput_samples=3 clamped_samples=0 clamped=none ramp_step=3 deflation=0 clean_windows=4 max_units_measured=8
2026-09-17T05:48:58.538998Z DEBUG panoptikon::inferio::ledger: issued a memory grant model=tags/wd-vit-tagger-v3 gpu=CPU unit_budget=16 mb=786 canvas_pixels=none share_mb=96007 room_mb=96007 headroom_mb=96007 external_mb=30112 reserve_mb=1024 reserve_rule="capped_default" pre_fit=false ramp_step=3 deflation=0 squeezed=false window_requests=48
2026-09-17T05:48:58.653258Z  INFO panoptikon::inferio::worker: 2026-09-17 05:48:58,652 [DEBUG] inferio_worker_impl_0_wd_tagger: Running inference on 16 images worker=wd_tagger
2026-09-17T05:49:01.039933Z  INFO panoptikon::inferio::worker: 2026-09-17 05:49:01,039 [DEBUG] inferio_worker_impl_0_wd_tagger: Running inference on 16 images worker=wd_tagger
2026-09-17T05:49:03.375330Z  INFO panoptikon::inferio::worker: 2026-09-17 05:49:03,375 [DEBUG] inferio_worker_impl_0_wd_tagger: Running inference on 16 images worker=wd_tagger
2026-09-17T05:49:05.615073Z  INFO panoptikon::inferio::ledger: holding the throughput ramp at this rung: the ring cannot certify this rung yet model=tags/wd-vit-tagger-v3 gpu=CPU units=16 certified=false knee_binds=false
2026-09-17T05:49:05.615173Z DEBUG panoptikon::inferio::ledger: refitted the memory cost model model=tags/wd-vit-tagger-v3 gpu=CPU slope_mb_per_unit=37.41666666666667 intercept_mb=45.66666666666663 residual_mb=4.666666666666686 samples=5 version=3
2026-09-17T05:49:05.615240Z DEBUG panoptikon::inferio::ledger: declining to fit a throughput knee: the ring's quiet buckets hold too few observations to read as a curve observations=6 min_observations=12 buckets=2 min_buckets=3
2026-09-17T05:49:05.615259Z DEBUG panoptikon::inferio::ledger: queued a calibration profile update for the store model=tags/wd-vit-tagger-v3 gpu=CPU reason="fit_changed" max_units_measured=16 fit_version=3
2026-09-17T05:49:05.615317Z DEBUG panoptikon::inferio::ledger: settled a granted window model=tags/wd-vit-tagger-v3 gpu=CPU outcome="clean" fit_samples=3 throughput_samples=1 clamped_samples=0 clamped=none ramp_step=3 deflation=0 clean_windows=5 max_units_measured=16
2026-09-17T05:49:05.615411Z DEBUG panoptikon::inferio::ledger: issued a memory grant model=tags/wd-vit-tagger-v3 gpu=CPU unit_budget=16 mb=599 canvas_pixels=none share_mb=96007 room_mb=96007 headroom_mb=95734 external_mb=29894 reserve_mb=1024 reserve_rule="capped_default" pre_fit=false ramp_step=3 deflation=0 squeezed=false window_requests=48
2026-09-17T05:49:05.694709Z  INFO panoptikon::inferio::worker: 2026-09-17 05:49:05,694 [DEBUG] inferio_worker_impl_0_wd_tagger: Running inference on 16 images worker=wd_tagger
2026-09-17T05:49:08.325538Z  INFO panoptikon::inferio::worker: 2026-09-17 05:49:08,325 [DEBUG] inferio_worker_impl_0_wd_tagger: Running inference on 16 images worker=wd_tagger
2026-09-17T05:49:11.636712Z  INFO panoptikon::inferio::worker: 2026-09-17 05:49:11,636 [DEBUG] inferio_worker_impl_0_wd_tagger: Running inference on 16 images worker=wd_tagger
2026-09-17T05:49:14.200320Z DEBUG panoptikon::inferio::ledger: refitted the memory cost model model=tags/wd-vit-tagger-v3 gpu=CPU slope_mb_per_unit=37.11666666666667 intercept_mb=48.06666666666666 residual_mb=3.4666666666666686 samples=5 version=4
2026-09-17T05:49:14.200352Z DEBUG panoptikon::inferio::ledger: declining to fit a throughput knee: the ring's quiet buckets hold too few observations to read as a curve observations=9 min_observations=12 buckets=3 min_buckets=3
2026-09-17T05:49:14.200393Z DEBUG panoptikon::inferio::ledger: queued a calibration profile update for the store model=tags/wd-vit-tagger-v3 gpu=CPU reason="fit_changed" max_units_measured=16 fit_version=4
2026-09-17T05:49:14.200425Z DEBUG panoptikon::inferio::ledger: settled a granted window model=tags/wd-vit-tagger-v3 gpu=CPU outcome="clean" fit_samples=3 throughput_samples=2 clamped_samples=0 clamped=none ramp_step=3 deflation=0 clean_windows=6 max_units_measured=16
2026-09-17T05:49:14.200505Z DEBUG panoptikon::inferio::ledger: issued a memory grant model=tags/wd-vit-tagger-v3 gpu=CPU unit_budget=16 mb=594 canvas_pixels=none share_mb=96007 room_mb=96007 headroom_mb=95732 external_mb=29916 reserve_mb=1024 reserve_rule="capped_default" pre_fit=false ramp_step=3 deflation=0 squeezed=false window_requests=48
2026-09-17T05:49:14.202970Z DEBUG panoptikon::inferio::http: processing local inference predict model=tags/wd-vit-tagger-v3 inputs=1
2026-09-17T05:49:14.283752Z  INFO panoptikon::inferio::worker: 2026-09-17 05:49:14,283 [DEBUG] inferio_worker_impl_0_wd_tagger: Running inference on 16 images worker=wd_tagger
2026-09-17T05:49:16.858671Z  INFO panoptikon::inferio::worker: 2026-09-17 05:49:16,858 [DEBUG] inferio_worker_impl_0_wd_tagger: Running inference on 16 images worker=wd_tagger
2026-09-17T05:49:20.362134Z  INFO panoptikon::inferio::calibration: wrote the local calibration store path=data/inferio/calibration.toml profiles=1
2026-09-17T05:49:20.899848Z  INFO panoptikon::inferio::worker: 2026-09-17 05:49:20,899 [DEBUG] inferio_worker_impl_0_wd_tagger: Running inference on 16 images worker=wd_tagger
2026-09-17T05:49:24.515534Z DEBUG panoptikon::inferio::ledger: refitted the memory cost model model=tags/wd-vit-tagger-v3 gpu=CPU slope_mb_per_unit=37.41666666666667 intercept_mb=45.66666666666663 residual_mb=4.666666666666686 samples=5 version=5
2026-09-17T05:49:24.516156Z DEBUG panoptikon::inferio::ledger: fitted a throughput knee; batches larger than this are no longer admitted however much memory is free model=tags/wd-vit-tagger-v3 gpu=CPU knee_units=7 previous=None observations=16
2026-09-17T05:49:24.516180Z DEBUG panoptikon::inferio::ledger: queued a calibration profile update for the store model=tags/wd-vit-tagger-v3 gpu=CPU reason="fit_changed" max_units_measured=16 fit_version=5
2026-09-17T05:49:24.516231Z DEBUG panoptikon::inferio::ledger: settled a granted window model=tags/wd-vit-tagger-v3 gpu=CPU outcome="clean" fit_samples=3 throughput_samples=3 clamped_samples=0 clamped=none ramp_step=3 deflation=0 clean_windows=7 max_units_measured=16
2026-09-17T05:49:24.516331Z DEBUG panoptikon::inferio::ledger: issued a memory grant model=tags/wd-vit-tagger-v3 gpu=CPU unit_budget=7 mb=262 canvas_pixels=none share_mb=96007 room_mb=96007 headroom_mb=95732 external_mb=29957 reserve_mb=1024 reserve_rule="capped_default" pre_fit=false ramp_step=3 deflation=0 squeezed=false window_requests=21
2026-09-17T05:49:24.520640Z  INFO panoptikon::inferio::worker: 2026-09-17 05:49:24,520 [DEBUG] inferio_worker.packing: this window's 262 MiB grant is below 80% of the 533 MiB of releasable slack in the 1325 MiB pool (1/2 consecutive windows before releasing it) worker=wd_tagger
2026-09-17T05:49:24.554496Z  INFO panoptikon::inferio::worker: 2026-09-17 05:49:24,554 [DEBUG] inferio_worker_impl_0_wd_tagger: Running inference on 7 images worker=wd_tagger
2026-09-17T05:49:25.747123Z  INFO panoptikon::inferio::worker: 2026-09-17 05:49:25,746 [DEBUG] inferio_worker_impl_0_wd_tagger: Running inference on 7 images worker=wd_tagger
2026-09-17T05:49:26.867404Z  INFO panoptikon::inferio::worker: 2026-09-17 05:49:26,867 [DEBUG] inferio_worker_impl_0_wd_tagger: Running inference on 7 images worker=wd_tagger
2026-09-17T05:49:28.059719Z  INFO panoptikon::inferio::worker: 2026-09-17 05:49:28,059 [DEBUG] inferio_worker.packing: retiring the throughput comparator after 8 non-comparable batches worker=wd_tagger
2026-09-17T05:49:28.060475Z DEBUG panoptikon::inferio::ledger: refitted the memory cost model model=tags/wd-vit-tagger-v3 gpu=CPU slope_mb_per_unit=38.0 intercept_mb=44.5 residual_mb=6.0 samples=6 version=6
2026-09-17T05:49:28.060507Z DEBUG panoptikon::inferio::ledger: queued a calibration profile update for the store model=tags/wd-vit-tagger-v3 gpu=CPU reason="fit_changed" max_units_measured=16 fit_version=6
2026-09-17T05:49:28.060558Z DEBUG panoptikon::inferio::ledger: settled a granted window model=tags/wd-vit-tagger-v3 gpu=CPU outcome="clean" fit_samples=3 throughput_samples=3 clamped_samples=0 clamped=none ramp_step=3 deflation=0 clean_windows=8 max_units_measured=16
2026-09-17T05:49:28.060628Z DEBUG panoptikon::inferio::ledger: issued a memory grant model=tags/wd-vit-tagger-v3 gpu=CPU unit_budget=7 mb=266 canvas_pixels=none share_mb=96007 room_mb=96007 headroom_mb=95732 external_mb=29955 reserve_mb=1024 reserve_rule="capped_default" pre_fit=false ramp_step=3 deflation=0 squeezed=false window_requests=21
2026-09-17T05:49:28.096034Z  INFO panoptikon::inferio::worker: 2026-09-17 05:49:28,095 [DEBUG] inferio_worker_impl_0_wd_tagger: Running inference on 7 images worker=wd_tagger
2026-09-17T05:49:29.238466Z  INFO panoptikon::inferio::worker: 2026-09-17 05:49:29,238 [DEBUG] inferio_worker_impl_0_wd_tagger: Running inference on 7 images worker=wd_tagger
2026-09-17T05:49:30.364829Z  INFO panoptikon::inferio::worker: 2026-09-17 05:49:30,364 [DEBUG] inferio_worker_impl_0_wd_tagger: Running inference on 7 images worker=wd_tagger
2026-09-17T05:49:31.462946Z DEBUG panoptikon::inferio::ledger: refitted the memory cost model model=tags/wd-vit-tagger-v3 gpu=CPU slope_mb_per_unit=38.0 intercept_mb=44.5 residual_mb=10.5 samples=6 version=7
2026-09-17T05:49:31.463026Z DEBUG panoptikon::inferio::ledger: queued a calibration profile update for the store model=tags/wd-vit-tagger-v3 gpu=CPU reason="fit_changed" max_units_measured=16 fit_version=7
2026-09-17T05:49:31.463089Z DEBUG panoptikon::inferio::ledger: settled a granted window model=tags/wd-vit-tagger-v3 gpu=CPU outcome="clean" fit_samples=3 throughput_samples=3 clamped_samples=0 clamped=none ramp_step=3 deflation=0 clean_windows=9 max_units_measured=16
2026-09-17T05:49:31.463176Z DEBUG panoptikon::inferio::ledger: issued a memory grant model=tags/wd-vit-tagger-v3 gpu=CPU unit_budget=7 mb=266 canvas_pixels=none share_mb=96007 room_mb=96007 headroom_mb=95732 external_mb=29916 reserve_mb=1024 reserve_rule="capped_default" pre_fit=false ramp_step=3 deflation=0 squeezed=false window_requests=21
2026-09-17T05:49:31.467162Z  INFO panoptikon::inferio::worker: 2026-09-17 05:49:31,466 [DEBUG] inferio_worker.packing: this window's 266 MiB grant is below 80% of the 534 MiB of releasable slack in the 1325 MiB pool (1/2 consecutive windows before releasing it) worker=wd_tagger
2026-09-17T05:49:31.501329Z  INFO panoptikon::inferio::worker: 2026-09-17 05:49:31,501 [DEBUG] inferio_worker_impl_0_wd_tagger: Running inference on 7 images worker=wd_tagger
2026-09-17T05:49:32.704765Z  INFO panoptikon::inferio::worker: 2026-09-17 05:49:32,704 [DEBUG] inferio_worker_impl_0_wd_tagger: Running inference on 7 images worker=wd_tagger
2026-09-17T05:49:33.816110Z  INFO panoptikon::inferio::worker: 2026-09-17 05:49:33,815 [DEBUG] inferio_worker_impl_0_wd_tagger: Running inference on 7 images worker=wd_tagger
2026-09-17T05:49:34.889988Z DEBUG panoptikon::inferio::ledger: settled a granted window model=tags/wd-vit-tagger-v3 gpu=CPU outcome="clean" fit_samples=3 throughput_samples=3 clamped_samples=0 clamped=none ramp_step=3 deflation=0 clean_windows=10 max_units_measured=16
2026-09-17T05:49:34.890098Z DEBUG panoptikon::inferio::ledger: issued a memory grant model=tags/wd-vit-tagger-v3 gpu=CPU unit_budget=7 mb=266 canvas_pixels=none share_mb=96007 room_mb=96007 headroom_mb=95732 external_mb=29955 reserve_mb=1024 reserve_rule="capped_default" pre_fit=false ramp_step=3 deflation=0 squeezed=false window_requests=21
2026-09-17T05:49:34.926266Z  INFO panoptikon::inferio::worker: 2026-09-17 05:49:34,925 [DEBUG] inferio_worker_impl_0_wd_tagger: Running inference on 7 images worker=wd_tagger
2026-09-17T05:49:36.023285Z  INFO panoptikon::inferio::worker: 2026-09-17 05:49:36,023 [DEBUG] inferio_worker_impl_0_wd_tagger: Running inference on 7 images worker=wd_tagger
2026-09-17T05:49:37.139811Z  INFO panoptikon::inferio::worker: 2026-09-17 05:49:37,139 [DEBUG] inferio_worker_impl_0_wd_tagger: Running inference on 7 images worker=wd_tagger
2026-09-17T05:49:38.216796Z DEBUG panoptikon::inferio::ledger: refitted the memory cost model model=tags/wd-vit-tagger-v3 gpu=CPU slope_mb_per_unit=37.666666666666664 intercept_mb=46.16666666666668 residual_mb=3.1666666666666714 samples=6 version=8
2026-09-17T05:49:38.216879Z DEBUG panoptikon::inferio::ledger: queued a calibration profile update for the store model=tags/wd-vit-tagger-v3 gpu=CPU reason="fit_changed" max_units_measured=16 fit_version=8
2026-09-17T05:49:38.216913Z DEBUG panoptikon::inferio::ledger: settled a granted window model=tags/wd-vit-tagger-v3 gpu=CPU outcome="clean" fit_samples=3 throughput_samples=3 clamped_samples=0 clamped=none ramp_step=3 deflation=0 clean_windows=11 max_units_measured=16
2026-09-17T05:49:38.216977Z DEBUG panoptikon::inferio::ledger: issued a memory grant model=tags/wd-vit-tagger-v3 gpu=CPU unit_budget=7 mb=264 canvas_pixels=none share_mb=96007 room_mb=96007 headroom_mb=95732 external_mb=29933 reserve_mb=1024 reserve_rule="capped_default" pre_fit=false ramp_step=3 deflation=0 squeezed=false window_requests=21
2026-09-17T05:49:38.220832Z  INFO panoptikon::inferio::worker: 2026-09-17 05:49:38,220 [DEBUG] inferio_worker.packing: this window's 264 MiB grant is below 80% of the 534 MiB of releasable slack in the 1325 MiB pool (1/2 consecutive windows before releasing it) worker=wd_tagger
2026-09-17T05:49:38.253272Z  INFO panoptikon::inferio::worker: 2026-09-17 05:49:38,253 [DEBUG] inferio_worker_impl_0_wd_tagger: Running inference on 7 images worker=wd_tagger
2026-09-17T05:49:39.376724Z  INFO panoptikon::inferio::worker: 2026-09-17 05:49:39,376 [DEBUG] inferio_worker_impl_0_wd_tagger: Running inference on 7 images worker=wd_tagger
2026-09-17T05:49:40.474811Z  INFO panoptikon::inferio::worker: 2026-09-17 05:49:40,474 [DEBUG] inferio_worker_impl_0_wd_tagger: Running inference on 7 images worker=wd_tagger
2026-09-17T05:49:41.551301Z DEBUG panoptikon::inferio::ledger: refitted the memory cost model model=tags/wd-vit-tagger-v3 gpu=CPU slope_mb_per_unit=38.0 intercept_mb=44.5 residual_mb=10.5 samples=6 version=9
2026-09-17T05:49:41.551351Z DEBUG panoptikon::inferio::ledger: queued a calibration profile update for the store model=tags/wd-vit-tagger-v3 gpu=CPU reason="fit_changed" max_units_measured=16 fit_version=9
2026-09-17T05:49:41.551400Z DEBUG panoptikon::inferio::ledger: settled a granted window model=tags/wd-vit-tagger-v3 gpu=CPU outcome="clean" fit_samples=3 throughput_samples=3 clamped_samples=0 clamped=none ramp_step=3 deflation=0 clean_windows=12 max_units_measured=16
2026-09-17T05:49:41.551469Z DEBUG panoptikon::inferio::ledger: issued a memory grant model=tags/wd-vit-tagger-v3 gpu=CPU unit_budget=7 mb=266 canvas_pixels=none share_mb=96007 room_mb=96007 headroom_mb=95732 external_mb=29907 reserve_mb=1024 reserve_rule="capped_default" pre_fit=false ramp_step=3 deflation=0 squeezed=false window_requests=21
2026-09-17T05:49:41.588083Z  INFO panoptikon::inferio::worker: 2026-09-17 05:49:41,587 [DEBUG] inferio_worker_impl_0_wd_tagger: Running inference on 7 images worker=wd_tagger
2026-09-17T05:49:43.022952Z  INFO panoptikon::inferio::worker: 2026-09-17 05:49:43,022 [DEBUG] inferio_worker_impl_0_wd_tagger: Running inference on 7 images worker=wd_tagger
2026-09-17T05:49:44.224471Z  INFO panoptikon::inferio::worker: 2026-09-17 05:49:44,224 [DEBUG] inferio_worker_impl_0_wd_tagger: Running inference on 7 images worker=wd_tagger
2026-09-17T05:49:45.364571Z DEBUG panoptikon::inferio::ledger: settled a granted window model=tags/wd-vit-tagger-v3 gpu=CPU outcome="clean" fit_samples=3 throughput_samples=3 clamped_samples=0 clamped=none ramp_step=3 deflation=0 clean_windows=13 max_units_measured=16
2026-09-17T05:49:45.364692Z DEBUG panoptikon::inferio::ledger: issued a memory grant model=tags/wd-vit-tagger-v3 gpu=CPU unit_budget=7 mb=266 canvas_pixels=none share_mb=96007 room_mb=96007 headroom_mb=95732 external_mb=30019 reserve_mb=1024 reserve_rule="capped_default" pre_fit=false ramp_step=3 deflation=0 squeezed=false window_requests=21
2026-09-17T05:49:45.367620Z  INFO panoptikon::inferio::worker: 2026-09-17 05:49:45,367 [DEBUG] inferio_worker.packing: this window's 266 MiB grant is below 80% of the 534 MiB of releasable slack in the 1325 MiB pool (1/2 consecutive windows before releasing it) worker=wd_tagger
2026-09-17T05:49:45.403008Z  INFO panoptikon::inferio::worker: 2026-09-17 05:49:45,402 [DEBUG] inferio_worker_impl_0_wd_tagger: Running inference on 7 images worker=wd_tagger
2026-09-17T05:49:46.537760Z  INFO panoptikon::inferio::worker: 2026-09-17 05:49:46,537 [DEBUG] inferio_worker_impl_0_wd_tagger: Running inference on 7 images worker=wd_tagger
2026-09-17T05:49:47.664941Z  INFO panoptikon::inferio::worker: 2026-09-17 05:49:47,664 [DEBUG] inferio_worker_impl_0_wd_tagger: Running inference on 7 images worker=wd_tagger
2026-09-17T05:49:48.762401Z DEBUG panoptikon::inferio::ledger: refitted the memory cost model model=tags/wd-vit-tagger-v3 gpu=CPU slope_mb_per_unit=38.0 intercept_mb=44.5 residual_mb=10.0 samples=6 version=10
2026-09-17T05:49:48.762434Z DEBUG panoptikon::inferio::ledger: queued a calibration profile update for the store model=tags/wd-vit-tagger-v3 gpu=CPU reason="fit_changed" max_units_measured=16 fit_version=10
2026-09-17T05:49:48.762506Z DEBUG panoptikon::inferio::ledger: settled a granted window model=tags/wd-vit-tagger-v3 gpu=CPU outcome="clean" fit_samples=3 throughput_samples=3 clamped_samples=0 clamped=none ramp_step=3 deflation=0 clean_windows=14 max_units_measured=16
2026-09-17T05:49:48.762609Z DEBUG panoptikon::inferio::ledger: issued a memory grant model=tags/wd-vit-tagger-v3 gpu=CPU unit_budget=7 mb=266 canvas_pixels=none share_mb=96007 room_mb=96007 headroom_mb=95732 external_mb=29902 reserve_mb=1024 reserve_rule="capped_default" pre_fit=false ramp_step=3 deflation=0 squeezed=false window_requests=21
2026-09-17T05:49:48.800385Z  INFO panoptikon::inferio::worker: 2026-09-17 05:49:48,800 [DEBUG] inferio_worker_impl_0_wd_tagger: Running inference on 7 images worker=wd_tagger
2026-09-17T05:49:48.805667Z DEBUG panoptikon::inferio::http: processing local inference predict model=tags/wd-vit-tagger-v3 inputs=1
2026-09-17T05:49:48.805782Z DEBUG panoptikon::inferio::http: processing local inference predict model=tags/wd-vit-tagger-v3 inputs=1
2026-09-17T05:49:48.806018Z DEBUG panoptikon::inferio::http: processing local inference predict model=tags/wd-vit-tagger-v3 inputs=1
2026-09-17T05:49:48.806054Z DEBUG panoptikon::inferio::http: processing local inference predict model=tags/wd-vit-tagger-v3 inputs=1
2026-09-17T05:49:48.806119Z DEBUG panoptikon::inferio::http: processing local inference predict model=tags/wd-vit-tagger-v3 inputs=1
2026-09-17T05:49:48.806212Z DEBUG panoptikon::inferio::http: processing local inference predict model=tags/wd-vit-tagger-v3 inputs=1
2026-09-17T05:49:48.806311Z DEBUG panoptikon::inferio::http: processing local inference predict model=tags/wd-vit-tagger-v3 inputs=1
2026-09-17T05:49:48.806434Z DEBUG panoptikon::inferio::http: processing local inference predict model=tags/wd-vit-tagger-v3 inputs=1
2026-09-17T05:49:48.806514Z DEBUG panoptikon::inferio::http: processing local inference predict model=tags/wd-vit-tagger-v3 inputs=1
2026-09-17T05:49:48.806719Z DEBUG panoptikon::inferio::http: processing local inference predict model=tags/wd-vit-tagger-v3 inputs=1
2026-09-17T05:49:48.806777Z DEBUG panoptikon::inferio::http: processing local inference predict model=tags/wd-vit-tagger-v3 inputs=1
2026-09-17T05:49:48.806834Z DEBUG panoptikon::inferio::http: processing local inference predict model=tags/wd-vit-tagger-v3 inputs=1
2026-09-17T05:49:50.009540Z  INFO panoptikon::inferio::worker: 2026-09-17 05:49:50,009 [DEBUG] inferio_worker_impl_0_wd_tagger: Running inference on 7 images worker=wd_tagger
2026-09-17T05:49:50.363529Z  INFO panoptikon::inferio::calibration: wrote the local calibration store path=data/inferio/calibration.toml profiles=1
2026-09-17T05:49:51.129136Z  INFO panoptikon::inferio::worker: 2026-09-17 05:49:51,128 [DEBUG] inferio_worker_impl_0_wd_tagger: Running inference on 7 images worker=wd_tagger
2026-09-17T05:49:52.218634Z DEBUG panoptikon::inferio::ledger: refitted the memory cost model model=tags/wd-vit-tagger-v3 gpu=CPU slope_mb_per_unit=38.0 intercept_mb=44.5 residual_mb=10.5 samples=6 version=11
2026-09-17T05:49:52.218669Z DEBUG panoptikon::inferio::ledger: queued a calibration profile update for the store model=tags/wd-vit-tagger-v3 gpu=CPU reason="fit_changed" max_units_measured=16 fit_version=11
2026-09-17T05:49:52.218717Z DEBUG panoptikon::inferio::ledger: settled a granted window model=tags/wd-vit-tagger-v3 gpu=CPU outcome="clean" fit_samples=3 throughput_samples=3 clamped_samples=0 clamped=none ramp_step=3 deflation=0 clean_windows=15 max_units_measured=16
2026-09-17T05:49:52.218784Z DEBUG panoptikon::inferio::ledger: issued a memory grant model=tags/wd-vit-tagger-v3 gpu=CPU unit_budget=7 mb=266 canvas_pixels=none share_mb=96007 room_mb=96007 headroom_mb=95732 external_mb=30020 reserve_mb=1024 reserve_rule="capped_default" pre_fit=false ramp_step=3 deflation=0 squeezed=false window_requests=21
2026-09-17T05:49:52.219736Z DEBUG panoptikon::inferio::http: processing local inference predict model=tags/wd-vit-tagger-v3 inputs=1
2026-09-17T05:49:52.220023Z DEBUG panoptikon::inferio::http: processing local inference predict model=tags/wd-vit-tagger-v3 inputs=1
2026-09-17T05:49:52.220056Z DEBUG panoptikon::inferio::http: processing local inference predict model=tags/wd-vit-tagger-v3 inputs=1
2026-09-17T05:49:52.220235Z DEBUG panoptikon::inferio::http: processing local inference predict model=tags/wd-vit-tagger-v3 inputs=1
2026-09-17T05:49:52.220291Z DEBUG panoptikon::inferio::http: processing local inference predict model=tags/wd-vit-tagger-v3 inputs=1
2026-09-17T05:49:52.220420Z DEBUG panoptikon::inferio::http: processing local inference predict model=tags/wd-vit-tagger-v3 inputs=1
2026-09-17T05:49:52.220654Z DEBUG panoptikon::inferio::http: processing local inference predict model=tags/wd-vit-tagger-v3 inputs=1
2026-09-17T05:49:52.220706Z DEBUG panoptikon::inferio::http: processing local inference predict model=tags/wd-vit-tagger-v3 inputs=1
2026-09-17T05:49:52.220780Z DEBUG panoptikon::inferio::http: processing local inference predict model=tags/wd-vit-tagger-v3 inputs=1
2026-09-17T05:49:52.221143Z DEBUG panoptikon::inferio::http: processing local inference predict model=tags/wd-vit-tagger-v3 inputs=1
2026-09-17T05:49:52.221187Z DEBUG panoptikon::inferio::http: processing local inference predict model=tags/wd-vit-tagger-v3 inputs=1
2026-09-17T05:49:52.221233Z DEBUG panoptikon::inferio::http: processing local inference predict model=tags/wd-vit-tagger-v3 inputs=1
2026-09-17T05:49:52.221265Z DEBUG panoptikon::inferio::http: processing local inference predict model=tags/wd-vit-tagger-v3 inputs=1
2026-09-17T05:49:52.221437Z DEBUG panoptikon::inferio::http: processing local inference predict model=tags/wd-vit-tagger-v3 inputs=1
2026-09-17T05:49:52.221731Z DEBUG panoptikon::inferio::http: processing local inference predict model=tags/wd-vit-tagger-v3 inputs=1
2026-09-17T05:49:52.221786Z DEBUG panoptikon::inferio::http: processing local inference predict model=tags/wd-vit-tagger-v3 inputs=1
2026-09-17T05:49:52.221829Z DEBUG panoptikon::inferio::http: processing local inference predict model=tags/wd-vit-tagger-v3 inputs=1
2026-09-17T05:49:52.221870Z DEBUG panoptikon::inferio::http: processing local inference predict model=tags/wd-vit-tagger-v3 inputs=1
2026-09-17T05:49:52.221903Z DEBUG panoptikon::inferio::http: processing local inference predict model=tags/wd-vit-tagger-v3 inputs=1
2026-09-17T05:49:52.221920Z DEBUG panoptikon::inferio::http: processing local inference predict model=tags/wd-vit-tagger-v3 inputs=1
2026-09-17T05:49:52.222015Z DEBUG panoptikon::inferio::http: processing local inference predict model=tags/wd-vit-tagger-v3 inputs=1
2026-09-17T05:49:52.223504Z  INFO panoptikon::inferio::worker: 2026-09-17 05:49:52,223 [DEBUG] inferio_worker.packing: this window's 266 MiB grant is below 80% of the 534 MiB of releasable slack in the 1325 MiB pool (1/2 consecutive windows before releasing it) worker=wd_tagger
2026-09-17T05:49:52.257263Z  INFO panoptikon::inferio::worker: 2026-09-17 05:49:52,256 [DEBUG] inferio_worker_impl_0_wd_tagger: Running inference on 7 images worker=wd_tagger
2026-09-17T05:49:53.680088Z  INFO panoptikon::inferio::worker: 2026-09-17 05:49:53,679 [DEBUG] inferio_worker_impl_0_wd_tagger: Running inference on 7 images worker=wd_tagger
2026-09-17T05:49:54.885281Z  INFO panoptikon::inferio::worker: 2026-09-17 05:49:54,885 [DEBUG] inferio_worker_impl_0_wd_tagger: Running inference on 7 images worker=wd_tagger
2026-09-17T05:49:56.032997Z DEBUG panoptikon::inferio::ledger: settled a granted window model=tags/wd-vit-tagger-v3 gpu=CPU outcome="clean" fit_samples=3 throughput_samples=3 clamped_samples=0 clamped=none ramp_step=3 deflation=0 clean_windows=16 max_units_measured=16
2026-09-17T05:49:56.033064Z DEBUG panoptikon::inferio::ledger: issued a memory grant model=tags/wd-vit-tagger-v3 gpu=CPU unit_budget=7 mb=266 canvas_pixels=none share_mb=96007 room_mb=96007 headroom_mb=95732 external_mb=29958 reserve_mb=1024 reserve_rule="capped_default" pre_fit=false ramp_step=3 deflation=0 squeezed=false window_requests=21
2026-09-17T05:49:56.034210Z DEBUG panoptikon::inferio::http: processing local inference predict model=tags/wd-vit-tagger-v3 inputs=1
2026-09-17T05:49:56.034273Z DEBUG panoptikon::inferio::http: processing local inference predict model=tags/wd-vit-tagger-v3 inputs=1
2026-09-17T05:49:56.034691Z DEBUG panoptikon::inferio::http: processing local inference predict model=tags/wd-vit-tagger-v3 inputs=1
2026-09-17T05:49:56.034827Z DEBUG panoptikon::inferio::http: processing local inference predict model=tags/wd-vit-tagger-v3 inputs=1
2026-09-17T05:49:56.034977Z DEBUG panoptikon::inferio::http: processing local inference predict model=tags/wd-vit-tagger-v3 inputs=1
2026-09-17T05:49:56.035019Z DEBUG panoptikon::inferio::http: processing local inference predict model=tags/wd-vit-tagger-v3 inputs=1
2026-09-17T05:49:56.035066Z DEBUG panoptikon::inferio::http: processing local inference predict model=tags/wd-vit-tagger-v3 inputs=1
2026-09-17T05:49:56.035283Z DEBUG panoptikon::inferio::http: processing local inference predict model=tags/wd-vit-tagger-v3 inputs=1
2026-09-17T05:49:56.035499Z DEBUG panoptikon::inferio::http: processing local inference predict model=tags/wd-vit-tagger-v3 inputs=1
2026-09-17T05:49:56.035569Z DEBUG panoptikon::inferio::http: processing local inference predict model=tags/wd-vit-tagger-v3 inputs=1
2026-09-17T05:49:56.035618Z DEBUG panoptikon::inferio::http: processing local inference predict model=tags/wd-vit-tagger-v3 inputs=1
2026-09-17T05:49:56.035651Z DEBUG panoptikon::inferio::http: processing local inference predict model=tags/wd-vit-tagger-v3 inputs=1
2026-09-17T05:49:56.035694Z DEBUG panoptikon::inferio::http: processing local inference predict model=tags/wd-vit-tagger-v3 inputs=1
2026-09-17T05:49:56.035821Z DEBUG panoptikon::inferio::http: processing local inference predict model=tags/wd-vit-tagger-v3 inputs=1
2026-09-17T05:49:56.035845Z DEBUG panoptikon::inferio::http: processing local inference predict model=tags/wd-vit-tagger-v3 inputs=1
2026-09-17T05:49:56.036038Z DEBUG panoptikon::inferio::http: processing local inference predict model=tags/wd-vit-tagger-v3 inputs=1
2026-09-17T05:49:56.036284Z DEBUG panoptikon::inferio::http: processing local inference predict model=tags/wd-vit-tagger-v3 inputs=1
2026-09-17T05:49:56.036308Z DEBUG panoptikon::inferio::http: processing local inference predict model=tags/wd-vit-tagger-v3 inputs=1
2026-09-17T05:49:56.036339Z DEBUG panoptikon::inferio::http: processing local inference predict model=tags/wd-vit-tagger-v3 inputs=1
2026-09-17T05:49:56.036366Z DEBUG panoptikon::inferio::http: processing local inference predict model=tags/wd-vit-tagger-v3 inputs=1
2026-09-17T05:49:56.036438Z DEBUG panoptikon::inferio::http: processing local inference predict model=tags/wd-vit-tagger-v3 inputs=1
2026-09-17T05:49:56.071244Z  INFO panoptikon::inferio::worker: 2026-09-17 05:49:56,071 [DEBUG] inferio_worker_impl_0_wd_tagger: Running inference on 7 images worker=wd_tagger
2026-09-17T05:49:57.290586Z  INFO panoptikon::inferio::worker: 2026-09-17 05:49:57,290 [DEBUG] inferio_worker_impl_0_wd_tagger: Running inference on 7 images worker=wd_tagger
2026-09-17T05:49:58.405002Z  INFO panoptikon::inferio::worker: 2026-09-17 05:49:58,404 [DEBUG] inferio_worker_impl_0_wd_tagger: Running inference on 7 images worker=wd_tagger
2026-09-17T05:49:59.509366Z DEBUG panoptikon::inferio::ledger: refitted the memory cost model model=tags/wd-vit-tagger-v3 gpu=CPU slope_mb_per_unit=37.0 intercept_mb=49.5 residual_mb=2.5 samples=6 version=12
2026-09-17T05:49:59.509414Z DEBUG panoptikon::inferio::ledger: queued a calibration profile update for the store model=tags/wd-vit-tagger-v3 gpu=CPU reason="fit_changed" max_units_measured=16 fit_version=12
2026-09-17T05:49:59.509455Z DEBUG panoptikon::inferio::ledger: settled a granted window model=tags/wd-vit-tagger-v3 gpu=CPU outcome="clean" fit_samples=3 throughput_samples=3 clamped_samples=0 clamped=none ramp_step=3 deflation=0 clean_windows=17 max_units_measured=16
2026-09-17T05:49:59.509518Z DEBUG panoptikon::inferio::ledger: issued a memory grant model=tags/wd-vit-tagger-v3 gpu=CPU unit_budget=7 mb=259 canvas_pixels=none share_mb=96007 room_mb=96007 headroom_mb=95732 external_mb=29964 reserve_mb=1024 reserve_rule="capped_default" pre_fit=false ramp_step=3 deflation=0 squeezed=false window_requests=21
2026-09-17T05:49:59.510389Z DEBUG panoptikon::inferio::http: processing local inference predict model=tags/wd-vit-tagger-v3 inputs=1
2026-09-17T05:49:59.510611Z DEBUG panoptikon::inferio::http: processing local inference predict model=tags/wd-vit-tagger-v3 inputs=1
2026-09-17T05:49:59.510843Z DEBUG panoptikon::inferio::http: processing local inference predict model=tags/wd-vit-tagger-v3 inputs=1
2026-09-17T05:49:59.511189Z DEBUG panoptikon::inferio::http: processing local inference predict model=tags/wd-vit-tagger-v3 inputs=1
2026-09-17T05:49:59.511223Z DEBUG panoptikon::inferio::http: processing local inference predict model=tags/wd-vit-tagger-v3 inputs=1
2026-09-17T05:49:59.511258Z DEBUG panoptikon::inferio::http: processing local inference predict model=tags/wd-vit-tagger-v3 inputs=1
2026-09-17T05:49:59.511288Z DEBUG panoptikon::inferio::http: processing local inference predict model=tags/wd-vit-tagger-v3 inputs=1
2026-09-17T05:49:59.511568Z DEBUG panoptikon::inferio::http: processing local inference predict model=tags/wd-vit-tagger-v3 inputs=1
2026-09-17T05:49:59.511669Z DEBUG panoptikon::inferio::http: processing local inference predict model=tags/wd-vit-tagger-v3 inputs=1
2026-09-17T05:49:59.511697Z DEBUG panoptikon::inferio::http: processing local inference predict model=tags/wd-vit-tagger-v3 inputs=1
2026-09-17T05:49:59.511753Z DEBUG panoptikon::inferio::http: processing local inference predict model=tags/wd-vit-tagger-v3 inputs=1
2026-09-17T05:49:59.511784Z DEBUG panoptikon::inferio::http: processing local inference predict model=tags/wd-vit-tagger-v3 inputs=1
2026-09-17T05:49:59.512191Z DEBUG panoptikon::inferio::http: processing local inference predict model=tags/wd-vit-tagger-v3 inputs=1
2026-09-17T05:49:59.512226Z DEBUG panoptikon::inferio::http: processing local inference predict model=tags/wd-vit-tagger-v3 inputs=1
2026-09-17T05:49:59.512251Z DEBUG panoptikon::inferio::http: processing local inference predict model=tags/wd-vit-tagger-v3 inputs=1
2026-09-17T05:49:59.512297Z DEBUG panoptikon::inferio::http: processing local inference predict model=tags/wd-vit-tagger-v3 inputs=1
2026-09-17T05:49:59.512549Z DEBUG panoptikon::inferio::http: processing local inference predict model=tags/wd-vit-tagger-v3 inputs=1
2026-09-17T05:49:59.512574Z DEBUG panoptikon::inferio::http: processing local inference predict model=tags/wd-vit-tagger-v3 inputs=1
2026-09-17T05:49:59.512608Z DEBUG panoptikon::inferio::http: processing local inference predict model=tags/wd-vit-tagger-v3 inputs=1
2026-09-17T05:49:59.512649Z DEBUG panoptikon::inferio::http: processing local inference predict model=tags/wd-vit-tagger-v3 inputs=1
2026-09-17T05:49:59.512675Z DEBUG panoptikon::inferio::http: processing local inference predict model=tags/wd-vit-tagger-v3 inputs=1
2026-09-17T05:49:59.513930Z  INFO panoptikon::inferio::worker: 2026-09-17 05:49:59,513 [DEBUG] inferio_worker.packing: this window's 259 MiB grant is below 80% of the 534 MiB of releasable slack in the 1325 MiB pool (1/2 consecutive windows before releasing it) worker=wd_tagger
2026-09-17T05:49:59.547181Z  INFO panoptikon::inferio::worker: 2026-09-17 05:49:59,546 [DEBUG] inferio_worker_impl_0_wd_tagger: Running inference on 7 images worker=wd_tagger
2026-09-17T05:50:00.728864Z  INFO panoptikon::inferio::worker: 2026-09-17 05:50:00,728 [DEBUG] inferio_worker_impl_0_wd_tagger: Running inference on 7 images worker=wd_tagger
2026-09-17T05:50:01.889605Z  INFO panoptikon::inferio::worker: 2026-09-17 05:50:01,889 [DEBUG] inferio_worker_impl_0_wd_tagger: Running inference on 7 images worker=wd_tagger
2026-09-17T05:50:02.990033Z DEBUG panoptikon::inferio::ledger: refitted the memory cost model model=tags/wd-vit-tagger-v3 gpu=CPU slope_mb_per_unit=38.0 intercept_mb=44.5 residual_mb=10.5 samples=6 version=13
2026-09-17T05:50:02.990075Z DEBUG panoptikon::inferio::ledger: queued a calibration profile update for the store model=tags/wd-vit-tagger-v3 gpu=CPU reason="fit_changed" max_units_measured=16 fit_version=13
2026-09-17T05:50:02.990097Z DEBUG panoptikon::inferio::ledger: settled a granted window model=tags/wd-vit-tagger-v3 gpu=CPU outcome="clean" fit_samples=3 throughput_samples=3 clamped_samples=0 clamped=none ramp_step=3 deflation=0 clean_windows=18 max_units_measured=16
2026-09-17T05:50:02.990154Z DEBUG panoptikon::inferio::ledger: issued a memory grant model=tags/wd-vit-tagger-v3 gpu=CPU unit_budget=7 mb=266 canvas_pixels=none share_mb=96007 room_mb=96007 headroom_mb=95732 external_mb=29898 reserve_mb=1024 reserve_rule="capped_default" pre_fit=false ramp_step=3 deflation=0 squeezed=false window_requests=21
2026-09-17T05:50:02.991444Z DEBUG panoptikon::inferio::http: processing local inference predict model=tags/wd-vit-tagger-v3 inputs=1
2026-09-17T05:50:02.991993Z DEBUG panoptikon::inferio::http: processing local inference predict model=tags/wd-vit-tagger-v3 inputs=1
2026-09-17T05:50:02.992039Z DEBUG panoptikon::inferio::http: processing local inference predict model=tags/wd-vit-tagger-v3 inputs=1
2026-09-17T05:50:02.992246Z DEBUG panoptikon::inferio::http: processing local inference predict model=tags/wd-vit-tagger-v3 inputs=1
2026-09-17T05:50:02.992403Z DEBUG panoptikon::inferio::http: processing local inference predict model=tags/wd-vit-tagger-v3 inputs=1
2026-09-17T05:50:02.992443Z DEBUG panoptikon::inferio::http: processing local inference predict model=tags/wd-vit-tagger-v3 inputs=1
2026-09-17T05:50:02.992483Z DEBUG panoptikon::inferio::http: processing local inference predict model=tags/wd-vit-tagger-v3 inputs=1
2026-09-17T05:50:02.992519Z DEBUG panoptikon::inferio::http: processing local inference predict model=tags/wd-vit-tagger-v3 inputs=1
2026-09-17T05:50:02.992548Z DEBUG panoptikon::inferio::http: processing local inference predict model=tags/wd-vit-tagger-v3 inputs=1
2026-09-17T05:50:02.992853Z DEBUG panoptikon::inferio::http: processing local inference predict model=tags/wd-vit-tagger-v3 inputs=1
2026-09-17T05:50:02.992917Z DEBUG panoptikon::inferio::http: processing local inference predict model=tags/wd-vit-tagger-v3 inputs=1
2026-09-17T05:50:02.993025Z DEBUG panoptikon::inferio::http: processing local inference predict model=tags/wd-vit-tagger-v3 inputs=1
2026-09-17T05:50:02.993125Z DEBUG panoptikon::inferio::http: processing local inference predict model=tags/wd-vit-tagger-v3 inputs=1
2026-09-17T05:50:02.993161Z DEBUG panoptikon::inferio::http: processing local inference predict model=tags/wd-vit-tagger-v3 inputs=1
2026-09-17T05:50:02.993339Z DEBUG panoptikon::inferio::http: processing local inference predict model=tags/wd-vit-tagger-v3 inputs=1
2026-09-17T05:50:02.993383Z DEBUG panoptikon::inferio::http: processing local inference predict model=tags/wd-vit-tagger-v3 inputs=1
2026-09-17T05:50:02.993454Z DEBUG panoptikon::inferio::http: processing local inference predict model=tags/wd-vit-tagger-v3 inputs=1
2026-09-17T05:50:02.993516Z DEBUG panoptikon::inferio::http: processing local inference predict model=tags/wd-vit-tagger-v3 inputs=1
2026-09-17T05:50:02.993684Z DEBUG panoptikon::inferio::http: processing local inference predict model=tags/wd-vit-tagger-v3 inputs=1
2026-09-17T05:50:02.993876Z DEBUG panoptikon::inferio::http: processing local inference predict model=tags/wd-vit-tagger-v3 inputs=1
2026-09-17T05:50:02.993916Z DEBUG panoptikon::inferio::http: processing local inference predict model=tags/wd-vit-tagger-v3 inputs=1
2026-09-17T05:50:03.027446Z  INFO panoptikon::inferio::worker: 2026-09-17 05:50:03,027 [DEBUG] inferio_worker_impl_0_wd_tagger: Running inference on 7 images worker=wd_tagger
2026-09-17T05:50:04.226501Z  INFO panoptikon::inferio::worker: 2026-09-17 05:50:04,226 [DEBUG] inferio_worker_impl_0_wd_tagger: Running inference on 7 images worker=wd_tagger
2026-09-17T05:50:05.322523Z  INFO panoptikon::inferio::worker: 2026-09-17 05:50:05,322 [DEBUG] inferio_worker_impl_0_wd_tagger: Running inference on 7 images worker=wd_tagger
2026-09-17T05:50:06.384020Z DEBUG panoptikon::inferio::ledger: refitted the memory cost model model=tags/wd-vit-tagger-v3 gpu=CPU slope_mb_per_unit=37.0 intercept_mb=49.5 residual_mb=2.5 samples=6 version=14
2026-09-17T05:50:06.384064Z DEBUG panoptikon::inferio::ledger: declining to fit a throughput knee: this knee last expired and was widened, and the ring has not yet seen enough of the wider size to put it back bucket=2 observed_floor=1 observed_top=4 anchor=16 observations=52
2026-09-17T05:50:06.384083Z DEBUG panoptikon::inferio::ledger: queued a calibration profile update for the store model=tags/wd-vit-tagger-v3 gpu=CPU reason="fit_changed" max_units_measured=16 fit_version=14
2026-09-17T05:50:06.384104Z  INFO panoptikon::inferio::ledger: this model has run cleanly at its throughput knee for long enough, with memory to spare, that the knee is worth re-testing; widening the cap by one batch-size step. A knee is a brake, not a ceiling: if the curve really does flatten here, the next fit from honest samples puts it back model=tags/wd-vit-tagger-v3 gpu=CPU knee_units_before=7 knee_units_after=15 clean_windows_at_the_knee=12 last_grant_units=7
2026-09-17T05:50:06.384139Z DEBUG panoptikon::inferio::ledger: settled a granted window model=tags/wd-vit-tagger-v3 gpu=CPU outcome="clean" fit_samples=3 throughput_samples=3 clamped_samples=0 clamped=none ramp_step=3 deflation=0 clean_windows=19 max_units_measured=16
2026-09-17T05:50:06.385659Z DEBUG panoptikon::inferio::http: processing local inference predict model=tags/wd-vit-tagger-v3 inputs=1
2026-09-17T05:50:06.385931Z DEBUG panoptikon::inferio::http: processing local inference predict model=tags/wd-vit-tagger-v3 inputs=1
2026-09-17T05:50:06.385990Z DEBUG panoptikon::inferio::ledger: issued a memory grant model=tags/wd-vit-tagger-v3 gpu=CPU unit_budget=15 mb=555 canvas_pixels=none share_mb=96007 room_mb=96007 headroom_mb=95732 external_mb=30035 reserve_mb=1024 reserve_rule="capped_default" pre_fit=false ramp_step=3 deflation=0 squeezed=false window_requests=45
2026-09-17T05:50:06.386292Z DEBUG panoptikon::inferio::http: processing local inference predict model=tags/wd-vit-tagger-v3 inputs=1
2026-09-17T05:50:06.386505Z DEBUG panoptikon::inferio::http: processing local inference predict model=tags/wd-vit-tagger-v3 inputs=1
2026-09-17T05:50:06.386538Z DEBUG panoptikon::inferio::http: processing local inference predict model=tags/wd-vit-tagger-v3 inputs=1
2026-09-17T05:50:06.386589Z DEBUG panoptikon::inferio::http: processing local inference predict model=tags/wd-vit-tagger-v3 inputs=1
2026-09-17T05:50:06.386723Z DEBUG panoptikon::inferio::http: processing local inference predict model=tags/wd-vit-tagger-v3 inputs=1
2026-09-17T05:50:06.386752Z DEBUG panoptikon::inferio::http: processing local inference predict model=tags/wd-vit-tagger-v3 inputs=1
2026-09-17T05:50:06.387147Z DEBUG panoptikon::inferio::http: processing local inference predict model=tags/wd-vit-tagger-v3 inputs=1
2026-09-17T05:50:06.387177Z DEBUG panoptikon::inferio::http: processing local inference predict model=tags/wd-vit-tagger-v3 inputs=1
2026-09-17T05:50:06.387213Z DEBUG panoptikon::inferio::http: processing local inference predict model=tags/wd-vit-tagger-v3 inputs=1
2026-09-17T05:50:06.387251Z DEBUG panoptikon::inferio::http: processing local inference predict model=tags/wd-vit-tagger-v3 inputs=1
2026-09-17T05:50:06.387278Z DEBUG panoptikon::inferio::http: processing local inference predict model=tags/wd-vit-tagger-v3 inputs=1
2026-09-17T05:50:06.387497Z DEBUG panoptikon::inferio::http: processing local inference predict model=tags/wd-vit-tagger-v3 inputs=1
2026-09-17T05:50:06.387545Z DEBUG panoptikon::inferio::http: processing local inference predict model=tags/wd-vit-tagger-v3 inputs=1
2026-09-17T05:50:06.387708Z DEBUG panoptikon::inferio::http: processing local inference predict model=tags/wd-vit-tagger-v3 inputs=1
2026-09-17T05:50:06.387849Z DEBUG panoptikon::inferio::http: processing local inference predict model=tags/wd-vit-tagger-v3 inputs=1
2026-09-17T05:50:06.387893Z DEBUG panoptikon::inferio::http: processing local inference predict model=tags/wd-vit-tagger-v3 inputs=1
2026-09-17T05:50:06.387943Z DEBUG panoptikon::inferio::http: processing local inference predict model=tags/wd-vit-tagger-v3 inputs=1
2026-09-17T05:50:06.387969Z DEBUG panoptikon::inferio::http: processing local inference predict model=tags/wd-vit-tagger-v3 inputs=1
2026-09-17T05:50:06.388070Z DEBUG panoptikon::inferio::http: processing local inference predict model=tags/wd-vit-tagger-v3 inputs=1
2026-09-17T05:50:06.459184Z  INFO panoptikon::inferio::worker: 2026-09-17 05:50:06,459 [DEBUG] inferio_worker_impl_0_wd_tagger: Running inference on 15 images worker=wd_tagger
2026-09-17T05:50:08.581609Z  INFO panoptikon::inferio::worker: 2026-09-17 05:50:08,581 [DEBUG] inferio_worker_impl_0_wd_tagger: Running inference on 15 images worker=wd_tagger
2026-09-17T05:50:10.691642Z  INFO panoptikon::inferio::worker: 2026-09-17 05:50:10,691 [DEBUG] inferio_worker_impl_0_wd_tagger: Running inference on 15 images worker=wd_tagger
2026-09-17T05:50:12.758818Z DEBUG panoptikon::inferio::ledger: refitted the memory cost model model=tags/wd-vit-tagger-v3 gpu=CPU slope_mb_per_unit=36.61538461538461 intercept_mb=50.76923076923083 residual_mb=1.6153846153846416 samples=7 version=15
2026-09-17T05:50:12.758858Z DEBUG panoptikon::inferio::ledger: fitted a throughput knee; batches larger than this are no longer admitted however much memory is free model=tags/wd-vit-tagger-v3 gpu=CPU knee_units=7 previous=Some(15) observations=55
2026-09-17T05:50:12.758876Z DEBUG panoptikon::inferio::ledger: queued a calibration profile update for the store model=tags/wd-vit-tagger-v3 gpu=CPU reason="fit_changed" max_units_measured=16 fit_version=15
2026-09-17T05:50:12.758899Z DEBUG panoptikon::inferio::ledger: settled a granted window model=tags/wd-vit-tagger-v3 gpu=CPU outcome="clean" fit_samples=3 throughput_samples=3 clamped_samples=0 clamped=none ramp_step=3 deflation=0 clean_windows=20 max_units_measured=16
2026-09-17T05:50:12.760959Z DEBUG panoptikon::inferio::http: processing local inference predict model=tags/wd-vit-tagger-v3 inputs=1
2026-09-17T05:50:12.761657Z DEBUG panoptikon::inferio::http: processing local inference predict model=tags/wd-vit-tagger-v3 inputs=1
2026-09-17T05:50:12.761732Z DEBUG panoptikon::inferio::http: processing local inference predict model=tags/wd-vit-tagger-v3 inputs=1
2026-09-17T05:50:12.761787Z DEBUG panoptikon::inferio::http: processing local inference predict model=tags/wd-vit-tagger-v3 inputs=1
2026-09-17T05:50:12.761828Z DEBUG panoptikon::inferio::http: processing local inference predict model=tags/wd-vit-tagger-v3 inputs=1
2026-09-17T05:50:12.761935Z DEBUG panoptikon::inferio::http: processing local inference predict model=tags/wd-vit-tagger-v3 inputs=1
2026-09-17T05:50:12.761973Z DEBUG panoptikon::inferio::http: processing local inference predict model=tags/wd-vit-tagger-v3 inputs=1
2026-09-17T05:50:12.762015Z DEBUG panoptikon::inferio::http: processing local inference predict model=tags/wd-vit-tagger-v3 inputs=1
2026-09-17T05:50:12.762071Z DEBUG panoptikon::inferio::http: processing local inference predict model=tags/wd-vit-tagger-v3 inputs=1
2026-09-17T05:50:12.762098Z DEBUG panoptikon::inferio::ledger: issued a memory grant model=tags/wd-vit-tagger-v3 gpu=CPU unit_budget=7 mb=257 canvas_pixels=none share_mb=96007 room_mb=96007 headroom_mb=95732 external_mb=29862 reserve_mb=1024 reserve_rule="capped_default" pre_fit=false ramp_step=3 deflation=0 squeezed=false window_requests=21
2026-09-17T05:50:12.762141Z DEBUG panoptikon::inferio::http: processing local inference predict model=tags/wd-vit-tagger-v3 inputs=1
2026-09-17T05:50:12.762168Z DEBUG panoptikon::inferio::http: processing local inference predict model=tags/wd-vit-tagger-v3 inputs=1
2026-09-17T05:50:12.762211Z DEBUG panoptikon::inferio::http: processing local inference predict model=tags/wd-vit-tagger-v3 inputs=1
2026-09-17T05:50:12.762275Z DEBUG panoptikon::inferio::http: processing local inference predict model=tags/wd-vit-tagger-v3 inputs=1
2026-09-17T05:50:12.762305Z DEBUG panoptikon::inferio::http: processing local inference predict model=tags/wd-vit-tagger-v3 inputs=1
2026-09-17T05:50:12.762333Z DEBUG panoptikon::inferio::http: processing local inference predict model=tags/wd-vit-tagger-v3 inputs=1
2026-09-17T05:50:12.762365Z DEBUG panoptikon::inferio::http: processing local inference predict model=tags/wd-vit-tagger-v3 inputs=1
2026-09-17T05:50:12.762401Z DEBUG panoptikon::inferio::http: processing local inference predict model=tags/wd-vit-tagger-v3 inputs=1
2026-09-17T05:50:12.762445Z DEBUG panoptikon::inferio::http: processing local inference predict model=tags/wd-vit-tagger-v3 inputs=1
2026-09-17T05:50:12.762476Z DEBUG panoptikon::inferio::http: processing local inference predict model=tags/wd-vit-tagger-v3 inputs=1
2026-09-17T05:50:12.762520Z DEBUG panoptikon::inferio::http: processing local inference predict model=tags/wd-vit-tagger-v3 inputs=1
2026-09-17T05:50:12.762564Z DEBUG panoptikon::inferio::http: processing local inference predict model=tags/wd-vit-tagger-v3 inputs=1
2026-09-17T05:50:12.762591Z DEBUG panoptikon::inferio::http: processing local inference predict model=tags/wd-vit-tagger-v3 inputs=1
2026-09-17T05:50:12.762629Z DEBUG panoptikon::inferio::http: processing local inference predict model=tags/wd-vit-tagger-v3 inputs=1
2026-09-17T05:50:12.762737Z DEBUG panoptikon::inferio::http: processing local inference predict model=tags/wd-vit-tagger-v3 inputs=1
2026-09-17T05:50:12.762795Z DEBUG panoptikon::inferio::http: processing local inference predict model=tags/wd-vit-tagger-v3 inputs=1
2026-09-17T05:50:12.762825Z DEBUG panoptikon::inferio::http: processing local inference predict model=tags/wd-vit-tagger-v3 inputs=1
2026-09-17T05:50:12.762916Z DEBUG panoptikon::inferio::http: processing local inference predict model=tags/wd-vit-tagger-v3 inputs=1
2026-09-17T05:50:12.763072Z DEBUG panoptikon::inferio::http: processing local inference predict model=tags/wd-vit-tagger-v3 inputs=1
2026-09-17T05:50:12.763116Z DEBUG panoptikon::inferio::http: processing local inference predict model=tags/wd-vit-tagger-v3 inputs=1
2026-09-17T05:50:12.763336Z DEBUG panoptikon::inferio::http: processing local inference predict model=tags/wd-vit-tagger-v3 inputs=1
2026-09-17T05:50:12.763429Z DEBUG panoptikon::inferio::http: processing local inference predict model=tags/wd-vit-tagger-v3 inputs=1
2026-09-17T05:50:12.763778Z DEBUG panoptikon::inferio::http: processing local inference predict model=tags/wd-vit-tagger-v3 inputs=1
2026-09-17T05:50:12.763817Z DEBUG panoptikon::inferio::http: processing local inference predict model=tags/wd-vit-tagger-v3 inputs=1
2026-09-17T05:50:12.763843Z DEBUG panoptikon::inferio::http: processing local inference predict model=tags/wd-vit-tagger-v3 inputs=1
2026-09-17T05:50:12.763871Z DEBUG panoptikon::inferio::http: processing local inference predict model=tags/wd-vit-tagger-v3 inputs=1
2026-09-17T05:50:12.763903Z DEBUG panoptikon::inferio::http: processing local inference predict model=tags/wd-vit-tagger-v3 inputs=1
2026-09-17T05:50:12.763940Z DEBUG panoptikon::inferio::http: processing local inference predict model=tags/wd-vit-tagger-v3 inputs=1
2026-09-17T05:50:12.764192Z DEBUG panoptikon::inferio::http: processing local inference predict model=tags/wd-vit-tagger-v3 inputs=1
2026-09-17T05:50:12.764214Z DEBUG panoptikon::inferio::http: processing local inference predict model=tags/wd-vit-tagger-v3 inputs=1
2026-09-17T05:50:12.764362Z DEBUG panoptikon::inferio::http: processing local inference predict model=tags/wd-vit-tagger-v3 inputs=1
2026-09-17T05:50:12.764514Z DEBUG panoptikon::inferio::http: processing local inference predict model=tags/wd-vit-tagger-v3 inputs=1
2026-09-17T05:50:12.764659Z DEBUG panoptikon::inferio::http: processing local inference predict model=tags/wd-vit-tagger-v3 inputs=1
2026-09-17T05:50:12.764763Z DEBUG panoptikon::inferio::http: processing local inference predict model=tags/wd-vit-tagger-v3 inputs=1
2026-09-17T05:50:12.765838Z  INFO panoptikon::inferio::worker: 2026-09-17 05:50:12,765 [DEBUG] inferio_worker.packing: this window's 257 MiB grant is below 80% of the 534 MiB of releasable slack in the 1325 MiB pool (1/2 consecutive windows before releasing it) worker=wd_tagger
2026-09-17T05:50:12.798646Z  INFO panoptikon::inferio::worker: 2026-09-17 05:50:12,798 [DEBUG] inferio_worker_impl_0_wd_tagger: Running inference on 7 images worker=wd_tagger
2026-09-17T05:50:12.802408Z DEBUG panoptikon::inferio::http: processing local inference predict model=tags/wd-vit-tagger-v3 inputs=1
2026-09-17T05:50:12.802463Z DEBUG panoptikon::inferio::http: processing local inference predict model=tags/wd-vit-tagger-v3 inputs=1
2026-09-17T05:50:12.802546Z DEBUG panoptikon::inferio::http: processing local inference predict model=tags/wd-vit-tagger-v3 inputs=1
2026-09-17T05:50:12.803029Z DEBUG panoptikon::inferio::http: processing local inference predict model=tags/wd-vit-tagger-v3 inputs=1
2026-09-17T05:50:12.803094Z DEBUG panoptikon::inferio::http: processing local inference predict model=tags/wd-vit-tagger-v3 inputs=1
2026-09-17T05:50:12.803123Z DEBUG panoptikon::inferio::http: processing local inference predict model=tags/wd-vit-tagger-v3 inputs=1
2026-09-17T05:50:12.803328Z DEBUG panoptikon::inferio::http: processing local inference predict model=tags/wd-vit-tagger-v3 inputs=1
2026-09-17T05:50:12.803352Z DEBUG panoptikon::inferio::http: processing local inference predict model=tags/wd-vit-tagger-v3 inputs=1
2026-09-17T05:50:12.803416Z DEBUG panoptikon::inferio::http: processing local inference predict model=tags/wd-vit-tagger-v3 inputs=1
2026-09-17T05:50:12.803469Z DEBUG panoptikon::inferio::http: processing local inference predict model=tags/wd-vit-tagger-v3 inputs=1
2026-09-17T05:50:12.803501Z DEBUG panoptikon::inferio::http: processing local inference predict model=tags/wd-vit-tagger-v3 inputs=1
2026-09-17T05:50:12.803533Z DEBUG panoptikon::inferio::http: processing local inference predict model=tags/wd-vit-tagger-v3 inputs=1
2026-09-17T05:50:12.803561Z DEBUG panoptikon::inferio::http: processing local inference predict model=tags/wd-vit-tagger-v3 inputs=1
2026-09-17T05:50:12.803603Z DEBUG panoptikon::inferio::http: processing local inference predict model=tags/wd-vit-tagger-v3 inputs=1
2026-09-17T05:50:12.803654Z DEBUG panoptikon::inferio::http: processing local inference predict model=tags/wd-vit-tagger-v3 inputs=1
2026-09-17T05:50:12.803851Z DEBUG panoptikon::inferio::http: processing local inference predict model=tags/wd-vit-tagger-v3 inputs=1
2026-09-17T05:50:12.803929Z DEBUG panoptikon::inferio::http: processing local inference predict model=tags/wd-vit-tagger-v3 inputs=1
2026-09-17T05:50:12.803963Z DEBUG panoptikon::inferio::http: processing local inference predict model=tags/wd-vit-tagger-v3 inputs=1
2026-09-17T05:50:12.804065Z DEBUG panoptikon::inferio::http: processing local inference predict model=tags/wd-vit-tagger-v3 inputs=1
2026-09-17T05:50:12.804214Z DEBUG panoptikon::inferio::http: processing local inference predict model=tags/wd-vit-tagger-v3 inputs=1
2026-09-17T05:50:12.804335Z DEBUG panoptikon::inferio::http: processing local inference predict model=tags/wd-vit-tagger-v3 inputs=1
2026-09-17T05:50:12.804553Z DEBUG panoptikon::inferio::http: processing local inference predict model=tags/wd-vit-tagger-v3 inputs=1
2026-09-17T05:50:12.804597Z DEBUG panoptikon::inferio::http: processing local inference predict model=tags/wd-vit-tagger-v3 inputs=1
2026-09-17T05:50:12.804626Z DEBUG panoptikon::inferio::http: processing local inference predict model=tags/wd-vit-tagger-v3 inputs=1
2026-09-17T05:50:12.804677Z DEBUG panoptikon::inferio::http: processing local inference predict model=tags/wd-vit-tagger-v3 inputs=1
2026-09-17T05:50:12.804746Z DEBUG panoptikon::inferio::http: processing local inference predict model=tags/wd-vit-tagger-v3 inputs=1
2026-09-17T05:50:12.804922Z DEBUG panoptikon::inferio::http: processing local inference predict model=tags/wd-vit-tagger-v3 inputs=1
2026-09-17T05:50:12.804946Z DEBUG panoptikon::inferio::http: processing local inference predict model=tags/wd-vit-tagger-v3 inputs=1
2026-09-17T05:50:13.913039Z  INFO panoptikon::inferio::worker: 2026-09-17 05:50:13,912 [DEBUG] inferio_worker_impl_0_wd_tagger: Running inference on 7 images worker=wd_tagger
2026-09-17T05:50:15.034920Z  INFO panoptikon::inferio::worker: 2026-09-17 05:50:15,034 [DEBUG] inferio_worker_impl_0_wd_tagger: Running inference on 7 images worker=wd_tagger
2026-09-17T05:50:16.112906Z DEBUG panoptikon::inferio::ledger: settled a granted window model=tags/wd-vit-tagger-v3 gpu=CPU outcome="clean" fit_samples=3 throughput_samples=3 clamped_samples=0 clamped=none ramp_step=3 deflation=0 clean_windows=21 max_units_measured=16
2026-09-17T05:50:16.113001Z DEBUG panoptikon::inferio::ledger: issued a memory grant model=tags/wd-vit-tagger-v3 gpu=CPU unit_budget=7 mb=257 canvas_pixels=none share_mb=96007 room_mb=96007 headroom_mb=95732 external_mb=29875 reserve_mb=1024 reserve_rule="capped_default" pre_fit=false ramp_step=3 deflation=0 squeezed=false window_requests=21
2026-09-17T05:50:16.114293Z DEBUG panoptikon::inferio::http: processing local inference predict model=tags/wd-vit-tagger-v3 inputs=1
2026-09-17T05:50:16.148040Z  INFO panoptikon::inferio::worker: 2026-09-17 05:50:16,147 [DEBUG] inferio_worker_impl_0_wd_tagger: Running inference on 7 images worker=wd_tagger
2026-09-17T05:50:17.274062Z  INFO panoptikon::inferio::worker: 2026-09-17 05:50:17,273 [DEBUG] inferio_worker_impl_0_wd_tagger: Running inference on 7 images worker=wd_tagger
2026-09-17T05:50:18.384971Z  INFO panoptikon::inferio::worker: 2026-09-17 05:50:18,384 [DEBUG] inferio_worker_impl_0_wd_tagger: Running inference on 7 images worker=wd_tagger
2026-09-17T05:50:19.746106Z DEBUG panoptikon::inferio::ledger: settled a granted window model=tags/wd-vit-tagger-v3 gpu=CPU outcome="clean" fit_samples=3 throughput_samples=3 clamped_samples=0 clamped=none ramp_step=3 deflation=0 clean_windows=22 max_units_measured=16
2026-09-17T05:50:19.746179Z DEBUG panoptikon::inferio::ledger: issued a memory grant model=tags/wd-vit-tagger-v3 gpu=CPU unit_budget=7 mb=257 canvas_pixels=none share_mb=96007 room_mb=96007 headroom_mb=95732 external_mb=29851 reserve_mb=1024 reserve_rule="capped_default" pre_fit=false ramp_step=3 deflation=0 squeezed=false window_requests=21
2026-09-17T05:50:19.747487Z DEBUG panoptikon::inferio::http: processing local inference predict model=tags/wd-vit-tagger-v3 inputs=1
2026-09-17T05:50:19.747545Z DEBUG panoptikon::inferio::http: processing local inference predict model=tags/wd-vit-tagger-v3 inputs=1
2026-09-17T05:50:19.747651Z DEBUG panoptikon::inferio::http: processing local inference predict model=tags/wd-vit-tagger-v3 inputs=1
2026-09-17T05:50:19.747717Z DEBUG panoptikon::inferio::http: processing local inference predict model=tags/wd-vit-tagger-v3 inputs=1
2026-09-17T05:50:19.748182Z DEBUG panoptikon::inferio::http: processing local inference predict model=tags/wd-vit-tagger-v3 inputs=1
2026-09-17T05:50:19.748214Z DEBUG panoptikon::inferio::http: processing local inference predict model=tags/wd-vit-tagger-v3 inputs=1
2026-09-17T05:50:19.748256Z DEBUG panoptikon::inferio::http: processing local inference predict model=tags/wd-vit-tagger-v3 inputs=1
2026-09-17T05:50:19.748319Z DEBUG panoptikon::inferio::http: processing local inference predict model=tags/wd-vit-tagger-v3 inputs=1
2026-09-17T05:50:19.748359Z DEBUG panoptikon::inferio::http: processing local inference predict model=tags/wd-vit-tagger-v3 inputs=1
2026-09-17T05:50:19.748546Z DEBUG panoptikon::inferio::http: processing local inference predict model=tags/wd-vit-tagger-v3 inputs=1
2026-09-17T05:50:19.748583Z DEBUG panoptikon::inferio::http: processing local inference predict model=tags/wd-vit-tagger-v3 inputs=1
2026-09-17T05:50:19.748607Z DEBUG panoptikon::inferio::http: processing local inference predict model=tags/wd-vit-tagger-v3 inputs=1
2026-09-17T05:50:19.748652Z DEBUG panoptikon::inferio::http: processing local inference predict model=tags/wd-vit-tagger-v3 inputs=1
2026-09-17T05:50:19.748675Z DEBUG panoptikon::inferio::http: processing local inference predict model=tags/wd-vit-tagger-v3 inputs=1
2026-09-17T05:50:19.748705Z DEBUG panoptikon::inferio::http: processing local inference predict model=tags/wd-vit-tagger-v3 inputs=1
2026-09-17T05:50:19.749567Z  INFO panoptikon::inferio::worker: 2026-09-17 05:50:19,749 [DEBUG] inferio_worker.packing: this window's 257 MiB grant is below 80% of the 534 MiB of releasable slack in the 1325 MiB pool (1/2 consecutive windows before releasing it) worker=wd_tagger
2026-09-17T05:50:19.782620Z  INFO panoptikon::inferio::worker: 2026-09-17 05:50:19,782 [DEBUG] inferio_worker_impl_0_wd_tagger: Running inference on 7 images worker=wd_tagger
2026-09-17T05:50:20.364873Z  INFO panoptikon::inferio::calibration: wrote the local calibration store path=data/inferio/calibration.toml profiles=1
2026-09-17T05:50:21.051757Z  INFO panoptikon::inferio::worker: 2026-09-17 05:50:21,051 [DEBUG] inferio_worker_impl_0_wd_tagger: Running inference on 7 images worker=wd_tagger
2026-09-17T05:50:22.246908Z  INFO panoptikon::inferio::worker: 2026-09-17 05:50:22,246 [DEBUG] inferio_worker_impl_0_wd_tagger: Running inference on 7 images worker=wd_tagger
2026-09-17T05:50:23.368178Z DEBUG panoptikon::inferio::ledger: settled a granted window model=tags/wd-vit-tagger-v3 gpu=CPU outcome="clean" fit_samples=3 throughput_samples=3 clamped_samples=0 clamped=none ramp_step=3 deflation=0 clean_windows=23 max_units_measured=16
2026-09-17T05:50:23.368251Z DEBUG panoptikon::inferio::ledger: issued a memory grant model=tags/wd-vit-tagger-v3 gpu=CPU unit_budget=7 mb=257 canvas_pixels=none share_mb=96007 room_mb=96007 headroom_mb=95732 external_mb=29879 reserve_mb=1024 reserve_rule="capped_default" pre_fit=false ramp_step=3 deflation=0 squeezed=false window_requests=21
2026-09-17T05:50:23.369319Z DEBUG panoptikon::inferio::http: processing local inference predict model=tags/wd-vit-tagger-v3 inputs=1
2026-09-17T05:50:23.369363Z DEBUG panoptikon::inferio::http: processing local inference predict model=tags/wd-vit-tagger-v3 inputs=1
2026-09-17T05:50:23.369762Z DEBUG panoptikon::inferio::http: processing local inference predict model=tags/wd-vit-tagger-v3 inputs=1
2026-09-17T05:50:23.369822Z DEBUG panoptikon::inferio::http: processing local inference predict model=tags/wd-vit-tagger-v3 inputs=1
2026-09-17T05:50:23.369866Z DEBUG panoptikon::inferio::http: processing local inference predict model=tags/wd-vit-tagger-v3 inputs=1
2026-09-17T05:50:23.369949Z DEBUG panoptikon::inferio::http: processing local inference predict model=tags/wd-vit-tagger-v3 inputs=1
2026-09-17T05:50:23.370044Z DEBUG panoptikon::inferio::http: processing local inference predict model=tags/wd-vit-tagger-v3 inputs=1
2026-09-17T05:50:23.370724Z DEBUG panoptikon::inferio::http: processing local inference predict model=tags/wd-vit-tagger-v3 inputs=1
2026-09-17T05:50:23.370825Z DEBUG panoptikon::inferio::http: processing local inference predict model=tags/wd-vit-tagger-v3 inputs=1
2026-09-17T05:50:23.370865Z DEBUG panoptikon::inferio::http: processing local inference predict model=tags/wd-vit-tagger-v3 inputs=1
2026-09-17T05:50:23.370905Z DEBUG panoptikon::inferio::http: processing local inference predict model=tags/wd-vit-tagger-v3 inputs=1
2026-09-17T05:50:23.370952Z DEBUG panoptikon::inferio::http: processing local inference predict model=tags/wd-vit-tagger-v3 inputs=1
2026-09-17T05:50:23.370985Z DEBUG panoptikon::inferio::http: processing local inference predict model=tags/wd-vit-tagger-v3 inputs=1
2026-09-17T05:50:23.371020Z DEBUG panoptikon::inferio::http: processing local inference predict model=tags/wd-vit-tagger-v3 inputs=1
2026-09-17T05:50:23.371109Z DEBUG panoptikon::inferio::http: processing local inference predict model=tags/wd-vit-tagger-v3 inputs=1
2026-09-17T05:50:23.371130Z DEBUG panoptikon::inferio::http: processing local inference predict model=tags/wd-vit-tagger-v3 inputs=1
2026-09-17T05:50:23.371176Z DEBUG panoptikon::inferio::http: processing local inference predict model=tags/wd-vit-tagger-v3 inputs=1
2026-09-17T05:50:23.371209Z DEBUG panoptikon::inferio::http: processing local inference predict model=tags/wd-vit-tagger-v3 inputs=1
2026-09-17T05:50:23.371247Z DEBUG panoptikon::inferio::http: processing local inference predict model=tags/wd-vit-tagger-v3 inputs=1
2026-09-17T05:50:23.371323Z DEBUG panoptikon::inferio::http: processing local inference predict model=tags/wd-vit-tagger-v3 inputs=1
2026-09-17T05:50:23.371425Z DEBUG panoptikon::inferio::http: processing local inference predict model=tags/wd-vit-tagger-v3 inputs=1
2026-09-17T05:50:23.405528Z  INFO panoptikon::inferio::worker: 2026-09-17 05:50:23,405 [DEBUG] inferio_worker_impl_0_wd_tagger: Running inference on 7 images worker=wd_tagger
2026-09-17T05:50:24.534164Z  INFO panoptikon::inferio::worker: 2026-09-17 05:50:24,533 [DEBUG] inferio_worker_impl_0_wd_tagger: Running inference on 7 images worker=wd_tagger
2026-09-17T05:50:25.679212Z  INFO panoptikon::inferio::worker: 2026-09-17 05:50:25,678 [DEBUG] inferio_worker_impl_0_wd_tagger: Running inference on 7 images worker=wd_tagger
2026-09-17T05:50:26.790213Z DEBUG panoptikon::inferio::ledger: settled a granted window model=tags/wd-vit-tagger-v3 gpu=CPU outcome="clean" fit_samples=3 throughput_samples=3 clamped_samples=0 clamped=none ramp_step=3 deflation=0 clean_windows=24 max_units_measured=16
2026-09-17T05:50:26.790283Z DEBUG panoptikon::inferio::ledger: issued a memory grant model=tags/wd-vit-tagger-v3 gpu=CPU unit_budget=7 mb=257 canvas_pixels=none share_mb=96007 room_mb=96007 headroom_mb=95732 external_mb=29984 reserve_mb=1024 reserve_rule="capped_default" pre_fit=false ramp_step=3 deflation=0 squeezed=false window_requests=21
2026-09-17T05:50:26.791662Z DEBUG panoptikon::inferio::http: processing local inference predict model=tags/wd-vit-tagger-v3 inputs=1
2026-09-17T05:50:26.791728Z DEBUG panoptikon::inferio::http: processing local inference predict model=tags/wd-vit-tagger-v3 inputs=1
2026-09-17T05:50:26.791829Z DEBUG panoptikon::inferio::http: processing local inference predict model=tags/wd-vit-tagger-v3 inputs=1
2026-09-17T05:50:26.792163Z DEBUG panoptikon::inferio::http: processing local inference predict model=tags/wd-vit-tagger-v3 inputs=1
2026-09-17T05:50:26.792403Z DEBUG panoptikon::inferio::http: processing local inference predict model=tags/wd-vit-tagger-v3 inputs=1
2026-09-17T05:50:26.792558Z DEBUG panoptikon::inferio::http: processing local inference predict model=tags/wd-vit-tagger-v3 inputs=1
2026-09-17T05:50:26.792605Z DEBUG panoptikon::inferio::http: processing local inference predict model=tags/wd-vit-tagger-v3 inputs=1
2026-09-17T05:50:26.792636Z DEBUG panoptikon::inferio::http: processing local inference predict model=tags/wd-vit-tagger-v3 inputs=1
2026-09-17T05:50:26.792682Z DEBUG panoptikon::inferio::http: processing local inference predict model=tags/wd-vit-tagger-v3 inputs=1
2026-09-17T05:50:26.792840Z DEBUG panoptikon::inferio::http: processing local inference predict model=tags/wd-vit-tagger-v3 inputs=1
2026-09-17T05:50:26.792936Z DEBUG panoptikon::inferio::http: processing local inference predict model=tags/wd-vit-tagger-v3 inputs=1
2026-09-17T05:50:26.793037Z DEBUG panoptikon::inferio::http: processing local inference predict model=tags/wd-vit-tagger-v3 inputs=1
2026-09-17T05:50:26.793102Z DEBUG panoptikon::inferio::http: processing local inference predict model=tags/wd-vit-tagger-v3 inputs=1
2026-09-17T05:50:26.793234Z DEBUG panoptikon::inferio::http: processing local inference predict model=tags/wd-vit-tagger-v3 inputs=1
2026-09-17T05:50:26.793534Z DEBUG panoptikon::inferio::http: processing local inference predict model=tags/wd-vit-tagger-v3 inputs=1
2026-09-17T05:50:26.793571Z DEBUG panoptikon::inferio::http: processing local inference predict model=tags/wd-vit-tagger-v3 inputs=1
2026-09-17T05:50:26.793605Z DEBUG panoptikon::inferio::http: processing local inference predict model=tags/wd-vit-tagger-v3 inputs=1
2026-09-17T05:50:26.793848Z DEBUG panoptikon::inferio::http: processing local inference predict model=tags/wd-vit-tagger-v3 inputs=1
2026-09-17T05:50:26.793903Z DEBUG panoptikon::inferio::http: processing local inference predict model=tags/wd-vit-tagger-v3 inputs=1
2026-09-17T05:50:26.793955Z DEBUG panoptikon::inferio::http: processing local inference predict model=tags/wd-vit-tagger-v3 inputs=1
2026-09-17T05:50:26.794005Z DEBUG panoptikon::inferio::http: processing local inference predict model=tags/wd-vit-tagger-v3 inputs=1
2026-09-17T05:50:26.794196Z  INFO panoptikon::inferio::worker: 2026-09-17 05:50:26,794 [DEBUG] inferio_worker.packing: this window's 257 MiB grant is below 80% of the 534 MiB of releasable slack in the 1325 MiB pool (1/2 consecutive windows before releasing it) worker=wd_tagger
2026-09-17T05:50:26.833191Z  INFO panoptikon::inferio::worker: 2026-09-17 05:50:26,832 [DEBUG] inferio_worker_impl_0_wd_tagger: Running inference on 7 images worker=wd_tagger
2026-09-17T05:50:28.103571Z  INFO panoptikon::inferio::worker: 2026-09-17 05:50:28,103 [DEBUG] inferio_worker_impl_0_wd_tagger: Running inference on 7 images worker=wd_tagger
2026-09-17T05:50:29.252338Z  INFO panoptikon::inferio::worker: 2026-09-17 05:50:29,252 [DEBUG] inferio_worker_impl_0_wd_tagger: Running inference on 7 images worker=wd_tagger
2026-09-17T05:50:30.324800Z DEBUG panoptikon::inferio::ledger: settled a granted window model=tags/wd-vit-tagger-v3 gpu=CPU outcome="clean" fit_samples=3 throughput_samples=3 clamped_samples=0 clamped=none ramp_step=3 deflation=0 clean_windows=25 max_units_measured=16
2026-09-17T05:50:30.324870Z DEBUG panoptikon::inferio::ledger: issued a memory grant model=tags/wd-vit-tagger-v3 gpu=CPU unit_budget=7 mb=257 canvas_pixels=none share_mb=96007 room_mb=96007 headroom_mb=95732 external_mb=30174 reserve_mb=1024 reserve_rule="capped_default" pre_fit=false ramp_step=3 deflation=0 squeezed=false window_requests=21
2026-09-17T05:50:30.325995Z DEBUG panoptikon::inferio::http: processing local inference predict model=tags/wd-vit-tagger-v3 inputs=1
2026-09-17T05:50:30.326386Z DEBUG panoptikon::inferio::http: processing local inference predict model=tags/wd-vit-tagger-v3 inputs=1
2026-09-17T05:50:30.327078Z DEBUG panoptikon::inferio::http: processing local inference predict model=tags/wd-vit-tagger-v3 inputs=1
2026-09-17T05:50:30.327258Z DEBUG panoptikon::inferio::http: processing local inference predict model=tags/wd-vit-tagger-v3 inputs=1
2026-09-17T05:50:30.327285Z DEBUG panoptikon::inferio::http: processing local inference predict model=tags/wd-vit-tagger-v3 inputs=1
2026-09-17T05:50:30.327315Z DEBUG panoptikon::inferio::http: processing local inference predict model=tags/wd-vit-tagger-v3 inputs=1
2026-09-17T05:50:30.327351Z DEBUG panoptikon::inferio::http: processing local inference predict model=tags/wd-vit-tagger-v3 inputs=1
2026-09-17T05:50:30.327733Z DEBUG panoptikon::inferio::http: processing local inference predict model=tags/wd-vit-tagger-v3 inputs=1
2026-09-17T05:50:30.327778Z DEBUG panoptikon::inferio::http: processing local inference predict model=tags/wd-vit-tagger-v3 inputs=1
2026-09-17T05:50:30.327829Z DEBUG panoptikon::inferio::http: processing local inference predict model=tags/wd-vit-tagger-v3 inputs=1
2026-09-17T05:50:30.327869Z DEBUG panoptikon::inferio::http: processing local inference predict model=tags/wd-vit-tagger-v3 inputs=1
2026-09-17T05:50:30.327910Z DEBUG panoptikon::inferio::http: processing local inference predict model=tags/wd-vit-tagger-v3 inputs=1
2026-09-17T05:50:30.327947Z DEBUG panoptikon::inferio::http: processing local inference predict model=tags/wd-vit-tagger-v3 inputs=1
2026-09-17T05:50:30.327993Z DEBUG panoptikon::inferio::http: processing local inference predict model=tags/wd-vit-tagger-v3 inputs=1
2026-09-17T05:50:30.328029Z DEBUG panoptikon::inferio::http: processing local inference predict model=tags/wd-vit-tagger-v3 inputs=1
2026-09-17T05:50:30.328053Z DEBUG panoptikon::inferio::http: processing local inference predict model=tags/wd-vit-tagger-v3 inputs=1
2026-09-17T05:50:30.328103Z DEBUG panoptikon::inferio::http: processing local inference predict model=tags/wd-vit-tagger-v3 inputs=1
2026-09-17T05:50:30.328162Z DEBUG panoptikon::inferio::http: processing local inference predict model=tags/wd-vit-tagger-v3 inputs=1
2026-09-17T05:50:30.328248Z DEBUG panoptikon::inferio::http: processing local inference predict model=tags/wd-vit-tagger-v3 inputs=1
2026-09-17T05:50:30.328340Z DEBUG panoptikon::inferio::http: processing local inference predict model=tags/wd-vit-tagger-v3 inputs=1
2026-09-17T05:50:30.328416Z DEBUG panoptikon::inferio::http: processing local inference predict model=tags/wd-vit-tagger-v3 inputs=1
2026-09-17T05:50:30.360701Z  INFO panoptikon::inferio::worker: 2026-09-17 05:50:30,360 [DEBUG] inferio_worker_impl_0_wd_tagger: Running inference on 7 images worker=wd_tagger
2026-09-17T05:50:31.749613Z  INFO panoptikon::inferio::worker: 2026-09-17 05:50:31,749 [DEBUG] inferio_worker_impl_0_wd_tagger: Running inference on 7 images worker=wd_tagger
2026-09-17T05:50:32.911728Z  INFO panoptikon::inferio::worker: 2026-09-17 05:50:32,911 [DEBUG] inferio_worker_impl_0_wd_tagger: Running inference on 7 images worker=wd_tagger
2026-09-17T05:50:34.032475Z DEBUG panoptikon::inferio::ledger: refitted the memory cost model model=tags/wd-vit-tagger-v3 gpu=CPU slope_mb_per_unit=36.5 intercept_mb=52.5 residual_mb=1.5 samples=7 version=16
2026-09-17T05:50:34.032512Z DEBUG panoptikon::inferio::ledger: queued a calibration profile update for the store model=tags/wd-vit-tagger-v3 gpu=CPU reason="fit_changed" max_units_measured=16 fit_version=16
2026-09-17T05:50:34.032537Z DEBUG panoptikon::inferio::ledger: settled a granted window model=tags/wd-vit-tagger-v3 gpu=CPU outcome="clean" fit_samples=3 throughput_samples=3 clamped_samples=0 clamped=none ramp_step=3 deflation=0 clean_windows=26 max_units_measured=16
2026-09-17T05:50:34.032651Z DEBUG panoptikon::inferio::ledger: issued a memory grant model=tags/wd-vit-tagger-v3 gpu=CPU unit_budget=7 mb=256 canvas_pixels=none share_mb=96007 room_mb=96007 headroom_mb=95732 external_mb=30149 reserve_mb=1024 reserve_rule="capped_default" pre_fit=false ramp_step=3 deflation=0 squeezed=false window_requests=21
2026-09-17T05:50:34.033986Z DEBUG panoptikon::inferio::http: processing local inference predict model=tags/wd-vit-tagger-v3 inputs=1
2026-09-17T05:50:34.034509Z DEBUG panoptikon::inferio::http: processing local inference predict model=tags/wd-vit-tagger-v3 inputs=1
2026-09-17T05:50:34.034546Z DEBUG panoptikon::inferio::http: processing local inference predict model=tags/wd-vit-tagger-v3 inputs=1
2026-09-17T05:50:34.034658Z DEBUG panoptikon::inferio::http: processing local inference predict model=tags/wd-vit-tagger-v3 inputs=1
2026-09-17T05:50:34.034741Z DEBUG panoptikon::inferio::http: processing local inference predict model=tags/wd-vit-tagger-v3 inputs=1
2026-09-17T05:50:34.034774Z DEBUG panoptikon::inferio::http: processing local inference predict model=tags/wd-vit-tagger-v3 inputs=1
2026-09-17T05:50:34.035082Z DEBUG panoptikon::inferio::http: processing local inference predict model=tags/wd-vit-tagger-v3 inputs=1
2026-09-17T05:50:34.035121Z DEBUG panoptikon::inferio::http: processing local inference predict model=tags/wd-vit-tagger-v3 inputs=1
2026-09-17T05:50:34.035387Z DEBUG panoptikon::inferio::http: processing local inference predict model=tags/wd-vit-tagger-v3 inputs=1
2026-09-17T05:50:34.035678Z DEBUG panoptikon::inferio::http: processing local inference predict model=tags/wd-vit-tagger-v3 inputs=1
2026-09-17T05:50:34.035721Z DEBUG panoptikon::inferio::http: processing local inference predict model=tags/wd-vit-tagger-v3 inputs=1
2026-09-17T05:50:34.035758Z DEBUG panoptikon::inferio::http: processing local inference predict model=tags/wd-vit-tagger-v3 inputs=1
2026-09-17T05:50:34.035795Z DEBUG panoptikon::inferio::http: processing local inference predict model=tags/wd-vit-tagger-v3 inputs=1
2026-09-17T05:50:34.035834Z DEBUG panoptikon::inferio::http: processing local inference predict model=tags/wd-vit-tagger-v3 inputs=1
2026-09-17T05:50:34.035872Z DEBUG panoptikon::inferio::http: processing local inference predict model=tags/wd-vit-tagger-v3 inputs=1
2026-09-17T05:50:34.035910Z DEBUG panoptikon::inferio::http: processing local inference predict model=tags/wd-vit-tagger-v3 inputs=1
2026-09-17T05:50:34.036147Z DEBUG panoptikon::inferio::http: processing local inference predict model=tags/wd-vit-tagger-v3 inputs=1
2026-09-17T05:50:34.036185Z DEBUG panoptikon::inferio::http: processing local inference predict model=tags/wd-vit-tagger-v3 inputs=1
2026-09-17T05:50:34.036209Z DEBUG panoptikon::inferio::http: processing local inference predict model=tags/wd-vit-tagger-v3 inputs=1
2026-09-17T05:50:34.036304Z DEBUG panoptikon::inferio::http: processing local inference predict model=tags/wd-vit-tagger-v3 inputs=1
2026-09-17T05:50:34.036355Z DEBUG panoptikon::inferio::http: processing local inference predict model=tags/wd-vit-tagger-v3 inputs=1
2026-09-17T05:50:34.036843Z  INFO panoptikon::inferio::worker: 2026-09-17 05:50:34,036 [DEBUG] inferio_worker.packing: this window's 256 MiB grant is below 80% of the 534 MiB of releasable slack in the 1325 MiB pool (1/2 consecutive windows before releasing it) worker=wd_tagger
2026-09-17T05:50:34.069525Z  INFO panoptikon::inferio::worker: 2026-09-17 05:50:34,069 [DEBUG] inferio_worker_impl_0_wd_tagger: Running inference on 7 images worker=wd_tagger
2026-09-17T05:50:35.470622Z  INFO panoptikon::inferio::worker: 2026-09-17 05:50:35,470 [DEBUG] inferio_worker_impl_0_wd_tagger: Running inference on 7 images worker=wd_tagger
2026-09-17T05:50:36.672307Z  INFO panoptikon::inferio::worker: 2026-09-17 05:50:36,672 [DEBUG] inferio_worker_impl_0_wd_tagger: Running inference on 7 images worker=wd_tagger
2026-09-17T05:50:37.839340Z DEBUG panoptikon::inferio::ledger: refitted the memory cost model model=tags/wd-vit-tagger-v3 gpu=CPU slope_mb_per_unit=36.61538461538461 intercept_mb=50.76923076923083 residual_mb=1.6153846153846416 samples=7 version=17
2026-09-17T05:50:37.839391Z DEBUG panoptikon::inferio::ledger: queued a calibration profile update for the store model=tags/wd-vit-tagger-v3 gpu=CPU reason="fit_changed" max_units_measured=16 fit_version=17
2026-09-17T05:50:37.839423Z DEBUG panoptikon::inferio::ledger: settled a granted window model=tags/wd-vit-tagger-v3 gpu=CPU outcome="clean" fit_samples=3 throughput_samples=3 clamped_samples=0 clamped=none ramp_step=3 deflation=0 clean_windows=27 max_units_measured=16
2026-09-17T05:50:37.839561Z DEBUG panoptikon::inferio::ledger: issued a memory grant model=tags/wd-vit-tagger-v3 gpu=CPU unit_budget=7 mb=257 canvas_pixels=none share_mb=96007 room_mb=96007 headroom_mb=95732 external_mb=30142 reserve_mb=1024 reserve_rule="capped_default" pre_fit=false ramp_step=3 deflation=0 squeezed=false window_requests=21
2026-09-17T05:50:37.840761Z DEBUG panoptikon::inferio::http: processing local inference predict model=tags/wd-vit-tagger-v3 inputs=1
2026-09-17T05:50:37.841340Z DEBUG panoptikon::inferio::http: processing local inference predict model=tags/wd-vit-tagger-v3 inputs=1
2026-09-17T05:50:37.841532Z DEBUG panoptikon::inferio::http: processing local inference predict model=tags/wd-vit-tagger-v3 inputs=1
2026-09-17T05:50:37.841568Z DEBUG panoptikon::inferio::http: processing local inference predict model=tags/wd-vit-tagger-v3 inputs=1
2026-09-17T05:50:37.841599Z DEBUG panoptikon::inferio::http: processing local inference predict model=tags/wd-vit-tagger-v3 inputs=1
2026-09-17T05:50:37.841640Z DEBUG panoptikon::inferio::http: processing local inference predict model=tags/wd-vit-tagger-v3 inputs=1
2026-09-17T05:50:37.841668Z DEBUG panoptikon::inferio::http: processing local inference predict model=tags/wd-vit-tagger-v3 inputs=1
2026-09-17T05:50:37.841810Z DEBUG panoptikon::inferio::http: processing local inference predict model=tags/wd-vit-tagger-v3 inputs=1
2026-09-17T05:50:37.842016Z DEBUG panoptikon::inferio::http: processing local inference predict model=tags/wd-vit-tagger-v3 inputs=1
2026-09-17T05:50:37.842097Z DEBUG panoptikon::inferio::http: processing local inference predict model=tags/wd-vit-tagger-v3 inputs=1
2026-09-17T05:50:37.842590Z DEBUG panoptikon::inferio::http: processing local inference predict model=tags/wd-vit-tagger-v3 inputs=1
2026-09-17T05:50:37.842625Z DEBUG panoptikon::inferio::http: processing local inference predict model=tags/wd-vit-tagger-v3 inputs=1
2026-09-17T05:50:37.842751Z DEBUG panoptikon::inferio::http: processing local inference predict model=tags/wd-vit-tagger-v3 inputs=1
2026-09-17T05:50:37.842806Z DEBUG panoptikon::inferio::http: processing local inference predict model=tags/wd-vit-tagger-v3 inputs=1
2026-09-17T05:50:37.842868Z DEBUG panoptikon::inferio::http: processing local inference predict model=tags/wd-vit-tagger-v3 inputs=1
2026-09-17T05:50:37.842996Z DEBUG panoptikon::inferio::http: processing local inference predict model=tags/wd-vit-tagger-v3 inputs=1
2026-09-17T05:50:37.843214Z DEBUG panoptikon::inferio::http: processing local inference predict model=tags/wd-vit-tagger-v3 inputs=1
2026-09-17T05:50:37.843240Z DEBUG panoptikon::inferio::http: processing local inference predict model=tags/wd-vit-tagger-v3 inputs=1
2026-09-17T05:50:37.843310Z DEBUG panoptikon::inferio::http: processing local inference predict model=tags/wd-vit-tagger-v3 inputs=1
2026-09-17T05:50:37.843354Z DEBUG panoptikon::inferio::http: processing local inference predict model=tags/wd-vit-tagger-v3 inputs=1
2026-09-17T05:50:37.843404Z DEBUG panoptikon::inferio::http: processing local inference predict model=tags/wd-vit-tagger-v3 inputs=1
2026-09-17T05:50:37.876922Z  INFO panoptikon::inferio::worker: 2026-09-17 05:50:37,876 [DEBUG] inferio_worker_impl_0_wd_tagger: Running inference on 7 images worker=wd_tagger
2026-09-17T05:50:39.027760Z  INFO panoptikon::inferio::worker: 2026-09-17 05:50:39,027 [DEBUG] inferio_worker_impl_0_wd_tagger: Running inference on 7 images worker=wd_tagger
2026-09-17T05:50:40.185684Z  INFO panoptikon::inferio::worker: 2026-09-17 05:50:40,185 [DEBUG] inferio_worker_impl_0_wd_tagger: Running inference on 7 images worker=wd_tagger
2026-09-17T05:50:41.365536Z DEBUG panoptikon::inferio::ledger: settled a granted window model=tags/wd-vit-tagger-v3 gpu=CPU outcome="clean" fit_samples=3 throughput_samples=3 clamped_samples=0 clamped=none ramp_step=3 deflation=0 clean_windows=28 max_units_measured=16
2026-09-17T05:50:41.365603Z DEBUG panoptikon::inferio::ledger: issued a memory grant model=tags/wd-vit-tagger-v3 gpu=CPU unit_budget=7 mb=257 canvas_pixels=none share_mb=96007 room_mb=96007 headroom_mb=95732 external_mb=29947 reserve_mb=1024 reserve_rule="capped_default" pre_fit=false ramp_step=3 deflation=0 squeezed=false window_requests=21
2026-09-17T05:50:41.366989Z DEBUG panoptikon::inferio::http: processing local inference predict model=tags/wd-vit-tagger-v3 inputs=1
2026-09-17T05:50:41.367437Z DEBUG panoptikon::inferio::http: processing local inference predict model=tags/wd-vit-tagger-v3 inputs=1
2026-09-17T05:50:41.367476Z DEBUG panoptikon::inferio::http: processing local inference predict model=tags/wd-vit-tagger-v3 inputs=1
2026-09-17T05:50:41.367934Z DEBUG panoptikon::inferio::http: processing local inference predict model=tags/wd-vit-tagger-v3 inputs=1
2026-09-17T05:50:41.367984Z DEBUG panoptikon::inferio::http: processing local inference predict model=tags/wd-vit-tagger-v3 inputs=1
2026-09-17T05:50:41.368026Z DEBUG panoptikon::inferio::http: processing local inference predict model=tags/wd-vit-tagger-v3 inputs=1
2026-09-17T05:50:41.368064Z DEBUG panoptikon::inferio::http: processing local inference predict model=tags/wd-vit-tagger-v3 inputs=1
2026-09-17T05:50:41.368094Z DEBUG panoptikon::inferio::http: processing local inference predict model=tags/wd-vit-tagger-v3 inputs=1
2026-09-17T05:50:41.368137Z DEBUG panoptikon::inferio::http: processing local inference predict model=tags/wd-vit-tagger-v3 inputs=1
2026-09-17T05:50:41.368183Z DEBUG panoptikon::inferio::http: processing local inference predict model=tags/wd-vit-tagger-v3 inputs=1
2026-09-17T05:50:41.368353Z DEBUG panoptikon::inferio::http: processing local inference predict model=tags/wd-vit-tagger-v3 inputs=1
2026-09-17T05:50:41.368505Z DEBUG panoptikon::inferio::http: processing local inference predict model=tags/wd-vit-tagger-v3 inputs=1
2026-09-17T05:50:41.368536Z DEBUG panoptikon::inferio::http: processing local inference predict model=tags/wd-vit-tagger-v3 inputs=1
2026-09-17T05:50:41.369126Z DEBUG panoptikon::inferio::http: processing local inference predict model=tags/wd-vit-tagger-v3 inputs=1
2026-09-17T05:50:41.369163Z DEBUG panoptikon::inferio::http: processing local inference predict model=tags/wd-vit-tagger-v3 inputs=1
2026-09-17T05:50:41.369195Z DEBUG panoptikon::inferio::http: processing local inference predict model=tags/wd-vit-tagger-v3 inputs=1
2026-09-17T05:50:41.369277Z DEBUG panoptikon::inferio::http: processing local inference predict model=tags/wd-vit-tagger-v3 inputs=1
2026-09-17T05:50:41.369365Z DEBUG panoptikon::inferio::http: processing local inference predict model=tags/wd-vit-tagger-v3 inputs=1
2026-09-17T05:50:41.369407Z DEBUG panoptikon::inferio::http: processing local inference predict model=tags/wd-vit-tagger-v3 inputs=1
2026-09-17T05:50:41.369448Z DEBUG panoptikon::inferio::http: processing local inference predict model=tags/wd-vit-tagger-v3 inputs=1
2026-09-17T05:50:41.369479Z DEBUG panoptikon::inferio::http: processing local inference predict model=tags/wd-vit-tagger-v3 inputs=1
2026-09-17T05:50:41.369557Z  INFO panoptikon::inferio::worker: 2026-09-17 05:50:41,369 [DEBUG] inferio_worker.packing: this window's 257 MiB grant is below 80% of the 534 MiB of releasable slack in the 1325 MiB pool (1/2 consecutive windows before releasing it) worker=wd_tagger
2026-09-17T05:50:41.403791Z  INFO panoptikon::inferio::worker: 2026-09-17 05:50:41,403 [DEBUG] inferio_worker_impl_0_wd_tagger: Running inference on 7 images worker=wd_tagger
2026-09-17T05:50:42.713339Z  INFO panoptikon::inferio::worker: 2026-09-17 05:50:42,713 [DEBUG] inferio_worker_impl_0_wd_tagger: Running inference on 7 images worker=wd_tagger
2026-09-17T05:50:43.855208Z  INFO panoptikon::inferio::worker: 2026-09-17 05:50:43,854 [DEBUG] inferio_worker_impl_0_wd_tagger: Running inference on 7 images worker=wd_tagger
2026-09-17T05:50:44.964562Z DEBUG panoptikon::inferio::ledger: settled a granted window model=tags/wd-vit-tagger-v3 gpu=CPU outcome="clean" fit_samples=3 throughput_samples=3 clamped_samples=0 clamped=none ramp_step=3 deflation=0 clean_windows=29 max_units_measured=16
2026-09-17T05:50:44.964723Z DEBUG panoptikon::inferio::ledger: issued a memory grant model=tags/wd-vit-tagger-v3 gpu=CPU unit_budget=7 mb=257 canvas_pixels=none share_mb=96007 room_mb=96007 headroom_mb=95732 external_mb=29906 reserve_mb=1024 reserve_rule="capped_default" pre_fit=false ramp_step=3 deflation=0 squeezed=false window_requests=21
2026-09-17T05:50:44.965782Z DEBUG panoptikon::inferio::http: processing local inference predict model=tags/wd-vit-tagger-v3 inputs=1
2026-09-17T05:50:44.966346Z DEBUG panoptikon::inferio::http: processing local inference predict model=tags/wd-vit-tagger-v3 inputs=1
2026-09-17T05:50:44.966446Z DEBUG panoptikon::inferio::http: processing local inference predict model=tags/wd-vit-tagger-v3 inputs=1
2026-09-17T05:50:44.966479Z DEBUG panoptikon::inferio::http: processing local inference predict model=tags/wd-vit-tagger-v3 inputs=1
2026-09-17T05:50:44.966522Z DEBUG panoptikon::inferio::http: processing local inference predict model=tags/wd-vit-tagger-v3 inputs=1
2026-09-17T05:50:44.966565Z DEBUG panoptikon::inferio::http: processing local inference predict model=tags/wd-vit-tagger-v3 inputs=1
2026-09-17T05:50:44.966745Z DEBUG panoptikon::inferio::http: processing local inference predict model=tags/wd-vit-tagger-v3 inputs=1
2026-09-17T05:50:44.966817Z DEBUG panoptikon::inferio::http: processing local inference predict model=tags/wd-vit-tagger-v3 inputs=1
2026-09-17T05:50:44.966863Z DEBUG panoptikon::inferio::http: processing local inference predict model=tags/wd-vit-tagger-v3 inputs=1
2026-09-17T05:50:44.966937Z DEBUG panoptikon::inferio::http: processing local inference predict model=tags/wd-vit-tagger-v3 inputs=1
2026-09-17T05:50:44.967102Z DEBUG panoptikon::inferio::http: processing local inference predict model=tags/wd-vit-tagger-v3 inputs=1
2026-09-17T05:50:44.967166Z DEBUG panoptikon::inferio::http: processing local inference predict model=tags/wd-vit-tagger-v3 inputs=1
2026-09-17T05:50:44.967526Z DEBUG panoptikon::inferio::http: processing local inference predict model=tags/wd-vit-tagger-v3 inputs=1
2026-09-17T05:50:44.967560Z DEBUG panoptikon::inferio::http: processing local inference predict model=tags/wd-vit-tagger-v3 inputs=1
2026-09-17T05:50:44.967585Z DEBUG panoptikon::inferio::http: processing local inference predict model=tags/wd-vit-tagger-v3 inputs=1
2026-09-17T05:50:44.967861Z DEBUG panoptikon::inferio::http: processing local inference predict model=tags/wd-vit-tagger-v3 inputs=1
2026-09-17T05:50:44.967917Z DEBUG panoptikon::inferio::http: processing local inference predict model=tags/wd-vit-tagger-v3 inputs=1
2026-09-17T05:50:44.967999Z DEBUG panoptikon::inferio::http: processing local inference predict model=tags/wd-vit-tagger-v3 inputs=1
2026-09-17T05:50:44.968072Z DEBUG panoptikon::inferio::http: processing local inference predict model=tags/wd-vit-tagger-v3 inputs=1
2026-09-17T05:50:44.968101Z DEBUG panoptikon::inferio::http: processing local inference predict model=tags/wd-vit-tagger-v3 inputs=1
2026-09-17T05:50:44.968198Z DEBUG panoptikon::inferio::http: processing local inference predict model=tags/wd-vit-tagger-v3 inputs=1
2026-09-17T05:50:45.004231Z  INFO panoptikon::inferio::worker: 2026-09-17 05:50:45,004 [DEBUG] inferio_worker_impl_0_wd_tagger: Running inference on 7 images worker=wd_tagger
2026-09-17T05:50:46.203303Z  INFO panoptikon::inferio::worker: 2026-09-17 05:50:46,203 [DEBUG] inferio_worker_impl_0_wd_tagger: Running inference on 7 images worker=wd_tagger
2026-09-17T05:50:47.347677Z  INFO panoptikon::inferio::worker: 2026-09-17 05:50:47,347 [DEBUG] inferio_worker_impl_0_wd_tagger: Running inference on 7 images worker=wd_tagger
2026-09-17T05:50:48.594570Z DEBUG panoptikon::inferio::ledger: settled a granted window model=tags/wd-vit-tagger-v3 gpu=CPU outcome="clean" fit_samples=3 throughput_samples=3 clamped_samples=0 clamped=none ramp_step=3 deflation=0 clean_windows=30 max_units_measured=16
2026-09-17T05:50:48.594684Z DEBUG panoptikon::inferio::ledger: issued a memory grant model=tags/wd-vit-tagger-v3 gpu=CPU unit_budget=7 mb=257 canvas_pixels=none share_mb=96007 room_mb=96007 headroom_mb=95732 external_mb=29945 reserve_mb=1024 reserve_rule="capped_default" pre_fit=false ramp_step=3 deflation=0 squeezed=false window_requests=21
2026-09-17T05:50:48.595838Z DEBUG panoptikon::inferio::http: processing local inference predict model=tags/wd-vit-tagger-v3 inputs=1
2026-09-17T05:50:48.596197Z DEBUG panoptikon::inferio::http: processing local inference predict model=tags/wd-vit-tagger-v3 inputs=1
2026-09-17T05:50:48.596350Z DEBUG panoptikon::inferio::http: processing local inference predict model=tags/wd-vit-tagger-v3 inputs=1
2026-09-17T05:50:48.596450Z DEBUG panoptikon::inferio::http: processing local inference predict model=tags/wd-vit-tagger-v3 inputs=1
2026-09-17T05:50:48.596751Z DEBUG panoptikon::inferio::http: processing local inference predict model=tags/wd-vit-tagger-v3 inputs=1
2026-09-17T05:50:48.596794Z DEBUG panoptikon::inferio::http: processing local inference predict model=tags/wd-vit-tagger-v3 inputs=1
2026-09-17T05:50:48.596830Z DEBUG panoptikon::inferio::http: processing local inference predict model=tags/wd-vit-tagger-v3 inputs=1
2026-09-17T05:50:48.596966Z DEBUG panoptikon::inferio::http: processing local inference predict model=tags/wd-vit-tagger-v3 inputs=1
2026-09-17T05:50:48.597127Z DEBUG panoptikon::inferio::http: processing local inference predict model=tags/wd-vit-tagger-v3 inputs=1
2026-09-17T05:50:48.597162Z DEBUG panoptikon::inferio::http: processing local inference predict model=tags/wd-vit-tagger-v3 inputs=1
2026-09-17T05:50:48.597360Z DEBUG panoptikon::inferio::http: processing local inference predict model=tags/wd-vit-tagger-v3 inputs=1
2026-09-17T05:50:48.597388Z DEBUG panoptikon::inferio::http: processing local inference predict model=tags/wd-vit-tagger-v3 inputs=1
2026-09-17T05:50:48.597416Z DEBUG panoptikon::inferio::http: processing local inference predict model=tags/wd-vit-tagger-v3 inputs=1
2026-09-17T05:50:48.597532Z DEBUG panoptikon::inferio::http: processing local inference predict model=tags/wd-vit-tagger-v3 inputs=1
2026-09-17T05:50:48.597691Z DEBUG panoptikon::inferio::http: processing local inference predict model=tags/wd-vit-tagger-v3 inputs=1
2026-09-17T05:50:48.597728Z DEBUG panoptikon::inferio::http: processing local inference predict model=tags/wd-vit-tagger-v3 inputs=1
2026-09-17T05:50:48.597754Z DEBUG panoptikon::inferio::http: processing local inference predict model=tags/wd-vit-tagger-v3 inputs=1
2026-09-17T05:50:48.597945Z DEBUG panoptikon::inferio::http: processing local inference predict model=tags/wd-vit-tagger-v3 inputs=1
2026-09-17T05:50:48.598000Z  INFO panoptikon::inferio::worker: 2026-09-17 05:50:48,597 [DEBUG] inferio_worker.packing: this window's 257 MiB grant is below 80% of the 534 MiB of releasable slack in the 1325 MiB pool (1/2 consecutive windows before releasing it) worker=wd_tagger
2026-09-17T05:50:48.598104Z DEBUG panoptikon::inferio::http: processing local inference predict model=tags/wd-vit-tagger-v3 inputs=1
2026-09-17T05:50:48.598222Z DEBUG panoptikon::inferio::http: processing local inference predict model=tags/wd-vit-tagger-v3 inputs=1
2026-09-17T05:50:48.598365Z DEBUG panoptikon::inferio::http: processing local inference predict model=tags/wd-vit-tagger-v3 inputs=1
2026-09-17T05:50:48.633104Z  INFO panoptikon::inferio::worker: 2026-09-17 05:50:48,632 [DEBUG] inferio_worker_impl_0_wd_tagger: Running inference on 7 images worker=wd_tagger
2026-09-17T05:50:49.842031Z  INFO panoptikon::inferio::worker: 2026-09-17 05:50:49,841 [DEBUG] inferio_worker_impl_0_wd_tagger: Running inference on 7 images worker=wd_tagger
2026-09-17T05:50:50.367511Z  INFO panoptikon::inferio::calibration: wrote the local calibration store path=data/inferio/calibration.toml profiles=1
2026-09-17T05:50:51.035578Z  INFO panoptikon::inferio::worker: 2026-09-17 05:50:51,035 [DEBUG] inferio_worker_impl_0_wd_tagger: Running inference on 7 images worker=wd_tagger
2026-09-17T05:50:52.131157Z DEBUG panoptikon::inferio::ledger: declining to fit a throughput knee: this knee last expired and was widened, and the ring has not yet seen enough of the wider size to put it back bucket=2 observed_floor=1 observed_top=4 anchor=16 observations=88
2026-09-17T05:50:52.131194Z  INFO panoptikon::inferio::ledger: this model has run cleanly at its throughput knee for long enough, with memory to spare, that the knee is worth re-testing; widening the cap by one batch-size step. A knee is a brake, not a ceiling: if the curve really does flatten here, the next fit from honest samples puts it back model=tags/wd-vit-tagger-v3 gpu=CPU knee_units_before=7 knee_units_after=15 clean_windows_at_the_knee=12 last_grant_units=7
2026-09-17T05:50:52.131232Z DEBUG panoptikon::inferio::ledger: settled a granted window model=tags/wd-vit-tagger-v3 gpu=CPU outcome="clean" fit_samples=3 throughput_samples=3 clamped_samples=0 clamped=none ramp_step=3 deflation=0 clean_windows=31 max_units_measured=16
2026-09-17T05:50:52.132422Z DEBUG panoptikon::inferio::http: processing local inference predict model=tags/wd-vit-tagger-v3 inputs=1
2026-09-17T05:50:52.132498Z DEBUG panoptikon::inferio::http: processing local inference predict model=tags/wd-vit-tagger-v3 inputs=1
2026-09-17T05:50:52.132558Z DEBUG panoptikon::inferio::ledger: issued a memory grant model=tags/wd-vit-tagger-v3 gpu=CPU unit_budget=15 mb=550 canvas_pixels=none share_mb=96007 room_mb=96007 headroom_mb=95732 external_mb=29882 reserve_mb=1024 reserve_rule="capped_default" pre_fit=false ramp_step=3 deflation=0 squeezed=false window_requests=45
2026-09-17T05:50:52.133030Z DEBUG panoptikon::inferio::http: processing local inference predict model=tags/wd-vit-tagger-v3 inputs=1
2026-09-17T05:50:52.133120Z DEBUG panoptikon::inferio::http: processing local inference predict model=tags/wd-vit-tagger-v3 inputs=1
2026-09-17T05:50:52.133263Z DEBUG panoptikon::inferio::http: processing local inference predict model=tags/wd-vit-tagger-v3 inputs=1
2026-09-17T05:50:52.133370Z DEBUG panoptikon::inferio::http: processing local inference predict model=tags/wd-vit-tagger-v3 inputs=1
2026-09-17T05:50:52.133399Z DEBUG panoptikon::inferio::http: processing local inference predict model=tags/wd-vit-tagger-v3 inputs=1
2026-09-17T05:50:52.133600Z DEBUG panoptikon::inferio::http: processing local inference predict model=tags/wd-vit-tagger-v3 inputs=1
2026-09-17T05:50:52.133834Z DEBUG panoptikon::inferio::http: processing local inference predict model=tags/wd-vit-tagger-v3 inputs=1
2026-09-17T05:50:52.133871Z DEBUG panoptikon::inferio::http: processing local inference predict model=tags/wd-vit-tagger-v3 inputs=1
2026-09-17T05:50:52.133903Z DEBUG panoptikon::inferio::http: processing local inference predict model=tags/wd-vit-tagger-v3 inputs=1
2026-09-17T05:50:52.134165Z DEBUG panoptikon::inferio::http: processing local inference predict model=tags/wd-vit-tagger-v3 inputs=1
2026-09-17T05:50:52.134203Z DEBUG panoptikon::inferio::http: processing local inference predict model=tags/wd-vit-tagger-v3 inputs=1
2026-09-17T05:50:52.134328Z DEBUG panoptikon::inferio::http: processing local inference predict model=tags/wd-vit-tagger-v3 inputs=1
2026-09-17T05:50:52.134479Z DEBUG panoptikon::inferio::http: processing local inference predict model=tags/wd-vit-tagger-v3 inputs=1
2026-09-17T05:50:52.134512Z DEBUG panoptikon::inferio::http: processing local inference predict model=tags/wd-vit-tagger-v3 inputs=1
2026-09-17T05:50:52.134550Z DEBUG panoptikon::inferio::http: processing local inference predict model=tags/wd-vit-tagger-v3 inputs=1
2026-09-17T05:50:52.134925Z DEBUG panoptikon::inferio::http: processing local inference predict model=tags/wd-vit-tagger-v3 inputs=1
2026-09-17T05:50:52.134962Z DEBUG panoptikon::inferio::http: processing local inference predict model=tags/wd-vit-tagger-v3 inputs=1
2026-09-17T05:50:52.134996Z DEBUG panoptikon::inferio::http: processing local inference predict model=tags/wd-vit-tagger-v3 inputs=1
2026-09-17T05:50:52.135035Z DEBUG panoptikon::inferio::http: processing local inference predict model=tags/wd-vit-tagger-v3 inputs=1
2026-09-17T05:50:52.208117Z  INFO panoptikon::inferio::worker: 2026-09-17 05:50:52,207 [DEBUG] inferio_worker_impl_0_wd_tagger: Running inference on 15 images worker=wd_tagger
2026-09-17T05:50:54.361630Z  INFO panoptikon::inferio::worker: 2026-09-17 05:50:54,361 [DEBUG] inferio_worker_impl_0_wd_tagger: Running inference on 15 images worker=wd_tagger
2026-09-17T05:50:56.508390Z  INFO panoptikon::inferio::worker: 2026-09-17 05:50:56,508 [DEBUG] inferio_worker_impl_0_wd_tagger: Running inference on 15 images worker=wd_tagger
2026-09-17T05:50:58.690827Z DEBUG panoptikon::inferio::ledger: refitted the memory cost model model=tags/wd-vit-tagger-v3 gpu=CPU slope_mb_per_unit=36.833333333333336 intercept_mb=50.333333333333314 residual_mb=4.6666666666667425 samples=7 version=18
2026-09-17T05:50:58.690868Z DEBUG panoptikon::inferio::ledger: declining to fit a throughput knee: the plateau is not established above the knee yet: fewer quiet buckets above it than the rule asks for bucket=3 observed_floor=1 observed_top=4 anchor=16 observations=91
2026-09-17T05:50:58.690901Z DEBUG panoptikon::inferio::ledger: queued a calibration profile update for the store model=tags/wd-vit-tagger-v3 gpu=CPU reason="fit_changed" max_units_measured=16 fit_version=18
2026-09-17T05:50:58.690923Z DEBUG panoptikon::inferio::ledger: settled a granted window model=tags/wd-vit-tagger-v3 gpu=CPU outcome="clean" fit_samples=3 throughput_samples=3 clamped_samples=0 clamped=none ramp_step=3 deflation=0 clean_windows=32 max_units_measured=16
2026-09-17T05:50:58.692470Z DEBUG panoptikon::inferio::http: processing local inference predict model=tags/wd-vit-tagger-v3 inputs=1
2026-09-17T05:50:58.692670Z DEBUG panoptikon::inferio::http: processing local inference predict model=tags/wd-vit-tagger-v3 inputs=1
2026-09-17T05:50:58.693115Z DEBUG panoptikon::inferio::http: processing local inference predict model=tags/wd-vit-tagger-v3 inputs=1
2026-09-17T05:50:58.693145Z DEBUG panoptikon::inferio::http: processing local inference predict model=tags/wd-vit-tagger-v3 inputs=1
2026-09-17T05:50:58.693174Z DEBUG panoptikon::inferio::http: processing local inference predict model=tags/wd-vit-tagger-v3 inputs=1
2026-09-17T05:50:58.693211Z DEBUG panoptikon::inferio::http: processing local inference predict model=tags/wd-vit-tagger-v3 inputs=1
2026-09-17T05:50:58.693248Z DEBUG panoptikon::inferio::http: processing local inference predict model=tags/wd-vit-tagger-v3 inputs=1
2026-09-17T05:50:58.693269Z DEBUG panoptikon::inferio::http: processing local inference predict model=tags/wd-vit-tagger-v3 inputs=1
2026-09-17T05:50:58.693304Z DEBUG panoptikon::inferio::http: processing local inference predict model=tags/wd-vit-tagger-v3 inputs=1
2026-09-17T05:50:58.693405Z DEBUG panoptikon::inferio::http: processing local inference predict model=tags/wd-vit-tagger-v3 inputs=1
2026-09-17T05:50:58.693484Z DEBUG panoptikon::inferio::http: processing local inference predict model=tags/wd-vit-tagger-v3 inputs=1
2026-09-17T05:50:58.693559Z DEBUG panoptikon::inferio::http: processing local inference predict model=tags/wd-vit-tagger-v3 inputs=1
2026-09-17T05:50:58.693574Z DEBUG panoptikon::inferio::http: processing local inference predict model=tags/wd-vit-tagger-v3 inputs=1
2026-09-17T05:50:58.693609Z DEBUG panoptikon::inferio::http: processing local inference predict model=tags/wd-vit-tagger-v3 inputs=1
2026-09-17T05:50:58.693636Z DEBUG panoptikon::inferio::http: processing local inference predict model=tags/wd-vit-tagger-v3 inputs=1
2026-09-17T05:50:58.693681Z DEBUG panoptikon::inferio::http: processing local inference predict model=tags/wd-vit-tagger-v3 inputs=1
2026-09-17T05:50:58.693725Z DEBUG panoptikon::inferio::http: processing local inference predict model=tags/wd-vit-tagger-v3 inputs=1
2026-09-17T05:50:58.693992Z DEBUG panoptikon::inferio::http: processing local inference predict model=tags/wd-vit-tagger-v3 inputs=1
2026-09-17T05:50:58.694012Z DEBUG panoptikon::inferio::http: processing local inference predict model=tags/wd-vit-tagger-v3 inputs=1
2026-09-17T05:50:58.694056Z DEBUG panoptikon::inferio::http: processing local inference predict model=tags/wd-vit-tagger-v3 inputs=1
2026-09-17T05:50:58.694314Z DEBUG panoptikon::inferio::http: processing local inference predict model=tags/wd-vit-tagger-v3 inputs=1
2026-09-17T05:50:58.694350Z DEBUG panoptikon::inferio::http: processing local inference predict model=tags/wd-vit-tagger-v3 inputs=1
2026-09-17T05:50:58.694535Z DEBUG panoptikon::inferio::http: processing local inference predict model=tags/wd-vit-tagger-v3 inputs=1
2026-09-17T05:50:58.694702Z DEBUG panoptikon::inferio::http: processing local inference predict model=tags/wd-vit-tagger-v3 inputs=1
2026-09-17T05:50:58.694774Z DEBUG panoptikon::inferio::http: processing local inference predict model=tags/wd-vit-tagger-v3 inputs=1
2026-09-17T05:50:58.695393Z DEBUG panoptikon::inferio::http: processing local inference predict model=tags/wd-vit-tagger-v3 inputs=1
2026-09-17T05:50:58.695419Z DEBUG panoptikon::inferio::http: processing local inference predict model=tags/wd-vit-tagger-v3 inputs=1
2026-09-17T05:50:58.695450Z DEBUG panoptikon::inferio::ledger: issued a memory grant model=tags/wd-vit-tagger-v3 gpu=CPU unit_budget=15 mb=553 canvas_pixels=none share_mb=96007 room_mb=96007 headroom_mb=95732 external_mb=30107 reserve_mb=1024 reserve_rule="capped_default" pre_fit=false ramp_step=3 deflation=0 squeezed=false window_requests=45
2026-09-17T05:50:58.695711Z DEBUG panoptikon::inferio::http: processing local inference predict model=tags/wd-vit-tagger-v3 inputs=1
2026-09-17T05:50:58.695763Z DEBUG panoptikon::inferio::http: processing local inference predict model=tags/wd-vit-tagger-v3 inputs=1
2026-09-17T05:50:58.695799Z DEBUG panoptikon::inferio::http: processing local inference predict model=tags/wd-vit-tagger-v3 inputs=1
2026-09-17T05:50:58.695833Z DEBUG panoptikon::inferio::http: processing local inference predict model=tags/wd-vit-tagger-v3 inputs=1
2026-09-17T05:50:58.695869Z DEBUG panoptikon::inferio::http: processing local inference predict model=tags/wd-vit-tagger-v3 inputs=1
2026-09-17T05:50:58.695901Z DEBUG panoptikon::inferio::http: processing local inference predict model=tags/wd-vit-tagger-v3 inputs=1
2026-09-17T05:50:58.695935Z DEBUG panoptikon::inferio::http: processing local inference predict model=tags/wd-vit-tagger-v3 inputs=1
2026-09-17T05:50:58.695961Z DEBUG panoptikon::inferio::http: processing local inference predict model=tags/wd-vit-tagger-v3 inputs=1
2026-09-17T05:50:58.695990Z DEBUG panoptikon::inferio::http: processing local inference predict model=tags/wd-vit-tagger-v3 inputs=1
2026-09-17T05:50:58.696020Z DEBUG panoptikon::inferio::http: processing local inference predict model=tags/wd-vit-tagger-v3 inputs=1
2026-09-17T05:50:58.696063Z DEBUG panoptikon::inferio::http: processing local inference predict model=tags/wd-vit-tagger-v3 inputs=1
2026-09-17T05:50:58.739024Z DEBUG panoptikon::inferio::http: processing local inference predict model=tags/wd-vit-tagger-v3 inputs=1
2026-09-17T05:50:58.739151Z DEBUG panoptikon::inferio::http: processing local inference predict model=tags/wd-vit-tagger-v3 inputs=1
2026-09-17T05:50:58.739197Z DEBUG panoptikon::inferio::http: processing local inference predict model=tags/wd-vit-tagger-v3 inputs=1
2026-09-17T05:50:58.739232Z DEBUG panoptikon::inferio::http: processing local inference predict model=tags/wd-vit-tagger-v3 inputs=1
2026-09-17T05:50:58.739276Z DEBUG panoptikon::inferio::http: processing local inference predict model=tags/wd-vit-tagger-v3 inputs=1
2026-09-17T05:50:58.739515Z DEBUG panoptikon::inferio::http: processing local inference predict model=tags/wd-vit-tagger-v3 inputs=1
2026-09-17T05:50:58.739551Z DEBUG panoptikon::inferio::http: processing local inference predict model=tags/wd-vit-tagger-v3 inputs=1
2026-09-17T05:50:58.739592Z DEBUG panoptikon::inferio::http: processing local inference predict model=tags/wd-vit-tagger-v3 inputs=1
2026-09-17T05:50:58.739643Z DEBUG panoptikon::inferio::http: processing local inference predict model=tags/wd-vit-tagger-v3 inputs=1
2026-09-17T05:50:58.739686Z DEBUG panoptikon::inferio::http: processing local inference predict model=tags/wd-vit-tagger-v3 inputs=1
2026-09-17T05:50:58.739710Z DEBUG panoptikon::inferio::http: processing local inference predict model=tags/wd-vit-tagger-v3 inputs=1
2026-09-17T05:50:58.739759Z DEBUG panoptikon::inferio::http: processing local inference predict model=tags/wd-vit-tagger-v3 inputs=1
2026-09-17T05:50:58.739851Z DEBUG panoptikon::inferio::http: processing local inference predict model=tags/wd-vit-tagger-v3 inputs=1
2026-09-17T05:50:58.739889Z DEBUG panoptikon::inferio::http: processing local inference predict model=tags/wd-vit-tagger-v3 inputs=1
2026-09-17T05:50:58.739929Z DEBUG panoptikon::inferio::http: processing local inference predict model=tags/wd-vit-tagger-v3 inputs=1
2026-09-17T05:50:58.740012Z DEBUG panoptikon::inferio::http: processing local inference predict model=tags/wd-vit-tagger-v3 inputs=1
2026-09-17T05:50:58.740126Z DEBUG panoptikon::inferio::http: processing local inference predict model=tags/wd-vit-tagger-v3 inputs=1
2026-09-17T05:50:58.740244Z DEBUG panoptikon::inferio::http: processing local inference predict model=tags/wd-vit-tagger-v3 inputs=1
2026-09-17T05:50:58.740310Z DEBUG panoptikon::inferio::http: processing local inference predict model=tags/wd-vit-tagger-v3 inputs=1
2026-09-17T05:50:58.740883Z DEBUG panoptikon::inferio::http: processing local inference predict model=tags/wd-vit-tagger-v3 inputs=1
2026-09-17T05:50:58.740915Z DEBUG panoptikon::inferio::http: processing local inference predict model=tags/wd-vit-tagger-v3 inputs=1
2026-09-17T05:50:58.740951Z DEBUG panoptikon::inferio::http: processing local inference predict model=tags/wd-vit-tagger-v3 inputs=1
2026-09-17T05:50:58.740995Z DEBUG panoptikon::inferio::http: processing local inference predict model=tags/wd-vit-tagger-v3 inputs=1
2026-09-17T05:50:58.741374Z DEBUG panoptikon::inferio::http: processing local inference predict model=tags/wd-vit-tagger-v3 inputs=1
2026-09-17T05:50:58.741416Z DEBUG panoptikon::inferio::http: processing local inference predict model=tags/wd-vit-tagger-v3 inputs=1
2026-09-17T05:50:58.741455Z DEBUG panoptikon::inferio::http: processing local inference predict model=tags/wd-vit-tagger-v3 inputs=1
2026-09-17T05:50:58.741488Z DEBUG panoptikon::inferio::http: processing local inference predict model=tags/wd-vit-tagger-v3 inputs=1
2026-09-17T05:50:58.741525Z DEBUG panoptikon::inferio::http: processing local inference predict model=tags/wd-vit-tagger-v3 inputs=1
2026-09-17T05:50:58.741567Z DEBUG panoptikon::inferio::http: processing local inference predict model=tags/wd-vit-tagger-v3 inputs=1
2026-09-17T05:50:58.741633Z DEBUG panoptikon::inferio::http: processing local inference predict model=tags/wd-vit-tagger-v3 inputs=1
2026-09-17T05:50:58.741890Z DEBUG panoptikon::inferio::http: processing local inference predict model=tags/wd-vit-tagger-v3 inputs=1
2026-09-17T05:50:58.741929Z DEBUG panoptikon::inferio::http: processing local inference predict model=tags/wd-vit-tagger-v3 inputs=1
2026-09-17T05:50:58.741962Z DEBUG panoptikon::inferio::http: processing local inference predict model=tags/wd-vit-tagger-v3 inputs=1
2026-09-17T05:50:58.770962Z  INFO panoptikon::inferio::worker: 2026-09-17 05:50:58,770 [DEBUG] inferio_worker_impl_0_wd_tagger: Running inference on 15 images worker=wd_tagger
2026-09-17T05:51:01.417609Z  INFO panoptikon::inferio::worker: 2026-09-17 05:51:01,417 [DEBUG] inferio_worker_impl_0_wd_tagger: Running inference on 15 images worker=wd_tagger
2026-09-17T05:51:03.625277Z  INFO panoptikon::inferio::worker: 2026-09-17 05:51:03,624 [DEBUG] inferio_worker_impl_0_wd_tagger: Running inference on 15 images worker=wd_tagger
2026-09-17T05:51:05.705681Z DEBUG panoptikon::inferio::ledger: refitted the memory cost model model=tags/wd-vit-tagger-v3 gpu=CPU slope_mb_per_unit=36.69230769230769 intercept_mb=50.61538461538464 residual_mb=2.6153846153845848 samples=7 version=19
2026-09-17T05:51:05.705723Z DEBUG panoptikon::inferio::ledger: declining to fit a throughput knee: the plateau is not established above the knee yet: fewer quiet buckets above it than the rule asks for bucket=3 observed_floor=1 observed_top=4 anchor=16 observations=94
2026-09-17T05:51:05.705741Z DEBUG panoptikon::inferio::ledger: queued a calibration profile update for the store model=tags/wd-vit-tagger-v3 gpu=CPU reason="fit_changed" max_units_measured=16 fit_version=19
2026-09-17T05:51:05.705763Z DEBUG panoptikon::inferio::ledger: settled a granted window model=tags/wd-vit-tagger-v3 gpu=CPU outcome="clean" fit_samples=3 throughput_samples=3 clamped_samples=0 clamped=none ramp_step=3 deflation=0 clean_windows=33 max_units_measured=16
2026-09-17T05:51:05.705837Z DEBUG panoptikon::inferio::ledger: issued a memory grant model=tags/wd-vit-tagger-v3 gpu=CPU unit_budget=15 mb=551 canvas_pixels=none share_mb=96007 room_mb=96007 headroom_mb=95732 external_mb=29884 reserve_mb=1024 reserve_rule="capped_default" pre_fit=false ramp_step=3 deflation=0 squeezed=false window_requests=45
2026-09-17T05:51:05.707236Z DEBUG panoptikon::inferio::http: processing local inference predict model=tags/wd-vit-tagger-v3 inputs=1
2026-09-17T05:51:05.707418Z DEBUG panoptikon::inferio::http: processing local inference predict model=tags/wd-vit-tagger-v3 inputs=1
2026-09-17T05:51:05.707985Z DEBUG panoptikon::inferio::http: processing local inference predict model=tags/wd-vit-tagger-v3 inputs=1
2026-09-17T05:51:05.708098Z DEBUG panoptikon::inferio::http: processing local inference predict model=tags/wd-vit-tagger-v3 inputs=1
2026-09-17T05:51:05.708155Z DEBUG panoptikon::inferio::http: processing local inference predict model=tags/wd-vit-tagger-v3 inputs=1
2026-09-17T05:51:05.708202Z DEBUG panoptikon::inferio::http: processing local inference predict model=tags/wd-vit-tagger-v3 inputs=1
2026-09-17T05:51:05.708268Z DEBUG panoptikon::inferio::http: processing local inference predict model=tags/wd-vit-tagger-v3 inputs=1
2026-09-17T05:51:05.708451Z DEBUG panoptikon::inferio::http: processing local inference predict model=tags/wd-vit-tagger-v3 inputs=1
2026-09-17T05:51:05.708493Z DEBUG panoptikon::inferio::http: processing local inference predict model=tags/wd-vit-tagger-v3 inputs=1
2026-09-17T05:51:05.708525Z DEBUG panoptikon::inferio::http: processing local inference predict model=tags/wd-vit-tagger-v3 inputs=1
2026-09-17T05:51:05.708658Z DEBUG panoptikon::inferio::http: processing local inference predict model=tags/wd-vit-tagger-v3 inputs=1
2026-09-17T05:51:05.708708Z DEBUG panoptikon::inferio::http: processing local inference predict model=tags/wd-vit-tagger-v3 inputs=1
2026-09-17T05:51:05.708737Z DEBUG panoptikon::inferio::http: processing local inference predict model=tags/wd-vit-tagger-v3 inputs=1
2026-09-17T05:51:05.708779Z DEBUG panoptikon::inferio::http: processing local inference predict model=tags/wd-vit-tagger-v3 inputs=1
2026-09-17T05:51:05.708828Z DEBUG panoptikon::inferio::http: processing local inference predict model=tags/wd-vit-tagger-v3 inputs=1
2026-09-17T05:51:05.708875Z DEBUG panoptikon::inferio::http: processing local inference predict model=tags/wd-vit-tagger-v3 inputs=1
2026-09-17T05:51:05.708909Z DEBUG panoptikon::inferio::http: processing local inference predict model=tags/wd-vit-tagger-v3 inputs=1
2026-09-17T05:51:05.709097Z DEBUG panoptikon::inferio::http: processing local inference predict model=tags/wd-vit-tagger-v3 inputs=1
2026-09-17T05:51:05.709190Z DEBUG panoptikon::inferio::http: processing local inference predict model=tags/wd-vit-tagger-v3 inputs=1
2026-09-17T05:51:05.709222Z DEBUG panoptikon::inferio::http: processing local inference predict model=tags/wd-vit-tagger-v3 inputs=1
2026-09-17T05:51:05.709249Z DEBUG panoptikon::inferio::http: processing local inference predict model=tags/wd-vit-tagger-v3 inputs=1
2026-09-17T05:51:05.709284Z DEBUG panoptikon::inferio::http: processing local inference predict model=tags/wd-vit-tagger-v3 inputs=1
2026-09-17T05:51:05.709327Z DEBUG panoptikon::inferio::http: processing local inference predict model=tags/wd-vit-tagger-v3 inputs=1
2026-09-17T05:51:05.709354Z DEBUG panoptikon::inferio::http: processing local inference predict model=tags/wd-vit-tagger-v3 inputs=1
2026-09-17T05:51:05.709406Z DEBUG panoptikon::inferio::http: processing local inference predict model=tags/wd-vit-tagger-v3 inputs=1
2026-09-17T05:51:05.709543Z DEBUG panoptikon::inferio::http: processing local inference predict model=tags/wd-vit-tagger-v3 inputs=1
2026-09-17T05:51:05.709725Z DEBUG panoptikon::inferio::http: processing local inference predict model=tags/wd-vit-tagger-v3 inputs=1
2026-09-17T05:51:05.709773Z DEBUG panoptikon::inferio::http: processing local inference predict model=tags/wd-vit-tagger-v3 inputs=1
2026-09-17T05:51:05.709817Z DEBUG panoptikon::inferio::http: processing local inference predict model=tags/wd-vit-tagger-v3 inputs=1
2026-09-17T05:51:05.709881Z DEBUG panoptikon::inferio::http: processing local inference predict model=tags/wd-vit-tagger-v3 inputs=1
2026-09-17T05:51:05.709923Z DEBUG panoptikon::inferio::http: processing local inference predict model=tags/wd-vit-tagger-v3 inputs=1
2026-09-17T05:51:05.710010Z DEBUG panoptikon::inferio::http: processing local inference predict model=tags/wd-vit-tagger-v3 inputs=1
2026-09-17T05:51:05.710164Z DEBUG panoptikon::inferio::http: processing local inference predict model=tags/wd-vit-tagger-v3 inputs=1
2026-09-17T05:51:05.710200Z DEBUG panoptikon::inferio::http: processing local inference predict model=tags/wd-vit-tagger-v3 inputs=1
2026-09-17T05:51:05.710241Z DEBUG panoptikon::inferio::http: processing local inference predict model=tags/wd-vit-tagger-v3 inputs=1
2026-09-17T05:51:05.710269Z DEBUG panoptikon::inferio::http: processing local inference predict model=tags/wd-vit-tagger-v3 inputs=1
2026-09-17T05:51:05.710436Z DEBUG panoptikon::inferio::http: processing local inference predict model=tags/wd-vit-tagger-v3 inputs=1
2026-09-17T05:51:05.710476Z DEBUG panoptikon::inferio::http: processing local inference predict model=tags/wd-vit-tagger-v3 inputs=1
2026-09-17T05:51:05.710511Z DEBUG panoptikon::inferio::http: processing local inference predict model=tags/wd-vit-tagger-v3 inputs=1
2026-09-17T05:51:05.710536Z DEBUG panoptikon::inferio::http: processing local inference predict model=tags/wd-vit-tagger-v3 inputs=1
2026-09-17T05:51:05.710695Z DEBUG panoptikon::inferio::http: processing local inference predict model=tags/wd-vit-tagger-v3 inputs=1
2026-09-17T05:51:05.710811Z DEBUG panoptikon::inferio::http: processing local inference predict model=tags/wd-vit-tagger-v3 inputs=1
2026-09-17T05:51:05.710856Z DEBUG panoptikon::inferio::http: processing local inference predict model=tags/wd-vit-tagger-v3 inputs=1
2026-09-17T05:51:05.710888Z DEBUG panoptikon::inferio::http: processing local inference predict model=tags/wd-vit-tagger-v3 inputs=1
2026-09-17T05:51:05.710912Z DEBUG panoptikon::inferio::http: processing local inference predict model=tags/wd-vit-tagger-v3 inputs=1
2026-09-17T05:51:05.791193Z  INFO panoptikon::inferio::worker: 2026-09-17 05:51:05,790 [DEBUG] inferio_worker_impl_0_wd_tagger: Running inference on 15 images worker=wd_tagger
2026-09-17T05:51:07.979305Z  INFO panoptikon::inferio::worker: 2026-09-17 05:51:07,979 [DEBUG] inferio_worker_impl_0_wd_tagger: Running inference on 15 images worker=wd_tagger
2026-09-17T05:51:10.137450Z  INFO panoptikon::inferio::worker: 2026-09-17 05:51:10,137 [DEBUG] inferio_worker_impl_0_wd_tagger: Running inference on 15 images worker=wd_tagger
2026-09-17T05:51:12.221968Z DEBUG panoptikon::inferio::ledger: refitted the memory cost model model=tags/wd-vit-tagger-v3 gpu=CPU slope_mb_per_unit=36.61538461538461 intercept_mb=50.76923076923083 residual_mb=1.6153846153846416 samples=7 version=20
2026-09-17T05:51:12.222021Z DEBUG panoptikon::inferio::ledger: declining to fit a throughput knee: the plateau is not established above the knee yet: fewer quiet buckets above it than the rule asks for bucket=3 observed_floor=1 observed_top=4 anchor=16 observations=97
2026-09-17T05:51:12.222049Z DEBUG panoptikon::inferio::ledger: queued a calibration profile update for the store model=tags/wd-vit-tagger-v3 gpu=CPU reason="fit_changed" max_units_measured=16 fit_version=20
2026-09-17T05:51:12.222110Z DEBUG panoptikon::inferio::ledger: settled a granted window model=tags/wd-vit-tagger-v3 gpu=CPU outcome="clean" fit_samples=3 throughput_samples=3 clamped_samples=0 clamped=none ramp_step=3 deflation=0 clean_windows=34 max_units_measured=16
2026-09-17T05:51:12.222200Z DEBUG panoptikon::inferio::ledger: issued a memory grant model=tags/wd-vit-tagger-v3 gpu=CPU unit_budget=15 mb=550 canvas_pixels=none share_mb=96007 room_mb=96007 headroom_mb=95732 external_mb=29827 reserve_mb=1024 reserve_rule="capped_default" pre_fit=false ramp_step=3 deflation=0 squeezed=false window_requests=45
2026-09-17T05:51:12.223273Z DEBUG panoptikon::inferio::http: processing local inference predict model=tags/wd-vit-tagger-v3 inputs=1
2026-09-17T05:51:12.223415Z DEBUG panoptikon::inferio::http: processing local inference predict model=tags/wd-vit-tagger-v3 inputs=1
2026-09-17T05:51:12.223486Z DEBUG panoptikon::inferio::http: processing local inference predict model=tags/wd-vit-tagger-v3 inputs=1
2026-09-17T05:51:12.223829Z DEBUG panoptikon::inferio::http: processing local inference predict model=tags/wd-vit-tagger-v3 inputs=1
2026-09-17T05:51:12.223904Z DEBUG panoptikon::inferio::http: processing local inference predict model=tags/wd-vit-tagger-v3 inputs=1
2026-09-17T05:51:12.224357Z DEBUG panoptikon::inferio::http: processing local inference predict model=tags/wd-vit-tagger-v3 inputs=1
2026-09-17T05:51:12.224410Z DEBUG panoptikon::inferio::http: processing local inference predict model=tags/wd-vit-tagger-v3 inputs=1
2026-09-17T05:51:12.224445Z DEBUG panoptikon::inferio::http: processing local inference predict model=tags/wd-vit-tagger-v3 inputs=1
2026-09-17T05:51:12.224601Z DEBUG panoptikon::inferio::http: processing local inference predict model=tags/wd-vit-tagger-v3 inputs=1
2026-09-17T05:51:12.224667Z DEBUG panoptikon::inferio::http: processing local inference predict model=tags/wd-vit-tagger-v3 inputs=1
2026-09-17T05:51:12.224924Z DEBUG panoptikon::inferio::http: processing local inference predict model=tags/wd-vit-tagger-v3 inputs=1
2026-09-17T05:51:12.224984Z DEBUG panoptikon::inferio::http: processing local inference predict model=tags/wd-vit-tagger-v3 inputs=1
2026-09-17T05:51:12.225018Z DEBUG panoptikon::inferio::http: processing local inference predict model=tags/wd-vit-tagger-v3 inputs=1
2026-09-17T05:51:12.225069Z DEBUG panoptikon::inferio::http: processing local inference predict model=tags/wd-vit-tagger-v3 inputs=1
2026-09-17T05:51:12.225184Z DEBUG panoptikon::inferio::http: processing local inference predict model=tags/wd-vit-tagger-v3 inputs=1
2026-09-17T05:51:12.225232Z DEBUG panoptikon::inferio::http: processing local inference predict model=tags/wd-vit-tagger-v3 inputs=1
2026-09-17T05:51:12.225343Z DEBUG panoptikon::inferio::http: processing local inference predict model=tags/wd-vit-tagger-v3 inputs=1
2026-09-17T05:51:12.225385Z DEBUG panoptikon::inferio::http: processing local inference predict model=tags/wd-vit-tagger-v3 inputs=1
2026-09-17T05:51:12.225449Z DEBUG panoptikon::inferio::http: processing local inference predict model=tags/wd-vit-tagger-v3 inputs=1
2026-09-17T05:51:12.225488Z DEBUG panoptikon::inferio::http: processing local inference predict model=tags/wd-vit-tagger-v3 inputs=1
2026-09-17T05:51:12.225513Z DEBUG panoptikon::inferio::http: processing local inference predict model=tags/wd-vit-tagger-v3 inputs=1
2026-09-17T05:51:12.225556Z DEBUG panoptikon::inferio::http: processing local inference predict model=tags/wd-vit-tagger-v3 inputs=1
2026-09-17T05:51:12.225785Z DEBUG panoptikon::inferio::http: processing local inference predict model=tags/wd-vit-tagger-v3 inputs=1
2026-09-17T05:51:12.225824Z DEBUG panoptikon::inferio::http: processing local inference predict model=tags/wd-vit-tagger-v3 inputs=1
2026-09-17T05:51:12.225857Z DEBUG panoptikon::inferio::http: processing local inference predict model=tags/wd-vit-tagger-v3 inputs=1
2026-09-17T05:51:12.225886Z DEBUG panoptikon::inferio::http: processing local inference predict model=tags/wd-vit-tagger-v3 inputs=1
2026-09-17T05:51:12.225943Z DEBUG panoptikon::inferio::http: processing local inference predict model=tags/wd-vit-tagger-v3 inputs=1
2026-09-17T05:51:12.226004Z DEBUG panoptikon::inferio::http: processing local inference predict model=tags/wd-vit-tagger-v3 inputs=1
2026-09-17T05:51:12.226053Z DEBUG panoptikon::inferio::http: processing local inference predict model=tags/wd-vit-tagger-v3 inputs=1
2026-09-17T05:51:12.226093Z DEBUG panoptikon::inferio::http: processing local inference predict model=tags/wd-vit-tagger-v3 inputs=1
2026-09-17T05:51:12.226291Z DEBUG panoptikon::inferio::http: processing local inference predict model=tags/wd-vit-tagger-v3 inputs=1
2026-09-17T05:51:12.226331Z DEBUG panoptikon::inferio::http: processing local inference predict model=tags/wd-vit-tagger-v3 inputs=1
2026-09-17T05:51:12.226375Z DEBUG panoptikon::inferio::http: processing local inference predict model=tags/wd-vit-tagger-v3 inputs=1
2026-09-17T05:51:12.226429Z DEBUG panoptikon::inferio::http: processing local inference predict model=tags/wd-vit-tagger-v3 inputs=1
2026-09-17T05:51:12.226463Z DEBUG panoptikon::inferio::http: processing local inference predict model=tags/wd-vit-tagger-v3 inputs=1
2026-09-17T05:51:12.226495Z DEBUG panoptikon::inferio::http: processing local inference predict model=tags/wd-vit-tagger-v3 inputs=1
2026-09-17T05:51:12.226527Z DEBUG panoptikon::inferio::http: processing local inference predict model=tags/wd-vit-tagger-v3 inputs=1
2026-09-17T05:51:12.226668Z DEBUG panoptikon::inferio::http: processing local inference predict model=tags/wd-vit-tagger-v3 inputs=1
2026-09-17T05:51:12.226699Z DEBUG panoptikon::inferio::http: processing local inference predict model=tags/wd-vit-tagger-v3 inputs=1
2026-09-17T05:51:12.226738Z DEBUG panoptikon::inferio::http: processing local inference predict model=tags/wd-vit-tagger-v3 inputs=1
2026-09-17T05:51:12.226764Z DEBUG panoptikon::inferio::http: processing local inference predict model=tags/wd-vit-tagger-v3 inputs=1
2026-09-17T05:51:12.226806Z DEBUG panoptikon::inferio::http: processing local inference predict model=tags/wd-vit-tagger-v3 inputs=1
2026-09-17T05:51:12.226843Z DEBUG panoptikon::inferio::http: processing local inference predict model=tags/wd-vit-tagger-v3 inputs=1
2026-09-17T05:51:12.226871Z DEBUG panoptikon::inferio::http: processing local inference predict model=tags/wd-vit-tagger-v3 inputs=1
2026-09-17T05:51:12.226906Z DEBUG panoptikon::inferio::http: processing local inference predict model=tags/wd-vit-tagger-v3 inputs=1
2026-09-17T05:51:12.298071Z  INFO panoptikon::inferio::worker: 2026-09-17 05:51:12,297 [DEBUG] inferio_worker_impl_0_wd_tagger: Running inference on 15 images worker=wd_tagger
2026-09-17T05:51:14.463484Z  INFO panoptikon::inferio::worker: 2026-09-17 05:51:14,463 [DEBUG] inferio_worker_impl_0_wd_tagger: Running inference on 15 images worker=wd_tagger
2026-09-17T05:51:16.624616Z  INFO panoptikon::inferio::worker: 2026-09-17 05:51:16,624 [DEBUG] inferio_worker_impl_0_wd_tagger: Running inference on 15 images worker=wd_tagger
2026-09-17T05:51:18.709557Z DEBUG panoptikon::inferio::ledger: refitted the memory cost model model=tags/wd-vit-tagger-v3 gpu=CPU slope_mb_per_unit=36.69230769230769 intercept_mb=50.61538461538464 residual_mb=2.6153846153845848 samples=7 version=21
2026-09-17T05:51:18.709599Z DEBUG panoptikon::inferio::ledger: declining to fit a throughput knee: the plateau is not established above the knee yet: fewer quiet buckets above it than the rule asks for bucket=3 observed_floor=1 observed_top=4 anchor=16 observations=100
2026-09-17T05:51:18.709619Z DEBUG panoptikon::inferio::ledger: queued a calibration profile update for the store model=tags/wd-vit-tagger-v3 gpu=CPU reason="fit_changed" max_units_measured=16 fit_version=21
2026-09-17T05:51:18.709684Z DEBUG panoptikon::inferio::ledger: settled a granted window model=tags/wd-vit-tagger-v3 gpu=CPU outcome="clean" fit_samples=3 throughput_samples=3 clamped_samples=0 clamped=none ramp_step=3 deflation=0 clean_windows=35 max_units_measured=16
2026-09-17T05:51:18.709824Z DEBUG panoptikon::inferio::ledger: issued a memory grant model=tags/wd-vit-tagger-v3 gpu=CPU unit_budget=15 mb=551 canvas_pixels=none share_mb=96007 room_mb=96007 headroom_mb=95732 external_mb=29806 reserve_mb=1024 reserve_rule="capped_default" pre_fit=false ramp_step=3 deflation=0 squeezed=false window_requests=45
2026-09-17T05:51:18.711654Z DEBUG panoptikon::inferio::http: processing local inference predict model=tags/wd-vit-tagger-v3 inputs=1
2026-09-17T05:51:18.711815Z DEBUG panoptikon::inferio::http: processing local inference predict model=tags/wd-vit-tagger-v3 inputs=1
2026-09-17T05:51:18.712127Z DEBUG panoptikon::inferio::http: processing local inference predict model=tags/wd-vit-tagger-v3 inputs=1
2026-09-17T05:51:18.712241Z DEBUG panoptikon::inferio::http: processing local inference predict model=tags/wd-vit-tagger-v3 inputs=1
2026-09-17T05:51:18.712629Z DEBUG panoptikon::inferio::http: processing local inference predict model=tags/wd-vit-tagger-v3 inputs=1
2026-09-17T05:51:18.712680Z DEBUG panoptikon::inferio::http: processing local inference predict model=tags/wd-vit-tagger-v3 inputs=1
2026-09-17T05:51:18.712730Z DEBUG panoptikon::inferio::http: processing local inference predict model=tags/wd-vit-tagger-v3 inputs=1
2026-09-17T05:51:18.712768Z DEBUG panoptikon::inferio::http: processing local inference predict model=tags/wd-vit-tagger-v3 inputs=1
2026-09-17T05:51:18.712837Z DEBUG panoptikon::inferio::http: processing local inference predict model=tags/wd-vit-tagger-v3 inputs=1
2026-09-17T05:51:18.712885Z DEBUG panoptikon::inferio::http: processing local inference predict model=tags/wd-vit-tagger-v3 inputs=1
2026-09-17T05:51:18.712929Z DEBUG panoptikon::inferio::http: processing local inference predict model=tags/wd-vit-tagger-v3 inputs=1
2026-09-17T05:51:18.712967Z DEBUG panoptikon::inferio::http: processing local inference predict model=tags/wd-vit-tagger-v3 inputs=1
2026-09-17T05:51:18.713004Z DEBUG panoptikon::inferio::http: processing local inference predict model=tags/wd-vit-tagger-v3 inputs=1
2026-09-17T05:51:18.713054Z DEBUG panoptikon::inferio::http: processing local inference predict model=tags/wd-vit-tagger-v3 inputs=1
2026-09-17T05:51:18.713088Z DEBUG panoptikon::inferio::http: processing local inference predict model=tags/wd-vit-tagger-v3 inputs=1
2026-09-17T05:51:18.713139Z DEBUG panoptikon::inferio::http: processing local inference predict model=tags/wd-vit-tagger-v3 inputs=1
2026-09-17T05:51:18.713167Z DEBUG panoptikon::inferio::http: processing local inference predict model=tags/wd-vit-tagger-v3 inputs=1
2026-09-17T05:51:18.713269Z DEBUG panoptikon::inferio::http: processing local inference predict model=tags/wd-vit-tagger-v3 inputs=1
2026-09-17T05:51:18.713322Z DEBUG panoptikon::inferio::http: processing local inference predict model=tags/wd-vit-tagger-v3 inputs=1
2026-09-17T05:51:18.713470Z DEBUG panoptikon::inferio::http: processing local inference predict model=tags/wd-vit-tagger-v3 inputs=1
2026-09-17T05:51:18.713514Z DEBUG panoptikon::inferio::http: processing local inference predict model=tags/wd-vit-tagger-v3 inputs=1
2026-09-17T05:51:18.713580Z DEBUG panoptikon::inferio::http: processing local inference predict model=tags/wd-vit-tagger-v3 inputs=1
2026-09-17T05:51:18.713617Z DEBUG panoptikon::inferio::http: processing local inference predict model=tags/wd-vit-tagger-v3 inputs=1
2026-09-17T05:51:18.713681Z DEBUG panoptikon::inferio::http: processing local inference predict model=tags/wd-vit-tagger-v3 inputs=1
2026-09-17T05:51:18.713906Z DEBUG panoptikon::inferio::http: processing local inference predict model=tags/wd-vit-tagger-v3 inputs=1
2026-09-17T05:51:18.713988Z DEBUG panoptikon::inferio::http: processing local inference predict model=tags/wd-vit-tagger-v3 inputs=1
2026-09-17T05:51:18.714068Z DEBUG panoptikon::inferio::http: processing local inference predict model=tags/wd-vit-tagger-v3 inputs=1
2026-09-17T05:51:18.714099Z DEBUG panoptikon::inferio::http: processing local inference predict model=tags/wd-vit-tagger-v3 inputs=1
2026-09-17T05:51:18.714137Z DEBUG panoptikon::inferio::http: processing local inference predict model=tags/wd-vit-tagger-v3 inputs=1
2026-09-17T05:51:18.714177Z DEBUG panoptikon::inferio::http: processing local inference predict model=tags/wd-vit-tagger-v3 inputs=1
2026-09-17T05:51:18.714219Z DEBUG panoptikon::inferio::http: processing local inference predict model=tags/wd-vit-tagger-v3 inputs=1
2026-09-17T05:51:18.714245Z DEBUG panoptikon::inferio::http: processing local inference predict model=tags/wd-vit-tagger-v3 inputs=1
2026-09-17T05:51:18.714290Z DEBUG panoptikon::inferio::http: processing local inference predict model=tags/wd-vit-tagger-v3 inputs=1
2026-09-17T05:51:18.714332Z DEBUG panoptikon::inferio::http: processing local inference predict model=tags/wd-vit-tagger-v3 inputs=1
2026-09-17T05:51:18.714351Z DEBUG panoptikon::inferio::http: processing local inference predict model=tags/wd-vit-tagger-v3 inputs=1
2026-09-17T05:51:18.714577Z DEBUG panoptikon::inferio::http: processing local inference predict model=tags/wd-vit-tagger-v3 inputs=1
2026-09-17T05:51:18.714626Z DEBUG panoptikon::inferio::http: processing local inference predict model=tags/wd-vit-tagger-v3 inputs=1
2026-09-17T05:51:18.714664Z DEBUG panoptikon::inferio::http: processing local inference predict model=tags/wd-vit-tagger-v3 inputs=1
2026-09-17T05:51:18.714808Z DEBUG panoptikon::inferio::http: processing local inference predict model=tags/wd-vit-tagger-v3 inputs=1
2026-09-17T05:51:18.714839Z DEBUG panoptikon::inferio::http: processing local inference predict model=tags/wd-vit-tagger-v3 inputs=1
2026-09-17T05:51:18.714861Z DEBUG panoptikon::inferio::http: processing local inference predict model=tags/wd-vit-tagger-v3 inputs=1
2026-09-17T05:51:18.714968Z DEBUG panoptikon::inferio::http: processing local inference predict model=tags/wd-vit-tagger-v3 inputs=1
2026-09-17T05:51:18.714996Z DEBUG panoptikon::inferio::http: processing local inference predict model=tags/wd-vit-tagger-v3 inputs=1
2026-09-17T05:51:18.715026Z DEBUG panoptikon::inferio::http: processing local inference predict model=tags/wd-vit-tagger-v3 inputs=1
2026-09-17T05:51:18.715065Z DEBUG panoptikon::inferio::http: processing local inference predict model=tags/wd-vit-tagger-v3 inputs=1
2026-09-17T05:51:18.786462Z  INFO panoptikon::inferio::worker: 2026-09-17 05:51:18,786 [DEBUG] inferio_worker_impl_0_wd_tagger: Running inference on 15 images worker=wd_tagger
2026-09-17T05:51:20.368366Z  INFO panoptikon::inferio::calibration: wrote the local calibration store path=data/inferio/calibration.toml profiles=1
2026-09-17T05:51:20.938263Z  INFO panoptikon::inferio::worker: 2026-09-17 05:51:20,938 [DEBUG] inferio_worker_impl_0_wd_tagger: Running inference on 15 images worker=wd_tagger
2026-09-17T05:51:23.078660Z  INFO panoptikon::inferio::worker: 2026-09-17 05:51:23,078 [DEBUG] inferio_worker_impl_0_wd_tagger: Running inference on 15 images worker=wd_tagger
2026-09-17T05:51:25.163994Z DEBUG panoptikon::inferio::ledger: refitted the memory cost model model=tags/wd-vit-tagger-v3 gpu=CPU slope_mb_per_unit=36.5 intercept_mb=51.0 residual_mb=3.0 samples=7 version=22
2026-09-17T05:51:25.164041Z DEBUG panoptikon::inferio::ledger: declining to fit a throughput knee: the plateau is not established above the knee yet: fewer quiet buckets above it than the rule asks for bucket=3 observed_floor=1 observed_top=4 anchor=16 observations=103
2026-09-17T05:51:25.164080Z DEBUG panoptikon::inferio::ledger: queued a calibration profile update for the store model=tags/wd-vit-tagger-v3 gpu=CPU reason="fit_changed" max_units_measured=16 fit_version=22
2026-09-17T05:51:25.164102Z DEBUG panoptikon::inferio::ledger: settled a granted window model=tags/wd-vit-tagger-v3 gpu=CPU outcome="clean" fit_samples=3 throughput_samples=3 clamped_samples=0 clamped=none ramp_step=3 deflation=0 clean_windows=36 max_units_measured=16
2026-09-17T05:51:25.164167Z DEBUG panoptikon::inferio::ledger: issued a memory grant model=tags/wd-vit-tagger-v3 gpu=CPU unit_budget=15 mb=548 canvas_pixels=none share_mb=96007 room_mb=96007 headroom_mb=95732 external_mb=29850 reserve_mb=1024 reserve_rule="capped_default" pre_fit=false ramp_step=3 deflation=0 squeezed=false window_requests=45
2026-09-17T05:51:25.166690Z DEBUG panoptikon::inferio::http: processing local inference predict model=tags/wd-vit-tagger-v3 inputs=1
2026-09-17T05:51:25.166729Z DEBUG panoptikon::inferio::http: processing local inference predict model=tags/wd-vit-tagger-v3 inputs=1
2026-09-17T05:51:25.166794Z DEBUG panoptikon::inferio::http: processing local inference predict model=tags/wd-vit-tagger-v3 inputs=1
2026-09-17T05:51:25.166838Z DEBUG panoptikon::inferio::http: processing local inference predict model=tags/wd-vit-tagger-v3 inputs=1
2026-09-17T05:51:25.166883Z DEBUG panoptikon::inferio::http: processing local inference predict model=tags/wd-vit-tagger-v3 inputs=1
2026-09-17T05:51:25.166996Z DEBUG panoptikon::inferio::http: processing local inference predict model=tags/wd-vit-tagger-v3 inputs=1
2026-09-17T05:51:25.167036Z DEBUG panoptikon::inferio::http: processing local inference predict model=tags/wd-vit-tagger-v3 inputs=1
2026-09-17T05:51:25.167095Z DEBUG panoptikon::inferio::http: processing local inference predict model=tags/wd-vit-tagger-v3 inputs=1
2026-09-17T05:51:25.167182Z DEBUG panoptikon::inferio::http: processing local inference predict model=tags/wd-vit-tagger-v3 inputs=1
2026-09-17T05:51:25.167223Z DEBUG panoptikon::inferio::http: processing local inference predict model=tags/wd-vit-tagger-v3 inputs=1
2026-09-17T05:51:25.167256Z DEBUG panoptikon::inferio::http: processing local inference predict model=tags/wd-vit-tagger-v3 inputs=1
2026-09-17T05:51:25.167304Z DEBUG panoptikon::inferio::http: processing local inference predict model=tags/wd-vit-tagger-v3 inputs=1
2026-09-17T05:51:25.167344Z DEBUG panoptikon::inferio::http: processing local inference predict model=tags/wd-vit-tagger-v3 inputs=1
2026-09-17T05:51:25.167386Z DEBUG panoptikon::inferio::http: processing local inference predict model=tags/wd-vit-tagger-v3 inputs=1
2026-09-17T05:51:25.167409Z DEBUG panoptikon::inferio::http: processing local inference predict model=tags/wd-vit-tagger-v3 inputs=1
2026-09-17T05:51:25.167485Z DEBUG panoptikon::inferio::http: processing local inference predict model=tags/wd-vit-tagger-v3 inputs=1
2026-09-17T05:51:25.167530Z DEBUG panoptikon::inferio::http: processing local inference predict model=tags/wd-vit-tagger-v3 inputs=1
2026-09-17T05:51:25.167791Z DEBUG panoptikon::inferio::http: processing local inference predict model=tags/wd-vit-tagger-v3 inputs=1
2026-09-17T05:51:25.167884Z DEBUG panoptikon::inferio::http: processing local inference predict model=tags/wd-vit-tagger-v3 inputs=1
2026-09-17T05:51:25.167992Z DEBUG panoptikon::inferio::http: processing local inference predict model=tags/wd-vit-tagger-v3 inputs=1
2026-09-17T05:51:25.168081Z DEBUG panoptikon::inferio::http: processing local inference predict model=tags/wd-vit-tagger-v3 inputs=1
2026-09-17T05:51:25.168168Z DEBUG panoptikon::inferio::http: processing local inference predict model=tags/wd-vit-tagger-v3 inputs=1
2026-09-17T05:51:25.168196Z DEBUG panoptikon::inferio::http: processing local inference predict model=tags/wd-vit-tagger-v3 inputs=1
2026-09-17T05:51:25.168256Z DEBUG panoptikon::inferio::http: processing local inference predict model=tags/wd-vit-tagger-v3 inputs=1
2026-09-17T05:51:25.168288Z DEBUG panoptikon::inferio::http: processing local inference predict model=tags/wd-vit-tagger-v3 inputs=1
2026-09-17T05:51:25.168325Z DEBUG panoptikon::inferio::http: processing local inference predict model=tags/wd-vit-tagger-v3 inputs=1
2026-09-17T05:51:25.168377Z DEBUG panoptikon::inferio::http: processing local inference predict model=tags/wd-vit-tagger-v3 inputs=1
2026-09-17T05:51:25.168395Z DEBUG panoptikon::inferio::http: processing local inference predict model=tags/wd-vit-tagger-v3 inputs=1
2026-09-17T05:51:25.168432Z DEBUG panoptikon::inferio::http: processing local inference predict model=tags/wd-vit-tagger-v3 inputs=1
2026-09-17T05:51:25.168470Z DEBUG panoptikon::inferio::http: processing local inference predict model=tags/wd-vit-tagger-v3 inputs=1
2026-09-17T05:51:25.168495Z DEBUG panoptikon::inferio::http: processing local inference predict model=tags/wd-vit-tagger-v3 inputs=1
2026-09-17T05:51:25.168593Z DEBUG panoptikon::inferio::http: processing local inference predict model=tags/wd-vit-tagger-v3 inputs=1
2026-09-17T05:51:25.168616Z DEBUG panoptikon::inferio::http: processing local inference predict model=tags/wd-vit-tagger-v3 inputs=1
2026-09-17T05:51:25.168643Z DEBUG panoptikon::inferio::http: processing local inference predict model=tags/wd-vit-tagger-v3 inputs=1
2026-09-17T05:51:25.168679Z DEBUG panoptikon::inferio::http: processing local inference predict model=tags/wd-vit-tagger-v3 inputs=1
2026-09-17T05:51:25.168710Z DEBUG panoptikon::inferio::http: processing local inference predict model=tags/wd-vit-tagger-v3 inputs=1
2026-09-17T05:51:25.168908Z DEBUG panoptikon::inferio::http: processing local inference predict model=tags/wd-vit-tagger-v3 inputs=1
2026-09-17T05:51:25.168938Z DEBUG panoptikon::inferio::http: processing local inference predict model=tags/wd-vit-tagger-v3 inputs=1
2026-09-17T05:51:25.168974Z DEBUG panoptikon::inferio::http: processing local inference predict model=tags/wd-vit-tagger-v3 inputs=1
2026-09-17T05:51:25.169014Z DEBUG panoptikon::inferio::http: processing local inference predict model=tags/wd-vit-tagger-v3 inputs=1
2026-09-17T05:51:25.169041Z DEBUG panoptikon::inferio::http: processing local inference predict model=tags/wd-vit-tagger-v3 inputs=1
2026-09-17T05:51:25.169076Z DEBUG panoptikon::inferio::http: processing local inference predict model=tags/wd-vit-tagger-v3 inputs=1
2026-09-17T05:51:25.169119Z DEBUG panoptikon::inferio::http: processing local inference predict model=tags/wd-vit-tagger-v3 inputs=1
2026-09-17T05:51:25.169149Z DEBUG panoptikon::inferio::http: processing local inference predict model=tags/wd-vit-tagger-v3 inputs=1
2026-09-17T05:51:25.169200Z DEBUG panoptikon::inferio::http: processing local inference predict model=tags/wd-vit-tagger-v3 inputs=1
2026-09-17T05:51:25.242216Z  INFO panoptikon::inferio::worker: 2026-09-17 05:51:25,241 [DEBUG] inferio_worker_impl_0_wd_tagger: Running inference on 15 images worker=wd_tagger
2026-09-17T05:51:27.568206Z  INFO panoptikon::inferio::worker: 2026-09-17 05:51:27,567 [DEBUG] inferio_worker_impl_0_wd_tagger: Running inference on 15 images worker=wd_tagger
2026-09-17T05:51:29.730687Z  INFO panoptikon::inferio::worker: 2026-09-17 05:51:29,730 [DEBUG] inferio_worker_impl_0_wd_tagger: Running inference on 15 images worker=wd_tagger
2026-09-17T05:51:32.048411Z DEBUG panoptikon::inferio::ledger: refitted the memory cost model model=tags/wd-vit-tagger-v3 gpu=CPU slope_mb_per_unit=36.69230769230769 intercept_mb=50.61538461538464 residual_mb=2.6153846153845848 samples=7 version=23
2026-09-17T05:51:32.048458Z DEBUG panoptikon::inferio::ledger: declining to fit a throughput knee: the plateau is not established above the knee yet: fewer quiet buckets above it than the rule asks for bucket=3 observed_floor=1 observed_top=4 anchor=16 observations=106
2026-09-17T05:51:32.048478Z DEBUG panoptikon::inferio::ledger: queued a calibration profile update for the store model=tags/wd-vit-tagger-v3 gpu=CPU reason="fit_changed" max_units_measured=16 fit_version=23
2026-09-17T05:51:32.048518Z DEBUG panoptikon::inferio::ledger: settled a granted window model=tags/wd-vit-tagger-v3 gpu=CPU outcome="clean" fit_samples=3 throughput_samples=3 clamped_samples=0 clamped=none ramp_step=3 deflation=0 clean_windows=37 max_units_measured=16
2026-09-17T05:51:32.048571Z DEBUG panoptikon::inferio::ledger: issued a memory grant model=tags/wd-vit-tagger-v3 gpu=CPU unit_budget=15 mb=551 canvas_pixels=none share_mb=96007 room_mb=96007 headroom_mb=95732 external_mb=29963 reserve_mb=1024 reserve_rule="capped_default" pre_fit=false ramp_step=3 deflation=0 squeezed=false window_requests=45
2026-09-17T05:51:32.049616Z DEBUG panoptikon::inferio::http: processing local inference predict model=tags/wd-vit-tagger-v3 inputs=1
2026-09-17T05:51:32.049680Z DEBUG panoptikon::inferio::http: processing local inference predict model=tags/wd-vit-tagger-v3 inputs=1
2026-09-17T05:51:32.050115Z DEBUG panoptikon::inferio::http: processing local inference predict model=tags/wd-vit-tagger-v3 inputs=1
2026-09-17T05:51:32.050281Z DEBUG panoptikon::inferio::http: processing local inference predict model=tags/wd-vit-tagger-v3 inputs=1
2026-09-17T05:51:32.050316Z DEBUG panoptikon::inferio::http: processing local inference predict model=tags/wd-vit-tagger-v3 inputs=1
2026-09-17T05:51:32.050367Z DEBUG panoptikon::inferio::http: processing local inference predict model=tags/wd-vit-tagger-v3 inputs=1
2026-09-17T05:51:32.050409Z DEBUG panoptikon::inferio::http: processing local inference predict model=tags/wd-vit-tagger-v3 inputs=1
2026-09-17T05:51:32.050433Z DEBUG panoptikon::inferio::http: processing local inference predict model=tags/wd-vit-tagger-v3 inputs=1
2026-09-17T05:51:32.050470Z DEBUG panoptikon::inferio::http: processing local inference predict model=tags/wd-vit-tagger-v3 inputs=1
2026-09-17T05:51:32.050498Z DEBUG panoptikon::inferio::http: processing local inference predict model=tags/wd-vit-tagger-v3 inputs=1
2026-09-17T05:51:32.050626Z DEBUG panoptikon::inferio::http: processing local inference predict model=tags/wd-vit-tagger-v3 inputs=1
2026-09-17T05:51:32.050655Z DEBUG panoptikon::inferio::http: processing local inference predict model=tags/wd-vit-tagger-v3 inputs=1
2026-09-17T05:51:32.050703Z DEBUG panoptikon::inferio::http: processing local inference predict model=tags/wd-vit-tagger-v3 inputs=1
2026-09-17T05:51:32.050790Z DEBUG panoptikon::inferio::http: processing local inference predict model=tags/wd-vit-tagger-v3 inputs=1
2026-09-17T05:51:32.050832Z DEBUG panoptikon::inferio::http: processing local inference predict model=tags/wd-vit-tagger-v3 inputs=1
2026-09-17T05:51:32.050874Z DEBUG panoptikon::inferio::http: processing local inference predict model=tags/wd-vit-tagger-v3 inputs=1
2026-09-17T05:51:32.050901Z DEBUG panoptikon::inferio::http: processing local inference predict model=tags/wd-vit-tagger-v3 inputs=1
2026-09-17T05:51:32.051076Z DEBUG panoptikon::inferio::http: processing local inference predict model=tags/wd-vit-tagger-v3 inputs=1
2026-09-17T05:51:32.051105Z DEBUG panoptikon::inferio::http: processing local inference predict model=tags/wd-vit-tagger-v3 inputs=1
2026-09-17T05:51:32.051144Z DEBUG panoptikon::inferio::http: processing local inference predict model=tags/wd-vit-tagger-v3 inputs=1
2026-09-17T05:51:32.051308Z DEBUG panoptikon::inferio::http: processing local inference predict model=tags/wd-vit-tagger-v3 inputs=1
2026-09-17T05:51:32.051339Z DEBUG panoptikon::inferio::http: processing local inference predict model=tags/wd-vit-tagger-v3 inputs=1
2026-09-17T05:51:32.051378Z DEBUG panoptikon::inferio::http: processing local inference predict model=tags/wd-vit-tagger-v3 inputs=1
2026-09-17T05:51:32.051419Z DEBUG panoptikon::inferio::http: processing local inference predict model=tags/wd-vit-tagger-v3 inputs=1
2026-09-17T05:51:32.051452Z DEBUG panoptikon::inferio::http: processing local inference predict model=tags/wd-vit-tagger-v3 inputs=1
2026-09-17T05:51:32.051477Z DEBUG panoptikon::inferio::http: processing local inference predict model=tags/wd-vit-tagger-v3 inputs=1
2026-09-17T05:51:32.051602Z DEBUG panoptikon::inferio::http: processing local inference predict model=tags/wd-vit-tagger-v3 inputs=1
2026-09-17T05:51:32.051634Z DEBUG panoptikon::inferio::http: processing local inference predict model=tags/wd-vit-tagger-v3 inputs=1
2026-09-17T05:51:32.051664Z DEBUG panoptikon::inferio::http: processing local inference predict model=tags/wd-vit-tagger-v3 inputs=1
2026-09-17T05:51:32.051752Z DEBUG panoptikon::inferio::http: processing local inference predict model=tags/wd-vit-tagger-v3 inputs=1
2026-09-17T05:51:32.051861Z DEBUG panoptikon::inferio::http: processing local inference predict model=tags/wd-vit-tagger-v3 inputs=1
2026-09-17T05:51:32.051897Z DEBUG panoptikon::inferio::http: processing local inference predict model=tags/wd-vit-tagger-v3 inputs=1
2026-09-17T05:51:32.051931Z DEBUG panoptikon::inferio::http: processing local inference predict model=tags/wd-vit-tagger-v3 inputs=1
2026-09-17T05:51:32.051971Z DEBUG panoptikon::inferio::http: processing local inference predict model=tags/wd-vit-tagger-v3 inputs=1
2026-09-17T05:51:32.052001Z DEBUG panoptikon::inferio::http: processing local inference predict model=tags/wd-vit-tagger-v3 inputs=1
2026-09-17T05:51:32.052027Z DEBUG panoptikon::inferio::http: processing local inference predict model=tags/wd-vit-tagger-v3 inputs=1
2026-09-17T05:51:32.052068Z DEBUG panoptikon::inferio::http: processing local inference predict model=tags/wd-vit-tagger-v3 inputs=1
2026-09-17T05:51:32.052094Z DEBUG panoptikon::inferio::http: processing local inference predict model=tags/wd-vit-tagger-v3 inputs=1
2026-09-17T05:51:32.052124Z DEBUG panoptikon::inferio::http: processing local inference predict model=tags/wd-vit-tagger-v3 inputs=1
2026-09-17T05:51:32.052153Z DEBUG panoptikon::inferio::http: processing local inference predict model=tags/wd-vit-tagger-v3 inputs=1
2026-09-17T05:51:32.052186Z DEBUG panoptikon::inferio::http: processing local inference predict model=tags/wd-vit-tagger-v3 inputs=1
2026-09-17T05:51:32.052216Z DEBUG panoptikon::inferio::http: processing local inference predict model=tags/wd-vit-tagger-v3 inputs=1
2026-09-17T05:51:32.052239Z DEBUG panoptikon::inferio::http: processing local inference predict model=tags/wd-vit-tagger-v3 inputs=1
2026-09-17T05:51:32.052273Z DEBUG panoptikon::inferio::http: processing local inference predict model=tags/wd-vit-tagger-v3 inputs=1
2026-09-17T05:51:32.052304Z DEBUG panoptikon::inferio::http: processing local inference predict model=tags/wd-vit-tagger-v3 inputs=1
2026-09-17T05:51:32.121448Z  INFO panoptikon::inferio::worker: 2026-09-17 05:51:32,121 [DEBUG] inferio_worker_impl_0_wd_tagger: Running inference on 15 images worker=wd_tagger
2026-09-17T05:51:34.580392Z  INFO panoptikon::inferio::worker: 2026-09-17 05:51:34,580 [DEBUG] inferio_worker_impl_0_wd_tagger: Running inference on 15 images worker=wd_tagger
2026-09-17T05:51:36.751516Z  INFO panoptikon::inferio::worker: 2026-09-17 05:51:36,751 [DEBUG] inferio_worker_impl_0_wd_tagger: Running inference on 15 images worker=wd_tagger
2026-09-17T05:51:38.802105Z DEBUG panoptikon::inferio::ledger: declining to fit a throughput knee: the plateau is not established above the knee yet: fewer quiet buckets above it than the rule asks for bucket=3 observed_floor=1 observed_top=4 anchor=16 observations=109
2026-09-17T05:51:38.802143Z DEBUG panoptikon::inferio::ledger: settled a granted window model=tags/wd-vit-tagger-v3 gpu=CPU outcome="clean" fit_samples=3 throughput_samples=3 clamped_samples=0 clamped=none ramp_step=3 deflation=0 clean_windows=38 max_units_measured=16
2026-09-17T05:51:38.802240Z DEBUG panoptikon::inferio::ledger: issued a memory grant model=tags/wd-vit-tagger-v3 gpu=CPU unit_budget=15 mb=551 canvas_pixels=none share_mb=96007 room_mb=96007 headroom_mb=95732 external_mb=29854 reserve_mb=1024 reserve_rule="capped_default" pre_fit=false ramp_step=3 deflation=0 squeezed=false window_requests=45
2026-09-17T05:51:38.804082Z DEBUG panoptikon::inferio::http: processing local inference predict model=tags/wd-vit-tagger-v3 inputs=1
2026-09-17T05:51:38.804291Z DEBUG panoptikon::inferio::http: processing local inference predict model=tags/wd-vit-tagger-v3 inputs=1
2026-09-17T05:51:38.804567Z DEBUG panoptikon::inferio::http: processing local inference predict model=tags/wd-vit-tagger-v3 inputs=1
2026-09-17T05:51:38.804660Z DEBUG panoptikon::inferio::http: processing local inference predict model=tags/wd-vit-tagger-v3 inputs=1
2026-09-17T05:51:38.804748Z DEBUG panoptikon::inferio::http: processing local inference predict model=tags/wd-vit-tagger-v3 inputs=1
2026-09-17T05:51:38.804787Z DEBUG panoptikon::inferio::http: processing local inference predict model=tags/wd-vit-tagger-v3 inputs=1
2026-09-17T05:51:38.805024Z DEBUG panoptikon::inferio::http: processing local inference predict model=tags/wd-vit-tagger-v3 inputs=1
2026-09-17T05:51:38.805147Z DEBUG panoptikon::inferio::http: processing local inference predict model=tags/wd-vit-tagger-v3 inputs=1
2026-09-17T05:51:38.805192Z DEBUG panoptikon::inferio::http: processing local inference predict model=tags/wd-vit-tagger-v3 inputs=1
2026-09-17T05:51:38.805352Z DEBUG panoptikon::inferio::http: processing local inference predict model=tags/wd-vit-tagger-v3 inputs=1
2026-09-17T05:51:38.805420Z DEBUG panoptikon::inferio::http: processing local inference predict model=tags/wd-vit-tagger-v3 inputs=1
2026-09-17T05:51:38.805514Z DEBUG panoptikon::inferio::http: processing local inference predict model=tags/wd-vit-tagger-v3 inputs=1
2026-09-17T05:51:38.805833Z DEBUG panoptikon::inferio::http: processing local inference predict model=tags/wd-vit-tagger-v3 inputs=1
2026-09-17T05:51:38.805861Z DEBUG panoptikon::inferio::http: processing local inference predict model=tags/wd-vit-tagger-v3 inputs=1
2026-09-17T05:51:38.805901Z DEBUG panoptikon::inferio::http: processing local inference predict model=tags/wd-vit-tagger-v3 inputs=1
2026-09-17T05:51:38.805943Z DEBUG panoptikon::inferio::http: processing local inference predict model=tags/wd-vit-tagger-v3 inputs=1
2026-09-17T05:51:38.805979Z DEBUG panoptikon::inferio::http: processing local inference predict model=tags/wd-vit-tagger-v3 inputs=1
2026-09-17T05:51:38.806021Z DEBUG panoptikon::inferio::http: processing local inference predict model=tags/wd-vit-tagger-v3 inputs=1
2026-09-17T05:51:38.806063Z DEBUG panoptikon::inferio::http: processing local inference predict model=tags/wd-vit-tagger-v3 inputs=1
2026-09-17T05:51:38.806100Z DEBUG panoptikon::inferio::http: processing local inference predict model=tags/wd-vit-tagger-v3 inputs=1
2026-09-17T05:51:38.806145Z DEBUG panoptikon::inferio::http: processing local inference predict model=tags/wd-vit-tagger-v3 inputs=1
2026-09-17T05:51:38.806374Z DEBUG panoptikon::inferio::http: processing local inference predict model=tags/wd-vit-tagger-v3 inputs=1
2026-09-17T05:51:38.806522Z DEBUG panoptikon::inferio::http: processing local inference predict model=tags/wd-vit-tagger-v3 inputs=1
2026-09-17T05:51:38.806549Z DEBUG panoptikon::inferio::http: processing local inference predict model=tags/wd-vit-tagger-v3 inputs=1
2026-09-17T05:51:38.806571Z DEBUG panoptikon::inferio::http: processing local inference predict model=tags/wd-vit-tagger-v3 inputs=1
2026-09-17T05:51:38.806601Z DEBUG panoptikon::inferio::http: processing local inference predict model=tags/wd-vit-tagger-v3 inputs=1
2026-09-17T05:51:38.806643Z DEBUG panoptikon::inferio::http: processing local inference predict model=tags/wd-vit-tagger-v3 inputs=1
2026-09-17T05:51:38.806683Z DEBUG panoptikon::inferio::http: processing local inference predict model=tags/wd-vit-tagger-v3 inputs=1
2026-09-17T05:51:38.806724Z DEBUG panoptikon::inferio::http: processing local inference predict model=tags/wd-vit-tagger-v3 inputs=1
2026-09-17T05:51:38.806796Z DEBUG panoptikon::inferio::http: processing local inference predict model=tags/wd-vit-tagger-v3 inputs=1
2026-09-17T05:51:38.806831Z DEBUG panoptikon::inferio::http: processing local inference predict model=tags/wd-vit-tagger-v3 inputs=1
2026-09-17T05:51:38.806858Z DEBUG panoptikon::inferio::http: processing local inference predict model=tags/wd-vit-tagger-v3 inputs=1
2026-09-17T05:51:38.806896Z DEBUG panoptikon::inferio::http: processing local inference predict model=tags/wd-vit-tagger-v3 inputs=1
2026-09-17T05:51:38.806967Z DEBUG panoptikon::inferio::http: processing local inference predict model=tags/wd-vit-tagger-v3 inputs=1
2026-09-17T05:51:38.806992Z DEBUG panoptikon::inferio::http: processing local inference predict model=tags/wd-vit-tagger-v3 inputs=1
2026-09-17T05:51:38.807013Z DEBUG panoptikon::inferio::http: processing local inference predict model=tags/wd-vit-tagger-v3 inputs=1
2026-09-17T05:51:38.807037Z DEBUG panoptikon::inferio::http: processing local inference predict model=tags/wd-vit-tagger-v3 inputs=1
2026-09-17T05:51:38.807073Z DEBUG panoptikon::inferio::http: processing local inference predict model=tags/wd-vit-tagger-v3 inputs=1
2026-09-17T05:51:38.807112Z DEBUG panoptikon::inferio::http: processing local inference predict model=tags/wd-vit-tagger-v3 inputs=1
2026-09-17T05:51:38.807135Z DEBUG panoptikon::inferio::http: processing local inference predict model=tags/wd-vit-tagger-v3 inputs=1
2026-09-17T05:51:38.807165Z DEBUG panoptikon::inferio::http: processing local inference predict model=tags/wd-vit-tagger-v3 inputs=1
2026-09-17T05:51:38.807399Z DEBUG panoptikon::inferio::http: processing local inference predict model=tags/wd-vit-tagger-v3 inputs=1
2026-09-17T05:51:38.807429Z DEBUG panoptikon::inferio::http: processing local inference predict model=tags/wd-vit-tagger-v3 inputs=1
2026-09-17T05:51:38.807457Z DEBUG panoptikon::inferio::http: processing local inference predict model=tags/wd-vit-tagger-v3 inputs=1
2026-09-17T05:51:38.807483Z DEBUG panoptikon::inferio::http: processing local inference predict model=tags/wd-vit-tagger-v3 inputs=1
2026-09-17T05:51:38.881214Z  INFO panoptikon::inferio::worker: 2026-09-17 05:51:38,880 [DEBUG] inferio_worker_impl_0_wd_tagger: Running inference on 15 images worker=wd_tagger
2026-09-17T05:51:41.326331Z  INFO panoptikon::inferio::worker: 2026-09-17 05:51:41,326 [DEBUG] inferio_worker_impl_0_wd_tagger: Running inference on 15 images worker=wd_tagger
2026-09-17T05:51:43.455524Z  INFO panoptikon::inferio::worker: 2026-09-17 05:51:43,455 [DEBUG] inferio_worker_impl_0_wd_tagger: Running inference on 15 images worker=wd_tagger
2026-09-17T05:51:45.502290Z DEBUG panoptikon::inferio::ledger: declining to fit a throughput knee: the plateau is not established above the knee yet: fewer quiet buckets above it than the rule asks for bucket=3 observed_floor=1 observed_top=4 anchor=16 observations=112
2026-09-17T05:51:45.502327Z DEBUG panoptikon::inferio::ledger: settled a granted window model=tags/wd-vit-tagger-v3 gpu=CPU outcome="clean" fit_samples=3 throughput_samples=3 clamped_samples=0 clamped=none ramp_step=3 deflation=0 clean_windows=39 max_units_measured=16
2026-09-17T05:51:45.502423Z DEBUG panoptikon::inferio::ledger: issued a memory grant model=tags/wd-vit-tagger-v3 gpu=CPU unit_budget=15 mb=551 canvas_pixels=none share_mb=96007 room_mb=96007 headroom_mb=95732 external_mb=29812 reserve_mb=1024 reserve_rule="capped_default" pre_fit=false ramp_step=3 deflation=0 squeezed=false window_requests=45
2026-09-17T05:51:45.504016Z DEBUG panoptikon::inferio::http: processing local inference predict model=tags/wd-vit-tagger-v3 inputs=1
2026-09-17T05:51:45.504160Z DEBUG panoptikon::inferio::http: processing local inference predict model=tags/wd-vit-tagger-v3 inputs=1
2026-09-17T05:51:45.504574Z DEBUG panoptikon::inferio::http: processing local inference predict model=tags/wd-vit-tagger-v3 inputs=1
2026-09-17T05:51:45.504784Z DEBUG panoptikon::inferio::http: processing local inference predict model=tags/wd-vit-tagger-v3 inputs=1
2026-09-17T05:51:45.504855Z DEBUG panoptikon::inferio::http: processing local inference predict model=tags/wd-vit-tagger-v3 inputs=1
2026-09-17T05:51:45.504908Z DEBUG panoptikon::inferio::http: processing local inference predict model=tags/wd-vit-tagger-v3 inputs=1
2026-09-17T05:51:45.504960Z DEBUG panoptikon::inferio::http: processing local inference predict model=tags/wd-vit-tagger-v3 inputs=1
2026-09-17T05:51:45.505010Z DEBUG panoptikon::inferio::http: processing local inference predict model=tags/wd-vit-tagger-v3 inputs=1
2026-09-17T05:51:45.505049Z DEBUG panoptikon::inferio::http: processing local inference predict model=tags/wd-vit-tagger-v3 inputs=1
2026-09-17T05:51:45.505087Z DEBUG panoptikon::inferio::http: processing local inference predict model=tags/wd-vit-tagger-v3 inputs=1
2026-09-17T05:51:45.505123Z DEBUG panoptikon::inferio::http: processing local inference predict model=tags/wd-vit-tagger-v3 inputs=1
2026-09-17T05:51:45.505161Z DEBUG panoptikon::inferio::http: processing local inference predict model=tags/wd-vit-tagger-v3 inputs=1
2026-09-17T05:51:45.505196Z DEBUG panoptikon::inferio::http: processing local inference predict model=tags/wd-vit-tagger-v3 inputs=1
2026-09-17T05:51:45.505360Z DEBUG panoptikon::inferio::http: processing local inference predict model=tags/wd-vit-tagger-v3 inputs=1
2026-09-17T05:51:45.505569Z DEBUG panoptikon::inferio::http: processing local inference predict model=tags/wd-vit-tagger-v3 inputs=1
2026-09-17T05:51:45.505598Z DEBUG panoptikon::inferio::http: processing local inference predict model=tags/wd-vit-tagger-v3 inputs=1
2026-09-17T05:51:45.505672Z DEBUG panoptikon::inferio::http: processing local inference predict model=tags/wd-vit-tagger-v3 inputs=1
2026-09-17T05:51:45.506053Z DEBUG panoptikon::inferio::http: processing local inference predict model=tags/wd-vit-tagger-v3 inputs=1
2026-09-17T05:51:45.506095Z DEBUG panoptikon::inferio::http: processing local inference predict model=tags/wd-vit-tagger-v3 inputs=1
2026-09-17T05:51:45.506138Z DEBUG panoptikon::inferio::http: processing local inference predict model=tags/wd-vit-tagger-v3 inputs=1
2026-09-17T05:51:45.506182Z DEBUG panoptikon::inferio::http: processing local inference predict model=tags/wd-vit-tagger-v3 inputs=1
2026-09-17T05:51:45.506223Z DEBUG panoptikon::inferio::http: processing local inference predict model=tags/wd-vit-tagger-v3 inputs=1
2026-09-17T05:51:45.506251Z DEBUG panoptikon::inferio::http: processing local inference predict model=tags/wd-vit-tagger-v3 inputs=1
2026-09-17T05:51:45.506279Z DEBUG panoptikon::inferio::http: processing local inference predict model=tags/wd-vit-tagger-v3 inputs=1
2026-09-17T05:51:45.506309Z DEBUG panoptikon::inferio::http: processing local inference predict model=tags/wd-vit-tagger-v3 inputs=1
2026-09-17T05:51:45.506334Z DEBUG panoptikon::inferio::http: processing local inference predict model=tags/wd-vit-tagger-v3 inputs=1
2026-09-17T05:51:45.506364Z DEBUG panoptikon::inferio::http: processing local inference predict model=tags/wd-vit-tagger-v3 inputs=1
2026-09-17T05:51:45.506389Z DEBUG panoptikon::inferio::http: processing local inference predict model=tags/wd-vit-tagger-v3 inputs=1
2026-09-17T05:51:45.506419Z DEBUG panoptikon::inferio::http: processing local inference predict model=tags/wd-vit-tagger-v3 inputs=1
2026-09-17T05:51:45.506435Z DEBUG panoptikon::inferio::http: processing local inference predict model=tags/wd-vit-tagger-v3 inputs=1
2026-09-17T05:51:45.506483Z DEBUG panoptikon::inferio::http: processing local inference predict model=tags/wd-vit-tagger-v3 inputs=1
2026-09-17T05:51:45.506513Z DEBUG panoptikon::inferio::http: processing local inference predict model=tags/wd-vit-tagger-v3 inputs=1
2026-09-17T05:51:45.506557Z DEBUG panoptikon::inferio::http: processing local inference predict model=tags/wd-vit-tagger-v3 inputs=1
2026-09-17T05:51:45.506584Z DEBUG panoptikon::inferio::http: processing local inference predict model=tags/wd-vit-tagger-v3 inputs=1
2026-09-17T05:51:45.506618Z DEBUG panoptikon::inferio::http: processing local inference predict model=tags/wd-vit-tagger-v3 inputs=1
2026-09-17T05:51:45.506656Z DEBUG panoptikon::inferio::http: processing local inference predict model=tags/wd-vit-tagger-v3 inputs=1
2026-09-17T05:51:45.506685Z DEBUG panoptikon::inferio::http: processing local inference predict model=tags/wd-vit-tagger-v3 inputs=1
2026-09-17T05:51:45.506716Z DEBUG panoptikon::inferio::http: processing local inference predict model=tags/wd-vit-tagger-v3 inputs=1
2026-09-17T05:51:45.506750Z DEBUG panoptikon::inferio::http: processing local inference predict model=tags/wd-vit-tagger-v3 inputs=1
2026-09-17T05:51:45.506783Z DEBUG panoptikon::inferio::http: processing local inference predict model=tags/wd-vit-tagger-v3 inputs=1
2026-09-17T05:51:45.506811Z DEBUG panoptikon::inferio::http: processing local inference predict model=tags/wd-vit-tagger-v3 inputs=1
2026-09-17T05:51:45.506888Z DEBUG panoptikon::inferio::http: processing local inference predict model=tags/wd-vit-tagger-v3 inputs=1
2026-09-17T05:51:45.507157Z DEBUG panoptikon::inferio::http: processing local inference predict model=tags/wd-vit-tagger-v3 inputs=1
2026-09-17T05:51:45.507200Z DEBUG panoptikon::inferio::http: processing local inference predict model=tags/wd-vit-tagger-v3 inputs=1
2026-09-17T05:51:45.507236Z DEBUG panoptikon::inferio::http: processing local inference predict model=tags/wd-vit-tagger-v3 inputs=1
2026-09-17T05:51:45.578686Z  INFO panoptikon::inferio::worker: 2026-09-17 05:51:45,578 [DEBUG] inferio_worker_impl_0_wd_tagger: Running inference on 15 images worker=wd_tagger
2026-09-17T05:51:47.959078Z  INFO panoptikon::inferio::worker: 2026-09-17 05:51:47,958 [DEBUG] inferio_worker_impl_0_wd_tagger: Running inference on 15 images worker=wd_tagger
2026-09-17T05:51:50.369017Z  INFO panoptikon::inferio::calibration: wrote the local calibration store path=data/inferio/calibration.toml profiles=1
2026-09-17T05:51:50.571943Z  INFO panoptikon::inferio::worker: 2026-09-17 05:51:50,571 [DEBUG] inferio_worker_impl_0_wd_tagger: Running inference on 15 images worker=wd_tagger
2026-09-17T05:51:53.033309Z DEBUG panoptikon::inferio::ledger: declining to fit a throughput knee: the plateau is not established above the knee yet: fewer quiet buckets above it than the rule asks for bucket=3 observed_floor=1 observed_top=4 anchor=16 observations=115
2026-09-17T05:51:53.033351Z DEBUG panoptikon::inferio::ledger: settled a granted window model=tags/wd-vit-tagger-v3 gpu=CPU outcome="clean" fit_samples=3 throughput_samples=3 clamped_samples=0 clamped=none ramp_step=3 deflation=0 clean_windows=40 max_units_measured=16
2026-09-17T05:51:53.033456Z DEBUG panoptikon::inferio::ledger: issued a memory grant model=tags/wd-vit-tagger-v3 gpu=CPU unit_budget=15 mb=551 canvas_pixels=none share_mb=96007 room_mb=96007 headroom_mb=95732 external_mb=29998 reserve_mb=1024 reserve_rule="capped_default" pre_fit=false ramp_step=3 deflation=0 squeezed=false window_requests=45
2026-09-17T05:51:53.034619Z DEBUG panoptikon::inferio::http: processing local inference predict model=tags/wd-vit-tagger-v3 inputs=1
2026-09-17T05:51:53.034685Z DEBUG panoptikon::inferio::http: processing local inference predict model=tags/wd-vit-tagger-v3 inputs=1
2026-09-17T05:51:53.035272Z DEBUG panoptikon::inferio::http: processing local inference predict model=tags/wd-vit-tagger-v3 inputs=1
2026-09-17T05:51:53.035593Z DEBUG panoptikon::inferio::http: processing local inference predict model=tags/wd-vit-tagger-v3 inputs=1
2026-09-17T05:51:53.035633Z DEBUG panoptikon::inferio::http: processing local inference predict model=tags/wd-vit-tagger-v3 inputs=1
2026-09-17T05:51:53.035681Z DEBUG panoptikon::inferio::http: processing local inference predict model=tags/wd-vit-tagger-v3 inputs=1
2026-09-17T05:51:53.035728Z DEBUG panoptikon::inferio::http: processing local inference predict model=tags/wd-vit-tagger-v3 inputs=1
2026-09-17T05:51:53.035778Z DEBUG panoptikon::inferio::http: processing local inference predict model=tags/wd-vit-tagger-v3 inputs=1
2026-09-17T05:51:53.035984Z DEBUG panoptikon::inferio::http: processing local inference predict model=tags/wd-vit-tagger-v3 inputs=1
2026-09-17T05:51:53.036023Z DEBUG panoptikon::inferio::http: processing local inference predict model=tags/wd-vit-tagger-v3 inputs=1
2026-09-17T05:51:53.036065Z DEBUG panoptikon::inferio::http: processing local inference predict model=tags/wd-vit-tagger-v3 inputs=1
2026-09-17T05:51:53.036109Z DEBUG panoptikon::inferio::http: processing local inference predict model=tags/wd-vit-tagger-v3 inputs=1
2026-09-17T05:51:53.036151Z DEBUG panoptikon::inferio::http: processing local inference predict model=tags/wd-vit-tagger-v3 inputs=1
2026-09-17T05:51:53.036184Z DEBUG panoptikon::inferio::http: processing local inference predict model=tags/wd-vit-tagger-v3 inputs=1
2026-09-17T05:51:53.036212Z DEBUG panoptikon::inferio::http: processing local inference predict model=tags/wd-vit-tagger-v3 inputs=1
2026-09-17T05:51:53.036518Z DEBUG panoptikon::inferio::http: processing local inference predict model=tags/wd-vit-tagger-v3 inputs=1
2026-09-17T05:51:53.036594Z DEBUG panoptikon::inferio::http: processing local inference predict model=tags/wd-vit-tagger-v3 inputs=1
2026-09-17T05:51:53.036642Z DEBUG panoptikon::inferio::http: processing local inference predict model=tags/wd-vit-tagger-v3 inputs=1
2026-09-17T05:51:53.036688Z DEBUG panoptikon::inferio::http: processing local inference predict model=tags/wd-vit-tagger-v3 inputs=1
2026-09-17T05:51:53.036745Z DEBUG panoptikon::inferio::http: processing local inference predict model=tags/wd-vit-tagger-v3 inputs=1
2026-09-17T05:51:53.036788Z DEBUG panoptikon::inferio::http: processing local inference predict model=tags/wd-vit-tagger-v3 inputs=1
2026-09-17T05:51:53.036817Z DEBUG panoptikon::inferio::http: processing local inference predict model=tags/wd-vit-tagger-v3 inputs=1
2026-09-17T05:51:53.036849Z DEBUG panoptikon::inferio::http: processing local inference predict model=tags/wd-vit-tagger-v3 inputs=1
2026-09-17T05:51:53.036923Z DEBUG panoptikon::inferio::http: processing local inference predict model=tags/wd-vit-tagger-v3 inputs=1
2026-09-17T05:51:53.036974Z DEBUG panoptikon::inferio::http: processing local inference predict model=tags/wd-vit-tagger-v3 inputs=1
2026-09-17T05:51:53.037026Z DEBUG panoptikon::inferio::http: processing local inference predict model=tags/wd-vit-tagger-v3 inputs=1
2026-09-17T05:51:53.037067Z DEBUG panoptikon::inferio::http: processing local inference predict model=tags/wd-vit-tagger-v3 inputs=1
2026-09-17T05:51:53.037097Z DEBUG panoptikon::inferio::http: processing local inference predict model=tags/wd-vit-tagger-v3 inputs=1
2026-09-17T05:51:53.037143Z DEBUG panoptikon::inferio::http: processing local inference predict model=tags/wd-vit-tagger-v3 inputs=1
2026-09-17T05:51:53.037198Z DEBUG panoptikon::inferio::http: processing local inference predict model=tags/wd-vit-tagger-v3 inputs=1
2026-09-17T05:51:53.037244Z DEBUG panoptikon::inferio::http: processing local inference predict model=tags/wd-vit-tagger-v3 inputs=1
2026-09-17T05:51:53.037271Z DEBUG panoptikon::inferio::http: processing local inference predict model=tags/wd-vit-tagger-v3 inputs=1
2026-09-17T05:51:53.037317Z DEBUG panoptikon::inferio::http: processing local inference predict model=tags/wd-vit-tagger-v3 inputs=1
2026-09-17T05:51:53.037350Z DEBUG panoptikon::inferio::http: processing local inference predict model=tags/wd-vit-tagger-v3 inputs=1
2026-09-17T05:51:53.037487Z DEBUG panoptikon::inferio::http: processing local inference predict model=tags/wd-vit-tagger-v3 inputs=1
2026-09-17T05:51:53.037633Z DEBUG panoptikon::inferio::http: processing local inference predict model=tags/wd-vit-tagger-v3 inputs=1
2026-09-17T05:51:53.037672Z DEBUG panoptikon::inferio::http: processing local inference predict model=tags/wd-vit-tagger-v3 inputs=1
2026-09-17T05:51:53.037693Z DEBUG panoptikon::inferio::http: processing local inference predict model=tags/wd-vit-tagger-v3 inputs=1
2026-09-17T05:51:53.037752Z DEBUG panoptikon::inferio::http: processing local inference predict model=tags/wd-vit-tagger-v3 inputs=1
2026-09-17T05:51:53.037783Z DEBUG panoptikon::inferio::http: processing local inference predict model=tags/wd-vit-tagger-v3 inputs=1
2026-09-17T05:51:53.037820Z DEBUG panoptikon::inferio::http: processing local inference predict model=tags/wd-vit-tagger-v3 inputs=1
2026-09-17T05:51:53.037995Z DEBUG panoptikon::inferio::http: processing local inference predict model=tags/wd-vit-tagger-v3 inputs=1
2026-09-17T05:51:53.038159Z DEBUG panoptikon::inferio::http: processing local inference predict model=tags/wd-vit-tagger-v3 inputs=1
2026-09-17T05:51:53.038194Z DEBUG panoptikon::inferio::http: processing local inference predict model=tags/wd-vit-tagger-v3 inputs=1
2026-09-17T05:51:53.038233Z DEBUG panoptikon::inferio::http: processing local inference predict model=tags/wd-vit-tagger-v3 inputs=1
2026-09-17T05:51:53.109135Z  INFO panoptikon::inferio::worker: 2026-09-17 05:51:53,108 [DEBUG] inferio_worker_impl_0_wd_tagger: Running inference on 15 images worker=wd_tagger
2026-09-17T05:51:55.292790Z  INFO panoptikon::inferio::worker: 2026-09-17 05:51:55,292 [DEBUG] inferio_worker_impl_0_wd_tagger: Running inference on 15 images worker=wd_tagger
2026-09-17T05:51:57.381912Z  INFO panoptikon::inferio::worker: 2026-09-17 05:51:57,381 [DEBUG] inferio_worker_impl_0_wd_tagger: Running inference on 15 images worker=wd_tagger
2026-09-17T05:51:59.407246Z DEBUG panoptikon::inferio::ledger: declining to fit a throughput knee: the plateau is not established above the knee yet: fewer quiet buckets above it than the rule asks for bucket=3 observed_floor=1 observed_top=4 anchor=16 observations=118
2026-09-17T05:51:59.407287Z DEBUG panoptikon::inferio::ledger: settled a granted window model=tags/wd-vit-tagger-v3 gpu=CPU outcome="clean" fit_samples=3 throughput_samples=3 clamped_samples=0 clamped=none ramp_step=3 deflation=0 clean_windows=41 max_units_measured=16
2026-09-17T05:51:59.407380Z DEBUG panoptikon::inferio::ledger: issued a memory grant model=tags/wd-vit-tagger-v3 gpu=CPU unit_budget=15 mb=551 canvas_pixels=none share_mb=96007 room_mb=96007 headroom_mb=95732 external_mb=29926 reserve_mb=1024 reserve_rule="capped_default" pre_fit=false ramp_step=3 deflation=0 squeezed=false window_requests=45
2026-09-17T05:51:59.408653Z DEBUG panoptikon::inferio::http: processing local inference predict model=tags/wd-vit-tagger-v3 inputs=1
2026-09-17T05:51:59.409359Z DEBUG panoptikon::inferio::http: processing local inference predict model=tags/wd-vit-tagger-v3 inputs=1
2026-09-17T05:51:59.409420Z DEBUG panoptikon::inferio::http: processing local inference predict model=tags/wd-vit-tagger-v3 inputs=1
2026-09-17T05:51:59.409529Z DEBUG panoptikon::inferio::http: processing local inference predict model=tags/wd-vit-tagger-v3 inputs=1
2026-09-17T05:51:59.409560Z DEBUG panoptikon::inferio::http: processing local inference predict model=tags/wd-vit-tagger-v3 inputs=1
2026-09-17T05:51:59.409610Z DEBUG panoptikon::inferio::http: processing local inference predict model=tags/wd-vit-tagger-v3 inputs=1
2026-09-17T05:51:59.409653Z DEBUG panoptikon::inferio::http: processing local inference predict model=tags/wd-vit-tagger-v3 inputs=1
2026-09-17T05:51:59.410196Z DEBUG panoptikon::inferio::http: processing local inference predict model=tags/wd-vit-tagger-v3 inputs=1
2026-09-17T05:51:59.410236Z DEBUG panoptikon::inferio::http: processing local inference predict model=tags/wd-vit-tagger-v3 inputs=1
2026-09-17T05:51:59.410271Z DEBUG panoptikon::inferio::http: processing local inference predict model=tags/wd-vit-tagger-v3 inputs=1
2026-09-17T05:51:59.410311Z DEBUG panoptikon::inferio::http: processing local inference predict model=tags/wd-vit-tagger-v3 inputs=1
2026-09-17T05:51:59.410367Z DEBUG panoptikon::inferio::http: processing local inference predict model=tags/wd-vit-tagger-v3 inputs=1
2026-09-17T05:51:59.410410Z DEBUG panoptikon::inferio::http: processing local inference predict model=tags/wd-vit-tagger-v3 inputs=1
2026-09-17T05:51:59.410443Z DEBUG panoptikon::inferio::http: processing local inference predict model=tags/wd-vit-tagger-v3 inputs=1
2026-09-17T05:51:59.410486Z DEBUG panoptikon::inferio::http: processing local inference predict model=tags/wd-vit-tagger-v3 inputs=1
2026-09-17T05:51:59.410522Z DEBUG panoptikon::inferio::http: processing local inference predict model=tags/wd-vit-tagger-v3 inputs=1
2026-09-17T05:51:59.410566Z DEBUG panoptikon::inferio::http: processing local inference predict model=tags/wd-vit-tagger-v3 inputs=1
2026-09-17T05:51:59.410594Z DEBUG panoptikon::inferio::http: processing local inference predict model=tags/wd-vit-tagger-v3 inputs=1
2026-09-17T05:51:59.410623Z DEBUG panoptikon::inferio::http: processing local inference predict model=tags/wd-vit-tagger-v3 inputs=1
2026-09-17T05:51:59.410673Z DEBUG panoptikon::inferio::http: processing local inference predict model=tags/wd-vit-tagger-v3 inputs=1
2026-09-17T05:51:59.410863Z DEBUG panoptikon::inferio::http: processing local inference predict model=tags/wd-vit-tagger-v3 inputs=1
2026-09-17T05:51:59.410913Z DEBUG panoptikon::inferio::http: processing local inference predict model=tags/wd-vit-tagger-v3 inputs=1
2026-09-17T05:51:59.410954Z DEBUG panoptikon::inferio::http: processing local inference predict model=tags/wd-vit-tagger-v3 inputs=1
2026-09-17T05:51:59.410987Z DEBUG panoptikon::inferio::http: processing local inference predict model=tags/wd-vit-tagger-v3 inputs=1
2026-09-17T05:51:59.411027Z DEBUG panoptikon::inferio::http: processing local inference predict model=tags/wd-vit-tagger-v3 inputs=1
2026-09-17T05:51:59.411062Z DEBUG panoptikon::inferio::http: processing local inference predict model=tags/wd-vit-tagger-v3 inputs=1
2026-09-17T05:51:59.411148Z DEBUG panoptikon::inferio::http: processing local inference predict model=tags/wd-vit-tagger-v3 inputs=1
2026-09-17T05:51:59.411247Z DEBUG panoptikon::inferio::http: processing local inference predict model=tags/wd-vit-tagger-v3 inputs=1
2026-09-17T05:51:59.411513Z DEBUG panoptikon::inferio::http: processing local inference predict model=tags/wd-vit-tagger-v3 inputs=1
2026-09-17T05:51:59.411545Z DEBUG panoptikon::inferio::http: processing local inference predict model=tags/wd-vit-tagger-v3 inputs=1
2026-09-17T05:51:59.411587Z DEBUG panoptikon::inferio::http: processing local inference predict model=tags/wd-vit-tagger-v3 inputs=1
2026-09-17T05:51:59.411613Z DEBUG panoptikon::inferio::http: processing local inference predict model=tags/wd-vit-tagger-v3 inputs=1
2026-09-17T05:51:59.411659Z DEBUG panoptikon::inferio::http: processing local inference predict model=tags/wd-vit-tagger-v3 inputs=1
2026-09-17T05:51:59.411811Z DEBUG panoptikon::inferio::http: processing local inference predict model=tags/wd-vit-tagger-v3 inputs=1
2026-09-17T05:51:59.411884Z DEBUG panoptikon::inferio::http: processing local inference predict model=tags/wd-vit-tagger-v3 inputs=1
2026-09-17T05:51:59.411910Z DEBUG panoptikon::inferio::http: processing local inference predict model=tags/wd-vit-tagger-v3 inputs=1
2026-09-17T05:51:59.411951Z DEBUG panoptikon::inferio::http: processing local inference predict model=tags/wd-vit-tagger-v3 inputs=1
2026-09-17T05:51:59.411992Z DEBUG panoptikon::inferio::http: processing local inference predict model=tags/wd-vit-tagger-v3 inputs=1
2026-09-17T05:51:59.412045Z DEBUG panoptikon::inferio::http: processing local inference predict model=tags/wd-vit-tagger-v3 inputs=1
2026-09-17T05:51:59.412071Z DEBUG panoptikon::inferio::http: processing local inference predict model=tags/wd-vit-tagger-v3 inputs=1
2026-09-17T05:51:59.412112Z DEBUG panoptikon::inferio::http: processing local inference predict model=tags/wd-vit-tagger-v3 inputs=1
2026-09-17T05:51:59.412137Z DEBUG panoptikon::inferio::http: processing local inference predict model=tags/wd-vit-tagger-v3 inputs=1
2026-09-17T05:51:59.412168Z DEBUG panoptikon::inferio::http: processing local inference predict model=tags/wd-vit-tagger-v3 inputs=1
2026-09-17T05:51:59.412197Z DEBUG panoptikon::inferio::http: processing local inference predict model=tags/wd-vit-tagger-v3 inputs=1
2026-09-17T05:51:59.412228Z DEBUG panoptikon::inferio::http: processing local inference predict model=tags/wd-vit-tagger-v3 inputs=1
2026-09-17T05:51:59.484301Z  INFO panoptikon::inferio::worker: 2026-09-17 05:51:59,484 [DEBUG] inferio_worker_impl_0_wd_tagger: Running inference on 15 images worker=wd_tagger
2026-09-17T05:52:01.579991Z  INFO panoptikon::inferio::worker: 2026-09-17 05:52:01,579 [DEBUG] inferio_worker_impl_0_wd_tagger: Running inference on 15 images worker=wd_tagger
2026-09-17T05:52:03.844940Z  INFO panoptikon::inferio::worker: 2026-09-17 05:52:03,844 [DEBUG] inferio_worker_impl_0_wd_tagger: Running inference on 15 images worker=wd_tagger
2026-09-17T05:52:05.878360Z DEBUG panoptikon::inferio::ledger: declining to fit a throughput knee: the plateau is not established above the knee yet: fewer quiet buckets above it than the rule asks for bucket=3 observed_floor=1 observed_top=4 anchor=16 observations=121
2026-09-17T05:52:05.878407Z DEBUG panoptikon::inferio::ledger: settled a granted window model=tags/wd-vit-tagger-v3 gpu=CPU outcome="clean" fit_samples=3 throughput_samples=3 clamped_samples=0 clamped=none ramp_step=3 deflation=0 clean_windows=42 max_units_measured=16
2026-09-17T05:52:05.878496Z DEBUG panoptikon::inferio::ledger: issued a memory grant model=tags/wd-vit-tagger-v3 gpu=CPU unit_budget=15 mb=551 canvas_pixels=none share_mb=96007 room_mb=96007 headroom_mb=95732 external_mb=29864 reserve_mb=1024 reserve_rule="capped_default" pre_fit=false ramp_step=3 deflation=0 squeezed=false window_requests=45
2026-09-17T05:52:05.879721Z DEBUG panoptikon::inferio::http: processing local inference predict model=tags/wd-vit-tagger-v3 inputs=1
2026-09-17T05:52:05.879814Z DEBUG panoptikon::inferio::http: processing local inference predict model=tags/wd-vit-tagger-v3 inputs=1
2026-09-17T05:52:05.880206Z DEBUG panoptikon::inferio::http: processing local inference predict model=tags/wd-vit-tagger-v3 inputs=1
2026-09-17T05:52:05.880339Z DEBUG panoptikon::inferio::http: processing local inference predict model=tags/wd-vit-tagger-v3 inputs=1
2026-09-17T05:52:05.880386Z DEBUG panoptikon::inferio::http: processing local inference predict model=tags/wd-vit-tagger-v3 inputs=1
2026-09-17T05:52:05.880437Z DEBUG panoptikon::inferio::http: processing local inference predict model=tags/wd-vit-tagger-v3 inputs=1
2026-09-17T05:52:05.880491Z DEBUG panoptikon::inferio::http: processing local inference predict model=tags/wd-vit-tagger-v3 inputs=1
2026-09-17T05:52:05.880832Z DEBUG panoptikon::inferio::http: processing local inference predict model=tags/wd-vit-tagger-v3 inputs=1
2026-09-17T05:52:05.881019Z DEBUG panoptikon::inferio::http: processing local inference predict model=tags/wd-vit-tagger-v3 inputs=1
2026-09-17T05:52:05.881067Z DEBUG panoptikon::inferio::http: processing local inference predict model=tags/wd-vit-tagger-v3 inputs=1
2026-09-17T05:52:05.881105Z DEBUG panoptikon::inferio::http: processing local inference predict model=tags/wd-vit-tagger-v3 inputs=1
2026-09-17T05:52:05.881167Z DEBUG panoptikon::inferio::http: processing local inference predict model=tags/wd-vit-tagger-v3 inputs=1
2026-09-17T05:52:05.881231Z DEBUG panoptikon::inferio::http: processing local inference predict model=tags/wd-vit-tagger-v3 inputs=1
2026-09-17T05:52:05.881273Z DEBUG panoptikon::inferio::http: processing local inference predict model=tags/wd-vit-tagger-v3 inputs=1
2026-09-17T05:52:05.881525Z DEBUG panoptikon::inferio::http: processing local inference predict model=tags/wd-vit-tagger-v3 inputs=1
2026-09-17T05:52:05.881561Z DEBUG panoptikon::inferio::http: processing local inference predict model=tags/wd-vit-tagger-v3 inputs=1
2026-09-17T05:52:05.881611Z DEBUG panoptikon::inferio::http: processing local inference predict model=tags/wd-vit-tagger-v3 inputs=1
2026-09-17T05:52:05.881727Z DEBUG panoptikon::inferio::http: processing local inference predict model=tags/wd-vit-tagger-v3 inputs=1
2026-09-17T05:52:05.881757Z DEBUG panoptikon::inferio::http: processing local inference predict model=tags/wd-vit-tagger-v3 inputs=1
2026-09-17T05:52:05.881789Z DEBUG panoptikon::inferio::http: processing local inference predict model=tags/wd-vit-tagger-v3 inputs=1
2026-09-17T05:52:05.881826Z DEBUG panoptikon::inferio::http: processing local inference predict model=tags/wd-vit-tagger-v3 inputs=1
2026-09-17T05:52:05.881860Z DEBUG panoptikon::inferio::http: processing local inference predict model=tags/wd-vit-tagger-v3 inputs=1
2026-09-17T05:52:05.881906Z DEBUG panoptikon::inferio::http: processing local inference predict model=tags/wd-vit-tagger-v3 inputs=1
2026-09-17T05:52:05.881946Z DEBUG panoptikon::inferio::http: processing local inference predict model=tags/wd-vit-tagger-v3 inputs=1
2026-09-17T05:52:05.881973Z DEBUG panoptikon::inferio::http: processing local inference predict model=tags/wd-vit-tagger-v3 inputs=1
2026-09-17T05:52:05.882201Z DEBUG panoptikon::inferio::http: processing local inference predict model=tags/wd-vit-tagger-v3 inputs=1
2026-09-17T05:52:05.882251Z DEBUG panoptikon::inferio::http: processing local inference predict model=tags/wd-vit-tagger-v3 inputs=1
2026-09-17T05:52:05.882286Z DEBUG panoptikon::inferio::http: processing local inference predict model=tags/wd-vit-tagger-v3 inputs=1
2026-09-17T05:52:05.882317Z DEBUG panoptikon::inferio::http: processing local inference predict model=tags/wd-vit-tagger-v3 inputs=1
2026-09-17T05:52:05.882410Z DEBUG panoptikon::inferio::http: processing local inference predict model=tags/wd-vit-tagger-v3 inputs=1
2026-09-17T05:52:05.882433Z DEBUG panoptikon::inferio::http: processing local inference predict model=tags/wd-vit-tagger-v3 inputs=1
2026-09-17T05:52:05.882667Z DEBUG panoptikon::inferio::http: processing local inference predict model=tags/wd-vit-tagger-v3 inputs=1
2026-09-17T05:52:05.882703Z DEBUG panoptikon::inferio::http: processing local inference predict model=tags/wd-vit-tagger-v3 inputs=1
2026-09-17T05:52:05.882729Z DEBUG panoptikon::inferio::http: processing local inference predict model=tags/wd-vit-tagger-v3 inputs=1
2026-09-17T05:52:05.882760Z DEBUG panoptikon::inferio::http: processing local inference predict model=tags/wd-vit-tagger-v3 inputs=1
2026-09-17T05:52:05.882788Z DEBUG panoptikon::inferio::http: processing local inference predict model=tags/wd-vit-tagger-v3 inputs=1
2026-09-17T05:52:05.882833Z DEBUG panoptikon::inferio::http: processing local inference predict model=tags/wd-vit-tagger-v3 inputs=1
2026-09-17T05:52:05.882875Z DEBUG panoptikon::inferio::http: processing local inference predict model=tags/wd-vit-tagger-v3 inputs=1
2026-09-17T05:52:05.882903Z DEBUG panoptikon::inferio::http: processing local inference predict model=tags/wd-vit-tagger-v3 inputs=1
2026-09-17T05:52:05.883053Z DEBUG panoptikon::inferio::http: processing local inference predict model=tags/wd-vit-tagger-v3 inputs=1
2026-09-17T05:52:05.883164Z DEBUG panoptikon::inferio::http: processing local inference predict model=tags/wd-vit-tagger-v3 inputs=1
2026-09-17T05:52:05.883201Z DEBUG panoptikon::inferio::http: processing local inference predict model=tags/wd-vit-tagger-v3 inputs=1
2026-09-17T05:52:05.883235Z DEBUG panoptikon::inferio::http: processing local inference predict model=tags/wd-vit-tagger-v3 inputs=1
2026-09-17T05:52:05.883279Z DEBUG panoptikon::inferio::http: processing local inference predict model=tags/wd-vit-tagger-v3 inputs=1
2026-09-17T05:52:05.883317Z DEBUG panoptikon::inferio::http: processing local inference predict model=tags/wd-vit-tagger-v3 inputs=1
2026-09-17T05:52:05.953043Z  INFO panoptikon::inferio::worker: 2026-09-17 05:52:05,952 [DEBUG] inferio_worker_impl_0_wd_tagger: Running inference on 15 images worker=wd_tagger
2026-09-17T05:52:08.072428Z  INFO panoptikon::inferio::worker: 2026-09-17 05:52:08,072 [DEBUG] inferio_worker_impl_0_wd_tagger: Running inference on 15 images worker=wd_tagger
2026-09-17T05:52:10.183860Z  INFO panoptikon::inferio::worker: 2026-09-17 05:52:10,183 [DEBUG] inferio_worker_impl_0_wd_tagger: Running inference on 15 images worker=wd_tagger
2026-09-17T05:52:12.221018Z DEBUG panoptikon::inferio::ledger: declining to fit a throughput knee: the plateau is not established above the knee yet: fewer quiet buckets above it than the rule asks for bucket=3 observed_floor=1 observed_top=4 anchor=16 observations=124
2026-09-17T05:52:12.221053Z DEBUG panoptikon::inferio::ledger: queued a calibration profile update for the store model=tags/wd-vit-tagger-v3 gpu=CPU reason="knee_changed" max_units_measured=16 fit_version=23
2026-09-17T05:52:12.221086Z  INFO panoptikon::inferio::ledger: this model's throughput knee has widened past the point where it could cap anything and has been withdrawn; the ramp and the extrapolation ratchet govern its batch size from here model=tags/wd-vit-tagger-v3 gpu=CPU knee_units_before=15 clean_windows_at_the_knee=12 last_grant_units=15
2026-09-17T05:52:12.221152Z DEBUG panoptikon::inferio::ledger: settled a granted window model=tags/wd-vit-tagger-v3 gpu=CPU outcome="clean" fit_samples=3 throughput_samples=3 clamped_samples=0 clamped=none ramp_step=3 deflation=0 clean_windows=43 max_units_measured=16
2026-09-17T05:52:12.222535Z DEBUG panoptikon::inferio::http: processing local inference predict model=tags/wd-vit-tagger-v3 inputs=1
2026-09-17T05:52:12.222595Z DEBUG panoptikon::inferio::http: processing local inference predict model=tags/wd-vit-tagger-v3 inputs=1
2026-09-17T05:52:12.222894Z DEBUG panoptikon::inferio::http: processing local inference predict model=tags/wd-vit-tagger-v3 inputs=1
2026-09-17T05:52:12.222919Z DEBUG panoptikon::inferio::http: processing local inference predict model=tags/wd-vit-tagger-v3 inputs=1
2026-09-17T05:52:12.222964Z DEBUG panoptikon::inferio::http: processing local inference predict model=tags/wd-vit-tagger-v3 inputs=1
2026-09-17T05:52:12.222992Z DEBUG panoptikon::inferio::ledger: issued a memory grant model=tags/wd-vit-tagger-v3 gpu=CPU unit_budget=16 mb=588 canvas_pixels=none share_mb=96007 room_mb=96007 headroom_mb=95732 external_mb=29856 reserve_mb=1024 reserve_rule="capped_default" pre_fit=false ramp_step=3 deflation=0 squeezed=false window_requests=48
2026-09-17T05:52:12.223172Z DEBUG panoptikon::inferio::http: processing local inference predict model=tags/wd-vit-tagger-v3 inputs=1
2026-09-17T05:52:12.223207Z DEBUG panoptikon::inferio::http: processing local inference predict model=tags/wd-vit-tagger-v3 inputs=1
2026-09-17T05:52:12.223266Z DEBUG panoptikon::inferio::http: processing local inference predict model=tags/wd-vit-tagger-v3 inputs=1
2026-09-17T05:52:12.223325Z DEBUG panoptikon::inferio::http: processing local inference predict model=tags/wd-vit-tagger-v3 inputs=1
2026-09-17T05:52:12.223364Z DEBUG panoptikon::inferio::http: processing local inference predict model=tags/wd-vit-tagger-v3 inputs=1
2026-09-17T05:52:12.223396Z DEBUG panoptikon::inferio::http: processing local inference predict model=tags/wd-vit-tagger-v3 inputs=1
2026-09-17T05:52:12.223472Z DEBUG panoptikon::inferio::http: processing local inference predict model=tags/wd-vit-tagger-v3 inputs=1
2026-09-17T05:52:12.223604Z DEBUG panoptikon::inferio::http: processing local inference predict model=tags/wd-vit-tagger-v3 inputs=1
2026-09-17T05:52:12.223647Z DEBUG panoptikon::inferio::http: processing local inference predict model=tags/wd-vit-tagger-v3 inputs=1
2026-09-17T05:52:12.223758Z DEBUG panoptikon::inferio::http: processing local inference predict model=tags/wd-vit-tagger-v3 inputs=1
2026-09-17T05:52:12.223839Z DEBUG panoptikon::inferio::http: processing local inference predict model=tags/wd-vit-tagger-v3 inputs=1
2026-09-17T05:52:12.223875Z DEBUG panoptikon::inferio::http: processing local inference predict model=tags/wd-vit-tagger-v3 inputs=1
2026-09-17T05:52:12.223912Z DEBUG panoptikon::inferio::http: processing local inference predict model=tags/wd-vit-tagger-v3 inputs=1
2026-09-17T05:52:12.223961Z DEBUG panoptikon::inferio::http: processing local inference predict model=tags/wd-vit-tagger-v3 inputs=1
2026-09-17T05:52:12.223987Z DEBUG panoptikon::inferio::http: processing local inference predict model=tags/wd-vit-tagger-v3 inputs=1
2026-09-17T05:52:12.224083Z DEBUG panoptikon::inferio::http: processing local inference predict model=tags/wd-vit-tagger-v3 inputs=1
2026-09-17T05:52:12.224153Z DEBUG panoptikon::inferio::http: processing local inference predict model=tags/wd-vit-tagger-v3 inputs=1
2026-09-17T05:52:12.224189Z DEBUG panoptikon::inferio::http: processing local inference predict model=tags/wd-vit-tagger-v3 inputs=1
2026-09-17T05:52:12.224210Z DEBUG panoptikon::inferio::http: processing local inference predict model=tags/wd-vit-tagger-v3 inputs=1
2026-09-17T05:52:12.224234Z DEBUG panoptikon::inferio::http: processing local inference predict model=tags/wd-vit-tagger-v3 inputs=1
2026-09-17T05:52:12.224270Z DEBUG panoptikon::inferio::http: processing local inference predict model=tags/wd-vit-tagger-v3 inputs=1
2026-09-17T05:52:12.224297Z DEBUG panoptikon::inferio::http: processing local inference predict model=tags/wd-vit-tagger-v3 inputs=1
2026-09-17T05:52:12.224321Z DEBUG panoptikon::inferio::http: processing local inference predict model=tags/wd-vit-tagger-v3 inputs=1
2026-09-17T05:52:12.224485Z DEBUG panoptikon::inferio::http: processing local inference predict model=tags/wd-vit-tagger-v3 inputs=1
2026-09-17T05:52:12.224524Z DEBUG panoptikon::inferio::http: processing local inference predict model=tags/wd-vit-tagger-v3 inputs=1
2026-09-17T05:52:12.224555Z DEBUG panoptikon::inferio::http: processing local inference predict model=tags/wd-vit-tagger-v3 inputs=1
2026-09-17T05:52:12.224666Z DEBUG panoptikon::inferio::http: processing local inference predict model=tags/wd-vit-tagger-v3 inputs=1
2026-09-17T05:52:12.224712Z DEBUG panoptikon::inferio::http: processing local inference predict model=tags/wd-vit-tagger-v3 inputs=1
2026-09-17T05:52:12.224741Z DEBUG panoptikon::inferio::http: processing local inference predict model=tags/wd-vit-tagger-v3 inputs=1
2026-09-17T05:52:12.224769Z DEBUG panoptikon::inferio::http: processing local inference predict model=tags/wd-vit-tagger-v3 inputs=1
2026-09-17T05:52:12.224805Z DEBUG panoptikon::inferio::http: processing local inference predict model=tags/wd-vit-tagger-v3 inputs=1
2026-09-17T05:52:12.224834Z DEBUG panoptikon::inferio::http: processing local inference predict model=tags/wd-vit-tagger-v3 inputs=1
2026-09-17T05:52:12.224865Z DEBUG panoptikon::inferio::http: processing local inference predict model=tags/wd-vit-tagger-v3 inputs=1
2026-09-17T05:52:12.224895Z DEBUG panoptikon::inferio::http: processing local inference predict model=tags/wd-vit-tagger-v3 inputs=1
2026-09-17T05:52:12.224923Z DEBUG panoptikon::inferio::http: processing local inference predict model=tags/wd-vit-tagger-v3 inputs=1
2026-09-17T05:52:12.224957Z DEBUG panoptikon::inferio::http: processing local inference predict model=tags/wd-vit-tagger-v3 inputs=1
2026-09-17T05:52:12.225136Z DEBUG panoptikon::inferio::http: processing local inference predict model=tags/wd-vit-tagger-v3 inputs=1
2026-09-17T05:52:12.225157Z DEBUG panoptikon::inferio::http: processing local inference predict model=tags/wd-vit-tagger-v3 inputs=1
2026-09-17T05:52:12.225183Z DEBUG panoptikon::inferio::http: processing local inference predict model=tags/wd-vit-tagger-v3 inputs=1
2026-09-17T05:52:12.225212Z DEBUG panoptikon::inferio::http: processing local inference predict model=tags/wd-vit-tagger-v3 inputs=1
2026-09-17T05:52:12.316008Z  INFO panoptikon::inferio::worker: 2026-09-17 05:52:12,315 [DEBUG] inferio_worker_impl_0_wd_tagger: Running inference on 16 images worker=wd_tagger
2026-09-17T05:52:15.133644Z  INFO panoptikon::inferio::worker: 2026-09-17 05:52:15,133 [DEBUG] inferio_worker_impl_0_wd_tagger: Running inference on 16 images worker=wd_tagger
2026-09-17T05:52:17.783299Z  INFO panoptikon::inferio::worker: 2026-09-17 05:52:17,783 [DEBUG] inferio_worker_impl_0_wd_tagger: Running inference on 16 images worker=wd_tagger
2026-09-17T05:52:20.012234Z  INFO panoptikon::inferio::ledger: the throughput ramp is free to grow again model=tags/wd-vit-tagger-v3 gpu=CPU
2026-09-17T05:52:20.012315Z DEBUG panoptikon::inferio::ledger: declining to fit a throughput knee: the plateau is not established above the knee yet: fewer quiet buckets above it than the rule asks for bucket=3 observed_floor=1 observed_top=4 anchor=16 observations=127
2026-09-17T05:52:20.012368Z DEBUG panoptikon::inferio::ledger: settled a granted window model=tags/wd-vit-tagger-v3 gpu=CPU outcome="clean" fit_samples=3 throughput_samples=3 clamped_samples=0 clamped=none ramp_step=4 deflation=0 clean_windows=44 max_units_measured=16
2026-09-17T05:52:20.014567Z DEBUG panoptikon::inferio::http: processing local inference predict model=tags/wd-vit-tagger-v3 inputs=1
2026-09-17T05:52:20.014727Z DEBUG panoptikon::inferio::http: processing local inference predict model=tags/wd-vit-tagger-v3 inputs=1
2026-09-17T05:52:20.014811Z DEBUG panoptikon::inferio::ledger: issued a memory grant model=tags/wd-vit-tagger-v3 gpu=CPU unit_budget=32 mb=1175 canvas_pixels=none share_mb=96007 room_mb=96007 headroom_mb=95732 external_mb=29891 reserve_mb=1024 reserve_rule="capped_default" pre_fit=false ramp_step=4 deflation=0 squeezed=false window_requests=42
2026-09-17T05:52:20.014923Z DEBUG panoptikon::inferio::http: processing local inference predict model=tags/wd-vit-tagger-v3 inputs=1
2026-09-17T05:52:20.014957Z DEBUG panoptikon::inferio::http: processing local inference predict model=tags/wd-vit-tagger-v3 inputs=1
2026-09-17T05:52:20.014994Z DEBUG panoptikon::inferio::http: processing local inference predict model=tags/wd-vit-tagger-v3 inputs=1
2026-09-17T05:52:20.015037Z DEBUG panoptikon::inferio::http: processing local inference predict model=tags/wd-vit-tagger-v3 inputs=1
2026-09-17T05:52:20.015078Z DEBUG panoptikon::inferio::http: processing local inference predict model=tags/wd-vit-tagger-v3 inputs=1
2026-09-17T05:52:20.015122Z DEBUG panoptikon::inferio::http: processing local inference predict model=tags/wd-vit-tagger-v3 inputs=1
2026-09-17T05:52:20.015328Z DEBUG panoptikon::inferio::http: processing local inference predict model=tags/wd-vit-tagger-v3 inputs=1
2026-09-17T05:52:20.015382Z DEBUG panoptikon::inferio::http: processing local inference predict model=tags/wd-vit-tagger-v3 inputs=1
2026-09-17T05:52:20.015540Z DEBUG panoptikon::inferio::http: processing local inference predict model=tags/wd-vit-tagger-v3 inputs=1
2026-09-17T05:52:20.015640Z DEBUG panoptikon::inferio::http: processing local inference predict model=tags/wd-vit-tagger-v3 inputs=1
2026-09-17T05:52:20.015664Z DEBUG panoptikon::inferio::http: processing local inference predict model=tags/wd-vit-tagger-v3 inputs=1
2026-09-17T05:52:20.015713Z DEBUG panoptikon::inferio::http: processing local inference predict model=tags/wd-vit-tagger-v3 inputs=1
2026-09-17T05:52:20.015737Z DEBUG panoptikon::inferio::http: processing local inference predict model=tags/wd-vit-tagger-v3 inputs=1
2026-09-17T05:52:20.015771Z DEBUG panoptikon::inferio::http: processing local inference predict model=tags/wd-vit-tagger-v3 inputs=1
2026-09-17T05:52:20.015806Z DEBUG panoptikon::inferio::http: processing local inference predict model=tags/wd-vit-tagger-v3 inputs=1
2026-09-17T05:52:20.015848Z DEBUG panoptikon::inferio::http: processing local inference predict model=tags/wd-vit-tagger-v3 inputs=1
2026-09-17T05:52:20.015888Z DEBUG panoptikon::inferio::http: processing local inference predict model=tags/wd-vit-tagger-v3 inputs=1
2026-09-17T05:52:20.015965Z DEBUG panoptikon::inferio::http: processing local inference predict model=tags/wd-vit-tagger-v3 inputs=1
2026-09-17T05:52:20.015994Z DEBUG panoptikon::inferio::http: processing local inference predict model=tags/wd-vit-tagger-v3 inputs=1
2026-09-17T05:52:20.016147Z DEBUG panoptikon::inferio::http: processing local inference predict model=tags/wd-vit-tagger-v3 inputs=1
2026-09-17T05:52:20.016197Z DEBUG panoptikon::inferio::http: processing local inference predict model=tags/wd-vit-tagger-v3 inputs=1
2026-09-17T05:52:20.016229Z DEBUG panoptikon::inferio::http: processing local inference predict model=tags/wd-vit-tagger-v3 inputs=1
2026-09-17T05:52:20.016262Z DEBUG panoptikon::inferio::http: processing local inference predict model=tags/wd-vit-tagger-v3 inputs=1
2026-09-17T05:52:20.016299Z DEBUG panoptikon::inferio::http: processing local inference predict model=tags/wd-vit-tagger-v3 inputs=1
2026-09-17T05:52:20.016327Z DEBUG panoptikon::inferio::http: processing local inference predict model=tags/wd-vit-tagger-v3 inputs=1
2026-09-17T05:52:20.016435Z DEBUG panoptikon::inferio::http: processing local inference predict model=tags/wd-vit-tagger-v3 inputs=1
2026-09-17T05:52:20.016485Z DEBUG panoptikon::inferio::http: processing local inference predict model=tags/wd-vit-tagger-v3 inputs=1
2026-09-17T05:52:20.016509Z DEBUG panoptikon::inferio::http: processing local inference predict model=tags/wd-vit-tagger-v3 inputs=1
2026-09-17T05:52:20.016551Z DEBUG panoptikon::inferio::http: processing local inference predict model=tags/wd-vit-tagger-v3 inputs=1
2026-09-17T05:52:20.016598Z DEBUG panoptikon::inferio::http: processing local inference predict model=tags/wd-vit-tagger-v3 inputs=1
2026-09-17T05:52:20.016723Z DEBUG panoptikon::inferio::http: processing local inference predict model=tags/wd-vit-tagger-v3 inputs=1
2026-09-17T05:52:20.016772Z DEBUG panoptikon::inferio::http: processing local inference predict model=tags/wd-vit-tagger-v3 inputs=1
2026-09-17T05:52:20.016798Z DEBUG panoptikon::inferio::http: processing local inference predict model=tags/wd-vit-tagger-v3 inputs=1
2026-09-17T05:52:20.016910Z DEBUG panoptikon::inferio::http: processing local inference predict model=tags/wd-vit-tagger-v3 inputs=1
2026-09-17T05:52:20.017087Z DEBUG panoptikon::inferio::http: processing local inference predict model=tags/wd-vit-tagger-v3 inputs=1
2026-09-17T05:52:20.017116Z DEBUG panoptikon::inferio::http: processing local inference predict model=tags/wd-vit-tagger-v3 inputs=1
2026-09-17T05:52:20.017182Z DEBUG panoptikon::inferio::http: processing local inference predict model=tags/wd-vit-tagger-v3 inputs=1
2026-09-17T05:52:20.017242Z DEBUG panoptikon::inferio::http: processing local inference predict model=tags/wd-vit-tagger-v3 inputs=1
2026-09-17T05:52:20.017283Z DEBUG panoptikon::inferio::http: processing local inference predict model=tags/wd-vit-tagger-v3 inputs=1
2026-09-17T05:52:20.017422Z DEBUG panoptikon::inferio::http: processing local inference predict model=tags/wd-vit-tagger-v3 inputs=1
2026-09-17T05:52:20.017442Z DEBUG panoptikon::inferio::http: processing local inference predict model=tags/wd-vit-tagger-v3 inputs=1
2026-09-17T05:52:20.017469Z DEBUG panoptikon::inferio::http: processing local inference predict model=tags/wd-vit-tagger-v3 inputs=1
2026-09-17T05:52:20.017510Z DEBUG panoptikon::inferio::http: processing local inference predict model=tags/wd-vit-tagger-v3 inputs=1
2026-09-17T05:52:20.017631Z DEBUG panoptikon::inferio::http: processing local inference predict model=tags/wd-vit-tagger-v3 inputs=1
2026-09-17T05:52:20.017706Z DEBUG panoptikon::inferio::http: processing local inference predict model=tags/wd-vit-tagger-v3 inputs=1
2026-09-17T05:52:20.017730Z DEBUG panoptikon::inferio::http: processing local inference predict model=tags/wd-vit-tagger-v3 inputs=1
2026-09-17T05:52:20.017758Z DEBUG panoptikon::inferio::http: processing local inference predict model=tags/wd-vit-tagger-v3 inputs=1
2026-09-17T05:52:20.017798Z DEBUG panoptikon::inferio::http: processing local inference predict model=tags/wd-vit-tagger-v3 inputs=1
2026-09-17T05:52:20.017826Z DEBUG panoptikon::inferio::http: processing local inference predict model=tags/wd-vit-tagger-v3 inputs=1
2026-09-17T05:52:20.017852Z DEBUG panoptikon::inferio::http: processing local inference predict model=tags/wd-vit-tagger-v3 inputs=1
2026-09-17T05:52:20.017884Z DEBUG panoptikon::inferio::http: processing local inference predict model=tags/wd-vit-tagger-v3 inputs=1
2026-09-17T05:52:20.017937Z DEBUG panoptikon::inferio::http: processing local inference predict model=tags/wd-vit-tagger-v3 inputs=1
2026-09-17T05:52:20.163731Z  INFO panoptikon::inferio::worker: 2026-09-17 05:52:20,163 [DEBUG] inferio_worker_impl_0_wd_tagger: Running inference on 32 images worker=wd_tagger
2026-09-17T05:52:20.370193Z  INFO panoptikon::inferio::calibration: wrote the local calibration store path=data/inferio/calibration.toml profiles=1
2026-09-17T05:52:25.240289Z  INFO panoptikon::inferio::worker: 2026-09-17 05:52:25,240 [DEBUG] inferio_worker_impl_0_wd_tagger: Running inference on 10 images worker=wd_tagger
2026-09-17T05:52:26.730275Z  INFO panoptikon::inferio::ledger: holding the throughput ramp at this rung: the ring cannot certify this rung yet model=tags/wd-vit-tagger-v3 gpu=CPU units=32 certified=false knee_binds=false
2026-09-17T05:52:26.730320Z DEBUG panoptikon::inferio::ledger: refitted the memory cost model model=tags/wd-vit-tagger-v3 gpu=CPU slope_mb_per_unit=36.20833333333333 intercept_mb=54.66666666666674 residual_mb=3.2083333333333712 samples=9 version=24
2026-09-17T05:52:26.730368Z DEBUG panoptikon::inferio::ledger: declining to fit a throughput knee: the plateau is not established above the knee yet: fewer quiet buckets above it than the rule asks for bucket=3 observed_floor=1 observed_top=4 anchor=32 observations=127
2026-09-17T05:52:26.730386Z DEBUG panoptikon::inferio::ledger: queued a calibration profile update for the store model=tags/wd-vit-tagger-v3 gpu=CPU reason="fit_changed" max_units_measured=32 fit_version=24
2026-09-17T05:52:26.730414Z DEBUG panoptikon::inferio::ledger: settled a granted window model=tags/wd-vit-tagger-v3 gpu=CPU outcome="clean" fit_samples=2 throughput_samples=0 clamped_samples=0 clamped=none ramp_step=4 deflation=0 clean_windows=45 max_units_measured=32
2026-09-17T05:52:26.732429Z DEBUG panoptikon::inferio::http: processing local inference predict model=tags/wd-vit-tagger-v3 inputs=1
2026-09-17T05:52:26.732490Z DEBUG panoptikon::inferio::http: processing local inference predict model=tags/wd-vit-tagger-v3 inputs=1
2026-09-17T05:52:26.732694Z DEBUG panoptikon::inferio::http: processing local inference predict model=tags/wd-vit-tagger-v3 inputs=1
2026-09-17T05:52:26.732779Z DEBUG panoptikon::inferio::http: processing local inference predict model=tags/wd-vit-tagger-v3 inputs=1
2026-09-17T05:52:26.732900Z DEBUG panoptikon::inferio::http: processing local inference predict model=tags/wd-vit-tagger-v3 inputs=1
2026-09-17T05:52:26.732937Z DEBUG panoptikon::inferio::http: processing local inference predict model=tags/wd-vit-tagger-v3 inputs=1
2026-09-17T05:52:26.733097Z DEBUG panoptikon::inferio::http: processing local inference predict model=tags/wd-vit-tagger-v3 inputs=1
2026-09-17T05:52:26.733132Z DEBUG panoptikon::inferio::http: processing local inference predict model=tags/wd-vit-tagger-v3 inputs=1
2026-09-17T05:52:26.733174Z DEBUG panoptikon::inferio::http: processing local inference predict model=tags/wd-vit-tagger-v3 inputs=1
2026-09-17T05:52:26.733213Z DEBUG panoptikon::inferio::http: processing local inference predict model=tags/wd-vit-tagger-v3 inputs=1
2026-09-17T05:52:26.733250Z DEBUG panoptikon::inferio::http: processing local inference predict model=tags/wd-vit-tagger-v3 inputs=1
2026-09-17T05:52:26.733297Z DEBUG panoptikon::inferio::http: processing local inference predict model=tags/wd-vit-tagger-v3 inputs=1
2026-09-17T05:52:26.733357Z DEBUG panoptikon::inferio::http: processing local inference predict model=tags/wd-vit-tagger-v3 inputs=1
2026-09-17T05:52:26.733409Z DEBUG panoptikon::inferio::http: processing local inference predict model=tags/wd-vit-tagger-v3 inputs=1
2026-09-17T05:52:26.733450Z DEBUG panoptikon::inferio::http: processing local inference predict model=tags/wd-vit-tagger-v3 inputs=1
2026-09-17T05:52:26.733475Z DEBUG panoptikon::inferio::http: processing local inference predict model=tags/wd-vit-tagger-v3 inputs=1
2026-09-17T05:52:26.733568Z DEBUG panoptikon::inferio::http: processing local inference predict model=tags/wd-vit-tagger-v3 inputs=1
2026-09-17T05:52:26.733641Z DEBUG panoptikon::inferio::http: processing local inference predict model=tags/wd-vit-tagger-v3 inputs=1
2026-09-17T05:52:26.733675Z DEBUG panoptikon::inferio::http: processing local inference predict model=tags/wd-vit-tagger-v3 inputs=1
2026-09-17T05:52:26.733697Z DEBUG panoptikon::inferio::http: processing local inference predict model=tags/wd-vit-tagger-v3 inputs=1
2026-09-17T05:52:26.733969Z DEBUG panoptikon::inferio::http: processing local inference predict model=tags/wd-vit-tagger-v3 inputs=1
2026-09-17T05:52:26.734000Z DEBUG panoptikon::inferio::http: processing local inference predict model=tags/wd-vit-tagger-v3 inputs=1
2026-09-17T05:52:26.734192Z DEBUG panoptikon::inferio::http: processing local inference predict model=tags/wd-vit-tagger-v3 inputs=1
2026-09-17T05:52:26.734282Z DEBUG panoptikon::inferio::http: processing local inference predict model=tags/wd-vit-tagger-v3 inputs=1
2026-09-17T05:52:26.734317Z DEBUG panoptikon::inferio::http: processing local inference predict model=tags/wd-vit-tagger-v3 inputs=1
2026-09-17T05:52:26.734370Z DEBUG panoptikon::inferio::http: processing local inference predict model=tags/wd-vit-tagger-v3 inputs=1
2026-09-17T05:52:26.734412Z DEBUG panoptikon::inferio::http: processing local inference predict model=tags/wd-vit-tagger-v3 inputs=1
2026-09-17T05:52:26.734454Z DEBUG panoptikon::inferio::http: processing local inference predict model=tags/wd-vit-tagger-v3 inputs=1
2026-09-17T05:52:26.734544Z DEBUG panoptikon::inferio::http: processing local inference predict model=tags/wd-vit-tagger-v3 inputs=1
2026-09-17T05:52:26.734570Z DEBUG panoptikon::inferio::http: processing local inference predict model=tags/wd-vit-tagger-v3 inputs=1
2026-09-17T05:52:26.734667Z DEBUG panoptikon::inferio::http: processing local inference predict model=tags/wd-vit-tagger-v3 inputs=1
2026-09-17T05:52:26.734743Z DEBUG panoptikon::inferio::http: processing local inference predict model=tags/wd-vit-tagger-v3 inputs=1
2026-09-17T05:52:26.734805Z DEBUG panoptikon::inferio::http: processing local inference predict model=tags/wd-vit-tagger-v3 inputs=1
2026-09-17T05:52:26.734871Z DEBUG panoptikon::inferio::http: processing local inference predict model=tags/wd-vit-tagger-v3 inputs=1
2026-09-17T05:52:26.734909Z DEBUG panoptikon::inferio::http: processing local inference predict model=tags/wd-vit-tagger-v3 inputs=1
2026-09-17T05:52:26.734947Z DEBUG panoptikon::inferio::http: processing local inference predict model=tags/wd-vit-tagger-v3 inputs=1
2026-09-17T05:52:26.734990Z DEBUG panoptikon::inferio::http: processing local inference predict model=tags/wd-vit-tagger-v3 inputs=1
2026-09-17T05:52:26.735029Z DEBUG panoptikon::inferio::http: processing local inference predict model=tags/wd-vit-tagger-v3 inputs=1
2026-09-17T05:52:26.735080Z DEBUG panoptikon::inferio::http: processing local inference predict model=tags/wd-vit-tagger-v3 inputs=1
2026-09-17T05:52:26.735112Z DEBUG panoptikon::inferio::http: processing local inference predict model=tags/wd-vit-tagger-v3 inputs=1
2026-09-17T05:52:26.735143Z DEBUG panoptikon::inferio::http: processing local inference predict model=tags/wd-vit-tagger-v3 inputs=1
2026-09-17T05:52:26.735176Z DEBUG panoptikon::inferio::http: processing local inference predict model=tags/wd-vit-tagger-v3 inputs=1
2026-09-17T05:52:26.735212Z DEBUG panoptikon::inferio::http: processing local inference predict model=tags/wd-vit-tagger-v3 inputs=1
2026-09-17T05:52:26.735262Z DEBUG panoptikon::inferio::http: processing local inference predict model=tags/wd-vit-tagger-v3 inputs=1
2026-09-17T05:52:26.735307Z DEBUG panoptikon::inferio::http: processing local inference predict model=tags/wd-vit-tagger-v3 inputs=1
2026-09-17T05:52:26.735352Z DEBUG panoptikon::inferio::http: processing local inference predict model=tags/wd-vit-tagger-v3 inputs=1
2026-09-17T05:52:26.735391Z DEBUG panoptikon::inferio::ledger: issued a memory grant model=tags/wd-vit-tagger-v3 gpu=CPU unit_budget=32 mb=1159 canvas_pixels=none share_mb=96007 room_mb=96007 headroom_mb=95194 external_mb=29409 reserve_mb=1024 reserve_rule="capped_default" pre_fit=false ramp_step=4 deflation=0 squeezed=false window_requests=96
2026-09-17T05:52:26.735423Z DEBUG panoptikon::inferio::http: processing local inference predict model=tags/wd-vit-tagger-v3 inputs=1
2026-09-17T05:52:26.735445Z DEBUG panoptikon::inferio::http: processing local inference predict model=tags/wd-vit-tagger-v3 inputs=1
2026-09-17T05:52:26.735481Z DEBUG panoptikon::inferio::http: processing local inference predict model=tags/wd-vit-tagger-v3 inputs=1
2026-09-17T05:52:26.735517Z DEBUG panoptikon::inferio::http: processing local inference predict model=tags/wd-vit-tagger-v3 inputs=1
2026-09-17T05:52:26.735547Z DEBUG panoptikon::inferio::http: processing local inference predict model=tags/wd-vit-tagger-v3 inputs=1
2026-09-17T05:52:26.735768Z DEBUG panoptikon::inferio::http: processing local inference predict model=tags/wd-vit-tagger-v3 inputs=1
2026-09-17T05:52:26.735841Z DEBUG panoptikon::inferio::http: processing local inference predict model=tags/wd-vit-tagger-v3 inputs=1
2026-09-17T05:52:26.735880Z DEBUG panoptikon::inferio::http: processing local inference predict model=tags/wd-vit-tagger-v3 inputs=1
2026-09-17T05:52:26.735913Z DEBUG panoptikon::inferio::http: processing local inference predict model=tags/wd-vit-tagger-v3 inputs=1
2026-09-17T05:52:26.735959Z DEBUG panoptikon::inferio::http: processing local inference predict model=tags/wd-vit-tagger-v3 inputs=1
2026-09-17T05:52:26.735994Z DEBUG panoptikon::inferio::http: processing local inference predict model=tags/wd-vit-tagger-v3 inputs=1
2026-09-17T05:52:26.736014Z DEBUG panoptikon::inferio::http: processing local inference predict model=tags/wd-vit-tagger-v3 inputs=1
2026-09-17T05:52:26.736051Z DEBUG panoptikon::inferio::http: processing local inference predict model=tags/wd-vit-tagger-v3 inputs=1
2026-09-17T05:52:26.736089Z DEBUG panoptikon::inferio::http: processing local inference predict model=tags/wd-vit-tagger-v3 inputs=1
2026-09-17T05:52:26.736125Z DEBUG panoptikon::inferio::http: processing local inference predict model=tags/wd-vit-tagger-v3 inputs=1
2026-09-17T05:52:26.736158Z DEBUG panoptikon::inferio::http: processing local inference predict model=tags/wd-vit-tagger-v3 inputs=1
2026-09-17T05:52:26.736190Z DEBUG panoptikon::inferio::http: processing local inference predict model=tags/wd-vit-tagger-v3 inputs=1
2026-09-17T05:52:26.736224Z DEBUG panoptikon::inferio::http: processing local inference predict model=tags/wd-vit-tagger-v3 inputs=1
2026-09-17T05:52:26.736271Z DEBUG panoptikon::inferio::http: processing local inference predict model=tags/wd-vit-tagger-v3 inputs=1
2026-09-17T05:52:26.736300Z DEBUG panoptikon::inferio::http: processing local inference predict model=tags/wd-vit-tagger-v3 inputs=1
2026-09-17T05:52:26.736326Z DEBUG panoptikon::inferio::http: processing local inference predict model=tags/wd-vit-tagger-v3 inputs=1
2026-09-17T05:52:26.736351Z DEBUG panoptikon::inferio::http: processing local inference predict model=tags/wd-vit-tagger-v3 inputs=1
2026-09-17T05:52:26.736374Z DEBUG panoptikon::inferio::http: processing local inference predict model=tags/wd-vit-tagger-v3 inputs=1
2026-09-17T05:52:26.736423Z DEBUG panoptikon::inferio::http: processing local inference predict model=tags/wd-vit-tagger-v3 inputs=1
2026-09-17T05:52:26.736445Z DEBUG panoptikon::inferio::http: processing local inference predict model=tags/wd-vit-tagger-v3 inputs=1
2026-09-17T05:52:26.736476Z DEBUG panoptikon::inferio::http: processing local inference predict model=tags/wd-vit-tagger-v3 inputs=1
2026-09-17T05:52:26.736508Z DEBUG panoptikon::inferio::http: processing local inference predict model=tags/wd-vit-tagger-v3 inputs=1
2026-09-17T05:52:26.736543Z DEBUG panoptikon::inferio::http: processing local inference predict model=tags/wd-vit-tagger-v3 inputs=1
2026-09-17T05:52:26.736568Z DEBUG panoptikon::inferio::http: processing local inference predict model=tags/wd-vit-tagger-v3 inputs=1
2026-09-17T05:52:26.736637Z DEBUG panoptikon::inferio::http: processing local inference predict model=tags/wd-vit-tagger-v3 inputs=1
2026-09-17T05:52:26.736668Z DEBUG panoptikon::inferio::http: processing local inference predict model=tags/wd-vit-tagger-v3 inputs=1
2026-09-17T05:52:26.736705Z DEBUG panoptikon::inferio::http: processing local inference predict model=tags/wd-vit-tagger-v3 inputs=1
2026-09-17T05:52:26.736780Z DEBUG panoptikon::inferio::http: processing local inference predict model=tags/wd-vit-tagger-v3 inputs=1
2026-09-17T05:52:26.736888Z DEBUG panoptikon::inferio::http: processing local inference predict model=tags/wd-vit-tagger-v3 inputs=1
2026-09-17T05:52:26.736914Z DEBUG panoptikon::inferio::http: processing local inference predict model=tags/wd-vit-tagger-v3 inputs=1
2026-09-17T05:52:26.737166Z DEBUG panoptikon::inferio::http: processing local inference predict model=tags/wd-vit-tagger-v3 inputs=1
2026-09-17T05:52:26.737204Z DEBUG panoptikon::inferio::http: processing local inference predict model=tags/wd-vit-tagger-v3 inputs=1
2026-09-17T05:52:26.737242Z DEBUG panoptikon::inferio::http: processing local inference predict model=tags/wd-vit-tagger-v3 inputs=1
2026-09-17T05:52:26.737273Z DEBUG panoptikon::inferio::http: processing local inference predict model=tags/wd-vit-tagger-v3 inputs=1
2026-09-17T05:52:26.737298Z DEBUG panoptikon::inferio::http: processing local inference predict model=tags/wd-vit-tagger-v3 inputs=1
2026-09-17T05:52:26.737326Z DEBUG panoptikon::inferio::http: processing local inference predict model=tags/wd-vit-tagger-v3 inputs=1
2026-09-17T05:52:26.737352Z DEBUG panoptikon::inferio::http: processing local inference predict model=tags/wd-vit-tagger-v3 inputs=1
2026-09-17T05:52:26.737374Z DEBUG panoptikon::inferio::http: processing local inference predict model=tags/wd-vit-tagger-v3 inputs=1
2026-09-17T05:52:26.737417Z DEBUG panoptikon::inferio::http: processing local inference predict model=tags/wd-vit-tagger-v3 inputs=1
2026-09-17T05:52:26.737610Z DEBUG panoptikon::inferio::http: processing local inference predict model=tags/wd-vit-tagger-v3 inputs=1
2026-09-17T05:52:26.737632Z DEBUG panoptikon::inferio::http: processing local inference predict model=tags/wd-vit-tagger-v3 inputs=1
2026-09-17T05:52:26.737657Z DEBUG panoptikon::inferio::http: processing local inference predict model=tags/wd-vit-tagger-v3 inputs=1
2026-09-17T05:52:26.737701Z DEBUG panoptikon::inferio::http: processing local inference predict model=tags/wd-vit-tagger-v3 inputs=1
2026-09-17T05:52:26.737807Z DEBUG panoptikon::inferio::http: processing local inference predict model=tags/wd-vit-tagger-v3 inputs=1
2026-09-17T05:52:26.737832Z DEBUG panoptikon::inferio::http: processing local inference predict model=tags/wd-vit-tagger-v3 inputs=1
2026-09-17T05:52:26.738054Z DEBUG panoptikon::inferio::http: processing local inference predict model=tags/wd-vit-tagger-v3 inputs=1
2026-09-17T05:52:26.738170Z DEBUG panoptikon::inferio::http: processing local inference predict model=tags/wd-vit-tagger-v3 inputs=1
2026-09-17T05:52:26.738196Z DEBUG panoptikon::inferio::http: processing local inference predict model=tags/wd-vit-tagger-v3 inputs=1
2026-09-17T05:52:26.738520Z DEBUG panoptikon::inferio::http: processing local inference predict model=tags/wd-vit-tagger-v3 inputs=1
2026-09-17T05:52:26.738542Z DEBUG panoptikon::inferio::http: processing local inference predict model=tags/wd-vit-tagger-v3 inputs=1
2026-09-17T05:52:26.738578Z DEBUG panoptikon::inferio::http: processing local inference predict model=tags/wd-vit-tagger-v3 inputs=1
2026-09-17T05:52:26.738760Z DEBUG panoptikon::inferio::http: processing local inference predict model=tags/wd-vit-tagger-v3 inputs=1
2026-09-17T05:52:26.738867Z DEBUG panoptikon::inferio::http: processing local inference predict model=tags/wd-vit-tagger-v3 inputs=1
2026-09-17T05:52:26.739093Z DEBUG panoptikon::inferio::http: processing local inference predict model=tags/wd-vit-tagger-v3 inputs=1
2026-09-17T05:52:26.739258Z DEBUG panoptikon::inferio::http: processing local inference predict model=tags/wd-vit-tagger-v3 inputs=1
2026-09-17T05:52:26.739298Z DEBUG panoptikon::inferio::http: processing local inference predict model=tags/wd-vit-tagger-v3 inputs=1
2026-09-17T05:52:26.739367Z DEBUG panoptikon::inferio::http: processing local inference predict model=tags/wd-vit-tagger-v3 inputs=1
2026-09-17T05:52:26.739598Z DEBUG panoptikon::inferio::http: processing local inference predict model=tags/wd-vit-tagger-v3 inputs=1
2026-09-17T05:52:26.739808Z DEBUG panoptikon::inferio::http: processing local inference predict model=tags/wd-vit-tagger-v3 inputs=1
2026-09-17T05:52:26.739942Z DEBUG panoptikon::inferio::http: processing local inference predict model=tags/wd-vit-tagger-v3 inputs=1
2026-09-17T05:52:26.740160Z DEBUG panoptikon::inferio::http: processing local inference predict model=tags/wd-vit-tagger-v3 inputs=1
2026-09-17T05:52:26.740213Z DEBUG panoptikon::inferio::http: processing local inference predict model=tags/wd-vit-tagger-v3 inputs=1
2026-09-17T05:52:26.740341Z DEBUG panoptikon::inferio::http: processing local inference predict model=tags/wd-vit-tagger-v3 inputs=1
2026-09-17T05:52:26.740357Z DEBUG panoptikon::inferio::http: processing local inference predict model=tags/wd-vit-tagger-v3 inputs=1
2026-09-17T05:52:26.740459Z DEBUG panoptikon::inferio::http: processing local inference predict model=tags/wd-vit-tagger-v3 inputs=1
2026-09-17T05:52:26.740591Z DEBUG panoptikon::inferio::http: processing local inference predict model=tags/wd-vit-tagger-v3 inputs=1
2026-09-17T05:52:26.740671Z DEBUG panoptikon::inferio::http: processing local inference predict model=tags/wd-vit-tagger-v3 inputs=1
2026-09-17T05:52:26.740778Z DEBUG panoptikon::inferio::http: processing local inference predict model=tags/wd-vit-tagger-v3 inputs=1
2026-09-17T05:52:26.741062Z DEBUG panoptikon::inferio::http: processing local inference predict model=tags/wd-vit-tagger-v3 inputs=1
2026-09-17T05:52:26.741090Z DEBUG panoptikon::inferio::http: processing local inference predict model=tags/wd-vit-tagger-v3 inputs=1
2026-09-17T05:52:26.741205Z DEBUG panoptikon::inferio::http: processing local inference predict model=tags/wd-vit-tagger-v3 inputs=1
2026-09-17T05:52:26.741236Z DEBUG panoptikon::inferio::http: processing local inference predict model=tags/wd-vit-tagger-v3 inputs=1
2026-09-17T05:52:26.741270Z DEBUG panoptikon::inferio::http: processing local inference predict model=tags/wd-vit-tagger-v3 inputs=1
2026-09-17T05:52:26.741348Z DEBUG panoptikon::inferio::http: processing local inference predict model=tags/wd-vit-tagger-v3 inputs=1
2026-09-17T05:52:26.741504Z DEBUG panoptikon::inferio::http: processing local inference predict model=tags/wd-vit-tagger-v3 inputs=1
2026-09-17T05:52:26.741525Z DEBUG panoptikon::inferio::http: processing local inference predict model=tags/wd-vit-tagger-v3 inputs=1
2026-09-17T05:52:26.741724Z DEBUG panoptikon::inferio::http: processing local inference predict model=tags/wd-vit-tagger-v3 inputs=1
2026-09-17T05:52:26.741949Z DEBUG panoptikon::inferio::http: processing local inference predict model=tags/wd-vit-tagger-v3 inputs=1
2026-09-17T05:52:26.741982Z DEBUG panoptikon::inferio::http: processing local inference predict model=tags/wd-vit-tagger-v3 inputs=1
2026-09-17T05:52:26.742022Z DEBUG panoptikon::inferio::http: processing local inference predict model=tags/wd-vit-tagger-v3 inputs=1
2026-09-17T05:52:26.742154Z DEBUG panoptikon::inferio::http: processing local inference predict model=tags/wd-vit-tagger-v3 inputs=1
2026-09-17T05:52:26.742368Z DEBUG panoptikon::inferio::http: processing local inference predict model=tags/wd-vit-tagger-v3 inputs=1
2026-09-17T05:52:26.742407Z DEBUG panoptikon::inferio::http: processing local inference predict model=tags/wd-vit-tagger-v3 inputs=1
2026-09-17T05:52:26.742502Z DEBUG panoptikon::inferio::http: processing local inference predict model=tags/wd-vit-tagger-v3 inputs=1
2026-09-17T05:52:26.742536Z DEBUG panoptikon::inferio::http: processing local inference predict model=tags/wd-vit-tagger-v3 inputs=1
2026-09-17T05:52:26.742609Z DEBUG panoptikon::inferio::http: processing local inference predict model=tags/wd-vit-tagger-v3 inputs=1
2026-09-17T05:52:26.742693Z DEBUG panoptikon::inferio::http: processing local inference predict model=tags/wd-vit-tagger-v3 inputs=1
2026-09-17T05:52:26.923339Z  INFO panoptikon::inferio::worker: 2026-09-17 05:52:26,923 [DEBUG] inferio_worker_impl_0_wd_tagger: Running inference on 32 images worker=wd_tagger
2026-09-17T05:52:33.728340Z  INFO panoptikon::inferio::worker: 2026-09-17 05:52:33,728 [DEBUG] inferio_worker_impl_0_wd_tagger: Running inference on 32 images worker=wd_tagger
2026-09-17T05:52:40.477149Z  INFO panoptikon::inferio::worker: 2026-09-17 05:52:40,476 [DEBUG] inferio_worker_impl_0_wd_tagger: Running inference on 32 images worker=wd_tagger
2026-09-17T05:52:46.378326Z DEBUG panoptikon::inferio::ledger: refitted the memory cost model model=tags/wd-vit-tagger-v3 gpu=CPU slope_mb_per_unit=36.339285714285715 intercept_mb=52.571428571428555 residual_mb=3.3392857142856656 samples=9 version=25
2026-09-17T05:52:46.378375Z DEBUG panoptikon::inferio::ledger: declining to fit a throughput knee: the largest batch size in the ring has too few observations to be certified quiet, so nothing below it can be called a plateau yet observed_top=5 observations=128 minimum=2
2026-09-17T05:52:46.378395Z DEBUG panoptikon::inferio::ledger: queued a calibration profile update for the store model=tags/wd-vit-tagger-v3 gpu=CPU reason="fit_changed" max_units_measured=32 fit_version=25
2026-09-17T05:52:46.378417Z DEBUG panoptikon::inferio::ledger: settled a granted window model=tags/wd-vit-tagger-v3 gpu=CPU outcome="clean" fit_samples=3 throughput_samples=1 clamped_samples=0 clamped=none ramp_step=4 deflation=0 clean_windows=46 max_units_measured=32
2026-09-17T05:52:46.378491Z DEBUG panoptikon::inferio::ledger: issued a memory grant model=tags/wd-vit-tagger-v3 gpu=CPU unit_budget=32 mb=1163 canvas_pixels=none share_mb=96007 room_mb=96007 headroom_mb=95169 external_mb=29511 reserve_mb=1024 reserve_rule="capped_default" pre_fit=false ramp_step=4 deflation=0 squeezed=false window_requests=96
2026-09-17T05:52:46.381410Z DEBUG panoptikon::inferio::http: processing local inference predict model=tags/wd-vit-tagger-v3 inputs=1
2026-09-17T05:52:46.381449Z DEBUG panoptikon::inferio::http: processing local inference predict model=tags/wd-vit-tagger-v3 inputs=1
2026-09-17T05:52:46.382384Z DEBUG panoptikon::inferio::http: processing local inference predict model=tags/wd-vit-tagger-v3 inputs=1
2026-09-17T05:52:46.382431Z DEBUG panoptikon::inferio::http: processing local inference predict model=tags/wd-vit-tagger-v3 inputs=1
2026-09-17T05:52:46.382692Z DEBUG panoptikon::inferio::http: processing local inference predict model=tags/wd-vit-tagger-v3 inputs=1
2026-09-17T05:52:46.382758Z DEBUG panoptikon::inferio::http: processing local inference predict model=tags/wd-vit-tagger-v3 inputs=1
2026-09-17T05:52:46.383308Z DEBUG panoptikon::inferio::http: processing local inference predict model=tags/wd-vit-tagger-v3 inputs=1
2026-09-17T05:52:46.383403Z DEBUG panoptikon::inferio::http: processing local inference predict model=tags/wd-vit-tagger-v3 inputs=1
2026-09-17T05:52:46.383424Z DEBUG panoptikon::inferio::http: processing local inference predict model=tags/wd-vit-tagger-v3 inputs=1
2026-09-17T05:52:46.383453Z DEBUG panoptikon::inferio::http: processing local inference predict model=tags/wd-vit-tagger-v3 inputs=1
2026-09-17T05:52:46.383495Z DEBUG panoptikon::inferio::http: processing local inference predict model=tags/wd-vit-tagger-v3 inputs=1
2026-09-17T05:52:46.383544Z DEBUG panoptikon::inferio::http: processing local inference predict model=tags/wd-vit-tagger-v3 inputs=1
2026-09-17T05:52:46.383627Z DEBUG panoptikon::inferio::http: processing local inference predict model=tags/wd-vit-tagger-v3 inputs=1
2026-09-17T05:52:46.383724Z DEBUG panoptikon::inferio::http: processing local inference predict model=tags/wd-vit-tagger-v3 inputs=1
2026-09-17T05:52:46.383885Z DEBUG panoptikon::inferio::http: processing local inference predict model=tags/wd-vit-tagger-v3 inputs=1
2026-09-17T05:52:46.383941Z DEBUG panoptikon::inferio::http: processing local inference predict model=tags/wd-vit-tagger-v3 inputs=1
2026-09-17T05:52:46.384043Z DEBUG panoptikon::inferio::http: processing local inference predict model=tags/wd-vit-tagger-v3 inputs=1
2026-09-17T05:52:46.384218Z DEBUG panoptikon::inferio::http: processing local inference predict model=tags/wd-vit-tagger-v3 inputs=1
2026-09-17T05:52:46.384700Z DEBUG panoptikon::inferio::http: processing local inference predict model=tags/wd-vit-tagger-v3 inputs=1
2026-09-17T05:52:46.384733Z DEBUG panoptikon::inferio::http: processing local inference predict model=tags/wd-vit-tagger-v3 inputs=1
2026-09-17T05:52:46.384776Z DEBUG panoptikon::inferio::http: processing local inference predict model=tags/wd-vit-tagger-v3 inputs=1
2026-09-17T05:52:46.384818Z DEBUG panoptikon::inferio::http: processing local inference predict model=tags/wd-vit-tagger-v3 inputs=1
2026-09-17T05:52:46.384864Z DEBUG panoptikon::inferio::http: processing local inference predict model=tags/wd-vit-tagger-v3 inputs=1
2026-09-17T05:52:46.384907Z DEBUG panoptikon::inferio::http: processing local inference predict model=tags/wd-vit-tagger-v3 inputs=1
2026-09-17T05:52:46.384950Z DEBUG panoptikon::inferio::http: processing local inference predict model=tags/wd-vit-tagger-v3 inputs=1
2026-09-17T05:52:46.384975Z DEBUG panoptikon::inferio::http: processing local inference predict model=tags/wd-vit-tagger-v3 inputs=1
2026-09-17T05:52:46.385015Z DEBUG panoptikon::inferio::http: processing local inference predict model=tags/wd-vit-tagger-v3 inputs=1
2026-09-17T05:52:46.385054Z DEBUG panoptikon::inferio::http: processing local inference predict model=tags/wd-vit-tagger-v3 inputs=1
2026-09-17T05:52:46.385080Z DEBUG panoptikon::inferio::http: processing local inference predict model=tags/wd-vit-tagger-v3 inputs=1
2026-09-17T05:52:46.385117Z DEBUG panoptikon::inferio::http: processing local inference predict model=tags/wd-vit-tagger-v3 inputs=1
2026-09-17T05:52:46.385151Z DEBUG panoptikon::inferio::http: processing local inference predict model=tags/wd-vit-tagger-v3 inputs=1
2026-09-17T05:52:46.385300Z DEBUG panoptikon::inferio::http: processing local inference predict model=tags/wd-vit-tagger-v3 inputs=1
2026-09-17T05:52:46.385336Z DEBUG panoptikon::inferio::http: processing local inference predict model=tags/wd-vit-tagger-v3 inputs=1
2026-09-17T05:52:46.385370Z DEBUG panoptikon::inferio::http: processing local inference predict model=tags/wd-vit-tagger-v3 inputs=1
2026-09-17T05:52:46.385398Z DEBUG panoptikon::inferio::http: processing local inference predict model=tags/wd-vit-tagger-v3 inputs=1
2026-09-17T05:52:46.385438Z DEBUG panoptikon::inferio::http: processing local inference predict model=tags/wd-vit-tagger-v3 inputs=1
2026-09-17T05:52:46.385474Z DEBUG panoptikon::inferio::http: processing local inference predict model=tags/wd-vit-tagger-v3 inputs=1
2026-09-17T05:52:46.385501Z DEBUG panoptikon::inferio::http: processing local inference predict model=tags/wd-vit-tagger-v3 inputs=1
2026-09-17T05:52:46.385537Z DEBUG panoptikon::inferio::http: processing local inference predict model=tags/wd-vit-tagger-v3 inputs=1
2026-09-17T05:52:46.385573Z DEBUG panoptikon::inferio::http: processing local inference predict model=tags/wd-vit-tagger-v3 inputs=1
2026-09-17T05:52:46.385608Z DEBUG panoptikon::inferio::http: processing local inference predict model=tags/wd-vit-tagger-v3 inputs=1
2026-09-17T05:52:46.385647Z DEBUG panoptikon::inferio::http: processing local inference predict model=tags/wd-vit-tagger-v3 inputs=1
2026-09-17T05:52:46.385695Z DEBUG panoptikon::inferio::http: processing local inference predict model=tags/wd-vit-tagger-v3 inputs=1
2026-09-17T05:52:46.385806Z DEBUG panoptikon::inferio::http: processing local inference predict model=tags/wd-vit-tagger-v3 inputs=1
2026-09-17T05:52:46.385835Z DEBUG panoptikon::inferio::http: processing local inference predict model=tags/wd-vit-tagger-v3 inputs=1
2026-09-17T05:52:46.386086Z DEBUG panoptikon::inferio::http: processing local inference predict model=tags/wd-vit-tagger-v3 inputs=1
2026-09-17T05:52:46.386115Z DEBUG panoptikon::inferio::http: processing local inference predict model=tags/wd-vit-tagger-v3 inputs=1
2026-09-17T05:52:46.386146Z DEBUG panoptikon::inferio::http: processing local inference predict model=tags/wd-vit-tagger-v3 inputs=1
2026-09-17T05:52:46.386168Z DEBUG panoptikon::inferio::http: processing local inference predict model=tags/wd-vit-tagger-v3 inputs=1
2026-09-17T05:52:46.386223Z DEBUG panoptikon::inferio::http: processing local inference predict model=tags/wd-vit-tagger-v3 inputs=1
2026-09-17T05:52:46.386243Z DEBUG panoptikon::inferio::http: processing local inference predict model=tags/wd-vit-tagger-v3 inputs=1
2026-09-17T05:52:46.386318Z DEBUG panoptikon::inferio::http: processing local inference predict model=tags/wd-vit-tagger-v3 inputs=1
2026-09-17T05:52:46.386349Z DEBUG panoptikon::inferio::http: processing local inference predict model=tags/wd-vit-tagger-v3 inputs=1
2026-09-17T05:52:46.386376Z DEBUG panoptikon::inferio::http: processing local inference predict model=tags/wd-vit-tagger-v3 inputs=1
2026-09-17T05:52:46.386404Z DEBUG panoptikon::inferio::http: processing local inference predict model=tags/wd-vit-tagger-v3 inputs=1
2026-09-17T05:52:46.386433Z DEBUG panoptikon::inferio::http: processing local inference predict model=tags/wd-vit-tagger-v3 inputs=1
2026-09-17T05:52:46.386492Z DEBUG panoptikon::inferio::http: processing local inference predict model=tags/wd-vit-tagger-v3 inputs=1
2026-09-17T05:52:46.386567Z DEBUG panoptikon::inferio::http: processing local inference predict model=tags/wd-vit-tagger-v3 inputs=1
2026-09-17T05:52:46.386691Z DEBUG panoptikon::inferio::http: processing local inference predict model=tags/wd-vit-tagger-v3 inputs=1
2026-09-17T05:52:46.386727Z DEBUG panoptikon::inferio::http: processing local inference predict model=tags/wd-vit-tagger-v3 inputs=1
2026-09-17T05:52:46.386765Z DEBUG panoptikon::inferio::http: processing local inference predict model=tags/wd-vit-tagger-v3 inputs=1
2026-09-17T05:52:46.386797Z DEBUG panoptikon::inferio::http: processing local inference predict model=tags/wd-vit-tagger-v3 inputs=1
2026-09-17T05:52:46.386920Z DEBUG panoptikon::inferio::http: processing local inference predict model=tags/wd-vit-tagger-v3 inputs=1
2026-09-17T05:52:46.387000Z DEBUG panoptikon::inferio::http: processing local inference predict model=tags/wd-vit-tagger-v3 inputs=1
2026-09-17T05:52:46.387023Z DEBUG panoptikon::inferio::http: processing local inference predict model=tags/wd-vit-tagger-v3 inputs=1
2026-09-17T05:52:46.387067Z DEBUG panoptikon::inferio::http: processing local inference predict model=tags/wd-vit-tagger-v3 inputs=1
2026-09-17T05:52:46.387104Z DEBUG panoptikon::inferio::http: processing local inference predict model=tags/wd-vit-tagger-v3 inputs=1
2026-09-17T05:52:46.387150Z DEBUG panoptikon::inferio::http: processing local inference predict model=tags/wd-vit-tagger-v3 inputs=1
2026-09-17T05:52:46.387185Z DEBUG panoptikon::inferio::http: processing local inference predict model=tags/wd-vit-tagger-v3 inputs=1
2026-09-17T05:52:46.387241Z DEBUG panoptikon::inferio::http: processing local inference predict model=tags/wd-vit-tagger-v3 inputs=1
2026-09-17T05:52:46.387467Z DEBUG panoptikon::inferio::http: processing local inference predict model=tags/wd-vit-tagger-v3 inputs=1
2026-09-17T05:52:46.387496Z DEBUG panoptikon::inferio::http: processing local inference predict model=tags/wd-vit-tagger-v3 inputs=1
2026-09-17T05:52:46.387532Z DEBUG panoptikon::inferio::http: processing local inference predict model=tags/wd-vit-tagger-v3 inputs=1
2026-09-17T05:52:46.387561Z DEBUG panoptikon::inferio::http: processing local inference predict model=tags/wd-vit-tagger-v3 inputs=1
2026-09-17T05:52:46.387672Z DEBUG panoptikon::inferio::http: processing local inference predict model=tags/wd-vit-tagger-v3 inputs=1
2026-09-17T05:52:46.387707Z DEBUG panoptikon::inferio::http: processing local inference predict model=tags/wd-vit-tagger-v3 inputs=1
2026-09-17T05:52:46.387745Z DEBUG panoptikon::inferio::http: processing local inference predict model=tags/wd-vit-tagger-v3 inputs=1
2026-09-17T05:52:46.387776Z DEBUG panoptikon::inferio::http: processing local inference predict model=tags/wd-vit-tagger-v3 inputs=1
2026-09-17T05:52:46.387808Z DEBUG panoptikon::inferio::http: processing local inference predict model=tags/wd-vit-tagger-v3 inputs=1
2026-09-17T05:52:46.387836Z DEBUG panoptikon::inferio::http: processing local inference predict model=tags/wd-vit-tagger-v3 inputs=1
2026-09-17T05:52:46.387862Z DEBUG panoptikon::inferio::http: processing local inference predict model=tags/wd-vit-tagger-v3 inputs=1
2026-09-17T05:52:46.387889Z DEBUG panoptikon::inferio::http: processing local inference predict model=tags/wd-vit-tagger-v3 inputs=1
2026-09-17T05:52:46.388051Z DEBUG panoptikon::inferio::http: processing local inference predict model=tags/wd-vit-tagger-v3 inputs=1
2026-09-17T05:52:46.388087Z DEBUG panoptikon::inferio::http: processing local inference predict model=tags/wd-vit-tagger-v3 inputs=1
2026-09-17T05:52:46.388124Z DEBUG panoptikon::inferio::http: processing local inference predict model=tags/wd-vit-tagger-v3 inputs=1
2026-09-17T05:52:46.388149Z DEBUG panoptikon::inferio::http: processing local inference predict model=tags/wd-vit-tagger-v3 inputs=1
2026-09-17T05:52:46.388176Z DEBUG panoptikon::inferio::http: processing local inference predict model=tags/wd-vit-tagger-v3 inputs=1
2026-09-17T05:52:46.388206Z DEBUG panoptikon::inferio::http: processing local inference predict model=tags/wd-vit-tagger-v3 inputs=1
2026-09-17T05:52:46.388230Z DEBUG panoptikon::inferio::http: processing local inference predict model=tags/wd-vit-tagger-v3 inputs=1
2026-09-17T05:52:46.388285Z DEBUG panoptikon::inferio::http: processing local inference predict model=tags/wd-vit-tagger-v3 inputs=1
2026-09-17T05:52:46.388313Z DEBUG panoptikon::inferio::http: processing local inference predict model=tags/wd-vit-tagger-v3 inputs=1
2026-09-17T05:52:46.388420Z DEBUG panoptikon::inferio::http: processing local inference predict model=tags/wd-vit-tagger-v3 inputs=1
2026-09-17T05:52:46.388524Z DEBUG panoptikon::inferio::http: processing local inference predict model=tags/wd-vit-tagger-v3 inputs=1
2026-09-17T05:52:46.388546Z DEBUG panoptikon::inferio::http: processing local inference predict model=tags/wd-vit-tagger-v3 inputs=1
2026-09-17T05:52:46.388580Z DEBUG panoptikon::inferio::http: processing local inference predict model=tags/wd-vit-tagger-v3 inputs=1
2026-09-17T05:52:46.388600Z DEBUG panoptikon::inferio::http: processing local inference predict model=tags/wd-vit-tagger-v3 inputs=1
2026-09-17T05:52:46.599509Z  INFO panoptikon::inferio::worker: 2026-09-17 05:52:46,599 [DEBUG] inferio_worker_impl_0_wd_tagger: Running inference on 32 images worker=wd_tagger
2026-09-17T05:52:50.371699Z  INFO panoptikon::inferio::calibration: wrote the local calibration store path=data/inferio/calibration.toml profiles=1
2026-09-17T05:52:52.732584Z  INFO panoptikon::inferio::worker: 2026-09-17 05:52:52,732 [DEBUG] inferio_worker_impl_0_wd_tagger: Running inference on 32 images worker=wd_tagger
2026-09-17T05:52:59.397201Z  INFO panoptikon::inferio::worker: 2026-09-17 05:52:59,396 [DEBUG] inferio_worker_impl_0_wd_tagger: Running inference on 32 images worker=wd_tagger
2026-09-17T05:53:05.350647Z DEBUG panoptikon::inferio::ledger: fitted a throughput knee; batches larger than this are no longer admitted however much memory is free model=tags/wd-vit-tagger-v3 gpu=CPU knee_units=15 previous=None observations=128
2026-09-17T05:53:05.350678Z DEBUG panoptikon::inferio::ledger: queued a calibration profile update for the store model=tags/wd-vit-tagger-v3 gpu=CPU reason="knee_changed" max_units_measured=32 fit_version=25
2026-09-17T05:53:05.350709Z DEBUG panoptikon::inferio::ledger: settled a granted window model=tags/wd-vit-tagger-v3 gpu=CPU outcome="clean" fit_samples=3 throughput_samples=2 clamped_samples=0 clamped=none ramp_step=4 deflation=0 clean_windows=47 max_units_measured=32
2026-09-17T05:53:05.350788Z DEBUG panoptikon::inferio::ledger: issued a memory grant model=tags/wd-vit-tagger-v3 gpu=CPU unit_budget=15 mb=546 canvas_pixels=none share_mb=96007 room_mb=96007 headroom_mb=95166 external_mb=29536 reserve_mb=1024 reserve_rule="capped_default" pre_fit=false ramp_step=4 deflation=0 squeezed=false window_requests=45
2026-09-17T05:53:05.354116Z DEBUG panoptikon::inferio::http: processing local inference predict model=tags/wd-vit-tagger-v3 inputs=1
2026-09-17T05:53:05.354890Z DEBUG panoptikon::inferio::http: processing local inference predict model=tags/wd-vit-tagger-v3 inputs=1
2026-09-17T05:53:05.355086Z DEBUG panoptikon::inferio::http: processing local inference predict model=tags/wd-vit-tagger-v3 inputs=1
2026-09-17T05:53:05.355143Z DEBUG panoptikon::inferio::http: processing local inference predict model=tags/wd-vit-tagger-v3 inputs=1
2026-09-17T05:53:05.355518Z DEBUG panoptikon::inferio::http: processing local inference predict model=tags/wd-vit-tagger-v3 inputs=1
2026-09-17T05:53:05.355637Z DEBUG panoptikon::inferio::http: processing local inference predict model=tags/wd-vit-tagger-v3 inputs=1
2026-09-17T05:53:05.355769Z DEBUG panoptikon::inferio::http: processing local inference predict model=tags/wd-vit-tagger-v3 inputs=1
2026-09-17T05:53:05.356064Z DEBUG panoptikon::inferio::http: processing local inference predict model=tags/wd-vit-tagger-v3 inputs=1
2026-09-17T05:53:05.356104Z DEBUG panoptikon::inferio::http: processing local inference predict model=tags/wd-vit-tagger-v3 inputs=1
2026-09-17T05:53:05.356256Z DEBUG panoptikon::inferio::http: processing local inference predict model=tags/wd-vit-tagger-v3 inputs=1
2026-09-17T05:53:05.356543Z DEBUG panoptikon::inferio::http: processing local inference predict model=tags/wd-vit-tagger-v3 inputs=1
2026-09-17T05:53:05.356621Z DEBUG panoptikon::inferio::http: processing local inference predict model=tags/wd-vit-tagger-v3 inputs=1
2026-09-17T05:53:05.356733Z DEBUG panoptikon::inferio::http: processing local inference predict model=tags/wd-vit-tagger-v3 inputs=1
2026-09-17T05:53:05.356879Z DEBUG panoptikon::inferio::http: processing local inference predict model=tags/wd-vit-tagger-v3 inputs=1
2026-09-17T05:53:05.356921Z DEBUG panoptikon::inferio::http: processing local inference predict model=tags/wd-vit-tagger-v3 inputs=1
2026-09-17T05:53:05.357141Z DEBUG panoptikon::inferio::http: processing local inference predict model=tags/wd-vit-tagger-v3 inputs=1
2026-09-17T05:53:05.357178Z DEBUG panoptikon::inferio::http: processing local inference predict model=tags/wd-vit-tagger-v3 inputs=1
2026-09-17T05:53:05.357219Z DEBUG panoptikon::inferio::http: processing local inference predict model=tags/wd-vit-tagger-v3 inputs=1
2026-09-17T05:53:05.357250Z DEBUG panoptikon::inferio::http: processing local inference predict model=tags/wd-vit-tagger-v3 inputs=1
2026-09-17T05:53:05.357275Z DEBUG panoptikon::inferio::http: processing local inference predict model=tags/wd-vit-tagger-v3 inputs=1
2026-09-17T05:53:05.357332Z DEBUG panoptikon::inferio::http: processing local inference predict model=tags/wd-vit-tagger-v3 inputs=1
2026-09-17T05:53:05.357377Z DEBUG panoptikon::inferio::http: processing local inference predict model=tags/wd-vit-tagger-v3 inputs=1
2026-09-17T05:53:05.357416Z DEBUG panoptikon::inferio::http: processing local inference predict model=tags/wd-vit-tagger-v3 inputs=1
2026-09-17T05:53:05.357451Z DEBUG panoptikon::inferio::http: processing local inference predict model=tags/wd-vit-tagger-v3 inputs=1
2026-09-17T05:53:05.357486Z DEBUG panoptikon::inferio::http: processing local inference predict model=tags/wd-vit-tagger-v3 inputs=1
2026-09-17T05:53:05.357518Z DEBUG panoptikon::inferio::http: processing local inference predict model=tags/wd-vit-tagger-v3 inputs=1
2026-09-17T05:53:05.357548Z DEBUG panoptikon::inferio::http: processing local inference predict model=tags/wd-vit-tagger-v3 inputs=1
2026-09-17T05:53:05.357580Z DEBUG panoptikon::inferio::http: processing local inference predict model=tags/wd-vit-tagger-v3 inputs=1
2026-09-17T05:53:05.357615Z DEBUG panoptikon::inferio::http: processing local inference predict model=tags/wd-vit-tagger-v3 inputs=1
2026-09-17T05:53:05.357654Z DEBUG panoptikon::inferio::http: processing local inference predict model=tags/wd-vit-tagger-v3 inputs=1
2026-09-17T05:53:05.357699Z DEBUG panoptikon::inferio::http: processing local inference predict model=tags/wd-vit-tagger-v3 inputs=1
2026-09-17T05:53:05.357746Z DEBUG panoptikon::inferio::http: processing local inference predict model=tags/wd-vit-tagger-v3 inputs=1
2026-09-17T05:53:05.357967Z DEBUG panoptikon::inferio::http: processing local inference predict model=tags/wd-vit-tagger-v3 inputs=1
2026-09-17T05:53:05.357995Z DEBUG panoptikon::inferio::http: processing local inference predict model=tags/wd-vit-tagger-v3 inputs=1
2026-09-17T05:53:05.358106Z DEBUG panoptikon::inferio::http: processing local inference predict model=tags/wd-vit-tagger-v3 inputs=1
2026-09-17T05:53:05.358184Z DEBUG panoptikon::inferio::http: processing local inference predict model=tags/wd-vit-tagger-v3 inputs=1
2026-09-17T05:53:05.358284Z DEBUG panoptikon::inferio::http: processing local inference predict model=tags/wd-vit-tagger-v3 inputs=1
2026-09-17T05:53:05.358446Z DEBUG panoptikon::inferio::http: processing local inference predict model=tags/wd-vit-tagger-v3 inputs=1
2026-09-17T05:53:05.358471Z DEBUG panoptikon::inferio::http: processing local inference predict model=tags/wd-vit-tagger-v3 inputs=1
2026-09-17T05:53:05.358501Z DEBUG panoptikon::inferio::http: processing local inference predict model=tags/wd-vit-tagger-v3 inputs=1
2026-09-17T05:53:05.358528Z DEBUG panoptikon::inferio::http: processing local inference predict model=tags/wd-vit-tagger-v3 inputs=1
2026-09-17T05:53:05.358612Z DEBUG panoptikon::inferio::http: processing local inference predict model=tags/wd-vit-tagger-v3 inputs=1
2026-09-17T05:53:05.358668Z DEBUG panoptikon::inferio::http: processing local inference predict model=tags/wd-vit-tagger-v3 inputs=1
2026-09-17T05:53:05.358844Z DEBUG panoptikon::inferio::http: processing local inference predict model=tags/wd-vit-tagger-v3 inputs=1
2026-09-17T05:53:05.358942Z DEBUG panoptikon::inferio::http: processing local inference predict model=tags/wd-vit-tagger-v3 inputs=1
2026-09-17T05:53:05.359191Z DEBUG panoptikon::inferio::http: processing local inference predict model=tags/wd-vit-tagger-v3 inputs=1
2026-09-17T05:53:05.359380Z DEBUG panoptikon::inferio::http: processing local inference predict model=tags/wd-vit-tagger-v3 inputs=1
2026-09-17T05:53:05.359436Z DEBUG panoptikon::inferio::http: processing local inference predict model=tags/wd-vit-tagger-v3 inputs=1
2026-09-17T05:53:05.359477Z DEBUG panoptikon::inferio::http: processing local inference predict model=tags/wd-vit-tagger-v3 inputs=1
2026-09-17T05:53:05.359631Z DEBUG panoptikon::inferio::http: processing local inference predict model=tags/wd-vit-tagger-v3 inputs=1
2026-09-17T05:53:05.359692Z DEBUG panoptikon::inferio::http: processing local inference predict model=tags/wd-vit-tagger-v3 inputs=1
2026-09-17T05:53:05.359840Z DEBUG panoptikon::inferio::http: processing local inference predict model=tags/wd-vit-tagger-v3 inputs=1
2026-09-17T05:53:05.360021Z DEBUG panoptikon::inferio::http: processing local inference predict model=tags/wd-vit-tagger-v3 inputs=1
2026-09-17T05:53:05.360087Z DEBUG panoptikon::inferio::http: processing local inference predict model=tags/wd-vit-tagger-v3 inputs=1
2026-09-17T05:53:05.361541Z  INFO panoptikon::inferio::worker: 2026-09-17 05:53:05,361 [DEBUG] inferio_worker.packing: this window's 546 MiB grant is below 80% of the 1075 MiB of releasable slack in the 1891 MiB pool (1/2 consecutive windows before releasing it) worker=wd_tagger
2026-09-17T05:53:05.453254Z  INFO panoptikon::inferio::worker: 2026-09-17 05:53:05,453 [DEBUG] inferio_worker_impl_0_wd_tagger: Running inference on 15 images worker=wd_tagger
2026-09-17T05:53:07.688352Z  INFO panoptikon::inferio::worker: 2026-09-17 05:53:07,688 [DEBUG] inferio_worker_impl_0_wd_tagger: Running inference on 15 images worker=wd_tagger
2026-09-17T05:53:09.793139Z  INFO panoptikon::inferio::worker: 2026-09-17 05:53:09,792 [DEBUG] inferio_worker_impl_0_wd_tagger: Running inference on 15 images worker=wd_tagger
2026-09-17T05:53:11.827734Z DEBUG panoptikon::inferio::ledger: refitted the memory cost model model=tags/wd-vit-tagger-v3 gpu=CPU slope_mb_per_unit=36.63095238095238 intercept_mb=50.73809523809524 residual_mb=9.047619047619037 samples=9 version=26
2026-09-17T05:53:11.827783Z DEBUG panoptikon::inferio::ledger: queued a calibration profile update for the store model=tags/wd-vit-tagger-v3 gpu=CPU reason="fit_changed" max_units_measured=32 fit_version=26
2026-09-17T05:53:11.827828Z DEBUG panoptikon::inferio::ledger: settled a granted window model=tags/wd-vit-tagger-v3 gpu=CPU outcome="clean" fit_samples=3 throughput_samples=3 clamped_samples=0 clamped=none ramp_step=4 deflation=0 clean_windows=48 max_units_measured=32
2026-09-17T05:53:11.827905Z DEBUG panoptikon::inferio::ledger: issued a memory grant model=tags/wd-vit-tagger-v3 gpu=CPU unit_budget=15 mb=550 canvas_pixels=none share_mb=96007 room_mb=96007 headroom_mb=95166 external_mb=29356 reserve_mb=1024 reserve_rule="capped_default" pre_fit=false ramp_step=4 deflation=0 squeezed=false window_requests=45
2026-09-17T05:53:11.925082Z  INFO panoptikon::inferio::worker: 2026-09-17 05:53:11,924 [DEBUG] inferio_worker_impl_0_wd_tagger: Running inference on 15 images worker=wd_tagger
2026-09-17T05:53:14.292598Z  INFO panoptikon::inferio::worker: 2026-09-17 05:53:14,292 [DEBUG] inferio_worker_impl_0_wd_tagger: Running inference on 15 images worker=wd_tagger
2026-09-17T05:53:16.483527Z  INFO panoptikon::inferio::worker: 2026-09-17 05:53:16,483 [DEBUG] inferio_worker_impl_0_wd_tagger: Running inference on 15 images worker=wd_tagger
2026-09-17T05:53:18.597685Z  INFO panoptikon::inferio::worker: 2026-09-17 05:53:18,597 [DEBUG] inferio_worker.packing: retiring the throughput comparator after 8 non-comparable batches worker=wd_tagger
2026-09-17T05:53:18.598969Z DEBUG panoptikon::inferio::ledger: settled a granted window model=tags/wd-vit-tagger-v3 gpu=CPU outcome="clean" fit_samples=3 throughput_samples=3 clamped_samples=0 clamped=none ramp_step=4 deflation=0 clean_windows=49 max_units_measured=32
2026-09-17T05:53:18.599028Z DEBUG panoptikon::inferio::ledger: issued a memory grant model=tags/wd-vit-tagger-v3 gpu=CPU unit_budget=15 mb=550 canvas_pixels=none share_mb=96007 room_mb=96007 headroom_mb=95166 external_mb=29337 reserve_mb=1024 reserve_rule="capped_default" pre_fit=false ramp_step=4 deflation=0 squeezed=false window_requests=45
2026-09-17T05:53:18.601480Z DEBUG panoptikon::inferio::http: processing local inference predict model=tags/wd-vit-tagger-v3 inputs=1
2026-09-17T05:53:18.601777Z DEBUG panoptikon::inferio::http: processing local inference predict model=tags/wd-vit-tagger-v3 inputs=1
2026-09-17T05:53:18.601810Z DEBUG panoptikon::inferio::http: processing local inference predict model=tags/wd-vit-tagger-v3 inputs=1
2026-09-17T05:53:18.601860Z DEBUG panoptikon::inferio::http: processing local inference predict model=tags/wd-vit-tagger-v3 inputs=1
2026-09-17T05:53:18.601975Z DEBUG panoptikon::inferio::http: processing local inference predict model=tags/wd-vit-tagger-v3 inputs=1
2026-09-17T05:53:18.602028Z DEBUG panoptikon::inferio::http: processing local inference predict model=tags/wd-vit-tagger-v3 inputs=1
2026-09-17T05:53:18.602068Z DEBUG panoptikon::inferio::http: processing local inference predict model=tags/wd-vit-tagger-v3 inputs=1
2026-09-17T05:53:18.602099Z DEBUG panoptikon::inferio::http: processing local inference predict model=tags/wd-vit-tagger-v3 inputs=1
2026-09-17T05:53:18.602151Z DEBUG panoptikon::inferio::http: processing local inference predict model=tags/wd-vit-tagger-v3 inputs=1
2026-09-17T05:53:18.602186Z DEBUG panoptikon::inferio::http: processing local inference predict model=tags/wd-vit-tagger-v3 inputs=1
2026-09-17T05:53:18.602228Z DEBUG panoptikon::inferio::http: processing local inference predict model=tags/wd-vit-tagger-v3 inputs=1
2026-09-17T05:53:18.602385Z DEBUG panoptikon::inferio::http: processing local inference predict model=tags/wd-vit-tagger-v3 inputs=1
2026-09-17T05:53:18.602411Z DEBUG panoptikon::inferio::http: processing local inference predict model=tags/wd-vit-tagger-v3 inputs=1
2026-09-17T05:53:18.602444Z DEBUG panoptikon::inferio::http: processing local inference predict model=tags/wd-vit-tagger-v3 inputs=1
2026-09-17T05:53:18.602476Z DEBUG panoptikon::inferio::http: processing local inference predict model=tags/wd-vit-tagger-v3 inputs=1
2026-09-17T05:53:18.602515Z DEBUG panoptikon::inferio::http: processing local inference predict model=tags/wd-vit-tagger-v3 inputs=1
2026-09-17T05:53:18.602554Z DEBUG panoptikon::inferio::http: processing local inference predict model=tags/wd-vit-tagger-v3 inputs=1
2026-09-17T05:53:18.602593Z DEBUG panoptikon::inferio::http: processing local inference predict model=tags/wd-vit-tagger-v3 inputs=1
2026-09-17T05:53:18.602656Z DEBUG panoptikon::inferio::http: processing local inference predict model=tags/wd-vit-tagger-v3 inputs=1
2026-09-17T05:53:18.602698Z DEBUG panoptikon::inferio::http: processing local inference predict model=tags/wd-vit-tagger-v3 inputs=1
2026-09-17T05:53:18.603043Z DEBUG panoptikon::inferio::http: processing local inference predict model=tags/wd-vit-tagger-v3 inputs=1
2026-09-17T05:53:18.603099Z DEBUG panoptikon::inferio::http: processing local inference predict model=tags/wd-vit-tagger-v3 inputs=1
2026-09-17T05:53:18.603362Z DEBUG panoptikon::inferio::http: processing local inference predict model=tags/wd-vit-tagger-v3 inputs=1
2026-09-17T05:53:18.603393Z DEBUG panoptikon::inferio::http: processing local inference predict model=tags/wd-vit-tagger-v3 inputs=1
2026-09-17T05:53:18.603455Z DEBUG panoptikon::inferio::http: processing local inference predict model=tags/wd-vit-tagger-v3 inputs=1
2026-09-17T05:53:18.603779Z DEBUG panoptikon::inferio::http: processing local inference predict model=tags/wd-vit-tagger-v3 inputs=1
2026-09-17T05:53:18.603824Z DEBUG panoptikon::inferio::http: processing local inference predict model=tags/wd-vit-tagger-v3 inputs=1
2026-09-17T05:53:18.603876Z DEBUG panoptikon::inferio::http: processing local inference predict model=tags/wd-vit-tagger-v3 inputs=1
2026-09-17T05:53:18.603906Z DEBUG panoptikon::inferio::http: processing local inference predict model=tags/wd-vit-tagger-v3 inputs=1
2026-09-17T05:53:18.603967Z DEBUG panoptikon::inferio::http: processing local inference predict model=tags/wd-vit-tagger-v3 inputs=1
2026-09-17T05:53:18.609957Z  INFO panoptikon::inferio::worker: 2026-09-17 05:53:18,609 [DEBUG] inferio_worker.packing: this window's 550 MiB grant is below 80% of the 1077 MiB of releasable slack in the 1891 MiB pool (1/2 consecutive windows before releasing it) worker=wd_tagger
2026-09-17T05:53:18.700263Z  INFO panoptikon::inferio::worker: 2026-09-17 05:53:18,700 [DEBUG] inferio_worker_impl_0_wd_tagger: Running inference on 15 images worker=wd_tagger
2026-09-17T05:53:20.373781Z  INFO panoptikon::inferio::calibration: wrote the local calibration store path=data/inferio/calibration.toml profiles=1
2026-09-17T05:53:20.884442Z  INFO panoptikon::inferio::worker: 2026-09-17 05:53:20,884 [DEBUG] inferio_worker_impl_0_wd_tagger: Running inference on 15 images worker=wd_tagger
2026-09-17T05:53:23.040628Z  INFO panoptikon::inferio::worker: 2026-09-17 05:53:23,040 [DEBUG] inferio_worker_impl_0_wd_tagger: Running inference on 15 images worker=wd_tagger
2026-09-17T05:53:24.421563Z  INFO Actor{id="0.1"}: panoptikon::db::index_writer: index db writer connection closed after idle timeout index_db=default
2026-09-17T05:53:25.288732Z DEBUG panoptikon::inferio::ledger: refitted the memory cost model model=tags/wd-vit-tagger-v3 gpu=CPU slope_mb_per_unit=36.589285714285715 intercept_mb=50.82142857142857 residual_mb=8.714285714285722 samples=9 version=27
2026-09-17T05:53:25.288783Z DEBUG panoptikon::inferio::ledger: queued a calibration profile update for the store model=tags/wd-vit-tagger-v3 gpu=CPU reason="fit_changed" max_units_measured=32 fit_version=27
2026-09-17T05:53:25.288814Z DEBUG panoptikon::inferio::ledger: settled a granted window model=tags/wd-vit-tagger-v3 gpu=CPU outcome="clean" fit_samples=3 throughput_samples=3 clamped_samples=0 clamped=none ramp_step=4 deflation=0 clean_windows=50 max_units_measured=32
2026-09-17T05:53:25.288878Z DEBUG panoptikon::inferio::ledger: issued a memory grant model=tags/wd-vit-tagger-v3 gpu=CPU unit_budget=15 mb=549 canvas_pixels=none share_mb=96007 room_mb=96007 headroom_mb=95166 external_mb=29369 reserve_mb=1024 reserve_rule="capped_default" pre_fit=false ramp_step=4 deflation=0 squeezed=false window_requests=45
2026-09-17T05:53:25.290043Z DEBUG panoptikon::inferio::http: processing local inference predict model=tags/wd-vit-tagger-v3 inputs=1
2026-09-17T05:53:25.290539Z DEBUG panoptikon::inferio::http: processing local inference predict model=tags/wd-vit-tagger-v3 inputs=1
2026-09-17T05:53:25.290922Z DEBUG panoptikon::inferio::http: processing local inference predict model=tags/wd-vit-tagger-v3 inputs=1
2026-09-17T05:53:25.290967Z DEBUG panoptikon::inferio::http: processing local inference predict model=tags/wd-vit-tagger-v3 inputs=1
2026-09-17T05:53:25.291001Z DEBUG panoptikon::inferio::http: processing local inference predict model=tags/wd-vit-tagger-v3 inputs=1
2026-09-17T05:53:25.291267Z DEBUG panoptikon::inferio::http: processing local inference predict model=tags/wd-vit-tagger-v3 inputs=1
2026-09-17T05:53:25.291302Z DEBUG panoptikon::inferio::http: processing local inference predict model=tags/wd-vit-tagger-v3 inputs=1
2026-09-17T05:53:25.291349Z DEBUG panoptikon::inferio::http: processing local inference predict model=tags/wd-vit-tagger-v3 inputs=1
2026-09-17T05:53:25.291388Z DEBUG panoptikon::inferio::http: processing local inference predict model=tags/wd-vit-tagger-v3 inputs=1
2026-09-17T05:53:25.291425Z DEBUG panoptikon::inferio::http: processing local inference predict model=tags/wd-vit-tagger-v3 inputs=1
2026-09-17T05:53:25.291482Z DEBUG panoptikon::inferio::http: processing local inference predict model=tags/wd-vit-tagger-v3 inputs=1
2026-09-17T05:53:25.291549Z DEBUG panoptikon::inferio::http: processing local inference predict model=tags/wd-vit-tagger-v3 inputs=1
2026-09-17T05:53:25.291573Z DEBUG panoptikon::inferio::http: processing local inference predict model=tags/wd-vit-tagger-v3 inputs=1
2026-09-17T05:53:25.291601Z DEBUG panoptikon::inferio::http: processing local inference predict model=tags/wd-vit-tagger-v3 inputs=1
2026-09-17T05:53:25.291631Z DEBUG panoptikon::inferio::http: processing local inference predict model=tags/wd-vit-tagger-v3 inputs=1
2026-09-17T05:53:25.291667Z DEBUG panoptikon::inferio::http: processing local inference predict model=tags/wd-vit-tagger-v3 inputs=1
2026-09-17T05:53:25.291719Z DEBUG panoptikon::inferio::http: processing local inference predict model=tags/wd-vit-tagger-v3 inputs=1
2026-09-17T05:53:25.291749Z DEBUG panoptikon::inferio::http: processing local inference predict model=tags/wd-vit-tagger-v3 inputs=1
2026-09-17T05:53:25.291812Z DEBUG panoptikon::inferio::http: processing local inference predict model=tags/wd-vit-tagger-v3 inputs=1
2026-09-17T05:53:25.291912Z DEBUG panoptikon::inferio::http: processing local inference predict model=tags/wd-vit-tagger-v3 inputs=1
2026-09-17T05:53:25.291960Z DEBUG panoptikon::inferio::http: processing local inference predict model=tags/wd-vit-tagger-v3 inputs=1
2026-09-17T05:53:25.291999Z DEBUG panoptikon::inferio::http: processing local inference predict model=tags/wd-vit-tagger-v3 inputs=1
2026-09-17T05:53:25.292031Z DEBUG panoptikon::inferio::http: processing local inference predict model=tags/wd-vit-tagger-v3 inputs=1
2026-09-17T05:53:25.292134Z DEBUG panoptikon::inferio::http: processing local inference predict model=tags/wd-vit-tagger-v3 inputs=1
2026-09-17T05:53:25.292157Z DEBUG panoptikon::inferio::http: processing local inference predict model=tags/wd-vit-tagger-v3 inputs=1
2026-09-17T05:53:25.292190Z DEBUG panoptikon::inferio::http: processing local inference predict model=tags/wd-vit-tagger-v3 inputs=1
2026-09-17T05:53:25.292230Z DEBUG panoptikon::inferio::http: processing local inference predict model=tags/wd-vit-tagger-v3 inputs=1
2026-09-17T05:53:25.292306Z DEBUG panoptikon::inferio::http: processing local inference predict model=tags/wd-vit-tagger-v3 inputs=1
2026-09-17T05:53:25.292420Z DEBUG panoptikon::inferio::http: processing local inference predict model=tags/wd-vit-tagger-v3 inputs=1
2026-09-17T05:53:25.292486Z DEBUG panoptikon::inferio::http: processing local inference predict model=tags/wd-vit-tagger-v3 inputs=1
2026-09-17T05:53:25.292562Z DEBUG panoptikon::inferio::http: processing local inference predict model=tags/wd-vit-tagger-v3 inputs=1
2026-09-17T05:53:25.292615Z DEBUG panoptikon::inferio::http: processing local inference predict model=tags/wd-vit-tagger-v3 inputs=1
2026-09-17T05:53:25.292650Z DEBUG panoptikon::inferio::http: processing local inference predict model=tags/wd-vit-tagger-v3 inputs=1
2026-09-17T05:53:25.292762Z DEBUG panoptikon::inferio::http: processing local inference predict model=tags/wd-vit-tagger-v3 inputs=1
2026-09-17T05:53:25.292789Z DEBUG panoptikon::inferio::http: processing local inference predict model=tags/wd-vit-tagger-v3 inputs=1
2026-09-17T05:53:25.292979Z DEBUG panoptikon::inferio::http: processing local inference predict model=tags/wd-vit-tagger-v3 inputs=1
2026-09-17T05:53:25.293017Z DEBUG panoptikon::inferio::http: processing local inference predict model=tags/wd-vit-tagger-v3 inputs=1
2026-09-17T05:53:25.293124Z DEBUG panoptikon::inferio::http: processing local inference predict model=tags/wd-vit-tagger-v3 inputs=1
2026-09-17T05:53:25.293235Z DEBUG panoptikon::inferio::http: processing local inference predict model=tags/wd-vit-tagger-v3 inputs=1
2026-09-17T05:53:25.293736Z DEBUG panoptikon::inferio::http: processing local inference predict model=tags/wd-vit-tagger-v3 inputs=1
2026-09-17T05:53:25.293830Z DEBUG panoptikon::inferio::http: processing local inference predict model=tags/wd-vit-tagger-v3 inputs=1
2026-09-17T05:53:25.293875Z DEBUG panoptikon::inferio::http: processing local inference predict model=tags/wd-vit-tagger-v3 inputs=1
2026-09-17T05:53:25.293963Z DEBUG panoptikon::inferio::http: processing local inference predict model=tags/wd-vit-tagger-v3 inputs=1
2026-09-17T05:53:25.293995Z DEBUG panoptikon::inferio::http: processing local inference predict model=tags/wd-vit-tagger-v3 inputs=1
2026-09-17T05:53:25.294032Z DEBUG panoptikon::inferio::http: processing local inference predict model=tags/wd-vit-tagger-v3 inputs=1
2026-09-17T05:53:25.376185Z  INFO panoptikon::inferio::worker: 2026-09-17 05:53:25,375 [DEBUG] inferio_worker_impl_0_wd_tagger: Running inference on 15 images worker=wd_tagger
2026-09-17T05:53:27.522521Z  INFO panoptikon::inferio::worker: 2026-09-17 05:53:27,522 [DEBUG] inferio_worker_impl_0_wd_tagger: Running inference on 15 images worker=wd_tagger
2026-09-17T05:53:29.704510Z  INFO panoptikon::inferio::worker: 2026-09-17 05:53:29,704 [DEBUG] inferio_worker_impl_0_wd_tagger: Running inference on 15 images worker=wd_tagger
2026-09-17T05:53:32.321001Z DEBUG panoptikon::inferio::ledger: refitted the memory cost model model=tags/wd-vit-tagger-v3 gpu=CPU slope_mb_per_unit=36.63095238095238 intercept_mb=50.73809523809524 residual_mb=9.047619047619037 samples=9 version=28
2026-09-17T05:53:32.321044Z DEBUG panoptikon::inferio::ledger: queued a calibration profile update for the store model=tags/wd-vit-tagger-v3 gpu=CPU reason="fit_changed" max_units_measured=32 fit_version=28
2026-09-17T05:53:32.321062Z DEBUG panoptikon::inferio::ledger: settled a granted window model=tags/wd-vit-tagger-v3 gpu=CPU outcome="clean" fit_samples=3 throughput_samples=3 clamped_samples=0 clamped=none ramp_step=4 deflation=0 clean_windows=51 max_units_measured=32
2026-09-17T05:53:32.321125Z DEBUG panoptikon::inferio::ledger: issued a memory grant model=tags/wd-vit-tagger-v3 gpu=CPU unit_budget=15 mb=550 canvas_pixels=none share_mb=96007 room_mb=96007 headroom_mb=95166 external_mb=29367 reserve_mb=1024 reserve_rule="capped_default" pre_fit=false ramp_step=4 deflation=0 squeezed=false window_requests=45
2026-09-17T05:53:32.322739Z DEBUG panoptikon::inferio::http: processing local inference predict model=tags/wd-vit-tagger-v3 inputs=1
2026-09-17T05:53:32.323004Z DEBUG panoptikon::inferio::http: processing local inference predict model=tags/wd-vit-tagger-v3 inputs=1
2026-09-17T05:53:32.323040Z DEBUG panoptikon::inferio::http: processing local inference predict model=tags/wd-vit-tagger-v3 inputs=1
2026-09-17T05:53:32.323590Z DEBUG panoptikon::inferio::http: processing local inference predict model=tags/wd-vit-tagger-v3 inputs=1
2026-09-17T05:53:32.323640Z DEBUG panoptikon::inferio::http: processing local inference predict model=tags/wd-vit-tagger-v3 inputs=1
2026-09-17T05:53:32.323680Z DEBUG panoptikon::inferio::http: processing local inference predict model=tags/wd-vit-tagger-v3 inputs=1
2026-09-17T05:53:32.323717Z DEBUG panoptikon::inferio::http: processing local inference predict model=tags/wd-vit-tagger-v3 inputs=1
2026-09-17T05:53:32.323896Z DEBUG panoptikon::inferio::http: processing local inference predict model=tags/wd-vit-tagger-v3 inputs=1
2026-09-17T05:53:32.324155Z DEBUG panoptikon::inferio::http: processing local inference predict model=tags/wd-vit-tagger-v3 inputs=1
2026-09-17T05:53:32.324296Z DEBUG panoptikon::inferio::http: processing local inference predict model=tags/wd-vit-tagger-v3 inputs=1
2026-09-17T05:53:32.324343Z DEBUG panoptikon::inferio::http: processing local inference predict model=tags/wd-vit-tagger-v3 inputs=1
2026-09-17T05:53:32.324492Z DEBUG panoptikon::inferio::http: processing local inference predict model=tags/wd-vit-tagger-v3 inputs=1
2026-09-17T05:53:32.324525Z DEBUG panoptikon::inferio::http: processing local inference predict model=tags/wd-vit-tagger-v3 inputs=1
2026-09-17T05:53:32.324566Z DEBUG panoptikon::inferio::http: processing local inference predict model=tags/wd-vit-tagger-v3 inputs=1
2026-09-17T05:53:32.324602Z DEBUG panoptikon::inferio::http: processing local inference predict model=tags/wd-vit-tagger-v3 inputs=1
2026-09-17T05:53:32.324647Z DEBUG panoptikon::inferio::http: processing local inference predict model=tags/wd-vit-tagger-v3 inputs=1
2026-09-17T05:53:32.324693Z DEBUG panoptikon::inferio::http: processing local inference predict model=tags/wd-vit-tagger-v3 inputs=1
2026-09-17T05:53:32.324744Z DEBUG panoptikon::inferio::http: processing local inference predict model=tags/wd-vit-tagger-v3 inputs=1
2026-09-17T05:53:32.324782Z DEBUG panoptikon::inferio::http: processing local inference predict model=tags/wd-vit-tagger-v3 inputs=1
2026-09-17T05:53:32.324815Z DEBUG panoptikon::inferio::http: processing local inference predict model=tags/wd-vit-tagger-v3 inputs=1
2026-09-17T05:53:32.324851Z DEBUG panoptikon::inferio::http: processing local inference predict model=tags/wd-vit-tagger-v3 inputs=1
2026-09-17T05:53:32.324908Z DEBUG panoptikon::inferio::http: processing local inference predict model=tags/wd-vit-tagger-v3 inputs=1
2026-09-17T05:53:32.324939Z DEBUG panoptikon::inferio::http: processing local inference predict model=tags/wd-vit-tagger-v3 inputs=1
2026-09-17T05:53:32.324981Z DEBUG panoptikon::inferio::http: processing local inference predict model=tags/wd-vit-tagger-v3 inputs=1
2026-09-17T05:53:32.325002Z DEBUG panoptikon::inferio::http: processing local inference predict model=tags/wd-vit-tagger-v3 inputs=1
2026-09-17T05:53:32.325129Z DEBUG panoptikon::inferio::http: processing local inference predict model=tags/wd-vit-tagger-v3 inputs=1
2026-09-17T05:53:32.325197Z DEBUG panoptikon::inferio::http: processing local inference predict model=tags/wd-vit-tagger-v3 inputs=1
2026-09-17T05:53:32.325225Z DEBUG panoptikon::inferio::http: processing local inference predict model=tags/wd-vit-tagger-v3 inputs=1
2026-09-17T05:53:32.325259Z DEBUG panoptikon::inferio::http: processing local inference predict model=tags/wd-vit-tagger-v3 inputs=1
2026-09-17T05:53:32.325285Z DEBUG panoptikon::inferio::http: processing local inference predict model=tags/wd-vit-tagger-v3 inputs=1
2026-09-17T05:53:32.325325Z DEBUG panoptikon::inferio::http: processing local inference predict model=tags/wd-vit-tagger-v3 inputs=1
2026-09-17T05:53:32.325360Z DEBUG panoptikon::inferio::http: processing local inference predict model=tags/wd-vit-tagger-v3 inputs=1
2026-09-17T05:53:32.325466Z DEBUG panoptikon::inferio::http: processing local inference predict model=tags/wd-vit-tagger-v3 inputs=1
2026-09-17T05:53:32.325493Z DEBUG panoptikon::inferio::http: processing local inference predict model=tags/wd-vit-tagger-v3 inputs=1
2026-09-17T05:53:32.325526Z DEBUG panoptikon::inferio::http: processing local inference predict model=tags/wd-vit-tagger-v3 inputs=1
2026-09-17T05:53:32.325599Z DEBUG panoptikon::inferio::http: processing local inference predict model=tags/wd-vit-tagger-v3 inputs=1
2026-09-17T05:53:32.325632Z DEBUG panoptikon::inferio::http: processing local inference predict model=tags/wd-vit-tagger-v3 inputs=1
2026-09-17T05:53:32.325803Z DEBUG panoptikon::inferio::http: processing local inference predict model=tags/wd-vit-tagger-v3 inputs=1
2026-09-17T05:53:32.325948Z DEBUG panoptikon::inferio::http: processing local inference predict model=tags/wd-vit-tagger-v3 inputs=1
2026-09-17T05:53:32.326211Z DEBUG panoptikon::inferio::http: processing local inference predict model=tags/wd-vit-tagger-v3 inputs=1
2026-09-17T05:53:32.326298Z DEBUG panoptikon::inferio::http: processing local inference predict model=tags/wd-vit-tagger-v3 inputs=1
2026-09-17T05:53:32.326347Z DEBUG panoptikon::inferio::http: processing local inference predict model=tags/wd-vit-tagger-v3 inputs=1
2026-09-17T05:53:32.326370Z DEBUG panoptikon::inferio::http: processing local inference predict model=tags/wd-vit-tagger-v3 inputs=1
2026-09-17T05:53:32.326395Z DEBUG panoptikon::inferio::http: processing local inference predict model=tags/wd-vit-tagger-v3 inputs=1
2026-09-17T05:53:32.326469Z DEBUG panoptikon::inferio::http: processing local inference predict model=tags/wd-vit-tagger-v3 inputs=1
2026-09-17T05:53:32.329951Z  INFO panoptikon::inferio::worker: 2026-09-17 05:53:32,329 [DEBUG] inferio_worker.packing: this window's 550 MiB grant is below 80% of the 1077 MiB of releasable slack in the 1891 MiB pool (1/2 consecutive windows before releasing it) worker=wd_tagger
2026-09-17T05:53:32.434663Z  INFO panoptikon::inferio::worker: 2026-09-17 05:53:32,434 [DEBUG] inferio_worker_impl_0_wd_tagger: Running inference on 15 images worker=wd_tagger
2026-09-17T05:53:35.925118Z  INFO panoptikon::inferio::worker: 2026-09-17 05:53:35,924 [DEBUG] inferio_worker_impl_0_wd_tagger: Running inference on 15 images worker=wd_tagger
2026-09-17T05:53:38.126181Z  INFO panoptikon::inferio::worker: 2026-09-17 05:53:38,125 [DEBUG] inferio_worker_impl_0_wd_tagger: Running inference on 15 images worker=wd_tagger
2026-09-17T05:53:40.200676Z DEBUG panoptikon::inferio::ledger: settled a granted window model=tags/wd-vit-tagger-v3 gpu=CPU outcome="clean" fit_samples=3 throughput_samples=3 clamped_samples=0 clamped=none ramp_step=4 deflation=0 clean_windows=52 max_units_measured=32
2026-09-17T05:53:40.200761Z DEBUG panoptikon::inferio::ledger: issued a memory grant model=tags/wd-vit-tagger-v3 gpu=CPU unit_budget=15 mb=550 canvas_pixels=none share_mb=96007 room_mb=96007 headroom_mb=95166 external_mb=29308 reserve_mb=1024 reserve_rule="capped_default" pre_fit=false ramp_step=4 deflation=0 squeezed=false window_requests=45
2026-09-17T05:53:40.201695Z DEBUG panoptikon::inferio::http: processing local inference predict model=tags/wd-vit-tagger-v3 inputs=1
2026-09-17T05:53:40.202030Z DEBUG panoptikon::inferio::http: processing local inference predict model=tags/wd-vit-tagger-v3 inputs=1
2026-09-17T05:53:40.202208Z DEBUG panoptikon::inferio::http: processing local inference predict model=tags/wd-vit-tagger-v3 inputs=1
2026-09-17T05:53:40.202458Z DEBUG panoptikon::inferio::http: processing local inference predict model=tags/wd-vit-tagger-v3 inputs=1
2026-09-17T05:53:40.202829Z DEBUG panoptikon::inferio::http: processing local inference predict model=tags/wd-vit-tagger-v3 inputs=1
2026-09-17T05:53:40.202893Z DEBUG panoptikon::inferio::http: processing local inference predict model=tags/wd-vit-tagger-v3 inputs=1
2026-09-17T05:53:40.202922Z DEBUG panoptikon::inferio::http: processing local inference predict model=tags/wd-vit-tagger-v3 inputs=1
2026-09-17T05:53:40.202965Z DEBUG panoptikon::inferio::http: processing local inference predict model=tags/wd-vit-tagger-v3 inputs=1
2026-09-17T05:53:40.202999Z DEBUG panoptikon::inferio::http: processing local inference predict model=tags/wd-vit-tagger-v3 inputs=1
2026-09-17T05:53:40.203032Z DEBUG panoptikon::inferio::http: processing local inference predict model=tags/wd-vit-tagger-v3 inputs=1
2026-09-17T05:53:40.203079Z DEBUG panoptikon::inferio::http: processing local inference predict model=tags/wd-vit-tagger-v3 inputs=1
2026-09-17T05:53:40.203157Z DEBUG panoptikon::inferio::http: processing local inference predict model=tags/wd-vit-tagger-v3 inputs=1
2026-09-17T05:53:40.203216Z DEBUG panoptikon::inferio::http: processing local inference predict model=tags/wd-vit-tagger-v3 inputs=1
2026-09-17T05:53:40.203432Z DEBUG panoptikon::inferio::http: processing local inference predict model=tags/wd-vit-tagger-v3 inputs=1
2026-09-17T05:53:40.203478Z DEBUG panoptikon::inferio::http: processing local inference predict model=tags/wd-vit-tagger-v3 inputs=1
2026-09-17T05:53:40.203799Z DEBUG panoptikon::inferio::http: processing local inference predict model=tags/wd-vit-tagger-v3 inputs=1
2026-09-17T05:53:40.203846Z DEBUG panoptikon::inferio::http: processing local inference predict model=tags/wd-vit-tagger-v3 inputs=1
2026-09-17T05:53:40.203880Z DEBUG panoptikon::inferio::http: processing local inference predict model=tags/wd-vit-tagger-v3 inputs=1
2026-09-17T05:53:40.203914Z DEBUG panoptikon::inferio::http: processing local inference predict model=tags/wd-vit-tagger-v3 inputs=1
2026-09-17T05:53:40.203959Z DEBUG panoptikon::inferio::http: processing local inference predict model=tags/wd-vit-tagger-v3 inputs=1
2026-09-17T05:53:40.204007Z DEBUG panoptikon::inferio::http: processing local inference predict model=tags/wd-vit-tagger-v3 inputs=1
2026-09-17T05:53:40.204033Z DEBUG panoptikon::inferio::http: processing local inference predict model=tags/wd-vit-tagger-v3 inputs=1
2026-09-17T05:53:40.204082Z DEBUG panoptikon::inferio::http: processing local inference predict model=tags/wd-vit-tagger-v3 inputs=1
2026-09-17T05:53:40.204109Z DEBUG panoptikon::inferio::http: processing local inference predict model=tags/wd-vit-tagger-v3 inputs=1
2026-09-17T05:53:40.204152Z DEBUG panoptikon::inferio::http: processing local inference predict model=tags/wd-vit-tagger-v3 inputs=1
2026-09-17T05:53:40.204187Z DEBUG panoptikon::inferio::http: processing local inference predict model=tags/wd-vit-tagger-v3 inputs=1
2026-09-17T05:53:40.204243Z DEBUG panoptikon::inferio::http: processing local inference predict model=tags/wd-vit-tagger-v3 inputs=1
2026-09-17T05:53:40.204330Z DEBUG panoptikon::inferio::http: processing local inference predict model=tags/wd-vit-tagger-v3 inputs=1
2026-09-17T05:53:40.204466Z DEBUG panoptikon::inferio::http: processing local inference predict model=tags/wd-vit-tagger-v3 inputs=1
2026-09-17T05:53:40.204616Z DEBUG panoptikon::inferio::http: processing local inference predict model=tags/wd-vit-tagger-v3 inputs=1
2026-09-17T05:53:40.204717Z DEBUG panoptikon::inferio::http: processing local inference predict model=tags/wd-vit-tagger-v3 inputs=1
2026-09-17T05:53:40.204776Z DEBUG panoptikon::inferio::http: processing local inference predict model=tags/wd-vit-tagger-v3 inputs=1
2026-09-17T05:53:40.204802Z DEBUG panoptikon::inferio::http: processing local inference predict model=tags/wd-vit-tagger-v3 inputs=1
2026-09-17T05:53:40.204833Z DEBUG panoptikon::inferio::http: processing local inference predict model=tags/wd-vit-tagger-v3 inputs=1
2026-09-17T05:53:40.204863Z DEBUG panoptikon::inferio::http: processing local inference predict model=tags/wd-vit-tagger-v3 inputs=1
2026-09-17T05:53:40.205082Z DEBUG panoptikon::inferio::http: processing local inference predict model=tags/wd-vit-tagger-v3 inputs=1
2026-09-17T05:53:40.205190Z DEBUG panoptikon::inferio::http: processing local inference predict model=tags/wd-vit-tagger-v3 inputs=1
2026-09-17T05:53:40.205222Z DEBUG panoptikon::inferio::http: processing local inference predict model=tags/wd-vit-tagger-v3 inputs=1
2026-09-17T05:53:40.205254Z DEBUG panoptikon::inferio::http: processing local inference predict model=tags/wd-vit-tagger-v3 inputs=1
2026-09-17T05:53:40.205281Z DEBUG panoptikon::inferio::http: processing local inference predict model=tags/wd-vit-tagger-v3 inputs=1
2026-09-17T05:53:40.205319Z DEBUG panoptikon::inferio::http: processing local inference predict model=tags/wd-vit-tagger-v3 inputs=1
2026-09-17T05:53:40.205353Z DEBUG panoptikon::inferio::http: processing local inference predict model=tags/wd-vit-tagger-v3 inputs=1
2026-09-17T05:53:40.205476Z DEBUG panoptikon::inferio::http: processing local inference predict model=tags/wd-vit-tagger-v3 inputs=1
2026-09-17T05:53:40.205654Z DEBUG panoptikon::inferio::http: processing local inference predict model=tags/wd-vit-tagger-v3 inputs=1
2026-09-17T05:53:40.205691Z DEBUG panoptikon::inferio::http: processing local inference predict model=tags/wd-vit-tagger-v3 inputs=1
2026-09-17T05:53:40.295332Z  INFO panoptikon::inferio::worker: 2026-09-17 05:53:40,295 [DEBUG] inferio_worker_impl_0_wd_tagger: Running inference on 15 images worker=wd_tagger
2026-09-17T05:53:42.903208Z  INFO panoptikon::inferio::worker: 2026-09-17 05:53:42,902 [DEBUG] inferio_worker_impl_0_wd_tagger: Running inference on 15 images worker=wd_tagger
2026-09-17T05:53:46.628183Z  INFO panoptikon::inferio::worker: 2026-09-17 05:53:46,627 [DEBUG] inferio_worker_impl_0_wd_tagger: Running inference on 15 images worker=wd_tagger
2026-09-17T05:53:49.020033Z DEBUG panoptikon::inferio::ledger: settled a granted window model=tags/wd-vit-tagger-v3 gpu=CPU outcome="clean" fit_samples=3 throughput_samples=3 clamped_samples=0 clamped=none ramp_step=4 deflation=0 clean_windows=53 max_units_measured=32
2026-09-17T05:53:49.020112Z DEBUG panoptikon::inferio::ledger: issued a memory grant model=tags/wd-vit-tagger-v3 gpu=CPU unit_budget=15 mb=550 canvas_pixels=none share_mb=96007 room_mb=96007 headroom_mb=95166 external_mb=29404 reserve_mb=1024 reserve_rule="capped_default" pre_fit=false ramp_step=4 deflation=0 squeezed=false window_requests=45
2026-09-17T05:53:49.021605Z DEBUG panoptikon::inferio::http: processing local inference predict model=tags/wd-vit-tagger-v3 inputs=1
2026-09-17T05:53:49.021903Z DEBUG panoptikon::inferio::http: processing local inference predict model=tags/wd-vit-tagger-v3 inputs=1
2026-09-17T05:53:49.022159Z DEBUG panoptikon::inferio::http: processing local inference predict model=tags/wd-vit-tagger-v3 inputs=1
2026-09-17T05:53:49.022362Z DEBUG panoptikon::inferio::http: processing local inference predict model=tags/wd-vit-tagger-v3 inputs=1
2026-09-17T05:53:49.022405Z DEBUG panoptikon::inferio::http: processing local inference predict model=tags/wd-vit-tagger-v3 inputs=1
2026-09-17T05:53:49.022456Z DEBUG panoptikon::inferio::http: processing local inference predict model=tags/wd-vit-tagger-v3 inputs=1
2026-09-17T05:53:49.022518Z DEBUG panoptikon::inferio::http: processing local inference predict model=tags/wd-vit-tagger-v3 inputs=1
2026-09-17T05:53:49.022562Z DEBUG panoptikon::inferio::http: processing local inference predict model=tags/wd-vit-tagger-v3 inputs=1
2026-09-17T05:53:49.022667Z DEBUG panoptikon::inferio::http: processing local inference predict model=tags/wd-vit-tagger-v3 inputs=1
2026-09-17T05:53:49.022704Z DEBUG panoptikon::inferio::http: processing local inference predict model=tags/wd-vit-tagger-v3 inputs=1
2026-09-17T05:53:49.022749Z DEBUG panoptikon::inferio::http: processing local inference predict model=tags/wd-vit-tagger-v3 inputs=1
2026-09-17T05:53:49.022900Z DEBUG panoptikon::inferio::http: processing local inference predict model=tags/wd-vit-tagger-v3 inputs=1
2026-09-17T05:53:49.022925Z DEBUG panoptikon::inferio::http: processing local inference predict model=tags/wd-vit-tagger-v3 inputs=1
2026-09-17T05:53:49.023205Z DEBUG panoptikon::inferio::http: processing local inference predict model=tags/wd-vit-tagger-v3 inputs=1
2026-09-17T05:53:49.023240Z DEBUG panoptikon::inferio::http: processing local inference predict model=tags/wd-vit-tagger-v3 inputs=1
2026-09-17T05:53:49.023277Z DEBUG panoptikon::inferio::http: processing local inference predict model=tags/wd-vit-tagger-v3 inputs=1
2026-09-17T05:53:49.023309Z DEBUG panoptikon::inferio::http: processing local inference predict model=tags/wd-vit-tagger-v3 inputs=1
2026-09-17T05:53:49.023341Z DEBUG panoptikon::inferio::http: processing local inference predict model=tags/wd-vit-tagger-v3 inputs=1
2026-09-17T05:53:49.023370Z DEBUG panoptikon::inferio::http: processing local inference predict model=tags/wd-vit-tagger-v3 inputs=1
2026-09-17T05:53:49.023612Z DEBUG panoptikon::inferio::http: processing local inference predict model=tags/wd-vit-tagger-v3 inputs=1
2026-09-17T05:53:49.023650Z DEBUG panoptikon::inferio::http: processing local inference predict model=tags/wd-vit-tagger-v3 inputs=1
2026-09-17T05:53:49.023682Z DEBUG panoptikon::inferio::http: processing local inference predict model=tags/wd-vit-tagger-v3 inputs=1
2026-09-17T05:53:49.023713Z DEBUG panoptikon::inferio::http: processing local inference predict model=tags/wd-vit-tagger-v3 inputs=1
2026-09-17T05:53:49.023752Z DEBUG panoptikon::inferio::http: processing local inference predict model=tags/wd-vit-tagger-v3 inputs=1
2026-09-17T05:53:49.023789Z DEBUG panoptikon::inferio::http: processing local inference predict model=tags/wd-vit-tagger-v3 inputs=1
2026-09-17T05:53:49.023828Z DEBUG panoptikon::inferio::http: processing local inference predict model=tags/wd-vit-tagger-v3 inputs=1
2026-09-17T05:53:49.023861Z DEBUG panoptikon::inferio::http: processing local inference predict model=tags/wd-vit-tagger-v3 inputs=1
2026-09-17T05:53:49.024004Z DEBUG panoptikon::inferio::http: processing local inference predict model=tags/wd-vit-tagger-v3 inputs=1
2026-09-17T05:53:49.024040Z DEBUG panoptikon::inferio::http: processing local inference predict model=tags/wd-vit-tagger-v3 inputs=1
2026-09-17T05:53:49.024069Z DEBUG panoptikon::inferio::http: processing local inference predict model=tags/wd-vit-tagger-v3 inputs=1
2026-09-17T05:53:49.024178Z DEBUG panoptikon::inferio::http: processing local inference predict model=tags/wd-vit-tagger-v3 inputs=1
2026-09-17T05:53:49.024207Z DEBUG panoptikon::inferio::http: processing local inference predict model=tags/wd-vit-tagger-v3 inputs=1
2026-09-17T05:53:49.024305Z DEBUG panoptikon::inferio::http: processing local inference predict model=tags/wd-vit-tagger-v3 inputs=1
2026-09-17T05:53:49.024635Z DEBUG panoptikon::inferio::http: processing local inference predict model=tags/wd-vit-tagger-v3 inputs=1
2026-09-17T05:53:49.024673Z DEBUG panoptikon::inferio::http: processing local inference predict model=tags/wd-vit-tagger-v3 inputs=1
2026-09-17T05:53:49.024721Z DEBUG panoptikon::inferio::http: processing local inference predict model=tags/wd-vit-tagger-v3 inputs=1
2026-09-17T05:53:49.024812Z DEBUG panoptikon::inferio::http: processing local inference predict model=tags/wd-vit-tagger-v3 inputs=1
2026-09-17T05:53:49.024868Z DEBUG panoptikon::inferio::http: processing local inference predict model=tags/wd-vit-tagger-v3 inputs=1
2026-09-17T05:53:49.024885Z DEBUG panoptikon::inferio::http: processing local inference predict model=tags/wd-vit-tagger-v3 inputs=1
2026-09-17T05:53:49.024947Z DEBUG panoptikon::inferio::http: processing local inference predict model=tags/wd-vit-tagger-v3 inputs=1
2026-09-17T05:53:49.025074Z DEBUG panoptikon::inferio::http: processing local inference predict model=tags/wd-vit-tagger-v3 inputs=1
2026-09-17T05:53:49.025176Z DEBUG panoptikon::inferio::http: processing local inference predict model=tags/wd-vit-tagger-v3 inputs=1
2026-09-17T05:53:49.025245Z DEBUG panoptikon::inferio::http: processing local inference predict model=tags/wd-vit-tagger-v3 inputs=1
2026-09-17T05:53:49.025268Z DEBUG panoptikon::inferio::http: processing local inference predict model=tags/wd-vit-tagger-v3 inputs=1
2026-09-17T05:53:49.025304Z DEBUG panoptikon::inferio::http: processing local inference predict model=tags/wd-vit-tagger-v3 inputs=1
2026-09-17T05:53:49.029245Z  INFO panoptikon::inferio::worker: 2026-09-17 05:53:49,029 [DEBUG] inferio_worker.packing: this window's 550 MiB grant is below 80% of the 1077 MiB of releasable slack in the 1891 MiB pool (1/2 consecutive windows before releasing it) worker=wd_tagger
2026-09-17T05:53:49.109818Z  INFO panoptikon::inferio::worker: 2026-09-17 05:53:49,109 [DEBUG] inferio_worker_impl_0_wd_tagger: Running inference on 15 images worker=wd_tagger
2026-09-17T05:53:50.375057Z  INFO panoptikon::inferio::calibration: wrote the local calibration store path=data/inferio/calibration.toml profiles=1
2026-09-17T05:53:51.489762Z  INFO panoptikon::inferio::worker: 2026-09-17 05:53:51,489 [DEBUG] inferio_worker_impl_0_wd_tagger: Running inference on 15 images worker=wd_tagger
2026-09-17T05:53:53.614550Z  INFO panoptikon::inferio::worker: 2026-09-17 05:53:53,614 [DEBUG] inferio_worker_impl_0_wd_tagger: Running inference on 15 images worker=wd_tagger
2026-09-17T05:53:55.943824Z DEBUG panoptikon::inferio::ledger: settled a granted window model=tags/wd-vit-tagger-v3 gpu=CPU outcome="clean" fit_samples=3 throughput_samples=3 clamped_samples=0 clamped=none ramp_step=4 deflation=0 clean_windows=54 max_units_measured=32
2026-09-17T05:53:55.943895Z DEBUG panoptikon::inferio::ledger: issued a memory grant model=tags/wd-vit-tagger-v3 gpu=CPU unit_budget=15 mb=550 canvas_pixels=none share_mb=96007 room_mb=96007 headroom_mb=95166 external_mb=29336 reserve_mb=1024 reserve_rule="capped_default" pre_fit=false ramp_step=4 deflation=0 squeezed=false window_requests=45
2026-09-17T05:53:55.945458Z DEBUG panoptikon::inferio::http: processing local inference predict model=tags/wd-vit-tagger-v3 inputs=1
2026-09-17T05:53:55.945881Z DEBUG panoptikon::inferio::http: processing local inference predict model=tags/wd-vit-tagger-v3 inputs=1
2026-09-17T05:53:55.945937Z DEBUG panoptikon::inferio::http: processing local inference predict model=tags/wd-vit-tagger-v3 inputs=1
2026-09-17T05:53:55.945967Z DEBUG panoptikon::inferio::http: processing local inference predict model=tags/wd-vit-tagger-v3 inputs=1
2026-09-17T05:53:55.946253Z DEBUG panoptikon::inferio::http: processing local inference predict model=tags/wd-vit-tagger-v3 inputs=1
2026-09-17T05:53:55.946356Z DEBUG panoptikon::inferio::http: processing local inference predict model=tags/wd-vit-tagger-v3 inputs=1
2026-09-17T05:53:55.946398Z DEBUG panoptikon::inferio::http: processing local inference predict model=tags/wd-vit-tagger-v3 inputs=1
2026-09-17T05:53:55.946487Z DEBUG panoptikon::inferio::http: processing local inference predict model=tags/wd-vit-tagger-v3 inputs=1
2026-09-17T05:53:55.946542Z DEBUG panoptikon::inferio::http: processing local inference predict model=tags/wd-vit-tagger-v3 inputs=1
2026-09-17T05:53:55.946575Z DEBUG panoptikon::inferio::http: processing local inference predict model=tags/wd-vit-tagger-v3 inputs=1
2026-09-17T05:53:55.946630Z DEBUG panoptikon::inferio::http: processing local inference predict model=tags/wd-vit-tagger-v3 inputs=1
2026-09-17T05:53:55.946667Z DEBUG panoptikon::inferio::http: processing local inference predict model=tags/wd-vit-tagger-v3 inputs=1
2026-09-17T05:53:55.946700Z DEBUG panoptikon::inferio::http: processing local inference predict model=tags/wd-vit-tagger-v3 inputs=1
2026-09-17T05:53:55.946777Z DEBUG panoptikon::inferio::http: processing local inference predict model=tags/wd-vit-tagger-v3 inputs=1
2026-09-17T05:53:55.946892Z DEBUG panoptikon::inferio::http: processing local inference predict model=tags/wd-vit-tagger-v3 inputs=1
2026-09-17T05:53:55.946917Z DEBUG panoptikon::inferio::http: processing local inference predict model=tags/wd-vit-tagger-v3 inputs=1
2026-09-17T05:53:55.946945Z DEBUG panoptikon::inferio::http: processing local inference predict model=tags/wd-vit-tagger-v3 inputs=1
2026-09-17T05:53:55.947117Z DEBUG panoptikon::inferio::http: processing local inference predict model=tags/wd-vit-tagger-v3 inputs=1
2026-09-17T05:53:55.947156Z DEBUG panoptikon::inferio::http: processing local inference predict model=tags/wd-vit-tagger-v3 inputs=1
2026-09-17T05:53:55.947186Z DEBUG panoptikon::inferio::http: processing local inference predict model=tags/wd-vit-tagger-v3 inputs=1
2026-09-17T05:53:55.947233Z DEBUG panoptikon::inferio::http: processing local inference predict model=tags/wd-vit-tagger-v3 inputs=1
2026-09-17T05:53:55.947280Z DEBUG panoptikon::inferio::http: processing local inference predict model=tags/wd-vit-tagger-v3 inputs=1
2026-09-17T05:53:55.947304Z DEBUG panoptikon::inferio::http: processing local inference predict model=tags/wd-vit-tagger-v3 inputs=1
2026-09-17T05:53:55.947369Z DEBUG panoptikon::inferio::http: processing local inference predict model=tags/wd-vit-tagger-v3 inputs=1
2026-09-17T05:53:55.947398Z DEBUG panoptikon::inferio::http: processing local inference predict model=tags/wd-vit-tagger-v3 inputs=1
2026-09-17T05:53:55.947559Z DEBUG panoptikon::inferio::http: processing local inference predict model=tags/wd-vit-tagger-v3 inputs=1
2026-09-17T05:53:55.947612Z DEBUG panoptikon::inferio::http: processing local inference predict model=tags/wd-vit-tagger-v3 inputs=1
2026-09-17T05:53:55.947697Z DEBUG panoptikon::inferio::http: processing local inference predict model=tags/wd-vit-tagger-v3 inputs=1
2026-09-17T05:53:55.947729Z DEBUG panoptikon::inferio::http: processing local inference predict model=tags/wd-vit-tagger-v3 inputs=1
2026-09-17T05:53:55.947883Z DEBUG panoptikon::inferio::http: processing local inference predict model=tags/wd-vit-tagger-v3 inputs=1
2026-09-17T05:53:55.947924Z DEBUG panoptikon::inferio::http: processing local inference predict model=tags/wd-vit-tagger-v3 inputs=1
2026-09-17T05:53:55.948008Z DEBUG panoptikon::inferio::http: processing local inference predict model=tags/wd-vit-tagger-v3 inputs=1
2026-09-17T05:53:55.948113Z DEBUG panoptikon::inferio::http: processing local inference predict model=tags/wd-vit-tagger-v3 inputs=1
2026-09-17T05:53:55.948152Z DEBUG panoptikon::inferio::http: processing local inference predict model=tags/wd-vit-tagger-v3 inputs=1
2026-09-17T05:53:55.948268Z DEBUG panoptikon::inferio::http: processing local inference predict model=tags/wd-vit-tagger-v3 inputs=1
2026-09-17T05:53:55.948297Z DEBUG panoptikon::inferio::http: processing local inference predict model=tags/wd-vit-tagger-v3 inputs=1
2026-09-17T05:53:55.948329Z DEBUG panoptikon::inferio::http: processing local inference predict model=tags/wd-vit-tagger-v3 inputs=1
2026-09-17T05:53:55.948362Z DEBUG panoptikon::inferio::http: processing local inference predict model=tags/wd-vit-tagger-v3 inputs=1
2026-09-17T05:53:55.948459Z DEBUG panoptikon::inferio::http: processing local inference predict model=tags/wd-vit-tagger-v3 inputs=1
2026-09-17T05:53:55.948502Z DEBUG panoptikon::inferio::http: processing local inference predict model=tags/wd-vit-tagger-v3 inputs=1
2026-09-17T05:53:55.948741Z DEBUG panoptikon::inferio::http: processing local inference predict model=tags/wd-vit-tagger-v3 inputs=1
2026-09-17T05:53:55.948851Z DEBUG panoptikon::inferio::http: processing local inference predict model=tags/wd-vit-tagger-v3 inputs=1
2026-09-17T05:53:55.948938Z DEBUG panoptikon::inferio::http: processing local inference predict model=tags/wd-vit-tagger-v3 inputs=1
2026-09-17T05:53:55.949015Z DEBUG panoptikon::inferio::http: processing local inference predict model=tags/wd-vit-tagger-v3 inputs=1
2026-09-17T05:53:55.949058Z DEBUG panoptikon::inferio::http: processing local inference predict model=tags/wd-vit-tagger-v3 inputs=1
2026-09-17T05:53:56.031406Z  INFO panoptikon::inferio::worker: 2026-09-17 05:53:56,031 [DEBUG] inferio_worker_impl_0_wd_tagger: Running inference on 15 images worker=wd_tagger
2026-09-17T05:53:58.238962Z  INFO panoptikon::inferio::worker: 2026-09-17 05:53:58,238 [DEBUG] inferio_worker_impl_0_wd_tagger: Running inference on 15 images worker=wd_tagger
2026-09-17T05:54:00.490750Z  INFO panoptikon::inferio::worker: 2026-09-17 05:54:00,490 [DEBUG] inferio_worker_impl_0_wd_tagger: Running inference on 15 images worker=wd_tagger
2026-09-17T05:54:02.702818Z DEBUG panoptikon::inferio::ledger: settled a granted window model=tags/wd-vit-tagger-v3 gpu=CPU outcome="clean" fit_samples=3 throughput_samples=3 clamped_samples=0 clamped=none ramp_step=4 deflation=0 clean_windows=55 max_units_measured=32
2026-09-17T05:54:02.702891Z DEBUG panoptikon::inferio::ledger: issued a memory grant model=tags/wd-vit-tagger-v3 gpu=CPU unit_budget=15 mb=550 canvas_pixels=none share_mb=96007 room_mb=96007 headroom_mb=95166 external_mb=29306 reserve_mb=1024 reserve_rule="capped_default" pre_fit=false ramp_step=4 deflation=0 squeezed=false window_requests=45
2026-09-17T05:54:02.704477Z DEBUG panoptikon::inferio::http: processing local inference predict model=tags/wd-vit-tagger-v3 inputs=1
2026-09-17T05:54:02.704685Z DEBUG panoptikon::inferio::http: processing local inference predict model=tags/wd-vit-tagger-v3 inputs=1
2026-09-17T05:54:02.704874Z DEBUG panoptikon::inferio::http: processing local inference predict model=tags/wd-vit-tagger-v3 inputs=1
2026-09-17T05:54:02.705003Z DEBUG panoptikon::inferio::http: processing local inference predict model=tags/wd-vit-tagger-v3 inputs=1
2026-09-17T05:54:02.705045Z DEBUG panoptikon::inferio::http: processing local inference predict model=tags/wd-vit-tagger-v3 inputs=1
2026-09-17T05:54:02.705081Z DEBUG panoptikon::inferio::http: processing local inference predict model=tags/wd-vit-tagger-v3 inputs=1
2026-09-17T05:54:02.705219Z DEBUG panoptikon::inferio::http: processing local inference predict model=tags/wd-vit-tagger-v3 inputs=1
2026-09-17T05:54:02.705462Z DEBUG panoptikon::inferio::http: processing local inference predict model=tags/wd-vit-tagger-v3 inputs=1
2026-09-17T05:54:02.705500Z DEBUG panoptikon::inferio::http: processing local inference predict model=tags/wd-vit-tagger-v3 inputs=1
2026-09-17T05:54:02.705536Z DEBUG panoptikon::inferio::http: processing local inference predict model=tags/wd-vit-tagger-v3 inputs=1
2026-09-17T05:54:02.705576Z DEBUG panoptikon::inferio::http: processing local inference predict model=tags/wd-vit-tagger-v3 inputs=1
2026-09-17T05:54:02.705615Z DEBUG panoptikon::inferio::http: processing local inference predict model=tags/wd-vit-tagger-v3 inputs=1
2026-09-17T05:54:02.705746Z DEBUG panoptikon::inferio::http: processing local inference predict model=tags/wd-vit-tagger-v3 inputs=1
2026-09-17T05:54:02.705777Z DEBUG panoptikon::inferio::http: processing local inference predict model=tags/wd-vit-tagger-v3 inputs=1
2026-09-17T05:54:02.706080Z DEBUG panoptikon::inferio::http: processing local inference predict model=tags/wd-vit-tagger-v3 inputs=1
2026-09-17T05:54:02.706128Z DEBUG panoptikon::inferio::http: processing local inference predict model=tags/wd-vit-tagger-v3 inputs=1
2026-09-17T05:54:02.706163Z DEBUG panoptikon::inferio::http: processing local inference predict model=tags/wd-vit-tagger-v3 inputs=1
2026-09-17T05:54:02.706200Z DEBUG panoptikon::inferio::http: processing local inference predict model=tags/wd-vit-tagger-v3 inputs=1
2026-09-17T05:54:02.706253Z DEBUG panoptikon::inferio::http: processing local inference predict model=tags/wd-vit-tagger-v3 inputs=1
2026-09-17T05:54:02.706288Z DEBUG panoptikon::inferio::http: processing local inference predict model=tags/wd-vit-tagger-v3 inputs=1
2026-09-17T05:54:02.706312Z DEBUG panoptikon::inferio::http: processing local inference predict model=tags/wd-vit-tagger-v3 inputs=1
2026-09-17T05:54:02.706403Z DEBUG panoptikon::inferio::http: processing local inference predict model=tags/wd-vit-tagger-v3 inputs=1
2026-09-17T05:54:02.706440Z DEBUG panoptikon::inferio::http: processing local inference predict model=tags/wd-vit-tagger-v3 inputs=1
2026-09-17T05:54:02.706495Z DEBUG panoptikon::inferio::http: processing local inference predict model=tags/wd-vit-tagger-v3 inputs=1
2026-09-17T05:54:02.706527Z DEBUG panoptikon::inferio::http: processing local inference predict model=tags/wd-vit-tagger-v3 inputs=1
2026-09-17T05:54:02.706570Z DEBUG panoptikon::inferio::http: processing local inference predict model=tags/wd-vit-tagger-v3 inputs=1
2026-09-17T05:54:02.706622Z DEBUG panoptikon::inferio::http: processing local inference predict model=tags/wd-vit-tagger-v3 inputs=1
2026-09-17T05:54:02.706675Z DEBUG panoptikon::inferio::http: processing local inference predict model=tags/wd-vit-tagger-v3 inputs=1
2026-09-17T05:54:02.706715Z DEBUG panoptikon::inferio::http: processing local inference predict model=tags/wd-vit-tagger-v3 inputs=1
2026-09-17T05:54:02.706818Z DEBUG panoptikon::inferio::http: processing local inference predict model=tags/wd-vit-tagger-v3 inputs=1
2026-09-17T05:54:02.706855Z DEBUG panoptikon::inferio::http: processing local inference predict model=tags/wd-vit-tagger-v3 inputs=1
2026-09-17T05:54:02.706996Z DEBUG panoptikon::inferio::http: processing local inference predict model=tags/wd-vit-tagger-v3 inputs=1
2026-09-17T05:54:02.707024Z DEBUG panoptikon::inferio::http: processing local inference predict model=tags/wd-vit-tagger-v3 inputs=1
2026-09-17T05:54:02.707055Z DEBUG panoptikon::inferio::http: processing local inference predict model=tags/wd-vit-tagger-v3 inputs=1
2026-09-17T05:54:02.707091Z DEBUG panoptikon::inferio::http: processing local inference predict model=tags/wd-vit-tagger-v3 inputs=1
2026-09-17T05:54:02.707117Z DEBUG panoptikon::inferio::http: processing local inference predict model=tags/wd-vit-tagger-v3 inputs=1
2026-09-17T05:54:02.707155Z DEBUG panoptikon::inferio::http: processing local inference predict model=tags/wd-vit-tagger-v3 inputs=1
2026-09-17T05:54:02.707248Z DEBUG panoptikon::inferio::http: processing local inference predict model=tags/wd-vit-tagger-v3 inputs=1
2026-09-17T05:54:02.707366Z DEBUG panoptikon::inferio::http: processing local inference predict model=tags/wd-vit-tagger-v3 inputs=1
2026-09-17T05:54:02.707580Z DEBUG panoptikon::inferio::http: processing local inference predict model=tags/wd-vit-tagger-v3 inputs=1
2026-09-17T05:54:02.707641Z DEBUG panoptikon::inferio::http: processing local inference predict model=tags/wd-vit-tagger-v3 inputs=1
2026-09-17T05:54:02.707705Z DEBUG panoptikon::inferio::http: processing local inference predict model=tags/wd-vit-tagger-v3 inputs=1
2026-09-17T05:54:02.707857Z DEBUG panoptikon::inferio::http: processing local inference predict model=tags/wd-vit-tagger-v3 inputs=1
2026-09-17T05:54:02.707884Z DEBUG panoptikon::inferio::http: processing local inference predict model=tags/wd-vit-tagger-v3 inputs=1
2026-09-17T05:54:02.707915Z DEBUG panoptikon::inferio::http: processing local inference predict model=tags/wd-vit-tagger-v3 inputs=1
2026-09-17T05:54:02.710919Z  INFO panoptikon::inferio::worker: 2026-09-17 05:54:02,710 [DEBUG] inferio_worker.packing: this window's 550 MiB grant is below 80% of the 1077 MiB of releasable slack in the 1891 MiB pool (1/2 consecutive windows before releasing it) worker=wd_tagger
2026-09-17T05:54:02.803134Z  INFO panoptikon::inferio::worker: 2026-09-17 05:54:02,802 [DEBUG] inferio_worker_impl_0_wd_tagger: Running inference on 15 images worker=wd_tagger
2026-09-17T05:54:05.055365Z  INFO panoptikon::inferio::worker: 2026-09-17 05:54:05,055 [DEBUG] inferio_worker_impl_0_wd_tagger: Running inference on 15 images worker=wd_tagger
2026-09-17T05:54:07.319725Z  INFO panoptikon::inferio::worker: 2026-09-17 05:54:07,319 [DEBUG] inferio_worker_impl_0_wd_tagger: Running inference on 15 images worker=wd_tagger
2026-09-17T05:54:09.457321Z DEBUG panoptikon::inferio::ledger: settled a granted window model=tags/wd-vit-tagger-v3 gpu=CPU outcome="clean" fit_samples=3 throughput_samples=3 clamped_samples=0 clamped=none ramp_step=4 deflation=0 clean_windows=56 max_units_measured=32
2026-09-17T05:54:09.457396Z DEBUG panoptikon::inferio::ledger: issued a memory grant model=tags/wd-vit-tagger-v3 gpu=CPU unit_budget=15 mb=550 canvas_pixels=none share_mb=96007 room_mb=96007 headroom_mb=95166 external_mb=29384 reserve_mb=1024 reserve_rule="capped_default" pre_fit=false ramp_step=4 deflation=0 squeezed=false window_requests=45
2026-09-17T05:54:09.458862Z DEBUG panoptikon::inferio::http: processing local inference predict model=tags/wd-vit-tagger-v3 inputs=1
2026-09-17T05:54:09.459089Z DEBUG panoptikon::inferio::http: processing local inference predict model=tags/wd-vit-tagger-v3 inputs=1
2026-09-17T05:54:09.459148Z DEBUG panoptikon::inferio::http: processing local inference predict model=tags/wd-vit-tagger-v3 inputs=1
2026-09-17T05:54:09.459325Z DEBUG panoptikon::inferio::http: processing local inference predict model=tags/wd-vit-tagger-v3 inputs=1
2026-09-17T05:54:09.459368Z DEBUG panoptikon::inferio::http: processing local inference predict model=tags/wd-vit-tagger-v3 inputs=1
2026-09-17T05:54:09.459401Z DEBUG panoptikon::inferio::http: processing local inference predict model=tags/wd-vit-tagger-v3 inputs=1
2026-09-17T05:54:09.459434Z DEBUG panoptikon::inferio::http: processing local inference predict model=tags/wd-vit-tagger-v3 inputs=1
2026-09-17T05:54:09.459477Z DEBUG panoptikon::inferio::http: processing local inference predict model=tags/wd-vit-tagger-v3 inputs=1
2026-09-17T05:54:09.459602Z DEBUG panoptikon::inferio::http: processing local inference predict model=tags/wd-vit-tagger-v3 inputs=1
2026-09-17T05:54:09.459635Z DEBUG panoptikon::inferio::http: processing local inference predict model=tags/wd-vit-tagger-v3 inputs=1
2026-09-17T05:54:09.459720Z DEBUG panoptikon::inferio::http: processing local inference predict model=tags/wd-vit-tagger-v3 inputs=1
2026-09-17T05:54:09.459754Z DEBUG panoptikon::inferio::http: processing local inference predict model=tags/wd-vit-tagger-v3 inputs=1
2026-09-17T05:54:09.459819Z DEBUG panoptikon::inferio::http: processing local inference predict model=tags/wd-vit-tagger-v3 inputs=1
2026-09-17T05:54:09.541998Z  INFO panoptikon::inferio::worker: 2026-09-17 05:54:09,541 [DEBUG] inferio_worker_impl_0_wd_tagger: Running inference on 15 images worker=wd_tagger
2026-09-17T05:54:11.766432Z  INFO panoptikon::inferio::worker: 2026-09-17 05:54:11,766 [DEBUG] inferio_worker_impl_0_wd_tagger: Running inference on 15 images worker=wd_tagger
2026-09-17T05:54:13.887727Z  INFO panoptikon::inferio::worker: 2026-09-17 05:54:13,887 [DEBUG] inferio_worker_impl_0_wd_tagger: Running inference on 15 images worker=wd_tagger
2026-09-17T05:54:15.946040Z DEBUG panoptikon::inferio::ledger: settled a granted window model=tags/wd-vit-tagger-v3 gpu=CPU outcome="clean" fit_samples=3 throughput_samples=3 clamped_samples=0 clamped=none ramp_step=4 deflation=0 clean_windows=57 max_units_measured=32
2026-09-17T05:54:15.948826Z DEBUG panoptikon::inferio::ledger: issued a memory grant model=tags/wd-vit-tagger-v3 gpu=CPU unit_budget=13 mb=477 canvas_pixels=none share_mb=96007 room_mb=96007 headroom_mb=95166 external_mb=29305 reserve_mb=1024 reserve_rule="capped_default" pre_fit=false ramp_step=4 deflation=0 squeezed=false window_requests=13
2026-09-17T05:54:15.950981Z  INFO panoptikon::inferio::worker: 2026-09-17 05:54:15,950 [DEBUG] inferio_worker.packing: this window's 477 MiB grant is below 80% of the 1077 MiB of releasable slack in the 1891 MiB pool (1/2 consecutive windows before releasing it) worker=wd_tagger
2026-09-17T05:54:16.020832Z  INFO panoptikon::inferio::worker: 2026-09-17 05:54:16,020 [DEBUG] inferio_worker_impl_0_wd_tagger: Running inference on 13 images worker=wd_tagger
2026-09-17T05:54:17.837509Z DEBUG panoptikon::inferio::ledger: refitted the memory cost model model=tags/wd-vit-tagger-v3 gpu=CPU slope_mb_per_unit=36.25 intercept_mb=52.75 residual_mb=8.5 samples=10 version=29
2026-09-17T05:54:17.837558Z DEBUG panoptikon::inferio::ledger: queued a calibration profile update for the store model=tags/wd-vit-tagger-v3 gpu=CPU reason="fit_changed" max_units_measured=32 fit_version=29
2026-09-17T05:54:17.837576Z DEBUG panoptikon::inferio::ledger: settled a granted window model=tags/wd-vit-tagger-v3 gpu=CPU outcome="clean" fit_samples=1 throughput_samples=1 clamped_samples=0 clamped=none ramp_step=4 deflation=0 clean_windows=58 max_units_measured=32
2026-09-17T05:54:17.909929Z  INFO panoptikon::jobs::extraction: extraction job phase timing data_load_busy_secs=0.09800835299999999 data_load_work_secs=0.702421981999999 inference_busy_secs=328.00361145 inference_work_secs=40525.60376240486
2026-09-17T05:54:17.913727Z  INFO Actor{id="0.5" name="job-runner"}: panoptikon::jobs::queue: scheduling deferred database maintenance index_db="cal" queue_id=5 owed=wrote_data,tags_changed
2026-09-17T05:54:17.913765Z  INFO Actor{id="0.5" name="job-runner"}: panoptikon::jobs::queue: unloading batch model at job boundary setter=tags/wd-vit-tagger-v3
2026-09-17T05:54:17.914102Z DEBUG panoptikon::inferio::manager: unload requested model=tags/wd-vit-tagger-v3 cache_key=batch
2026-09-17T05:54:17.914139Z DEBUG panoptikon::inferio::manager: unloading model model=tags/wd-vit-tagger-v3
2026-09-17T05:54:17.914261Z DEBUG panoptikon::inferio::ledger: credited a departed replica's footprint back to the GPU's free reading, so its memory is not reattributed to external usage, and flagged the reading for a refresh model=tags/wd-vit-tagger-v3 gpu=CPU footprint_mb=1320 adjusted_free_mb=99393
2026-09-17T05:54:17.927705Z  INFO panoptikon::inferio::worker: 2026-09-17 05:54:17,927 [DEBUG] inferio_worker_impl_0_wd_tagger: Model SmilingWolf/wd-vit-tagger-v3 unloaded worker=wd_tagger
2026-09-17T05:54:17.927773Z  INFO panoptikon::inferio::worker: 2026-09-17 05:54:17,927 [INFO] inferio_worker: Unloaded; exiting. worker=wd_tagger
2026-09-17T05:54:20.376842Z  INFO panoptikon::inferio::calibration: wrote the local calibration store path=data/inferio/calibration.toml profiles=1
2026-09-17T05:54:59.816463Z  INFO panoptikon::shutdown: shutdown signal received; stopping gracefully (repeat the signal to force exit)
2026-09-17T05:54:59.816757Z  INFO panoptikon::shutdown: index DB writers drained writers=2
2026-09-17T05:54:59.817165Z  INFO panoptikon::shutdown: local inference workers stopped
2026-09-17T05:54:59.817207Z  INFO panoptikon::shutdown: background work stopped cleanly
2026-09-17T05:54:59.817779Z  INFO panoptikon: gateway stopped
