2026-09-17T06:05:48.888708Z  INFO panoptikon::logging: logging to file path=data/panoptikon.log
2026-09-17T06:05:48.888752Z  INFO panoptikon::rlimit: open file descriptor limit is already at its maximum soft_nofile=524288
2026-09-17T06:05:48.919530Z  INFO panoptikon::accelerator_report: accelerator backend: using CPU backend="cpu" backend_source=explicitly configured devices=["nvidia:NVIDIA RTX PRO 6000 Blackwell Workstation Edition (CC 12.0)", "nvidia:NVIDIA RTX PRO 6000 Blackwell Workstation Edition (CC 12.0)"]
2026-09-17T06:05:49.077717Z  INFO panoptikon::inferio::gpu: admitting batches from workers that run on the CPU against system RAM (running out of it is an OS process kill rather than a catchable allocation failure, so the device ships with a default ceiling) uuid=CPU name=CPU (128 GB) total_mb=128649 default_cap_fraction=0.75 accelerators=0
2026-09-17T06:05:49.078009Z  INFO panoptikon: serving /api/inference locally (inference_local.enabled)
2026-09-17T06:05:49.171724Z  INFO panoptikon: gateway listening endpoint=default address=127.0.0.1:6922
2026-09-17T06:05:49.171797Z  INFO panoptikon: gateway listening endpoint=test address=127.0.0.1:6923
2026-09-17T06:05:49.171833Z  INFO panoptikon: gateway listening endpoint=legacy_ui address=127.0.0.1:6919
2026-09-17T06:05:49.171862Z  INFO panoptikon: serving HTTP/1.1 and HTTP/2 cleartext max_concurrent_streams=512
2026-09-17T06:05:49.332266Z  INFO panoptikon::media_tools: media tools resolved ffmpeg=/home/admin/projects/panoptikon-wt/final-deploy/pyenv/.venv/lib/python3.12/site-packages/static_ffmpeg/bin/linux/ffmpeg ffprobe=/home/admin/projects/panoptikon-wt/final-deploy/pyenv/.venv/lib/python3.12/site-packages/static_ffmpeg/bin/linux/ffprobe
2026-09-17T06:05:49.554920Z  INFO panoptikon::media_tools::transcode::hw: no hardware H.264 encoder; the fast channel uses libx264 hwaccel="auto"
2026-09-17T06:05:50.022609Z  WARN panoptikon::jobs::files: no headless browser found; HTML files will not be indexed
2026-09-17T06:06:00.460304Z  INFO panoptikon::jobs::files: file scan phase timing folder="/home/admin/tmp-final-deploy/corpus/ramp/" hashing_busy_secs=1.1489806799999982 hashing_work_secs=1.209140765999999 metadata_busy_secs=0.28902530999999987 metadata_work_secs=0.29348606 thumbgen_busy_secs=6.490555077000001 thumbgen_work_secs=161.11190431199992 blurhash_busy_secs=3.9625899119999977 blurhash_work_secs=14.097188663999999
2026-09-17T06:06:04.659873Z  INFO panoptikon::jobs::files: file scan phase timing folder="/home/admin/tmp-final-deploy/corpus/ramp/" hashing_busy_secs=0.0 hashing_work_secs=0.0 metadata_busy_secs=0.0 metadata_work_secs=0.0 thumbgen_busy_secs=0.0 thumbgen_work_secs=0.0 blurhash_busy_secs=0.0 blurhash_work_secs=0.0
2026-09-17T06:06:04.668695Z  INFO Actor{id="0.5" name="job-runner"}: panoptikon::jobs::queue: scheduling deferred database maintenance index_db="cal" queue_id=3 owed=wrote_data
2026-09-17T06:06:06.084718Z DEBUG panoptikon::inferio_client: multiplexing inference requests over HTTP/2 cleartext endpoint=http://127.0.0.1:6922/api/inference connection_lanes=64 streams_per_lane=64 max_concurrent=256 max_concurrent_ceiling=4096
2026-09-17T06:06:06.159487Z DEBUG panoptikon::inferio::manager: resolved cost dimension model=tags/wd-vit-tagger-v3 unit="item" aggregation="count" epoch=1 seed_units=64 priced=true degraded=false
2026-09-17T06:06:06.159531Z DEBUG panoptikon::inferio::ledger: probing the host for this GPU's free memory before pricing a load against it model="tags/wd-vit-tagger-v3" gpu="CPU" reason="no free sample: this GPU has never had a resident" sample_age_ms=None
2026-09-17T06:06:06.159707Z DEBUG panoptikon::inferio::ledger: refreshed the GPU's free memory from the host probe gpu=CPU source="ram" free_mb=98963 total_mb=128649 external_mb=29686 previous_age_ms=None recorded=true
2026-09-17T06:06:06.203279Z DEBUG panoptikon::inferio::worker: spawned an inferio worker worker=wd_tagger inference_id="tags/wd-vit-tagger-v3" pid=Some(997983)
2026-09-17T06:06:09.090031Z  INFO panoptikon::inferio::worker: 2026-09-17 06:06:09,089 [INFO] inferio_worker: Resolved impl class wd_tagger to /home/admin/projects/panoptikon-wt/final-deploy/pyenv/inferio/impl/wd_tagger.py worker=wd_tagger
2026-09-17T06:06:09.090111Z  INFO panoptikon::inferio::worker: 2026-09-17 06:06:09,089 [INFO] inferio_worker: Handshake ok for impl class wd_tagger worker=wd_tagger
2026-09-17T06:06:09.090343Z  INFO panoptikon::inferio::worker: 2026-09-17 06:06:09,090 [INFO] inferio_worker: Configured as tags/wd-vit-tagger-v3 worker=wd_tagger
2026-09-17T06:06:11.168432Z  INFO panoptikon::inferio::worker: 2026-09-17 06:06:11,168 [DEBUG] urllib3.connectionpool: Starting new HTTPS connection (1): huggingface.co:443 worker=wd_tagger
2026-09-17T06:06:11.347503Z  INFO panoptikon::inferio::worker: 2026-09-17 06:06:11,347 [DEBUG] urllib3.connectionpool: https://huggingface.co:443 "HEAD /SmilingWolf/wd-vit-tagger-v3/resolve/main/selected_tags.csv HTTP/1.1" 307 0 worker=wd_tagger
2026-09-17T06:06:11.361845Z  INFO panoptikon::inferio::worker: 2026-09-17 06:06:11,361 [DEBUG] urllib3.connectionpool: https://huggingface.co:443 "HEAD /api/resolve-cache/models/SmilingWolf/wd-vit-tagger-v3/7f6b584d0bd3f55c4531f14ba3d4761b2bccdc0f/selected_tags.csv HTTP/1.1" 200 0 worker=wd_tagger
2026-09-17T06:06:11.511077Z  INFO panoptikon::inferio::worker: 2026-09-17 06:06:11,510 [DEBUG] urllib3.connectionpool: https://huggingface.co:443 "HEAD /SmilingWolf/wd-vit-tagger-v3/resolve/main/config.json HTTP/1.1" 307 0 worker=wd_tagger
2026-09-17T06:06:11.525302Z  INFO panoptikon::inferio::worker: 2026-09-17 06:06:11,525 [DEBUG] urllib3.connectionpool: https://huggingface.co:443 "HEAD /api/resolve-cache/models/SmilingWolf/wd-vit-tagger-v3/7f6b584d0bd3f55c4531f14ba3d4761b2bccdc0f/config.json HTTP/1.1" 200 0 worker=wd_tagger
2026-09-17T06:06:13.103256Z  INFO panoptikon::inferio::worker: 2026-09-17 06:06:13,103 [DEBUG] urllib3.connectionpool: https://huggingface.co:443 "HEAD /SmilingWolf/wd-vit-tagger-v3/resolve/main/model.safetensors HTTP/1.1" 302 0 worker=wd_tagger
2026-09-17T06:06:13.104509Z  INFO panoptikon::inferio::worker: 2026-09-17 06:06:13,104 [INFO] timm.models._hub: [SmilingWolf/wd-vit-tagger-v3] Safe alternative available for 'pytorch_model.bin' (as 'model.safetensors'). Loading weights using safetensors. worker=wd_tagger
2026-09-17T06:06:13.140920Z  INFO panoptikon::inferio::worker: 2026-09-17 06:06:13,140 [DEBUG] inferio_worker_impl_0_wd_tagger: Model SmilingWolf/wd-vit-tagger-v3 loaded worker=wd_tagger
2026-09-17T06:06:13.163764Z DEBUG panoptikon::inferio::worker: worker reported its load footprint worker=tags/wd-vit-tagger-v3 base_mb=478 base_method="rss" dtype="fp32" dtype_method="inferred" gpu_name="CPU (128 GB)" gpu_arch="cpu" gpu_total_mb=128649 torch="2.7.1+cpu"
2026-09-17T06:06:13.163806Z DEBUG panoptikon::inferio::manager: replica loaded model=tags/wd-vit-tagger-v3 replica=0 device="<unpinned>"
2026-09-17T06:06:13.163997Z DEBUG panoptikon::inferio::ledger: admitted a worker to a GPU's ledger model=tags/wd-vit-tagger-v3 gpu=CPU replica=2 base_mb=Some(478) base_method="rss" reserved_at_load_mb=Some(1053) seeded_from_store=false
2026-09-17T06:06:13.188423Z DEBUG panoptikon::inferio::http: processing local inference predict model=tags/wd-vit-tagger-v3 inputs=1
2026-09-17T06:06:13.188539Z DEBUG panoptikon::inferio::ledger: issued a memory grant model=tags/wd-vit-tagger-v3 gpu=CPU unit_budget=1 mb=96008 canvas_pixels=none share_mb=96008 room_mb=96008 headroom_mb=96008 external_mb=29845 reserve_mb=1024 reserve_rule="capped_default" pre_fit=true ramp_step=0 deflation=0 squeezed=false window_requests=1
2026-09-17T06:06:13.188826Z DEBUG panoptikon::inferio::http: processing local inference predict model=tags/wd-vit-tagger-v3 inputs=1
2026-09-17T06:06:13.189350Z DEBUG panoptikon::inferio::http: processing local inference predict model=tags/wd-vit-tagger-v3 inputs=1
2026-09-17T06:06:13.189404Z DEBUG panoptikon::inferio::http: processing local inference predict model=tags/wd-vit-tagger-v3 inputs=1
2026-09-17T06:06:13.189449Z DEBUG panoptikon::inferio::http: processing local inference predict model=tags/wd-vit-tagger-v3 inputs=1
2026-09-17T06:06:13.189491Z DEBUG panoptikon::inferio::http: processing local inference predict model=tags/wd-vit-tagger-v3 inputs=1
2026-09-17T06:06:13.189931Z DEBUG panoptikon::inferio::http: processing local inference predict model=tags/wd-vit-tagger-v3 inputs=1
2026-09-17T06:06:13.189961Z DEBUG panoptikon::inferio::http: processing local inference predict model=tags/wd-vit-tagger-v3 inputs=1
2026-09-17T06:06:13.190032Z DEBUG panoptikon::inferio::http: processing local inference predict model=tags/wd-vit-tagger-v3 inputs=1
2026-09-17T06:06:13.190067Z DEBUG panoptikon::inferio::http: processing local inference predict model=tags/wd-vit-tagger-v3 inputs=1
2026-09-17T06:06:13.190483Z DEBUG panoptikon::inferio::http: processing local inference predict model=tags/wd-vit-tagger-v3 inputs=1
2026-09-17T06:06:13.190524Z DEBUG panoptikon::inferio::http: processing local inference predict model=tags/wd-vit-tagger-v3 inputs=1
2026-09-17T06:06:13.190990Z DEBUG panoptikon::inferio::http: processing local inference predict model=tags/wd-vit-tagger-v3 inputs=1
2026-09-17T06:06:13.191050Z DEBUG panoptikon::inferio::http: processing local inference predict model=tags/wd-vit-tagger-v3 inputs=1
2026-09-17T06:06:13.191082Z DEBUG panoptikon::inferio::http: processing local inference predict model=tags/wd-vit-tagger-v3 inputs=1
2026-09-17T06:06:13.191114Z DEBUG panoptikon::inferio::http: processing local inference predict model=tags/wd-vit-tagger-v3 inputs=1
2026-09-17T06:06:13.191160Z DEBUG panoptikon::inferio::http: processing local inference predict model=tags/wd-vit-tagger-v3 inputs=1
2026-09-17T06:06:13.191366Z DEBUG panoptikon::inferio::http: processing local inference predict model=tags/wd-vit-tagger-v3 inputs=1
2026-09-17T06:06:13.191531Z DEBUG panoptikon::inferio::http: processing local inference predict model=tags/wd-vit-tagger-v3 inputs=1
2026-09-17T06:06:13.191666Z DEBUG panoptikon::inferio::http: processing local inference predict model=tags/wd-vit-tagger-v3 inputs=1
2026-09-17T06:06:13.192110Z DEBUG panoptikon::inferio::http: processing local inference predict model=tags/wd-vit-tagger-v3 inputs=1
2026-09-17T06:06:13.192615Z DEBUG panoptikon::inferio::http: processing local inference predict model=tags/wd-vit-tagger-v3 inputs=1
2026-09-17T06:06:13.192655Z DEBUG panoptikon::inferio::http: processing local inference predict model=tags/wd-vit-tagger-v3 inputs=1
2026-09-17T06:06:13.192698Z DEBUG panoptikon::inferio::http: processing local inference predict model=tags/wd-vit-tagger-v3 inputs=1
2026-09-17T06:06:13.192747Z DEBUG panoptikon::inferio::http: processing local inference predict model=tags/wd-vit-tagger-v3 inputs=1
2026-09-17T06:06:13.192775Z DEBUG panoptikon::inferio::http: processing local inference predict model=tags/wd-vit-tagger-v3 inputs=1
2026-09-17T06:06:13.192835Z DEBUG panoptikon::inferio::http: processing local inference predict model=tags/wd-vit-tagger-v3 inputs=1
2026-09-17T06:06:13.192862Z DEBUG panoptikon::inferio::http: processing local inference predict model=tags/wd-vit-tagger-v3 inputs=1
2026-09-17T06:06:13.192900Z DEBUG panoptikon::inferio::http: processing local inference predict model=tags/wd-vit-tagger-v3 inputs=1
2026-09-17T06:06:13.192969Z DEBUG panoptikon::inferio::http: processing local inference predict model=tags/wd-vit-tagger-v3 inputs=1
2026-09-17T06:06:13.193025Z DEBUG panoptikon::inferio::http: processing local inference predict model=tags/wd-vit-tagger-v3 inputs=1
2026-09-17T06:06:13.193073Z DEBUG panoptikon::inferio::http: processing local inference predict model=tags/wd-vit-tagger-v3 inputs=1
2026-09-17T06:06:13.193132Z DEBUG panoptikon::inferio::http: processing local inference predict model=tags/wd-vit-tagger-v3 inputs=1
2026-09-17T06:06:13.193830Z DEBUG panoptikon::inferio::http: processing local inference predict model=tags/wd-vit-tagger-v3 inputs=1
2026-09-17T06:06:13.193903Z DEBUG panoptikon::inferio::http: processing local inference predict model=tags/wd-vit-tagger-v3 inputs=1
2026-09-17T06:06:13.193981Z DEBUG panoptikon::inferio::http: processing local inference predict model=tags/wd-vit-tagger-v3 inputs=1
2026-09-17T06:06:13.194025Z DEBUG panoptikon::inferio::http: processing local inference predict model=tags/wd-vit-tagger-v3 inputs=1
2026-09-17T06:06:13.194087Z DEBUG panoptikon::inferio::http: processing local inference predict model=tags/wd-vit-tagger-v3 inputs=1
2026-09-17T06:06:13.194138Z DEBUG panoptikon::inferio::http: processing local inference predict model=tags/wd-vit-tagger-v3 inputs=1
2026-09-17T06:06:13.194204Z DEBUG panoptikon::inferio::http: processing local inference predict model=tags/wd-vit-tagger-v3 inputs=1
2026-09-17T06:06:13.194258Z DEBUG panoptikon::inferio::http: processing local inference predict model=tags/wd-vit-tagger-v3 inputs=1
2026-09-17T06:06:13.194312Z DEBUG panoptikon::inferio::http: processing local inference predict model=tags/wd-vit-tagger-v3 inputs=1
2026-09-17T06:06:13.194376Z DEBUG panoptikon::inferio::http: processing local inference predict model=tags/wd-vit-tagger-v3 inputs=1
2026-09-17T06:06:13.194417Z DEBUG panoptikon::inferio::http: processing local inference predict model=tags/wd-vit-tagger-v3 inputs=1
2026-09-17T06:06:13.194567Z DEBUG panoptikon::inferio::http: processing local inference predict model=tags/wd-vit-tagger-v3 inputs=1
2026-09-17T06:06:13.194617Z DEBUG panoptikon::inferio::http: processing local inference predict model=tags/wd-vit-tagger-v3 inputs=1
2026-09-17T06:06:13.194654Z DEBUG panoptikon::inferio::http: processing local inference predict model=tags/wd-vit-tagger-v3 inputs=1
2026-09-17T06:06:13.194790Z DEBUG panoptikon::inferio::http: processing local inference predict model=tags/wd-vit-tagger-v3 inputs=1
2026-09-17T06:06:13.194963Z DEBUG panoptikon::inferio::http: processing local inference predict model=tags/wd-vit-tagger-v3 inputs=1
2026-09-17T06:06:13.195551Z DEBUG panoptikon::inferio::http: processing local inference predict model=tags/wd-vit-tagger-v3 inputs=1
2026-09-17T06:06:13.195626Z DEBUG panoptikon::inferio::http: processing local inference predict model=tags/wd-vit-tagger-v3 inputs=1
2026-09-17T06:06:13.195847Z DEBUG panoptikon::inferio::http: processing local inference predict model=tags/wd-vit-tagger-v3 inputs=1
2026-09-17T06:06:13.196134Z DEBUG panoptikon::inferio::http: processing local inference predict model=tags/wd-vit-tagger-v3 inputs=1
2026-09-17T06:06:13.196186Z DEBUG panoptikon::inferio::http: processing local inference predict model=tags/wd-vit-tagger-v3 inputs=1
2026-09-17T06:06:13.196224Z DEBUG panoptikon::inferio::http: processing local inference predict model=tags/wd-vit-tagger-v3 inputs=1
2026-09-17T06:06:13.196300Z DEBUG panoptikon::inferio::http: processing local inference predict model=tags/wd-vit-tagger-v3 inputs=1
2026-09-17T06:06:13.196382Z DEBUG panoptikon::inferio::http: processing local inference predict model=tags/wd-vit-tagger-v3 inputs=1
2026-09-17T06:06:13.196466Z DEBUG panoptikon::inferio::http: processing local inference predict model=tags/wd-vit-tagger-v3 inputs=1
2026-09-17T06:06:13.196726Z DEBUG panoptikon::inferio::http: processing local inference predict model=tags/wd-vit-tagger-v3 inputs=1
2026-09-17T06:06:13.196838Z DEBUG panoptikon::inferio::http: processing local inference predict model=tags/wd-vit-tagger-v3 inputs=1
2026-09-17T06:06:13.196916Z DEBUG panoptikon::inferio::http: processing local inference predict model=tags/wd-vit-tagger-v3 inputs=1
2026-09-17T06:06:13.197174Z DEBUG panoptikon::inferio::http: processing local inference predict model=tags/wd-vit-tagger-v3 inputs=1
2026-09-17T06:06:13.197284Z DEBUG panoptikon::inferio::http: processing local inference predict model=tags/wd-vit-tagger-v3 inputs=1
2026-09-17T06:06:13.197400Z DEBUG panoptikon::inferio::http: processing local inference predict model=tags/wd-vit-tagger-v3 inputs=1
2026-09-17T06:06:13.208120Z  INFO panoptikon::inferio::worker: 2026-09-17 06:06:13,207 [DEBUG] inferio_worker_impl_0_wd_tagger: Running inference on 1 images worker=wd_tagger
2026-09-17T06:06:13.755857Z DEBUG panoptikon::inferio::ledger: queued a calibration profile update for the store model=tags/wd-vit-tagger-v3 gpu=CPU reason="anchor_advanced" max_units_measured=0 fit_version=0
2026-09-17T06:06:13.755941Z DEBUG panoptikon::inferio::ledger: settled a granted window model=tags/wd-vit-tagger-v3 gpu=CPU outcome="clean" fit_samples=1 throughput_samples=1 clamped_samples=0 clamped=none ramp_step=0 deflation=0 clean_windows=1 max_units_measured=1
2026-09-17T06:06:13.756055Z DEBUG panoptikon::inferio::ledger: issued a memory grant model=tags/wd-vit-tagger-v3 gpu=CPU unit_budget=2 mb=96008 canvas_pixels=none share_mb=96008 room_mb=96008 headroom_mb=96008 external_mb=29978 reserve_mb=1024 reserve_rule="capped_default" pre_fit=true ramp_step=0 deflation=0 squeezed=false window_requests=6
2026-09-17T06:06:13.757243Z  INFO panoptikon::inferio::calibration: wrote the local calibration store path=data/inferio/calibration.toml profiles=1
2026-09-17T06:06:13.757533Z DEBUG panoptikon::inferio::http: processing local inference predict model=tags/wd-vit-tagger-v3 inputs=1
2026-09-17T06:06:13.783684Z  INFO panoptikon::inferio::worker: 2026-09-17 06:06:13,783 [DEBUG] inferio_worker_impl_0_wd_tagger: Running inference on 2 images worker=wd_tagger
2026-09-17T06:06:14.454072Z  INFO panoptikon::inferio::worker: 2026-09-17 06:06:14,453 [DEBUG] inferio_worker_impl_0_wd_tagger: Running inference on 2 images worker=wd_tagger
2026-09-17T06:06:15.078207Z  INFO panoptikon::inferio::worker: 2026-09-17 06:06:15,077 [DEBUG] inferio_worker_impl_0_wd_tagger: Running inference on 2 images worker=wd_tagger
2026-09-17T06:06:15.602283Z DEBUG panoptikon::inferio::ledger: declining to fit a throughput knee: the ring's quiet buckets hold too few observations to read as a curve observations=0 min_observations=12 buckets=0 min_buckets=3
2026-09-17T06:06:15.602311Z DEBUG panoptikon::inferio::ledger: queued a calibration profile update for the store model=tags/wd-vit-tagger-v3 gpu=CPU reason="anchor_advanced" max_units_measured=2 fit_version=0
2026-09-17T06:06:15.602363Z DEBUG panoptikon::inferio::ledger: settled a granted window model=tags/wd-vit-tagger-v3 gpu=CPU outcome="clean" fit_samples=3 throughput_samples=3 clamped_samples=0 clamped=none ramp_step=1 deflation=0 clean_windows=2 max_units_measured=2
2026-09-17T06:06:15.602440Z DEBUG panoptikon::inferio::ledger: issued a memory grant model=tags/wd-vit-tagger-v3 gpu=CPU unit_budget=4 mb=96008 canvas_pixels=none share_mb=96008 room_mb=96008 headroom_mb=96008 external_mb=30009 reserve_mb=1024 reserve_rule="capped_default" pre_fit=true ramp_step=1 deflation=0 squeezed=false window_requests=12
2026-09-17T06:06:15.603533Z DEBUG panoptikon::inferio::http: processing local inference predict model=tags/wd-vit-tagger-v3 inputs=1
2026-09-17T06:06:15.603835Z DEBUG panoptikon::inferio::http: processing local inference predict model=tags/wd-vit-tagger-v3 inputs=1
2026-09-17T06:06:15.603930Z DEBUG panoptikon::inferio::http: processing local inference predict model=tags/wd-vit-tagger-v3 inputs=1
2026-09-17T06:06:15.604048Z DEBUG panoptikon::inferio::http: processing local inference predict model=tags/wd-vit-tagger-v3 inputs=1
2026-09-17T06:06:15.604142Z DEBUG panoptikon::inferio::http: processing local inference predict model=tags/wd-vit-tagger-v3 inputs=1
2026-09-17T06:06:15.604378Z DEBUG panoptikon::inferio::http: processing local inference predict model=tags/wd-vit-tagger-v3 inputs=1
2026-09-17T06:06:15.631854Z  INFO panoptikon::inferio::worker: 2026-09-17 06:06:15,631 [DEBUG] inferio_worker_impl_0_wd_tagger: Running inference on 4 images worker=wd_tagger
2026-09-17T06:06:16.619230Z  INFO panoptikon::inferio::worker: 2026-09-17 06:06:16,619 [DEBUG] inferio_worker_impl_0_wd_tagger: Running inference on 4 images worker=wd_tagger
2026-09-17T06:06:17.365710Z  INFO panoptikon::inferio::worker: 2026-09-17 06:06:17,365 [DEBUG] inferio_worker_impl_0_wd_tagger: Running inference on 4 images worker=wd_tagger
2026-09-17T06:06:18.085018Z DEBUG panoptikon::inferio::ledger: refitted the memory cost model model=tags/wd-vit-tagger-v3 gpu=CPU slope_mb_per_unit=46.666666666666664 intercept_mb=14.333333333333343 residual_mb=7.105427357601002e-15 samples=3 version=1
2026-09-17T06:06:18.085075Z DEBUG panoptikon::inferio::ledger: declining to fit a throughput knee: the ring's quiet buckets hold too few observations to read as a curve observations=3 min_observations=12 buckets=1 min_buckets=3
2026-09-17T06:06:18.085095Z DEBUG panoptikon::inferio::ledger: queued a calibration profile update for the store model=tags/wd-vit-tagger-v3 gpu=CPU reason="fit_changed" max_units_measured=4 fit_version=1
2026-09-17T06:06:18.085126Z DEBUG panoptikon::inferio::ledger: settled a granted window model=tags/wd-vit-tagger-v3 gpu=CPU outcome="clean" fit_samples=3 throughput_samples=3 clamped_samples=0 clamped=none ramp_step=2 deflation=0 clean_windows=3 max_units_measured=4
2026-09-17T06:06:18.085206Z DEBUG panoptikon::inferio::ledger: issued a memory grant model=tags/wd-vit-tagger-v3 gpu=CPU unit_budget=8 mb=467 canvas_pixels=none share_mb=96008 room_mb=96008 headroom_mb=96008 external_mb=30038 reserve_mb=1024 reserve_rule="capped_default" pre_fit=false ramp_step=2 deflation=0 squeezed=false window_requests=24
2026-09-17T06:06:18.086394Z DEBUG panoptikon::inferio::http: processing local inference predict model=tags/wd-vit-tagger-v3 inputs=1
2026-09-17T06:06:18.086711Z DEBUG panoptikon::inferio::http: processing local inference predict model=tags/wd-vit-tagger-v3 inputs=1
2026-09-17T06:06:18.086809Z DEBUG panoptikon::inferio::http: processing local inference predict model=tags/wd-vit-tagger-v3 inputs=1
2026-09-17T06:06:18.086886Z DEBUG panoptikon::inferio::http: processing local inference predict model=tags/wd-vit-tagger-v3 inputs=1
2026-09-17T06:06:18.086933Z DEBUG panoptikon::inferio::http: processing local inference predict model=tags/wd-vit-tagger-v3 inputs=1
2026-09-17T06:06:18.087023Z DEBUG panoptikon::inferio::http: processing local inference predict model=tags/wd-vit-tagger-v3 inputs=1
2026-09-17T06:06:18.087243Z DEBUG panoptikon::inferio::http: processing local inference predict model=tags/wd-vit-tagger-v3 inputs=1
2026-09-17T06:06:18.087366Z DEBUG panoptikon::inferio::http: processing local inference predict model=tags/wd-vit-tagger-v3 inputs=1
2026-09-17T06:06:18.087438Z DEBUG panoptikon::inferio::http: processing local inference predict model=tags/wd-vit-tagger-v3 inputs=1
2026-09-17T06:06:18.087645Z DEBUG panoptikon::inferio::http: processing local inference predict model=tags/wd-vit-tagger-v3 inputs=1
2026-09-17T06:06:18.087719Z DEBUG panoptikon::inferio::http: processing local inference predict model=tags/wd-vit-tagger-v3 inputs=1
2026-09-17T06:06:18.087773Z DEBUG panoptikon::inferio::http: processing local inference predict model=tags/wd-vit-tagger-v3 inputs=1
2026-09-17T06:06:18.134226Z  INFO panoptikon::inferio::worker: 2026-09-17 06:06:18,133 [DEBUG] inferio_worker_impl_0_wd_tagger: Running inference on 8 images worker=wd_tagger
2026-09-17T06:06:19.481548Z  INFO panoptikon::inferio::worker: 2026-09-17 06:06:19,481 [DEBUG] inferio_worker_impl_0_wd_tagger: Running inference on 8 images worker=wd_tagger
2026-09-17T06:06:20.775639Z  INFO panoptikon::inferio::worker: 2026-09-17 06:06:20,775 [DEBUG] inferio_worker_impl_0_wd_tagger: Running inference on 8 images worker=wd_tagger
2026-09-17T06:06:21.967470Z DEBUG panoptikon::inferio::ledger: refitted the memory cost model model=tags/wd-vit-tagger-v3 gpu=CPU slope_mb_per_unit=35.85714285714286 intercept_mb=38.21428571428571 residual_mb=16.2142857142857 samples=4 version=2
2026-09-17T06:06:21.967524Z DEBUG panoptikon::inferio::ledger: declining to fit a throughput knee: the ring's quiet buckets hold too few observations to read as a curve observations=6 min_observations=12 buckets=2 min_buckets=3
2026-09-17T06:06:21.967567Z DEBUG panoptikon::inferio::ledger: queued a calibration profile update for the store model=tags/wd-vit-tagger-v3 gpu=CPU reason="fit_changed" max_units_measured=8 fit_version=2
2026-09-17T06:06:21.967590Z DEBUG panoptikon::inferio::ledger: settled a granted window model=tags/wd-vit-tagger-v3 gpu=CPU outcome="clean" fit_samples=3 throughput_samples=3 clamped_samples=0 clamped=none ramp_step=3 deflation=0 clean_windows=4 max_units_measured=8
2026-09-17T06:06:21.968635Z DEBUG panoptikon::inferio::http: processing local inference predict model=tags/wd-vit-tagger-v3 inputs=1
2026-09-17T06:06:21.968855Z DEBUG panoptikon::inferio::http: processing local inference predict model=tags/wd-vit-tagger-v3 inputs=1
2026-09-17T06:06:21.969066Z DEBUG panoptikon::inferio::http: processing local inference predict model=tags/wd-vit-tagger-v3 inputs=1
2026-09-17T06:06:21.969161Z DEBUG panoptikon::inferio::http: processing local inference predict model=tags/wd-vit-tagger-v3 inputs=1
2026-09-17T06:06:21.969217Z DEBUG panoptikon::inferio::http: processing local inference predict model=tags/wd-vit-tagger-v3 inputs=1
2026-09-17T06:06:21.969287Z DEBUG panoptikon::inferio::http: processing local inference predict model=tags/wd-vit-tagger-v3 inputs=1
2026-09-17T06:06:21.969449Z DEBUG panoptikon::inferio::http: processing local inference predict model=tags/wd-vit-tagger-v3 inputs=1
2026-09-17T06:06:21.969499Z DEBUG panoptikon::inferio::http: processing local inference predict model=tags/wd-vit-tagger-v3 inputs=1
2026-09-17T06:06:21.969593Z DEBUG panoptikon::inferio::ledger: issued a memory grant model=tags/wd-vit-tagger-v3 gpu=CPU unit_budget=16 mb=718 canvas_pixels=none share_mb=96008 room_mb=96008 headroom_mb=96008 external_mb=30051 reserve_mb=1024 reserve_rule="capped_default" pre_fit=false ramp_step=3 deflation=0 squeezed=false window_requests=48
2026-09-17T06:06:21.969625Z DEBUG panoptikon::inferio::http: processing local inference predict model=tags/wd-vit-tagger-v3 inputs=1
2026-09-17T06:06:21.969920Z DEBUG panoptikon::inferio::http: processing local inference predict model=tags/wd-vit-tagger-v3 inputs=1
2026-09-17T06:06:21.969978Z DEBUG panoptikon::inferio::http: processing local inference predict model=tags/wd-vit-tagger-v3 inputs=1
2026-09-17T06:06:21.970018Z DEBUG panoptikon::inferio::http: processing local inference predict model=tags/wd-vit-tagger-v3 inputs=1
2026-09-17T06:06:21.970073Z DEBUG panoptikon::inferio::http: processing local inference predict model=tags/wd-vit-tagger-v3 inputs=1
2026-09-17T06:06:21.970096Z DEBUG panoptikon::inferio::http: processing local inference predict model=tags/wd-vit-tagger-v3 inputs=1
2026-09-17T06:06:21.970258Z DEBUG panoptikon::inferio::http: processing local inference predict model=tags/wd-vit-tagger-v3 inputs=1
2026-09-17T06:06:21.970305Z DEBUG panoptikon::inferio::http: processing local inference predict model=tags/wd-vit-tagger-v3 inputs=1
2026-09-17T06:06:21.970334Z DEBUG panoptikon::inferio::http: processing local inference predict model=tags/wd-vit-tagger-v3 inputs=1
2026-09-17T06:06:21.970369Z DEBUG panoptikon::inferio::http: processing local inference predict model=tags/wd-vit-tagger-v3 inputs=1
2026-09-17T06:06:21.970571Z DEBUG panoptikon::inferio::http: processing local inference predict model=tags/wd-vit-tagger-v3 inputs=1
2026-09-17T06:06:21.970604Z DEBUG panoptikon::inferio::http: processing local inference predict model=tags/wd-vit-tagger-v3 inputs=1
2026-09-17T06:06:21.970644Z DEBUG panoptikon::inferio::http: processing local inference predict model=tags/wd-vit-tagger-v3 inputs=1
2026-09-17T06:06:21.970711Z DEBUG panoptikon::inferio::http: processing local inference predict model=tags/wd-vit-tagger-v3 inputs=1
2026-09-17T06:06:21.970860Z DEBUG panoptikon::inferio::http: processing local inference predict model=tags/wd-vit-tagger-v3 inputs=1
2026-09-17T06:06:21.970892Z DEBUG panoptikon::inferio::http: processing local inference predict model=tags/wd-vit-tagger-v3 inputs=1
2026-09-17T06:06:22.076627Z  INFO panoptikon::inferio::worker: 2026-09-17 06:06:22,076 [DEBUG] inferio_worker_impl_0_wd_tagger: Running inference on 16 images worker=wd_tagger
2026-09-17T06:06:24.476751Z  INFO panoptikon::inferio::worker: 2026-09-17 06:06:24,476 [DEBUG] inferio_worker_impl_0_wd_tagger: Running inference on 16 images worker=wd_tagger
2026-09-17T06:06:26.865630Z  INFO panoptikon::inferio::worker: 2026-09-17 06:06:26,865 [DEBUG] inferio_worker_impl_0_wd_tagger: Running inference on 16 images worker=wd_tagger
2026-09-17T06:06:29.592632Z  INFO panoptikon::inferio::ledger: holding the throughput ramp at this rung: the ring cannot certify this rung yet model=tags/wd-vit-tagger-v3 gpu=CPU units=16 certified=false knee_binds=false
2026-09-17T06:06:29.592695Z DEBUG panoptikon::inferio::ledger: refitted the memory cost model model=tags/wd-vit-tagger-v3 gpu=CPU slope_mb_per_unit=37.35 intercept_mb=36.39999999999998 residual_mb=12.749999999999972 samples=5 version=3
2026-09-17T06:06:29.592717Z DEBUG panoptikon::inferio::ledger: declining to fit a throughput knee: the ring's quiet buckets hold too few observations to read as a curve observations=6 min_observations=12 buckets=2 min_buckets=3
2026-09-17T06:06:29.592745Z DEBUG panoptikon::inferio::ledger: queued a calibration profile update for the store model=tags/wd-vit-tagger-v3 gpu=CPU reason="fit_changed" max_units_measured=16 fit_version=3
2026-09-17T06:06:29.592818Z DEBUG panoptikon::inferio::ledger: settled a granted window model=tags/wd-vit-tagger-v3 gpu=CPU outcome="clean" fit_samples=3 throughput_samples=1 clamped_samples=0 clamped=none ramp_step=3 deflation=0 clean_windows=5 max_units_measured=16
2026-09-17T06:06:29.595014Z DEBUG panoptikon::inferio::http: processing local inference predict model=tags/wd-vit-tagger-v3 inputs=1
2026-09-17T06:06:29.599055Z DEBUG panoptikon::inferio::ledger: issued a memory grant model=tags/wd-vit-tagger-v3 gpu=CPU unit_budget=16 mb=598 canvas_pixels=none share_mb=96008 room_mb=96008 headroom_mb=95735 external_mb=29795 reserve_mb=1024 reserve_rule="capped_default" pre_fit=false ramp_step=3 deflation=0 squeezed=false window_requests=17
2026-09-17T06:06:29.604585Z DEBUG panoptikon::inferio::http: processing local inference predict model=tags/wd-vit-tagger-v3 inputs=1
2026-09-17T06:06:29.604679Z DEBUG panoptikon::inferio::http: processing local inference predict model=tags/wd-vit-tagger-v3 inputs=1
2026-09-17T06:06:29.604784Z DEBUG panoptikon::inferio::http: processing local inference predict model=tags/wd-vit-tagger-v3 inputs=1
2026-09-17T06:06:29.604822Z DEBUG panoptikon::inferio::http: processing local inference predict model=tags/wd-vit-tagger-v3 inputs=1
2026-09-17T06:06:29.604877Z DEBUG panoptikon::inferio::http: processing local inference predict model=tags/wd-vit-tagger-v3 inputs=1
2026-09-17T06:06:29.604937Z DEBUG panoptikon::inferio::http: processing local inference predict model=tags/wd-vit-tagger-v3 inputs=1
2026-09-17T06:06:29.604980Z DEBUG panoptikon::inferio::http: processing local inference predict model=tags/wd-vit-tagger-v3 inputs=1
2026-09-17T06:06:29.605014Z DEBUG panoptikon::inferio::http: processing local inference predict model=tags/wd-vit-tagger-v3 inputs=1
2026-09-17T06:06:29.605224Z DEBUG panoptikon::inferio::http: processing local inference predict model=tags/wd-vit-tagger-v3 inputs=1
2026-09-17T06:06:29.605397Z DEBUG panoptikon::inferio::http: processing local inference predict model=tags/wd-vit-tagger-v3 inputs=1
2026-09-17T06:06:29.605455Z DEBUG panoptikon::inferio::http: processing local inference predict model=tags/wd-vit-tagger-v3 inputs=1
2026-09-17T06:06:29.605500Z DEBUG panoptikon::inferio::http: processing local inference predict model=tags/wd-vit-tagger-v3 inputs=1
2026-09-17T06:06:29.605544Z DEBUG panoptikon::inferio::http: processing local inference predict model=tags/wd-vit-tagger-v3 inputs=1
2026-09-17T06:06:29.605595Z DEBUG panoptikon::inferio::http: processing local inference predict model=tags/wd-vit-tagger-v3 inputs=1
2026-09-17T06:06:29.605649Z DEBUG panoptikon::inferio::http: processing local inference predict model=tags/wd-vit-tagger-v3 inputs=1
2026-09-17T06:06:29.606197Z DEBUG panoptikon::inferio::http: processing local inference predict model=tags/wd-vit-tagger-v3 inputs=1
2026-09-17T06:06:29.606241Z DEBUG panoptikon::inferio::http: processing local inference predict model=tags/wd-vit-tagger-v3 inputs=1
2026-09-17T06:06:29.606282Z DEBUG panoptikon::inferio::http: processing local inference predict model=tags/wd-vit-tagger-v3 inputs=1
2026-09-17T06:06:29.606347Z DEBUG panoptikon::inferio::http: processing local inference predict model=tags/wd-vit-tagger-v3 inputs=1
2026-09-17T06:06:29.606385Z DEBUG panoptikon::inferio::http: processing local inference predict model=tags/wd-vit-tagger-v3 inputs=1
2026-09-17T06:06:29.606467Z DEBUG panoptikon::inferio::http: processing local inference predict model=tags/wd-vit-tagger-v3 inputs=1
2026-09-17T06:06:29.606526Z DEBUG panoptikon::inferio::http: processing local inference predict model=tags/wd-vit-tagger-v3 inputs=1
2026-09-17T06:06:29.606569Z DEBUG panoptikon::inferio::http: processing local inference predict model=tags/wd-vit-tagger-v3 inputs=1
2026-09-17T06:06:29.606641Z DEBUG panoptikon::inferio::http: processing local inference predict model=tags/wd-vit-tagger-v3 inputs=1
2026-09-17T06:06:29.606669Z DEBUG panoptikon::inferio::http: processing local inference predict model=tags/wd-vit-tagger-v3 inputs=1
2026-09-17T06:06:29.606704Z DEBUG panoptikon::inferio::http: processing local inference predict model=tags/wd-vit-tagger-v3 inputs=1
2026-09-17T06:06:29.606776Z DEBUG panoptikon::inferio::http: processing local inference predict model=tags/wd-vit-tagger-v3 inputs=1
2026-09-17T06:06:29.606816Z DEBUG panoptikon::inferio::http: processing local inference predict model=tags/wd-vit-tagger-v3 inputs=1
2026-09-17T06:06:29.606880Z DEBUG panoptikon::inferio::http: processing local inference predict model=tags/wd-vit-tagger-v3 inputs=1
2026-09-17T06:06:29.606900Z DEBUG panoptikon::inferio::http: processing local inference predict model=tags/wd-vit-tagger-v3 inputs=1
2026-09-17T06:06:29.606949Z DEBUG panoptikon::inferio::http: processing local inference predict model=tags/wd-vit-tagger-v3 inputs=1
2026-09-17T06:06:29.607006Z DEBUG panoptikon::inferio::http: processing local inference predict model=tags/wd-vit-tagger-v3 inputs=1
2026-09-17T06:06:29.607043Z DEBUG panoptikon::inferio::http: processing local inference predict model=tags/wd-vit-tagger-v3 inputs=1
2026-09-17T06:06:29.607098Z DEBUG panoptikon::inferio::http: processing local inference predict model=tags/wd-vit-tagger-v3 inputs=1
2026-09-17T06:06:29.607121Z DEBUG panoptikon::inferio::http: processing local inference predict model=tags/wd-vit-tagger-v3 inputs=1
2026-09-17T06:06:29.607180Z DEBUG panoptikon::inferio::http: processing local inference predict model=tags/wd-vit-tagger-v3 inputs=1
2026-09-17T06:06:29.607254Z DEBUG panoptikon::inferio::http: processing local inference predict model=tags/wd-vit-tagger-v3 inputs=1
2026-09-17T06:06:29.607287Z DEBUG panoptikon::inferio::http: processing local inference predict model=tags/wd-vit-tagger-v3 inputs=1
2026-09-17T06:06:29.607325Z DEBUG panoptikon::inferio::http: processing local inference predict model=tags/wd-vit-tagger-v3 inputs=1
2026-09-17T06:06:29.607373Z DEBUG panoptikon::inferio::http: processing local inference predict model=tags/wd-vit-tagger-v3 inputs=1
2026-09-17T06:06:29.607401Z DEBUG panoptikon::inferio::http: processing local inference predict model=tags/wd-vit-tagger-v3 inputs=1
2026-09-17T06:06:29.607548Z DEBUG panoptikon::inferio::http: processing local inference predict model=tags/wd-vit-tagger-v3 inputs=1
2026-09-17T06:06:29.607725Z DEBUG panoptikon::inferio::http: processing local inference predict model=tags/wd-vit-tagger-v3 inputs=1
2026-09-17T06:06:29.607773Z DEBUG panoptikon::inferio::http: processing local inference predict model=tags/wd-vit-tagger-v3 inputs=1
2026-09-17T06:06:29.607903Z DEBUG panoptikon::inferio::http: processing local inference predict model=tags/wd-vit-tagger-v3 inputs=1
2026-09-17T06:06:29.607957Z DEBUG panoptikon::inferio::http: processing local inference predict model=tags/wd-vit-tagger-v3 inputs=1
2026-09-17T06:06:29.608000Z DEBUG panoptikon::inferio::http: processing local inference predict model=tags/wd-vit-tagger-v3 inputs=1
2026-09-17T06:06:29.608033Z DEBUG panoptikon::inferio::http: processing local inference predict model=tags/wd-vit-tagger-v3 inputs=1
2026-09-17T06:06:29.608062Z DEBUG panoptikon::inferio::http: processing local inference predict model=tags/wd-vit-tagger-v3 inputs=1
2026-09-17T06:06:29.608117Z DEBUG panoptikon::inferio::http: processing local inference predict model=tags/wd-vit-tagger-v3 inputs=1
2026-09-17T06:06:29.608149Z DEBUG panoptikon::inferio::http: processing local inference predict model=tags/wd-vit-tagger-v3 inputs=1
2026-09-17T06:06:29.608213Z DEBUG panoptikon::inferio::http: processing local inference predict model=tags/wd-vit-tagger-v3 inputs=1
2026-09-17T06:06:29.608243Z DEBUG panoptikon::inferio::http: processing local inference predict model=tags/wd-vit-tagger-v3 inputs=1
2026-09-17T06:06:29.608281Z DEBUG panoptikon::inferio::http: processing local inference predict model=tags/wd-vit-tagger-v3 inputs=1
2026-09-17T06:06:29.608330Z DEBUG panoptikon::inferio::http: processing local inference predict model=tags/wd-vit-tagger-v3 inputs=1
2026-09-17T06:06:29.608355Z DEBUG panoptikon::inferio::http: processing local inference predict model=tags/wd-vit-tagger-v3 inputs=1
2026-09-17T06:06:29.608551Z DEBUG panoptikon::inferio::http: processing local inference predict model=tags/wd-vit-tagger-v3 inputs=1
2026-09-17T06:06:29.608619Z DEBUG panoptikon::inferio::http: processing local inference predict model=tags/wd-vit-tagger-v3 inputs=1
2026-09-17T06:06:29.608667Z DEBUG panoptikon::inferio::http: processing local inference predict model=tags/wd-vit-tagger-v3 inputs=1
2026-09-17T06:06:29.608746Z DEBUG panoptikon::inferio::http: processing local inference predict model=tags/wd-vit-tagger-v3 inputs=1
2026-09-17T06:06:29.608779Z DEBUG panoptikon::inferio::http: processing local inference predict model=tags/wd-vit-tagger-v3 inputs=1
2026-09-17T06:06:29.608822Z DEBUG panoptikon::inferio::http: processing local inference predict model=tags/wd-vit-tagger-v3 inputs=1
2026-09-17T06:06:29.608871Z DEBUG panoptikon::inferio::http: processing local inference predict model=tags/wd-vit-tagger-v3 inputs=1
2026-09-17T06:06:29.608907Z DEBUG panoptikon::inferio::http: processing local inference predict model=tags/wd-vit-tagger-v3 inputs=1
2026-09-17T06:06:29.608995Z DEBUG panoptikon::inferio::http: processing local inference predict model=tags/wd-vit-tagger-v3 inputs=1
2026-09-17T06:06:29.609092Z DEBUG panoptikon::inferio::http: processing local inference predict model=tags/wd-vit-tagger-v3 inputs=1
2026-09-17T06:06:29.609115Z DEBUG panoptikon::inferio::http: processing local inference predict model=tags/wd-vit-tagger-v3 inputs=1
2026-09-17T06:06:29.609275Z DEBUG panoptikon::inferio::http: processing local inference predict model=tags/wd-vit-tagger-v3 inputs=1
2026-09-17T06:06:29.609308Z DEBUG panoptikon::inferio::http: processing local inference predict model=tags/wd-vit-tagger-v3 inputs=1
2026-09-17T06:06:29.609408Z DEBUG panoptikon::inferio::http: processing local inference predict model=tags/wd-vit-tagger-v3 inputs=1
2026-09-17T06:06:29.609682Z DEBUG panoptikon::inferio::http: processing local inference predict model=tags/wd-vit-tagger-v3 inputs=1
2026-09-17T06:06:29.609935Z DEBUG panoptikon::inferio::http: processing local inference predict model=tags/wd-vit-tagger-v3 inputs=1
2026-09-17T06:06:29.609984Z DEBUG panoptikon::inferio::http: processing local inference predict model=tags/wd-vit-tagger-v3 inputs=1
2026-09-17T06:06:29.610019Z DEBUG panoptikon::inferio::http: processing local inference predict model=tags/wd-vit-tagger-v3 inputs=1
2026-09-17T06:06:29.610050Z DEBUG panoptikon::inferio::http: processing local inference predict model=tags/wd-vit-tagger-v3 inputs=1
2026-09-17T06:06:29.610104Z DEBUG panoptikon::inferio::http: processing local inference predict model=tags/wd-vit-tagger-v3 inputs=1
2026-09-17T06:06:29.610140Z DEBUG panoptikon::inferio::http: processing local inference predict model=tags/wd-vit-tagger-v3 inputs=1
2026-09-17T06:06:29.610289Z DEBUG panoptikon::inferio::http: processing local inference predict model=tags/wd-vit-tagger-v3 inputs=1
2026-09-17T06:06:29.610396Z DEBUG panoptikon::inferio::http: processing local inference predict model=tags/wd-vit-tagger-v3 inputs=1
2026-09-17T06:06:29.702022Z  INFO panoptikon::inferio::worker: 2026-09-17 06:06:29,701 [DEBUG] inferio_worker_impl_0_wd_tagger: Running inference on 16 images worker=wd_tagger
2026-09-17T06:06:32.839414Z  INFO panoptikon::inferio::worker: 2026-09-17 06:06:32,839 [DEBUG] inferio_worker_impl_0_wd_tagger: Running inference on 1 images worker=wd_tagger
2026-09-17T06:06:33.144808Z DEBUG panoptikon::inferio::ledger: refitted the memory cost model model=tags/wd-vit-tagger-v3 gpu=CPU slope_mb_per_unit=30.78333333333333 intercept_mb=77.86666666666667 residual_mb=19.349999999999994 samples=5 version=4
2026-09-17T06:06:33.144845Z DEBUG panoptikon::inferio::ledger: declining to fit a throughput knee: the ring's quiet buckets hold too few observations to read as a curve observations=6 min_observations=12 buckets=2 min_buckets=3
2026-09-17T06:06:33.144891Z DEBUG panoptikon::inferio::ledger: queued a calibration profile update for the store model=tags/wd-vit-tagger-v3 gpu=CPU reason="fit_changed" max_units_measured=16 fit_version=4
2026-09-17T06:06:33.144928Z DEBUG panoptikon::inferio::ledger: settled a granted window model=tags/wd-vit-tagger-v3 gpu=CPU outcome="clean" fit_samples=2 throughput_samples=0 clamped_samples=0 clamped=none ramp_step=3 deflation=0 clean_windows=6 max_units_measured=16
2026-09-17T06:06:33.145015Z DEBUG panoptikon::inferio::ledger: issued a memory grant model=tags/wd-vit-tagger-v3 gpu=CPU unit_budget=16 mb=493 canvas_pixels=none share_mb=96008 room_mb=96008 headroom_mb=95734 external_mb=29819 reserve_mb=1024 reserve_rule="capped_default" pre_fit=false ramp_step=3 deflation=0 squeezed=false window_requests=48
2026-09-17T06:06:33.145932Z DEBUG panoptikon::inferio::http: processing local inference predict model=tags/wd-vit-tagger-v3 inputs=1
2026-09-17T06:06:33.188848Z DEBUG panoptikon::inferio::http: processing local inference predict model=tags/wd-vit-tagger-v3 inputs=1
2026-09-17T06:06:33.189013Z DEBUG panoptikon::inferio::http: processing local inference predict model=tags/wd-vit-tagger-v3 inputs=1
2026-09-17T06:06:33.189123Z DEBUG panoptikon::inferio::http: processing local inference predict model=tags/wd-vit-tagger-v3 inputs=1
2026-09-17T06:06:33.189184Z DEBUG panoptikon::inferio::http: processing local inference predict model=tags/wd-vit-tagger-v3 inputs=1
2026-09-17T06:06:33.189246Z DEBUG panoptikon::inferio::http: processing local inference predict model=tags/wd-vit-tagger-v3 inputs=1
2026-09-17T06:06:33.189368Z DEBUG panoptikon::inferio::http: processing local inference predict model=tags/wd-vit-tagger-v3 inputs=1
2026-09-17T06:06:33.189547Z DEBUG panoptikon::inferio::http: processing local inference predict model=tags/wd-vit-tagger-v3 inputs=1
2026-09-17T06:06:33.189661Z DEBUG panoptikon::inferio::http: processing local inference predict model=tags/wd-vit-tagger-v3 inputs=1
2026-09-17T06:06:33.189723Z DEBUG panoptikon::inferio::http: processing local inference predict model=tags/wd-vit-tagger-v3 inputs=1
2026-09-17T06:06:33.189762Z DEBUG panoptikon::inferio::http: processing local inference predict model=tags/wd-vit-tagger-v3 inputs=1
2026-09-17T06:06:33.189905Z DEBUG panoptikon::inferio::http: processing local inference predict model=tags/wd-vit-tagger-v3 inputs=1
2026-09-17T06:06:33.189952Z DEBUG panoptikon::inferio::http: processing local inference predict model=tags/wd-vit-tagger-v3 inputs=1
2026-09-17T06:06:33.190003Z DEBUG panoptikon::inferio::http: processing local inference predict model=tags/wd-vit-tagger-v3 inputs=1
2026-09-17T06:06:33.190078Z DEBUG panoptikon::inferio::http: processing local inference predict model=tags/wd-vit-tagger-v3 inputs=1
2026-09-17T06:06:33.190116Z DEBUG panoptikon::inferio::http: processing local inference predict model=tags/wd-vit-tagger-v3 inputs=1
2026-09-17T06:06:33.190166Z DEBUG panoptikon::inferio::http: processing local inference predict model=tags/wd-vit-tagger-v3 inputs=1
2026-09-17T06:06:33.240254Z  INFO panoptikon::inferio::worker: 2026-09-17 06:06:33,240 [DEBUG] inferio_worker_impl_0_wd_tagger: Running inference on 16 images worker=wd_tagger
2026-09-17T06:06:36.021991Z  INFO panoptikon::inferio::worker: 2026-09-17 06:06:36,021 [DEBUG] inferio_worker_impl_0_wd_tagger: Running inference on 16 images worker=wd_tagger
2026-09-17T06:06:38.535313Z  INFO panoptikon::inferio::worker: 2026-09-17 06:06:38,534 [DEBUG] inferio_worker_impl_0_wd_tagger: Running inference on 16 images worker=wd_tagger
2026-09-17T06:06:40.930289Z  INFO panoptikon::inferio::ledger: the throughput ramp is free to grow again model=tags/wd-vit-tagger-v3 gpu=CPU
2026-09-17T06:06:40.930396Z DEBUG panoptikon::inferio::ledger: refitted the memory cost model model=tags/wd-vit-tagger-v3 gpu=CPU slope_mb_per_unit=30.75 intercept_mb=78.0 residual_mb=19.25 samples=5 version=5
2026-09-17T06:06:40.930435Z DEBUG panoptikon::inferio::ledger: declining to fit a throughput knee: the ring's quiet buckets hold too few observations to read as a curve observations=10 min_observations=12 buckets=3 min_buckets=3
2026-09-17T06:06:40.930453Z DEBUG panoptikon::inferio::ledger: queued a calibration profile update for the store model=tags/wd-vit-tagger-v3 gpu=CPU reason="fit_changed" max_units_measured=16 fit_version=5
2026-09-17T06:06:40.930487Z DEBUG panoptikon::inferio::ledger: settled a granted window model=tags/wd-vit-tagger-v3 gpu=CPU outcome="clean" fit_samples=3 throughput_samples=3 clamped_samples=0 clamped=none ramp_step=4 deflation=0 clean_windows=7 max_units_measured=16
2026-09-17T06:06:40.932000Z DEBUG panoptikon::inferio::http: processing local inference predict model=tags/wd-vit-tagger-v3 inputs=1
2026-09-17T06:06:40.932543Z DEBUG panoptikon::inferio::http: processing local inference predict model=tags/wd-vit-tagger-v3 inputs=1
2026-09-17T06:06:40.932779Z DEBUG panoptikon::inferio::http: processing local inference predict model=tags/wd-vit-tagger-v3 inputs=1
2026-09-17T06:06:40.932843Z DEBUG panoptikon::inferio::http: processing local inference predict model=tags/wd-vit-tagger-v3 inputs=1
2026-09-17T06:06:40.932969Z DEBUG panoptikon::inferio::http: processing local inference predict model=tags/wd-vit-tagger-v3 inputs=1
2026-09-17T06:06:40.933023Z DEBUG panoptikon::inferio::http: processing local inference predict model=tags/wd-vit-tagger-v3 inputs=1
2026-09-17T06:06:40.933164Z DEBUG panoptikon::inferio::http: processing local inference predict model=tags/wd-vit-tagger-v3 inputs=1
2026-09-17T06:06:40.933228Z DEBUG panoptikon::inferio::http: processing local inference predict model=tags/wd-vit-tagger-v3 inputs=1
2026-09-17T06:06:40.933298Z DEBUG panoptikon::inferio::http: processing local inference predict model=tags/wd-vit-tagger-v3 inputs=1
2026-09-17T06:06:40.933409Z DEBUG panoptikon::inferio::http: processing local inference predict model=tags/wd-vit-tagger-v3 inputs=1
2026-09-17T06:06:40.933443Z DEBUG panoptikon::inferio::http: processing local inference predict model=tags/wd-vit-tagger-v3 inputs=1
2026-09-17T06:06:40.933513Z DEBUG panoptikon::inferio::http: processing local inference predict model=tags/wd-vit-tagger-v3 inputs=1
2026-09-17T06:06:40.933558Z DEBUG panoptikon::inferio::http: processing local inference predict model=tags/wd-vit-tagger-v3 inputs=1
2026-09-17T06:06:40.933625Z DEBUG panoptikon::inferio::http: processing local inference predict model=tags/wd-vit-tagger-v3 inputs=1
2026-09-17T06:06:40.933656Z DEBUG panoptikon::inferio::http: processing local inference predict model=tags/wd-vit-tagger-v3 inputs=1
2026-09-17T06:06:40.933690Z DEBUG panoptikon::inferio::http: processing local inference predict model=tags/wd-vit-tagger-v3 inputs=1
2026-09-17T06:06:40.933744Z DEBUG panoptikon::inferio::http: processing local inference predict model=tags/wd-vit-tagger-v3 inputs=1
2026-09-17T06:06:40.933790Z DEBUG panoptikon::inferio::http: processing local inference predict model=tags/wd-vit-tagger-v3 inputs=1
2026-09-17T06:06:40.933854Z DEBUG panoptikon::inferio::http: processing local inference predict model=tags/wd-vit-tagger-v3 inputs=1
2026-09-17T06:06:40.933886Z DEBUG panoptikon::inferio::http: processing local inference predict model=tags/wd-vit-tagger-v3 inputs=1
2026-09-17T06:06:40.933930Z DEBUG panoptikon::inferio::http: processing local inference predict model=tags/wd-vit-tagger-v3 inputs=1
2026-09-17T06:06:40.934000Z DEBUG panoptikon::inferio::http: processing local inference predict model=tags/wd-vit-tagger-v3 inputs=1
2026-09-17T06:06:40.934048Z DEBUG panoptikon::inferio::http: processing local inference predict model=tags/wd-vit-tagger-v3 inputs=1
2026-09-17T06:06:40.934091Z DEBUG panoptikon::inferio::http: processing local inference predict model=tags/wd-vit-tagger-v3 inputs=1
2026-09-17T06:06:40.934202Z DEBUG panoptikon::inferio::http: processing local inference predict model=tags/wd-vit-tagger-v3 inputs=1
2026-09-17T06:06:40.934238Z DEBUG panoptikon::inferio::http: processing local inference predict model=tags/wd-vit-tagger-v3 inputs=1
2026-09-17T06:06:40.934299Z DEBUG panoptikon::inferio::http: processing local inference predict model=tags/wd-vit-tagger-v3 inputs=1
2026-09-17T06:06:40.934331Z DEBUG panoptikon::inferio::http: processing local inference predict model=tags/wd-vit-tagger-v3 inputs=1
2026-09-17T06:06:40.934359Z DEBUG panoptikon::inferio::http: processing local inference predict model=tags/wd-vit-tagger-v3 inputs=1
2026-09-17T06:06:40.934524Z DEBUG panoptikon::inferio::http: processing local inference predict model=tags/wd-vit-tagger-v3 inputs=1
2026-09-17T06:06:40.934582Z DEBUG panoptikon::inferio::http: processing local inference predict model=tags/wd-vit-tagger-v3 inputs=1
2026-09-17T06:06:40.934652Z DEBUG panoptikon::inferio::http: processing local inference predict model=tags/wd-vit-tagger-v3 inputs=1
2026-09-17T06:06:40.934787Z DEBUG panoptikon::inferio::http: processing local inference predict model=tags/wd-vit-tagger-v3 inputs=1
2026-09-17T06:06:40.934840Z DEBUG panoptikon::inferio::http: processing local inference predict model=tags/wd-vit-tagger-v3 inputs=1
2026-09-17T06:06:40.934954Z DEBUG panoptikon::inferio::http: processing local inference predict model=tags/wd-vit-tagger-v3 inputs=1
2026-09-17T06:06:40.934987Z DEBUG panoptikon::inferio::http: processing local inference predict model=tags/wd-vit-tagger-v3 inputs=1
2026-09-17T06:06:40.935038Z DEBUG panoptikon::inferio::http: processing local inference predict model=tags/wd-vit-tagger-v3 inputs=1
2026-09-17T06:06:40.935071Z DEBUG panoptikon::inferio::http: processing local inference predict model=tags/wd-vit-tagger-v3 inputs=1
2026-09-17T06:06:40.935105Z DEBUG panoptikon::inferio::http: processing local inference predict model=tags/wd-vit-tagger-v3 inputs=1
2026-09-17T06:06:40.935185Z DEBUG panoptikon::inferio::http: processing local inference predict model=tags/wd-vit-tagger-v3 inputs=1
2026-09-17T06:06:40.935212Z DEBUG panoptikon::inferio::http: processing local inference predict model=tags/wd-vit-tagger-v3 inputs=1
2026-09-17T06:06:40.935247Z DEBUG panoptikon::inferio::http: processing local inference predict model=tags/wd-vit-tagger-v3 inputs=1
2026-09-17T06:06:40.935297Z DEBUG panoptikon::inferio::http: processing local inference predict model=tags/wd-vit-tagger-v3 inputs=1
2026-09-17T06:06:40.935330Z DEBUG panoptikon::inferio::http: processing local inference predict model=tags/wd-vit-tagger-v3 inputs=1
2026-09-17T06:06:40.935396Z DEBUG panoptikon::inferio::http: processing local inference predict model=tags/wd-vit-tagger-v3 inputs=1
2026-09-17T06:06:40.935430Z DEBUG panoptikon::inferio::http: processing local inference predict model=tags/wd-vit-tagger-v3 inputs=1
2026-09-17T06:06:40.935465Z DEBUG panoptikon::inferio::http: processing local inference predict model=tags/wd-vit-tagger-v3 inputs=1
2026-09-17T06:06:40.935522Z DEBUG panoptikon::inferio::http: processing local inference predict model=tags/wd-vit-tagger-v3 inputs=1
2026-09-17T06:06:40.935592Z DEBUG panoptikon::inferio::ledger: issued a memory grant model=tags/wd-vit-tagger-v3 gpu=CPU unit_budget=32 mb=984 canvas_pixels=none share_mb=96008 room_mb=96008 headroom_mb=95734 external_mb=29812 reserve_mb=1024 reserve_rule="capped_default" pre_fit=false ramp_step=4 deflation=0 squeezed=false window_requests=96
2026-09-17T06:06:41.129181Z  INFO panoptikon::inferio::worker: 2026-09-17 06:06:41,128 [DEBUG] inferio_worker_impl_0_wd_tagger: Running inference on 32 images worker=wd_tagger
2026-09-17T06:06:43.758700Z  INFO panoptikon::inferio::calibration: wrote the local calibration store path=data/inferio/calibration.toml profiles=1
2026-09-17T06:06:48.338359Z  INFO panoptikon::inferio::worker: 2026-09-17 06:06:48,338 [DEBUG] inferio_worker_impl_0_wd_tagger: Running inference on 32 images worker=wd_tagger
2026-09-17T06:06:54.370873Z  INFO panoptikon::inferio::worker: 2026-09-17 06:06:54,370 [DEBUG] inferio_worker_impl_0_wd_tagger: Running inference on 32 images worker=wd_tagger
2026-09-17T06:06:59.716026Z  INFO panoptikon::inferio::ledger: holding the throughput ramp at this rung: the ring cannot certify this rung yet model=tags/wd-vit-tagger-v3 gpu=CPU units=32 certified=false knee_binds=false
2026-09-17T06:06:59.716123Z DEBUG panoptikon::inferio::ledger: refitted the memory cost model model=tags/wd-vit-tagger-v3 gpu=CPU slope_mb_per_unit=35.5 intercept_mb=62.0 residual_mb=6.5 samples=6 version=6
2026-09-17T06:06:59.716152Z DEBUG panoptikon::inferio::ledger: declining to fit a throughput knee: the ring's quiet buckets hold too few observations to read as a curve observations=10 min_observations=12 buckets=3 min_buckets=3
2026-09-17T06:06:59.716168Z DEBUG panoptikon::inferio::ledger: queued a calibration profile update for the store model=tags/wd-vit-tagger-v3 gpu=CPU reason="fit_changed" max_units_measured=32 fit_version=6
2026-09-17T06:06:59.716196Z DEBUG panoptikon::inferio::ledger: settled a granted window model=tags/wd-vit-tagger-v3 gpu=CPU outcome="clean" fit_samples=3 throughput_samples=1 clamped_samples=0 clamped=none ramp_step=4 deflation=0 clean_windows=8 max_units_measured=32
2026-09-17T06:06:59.720711Z DEBUG panoptikon::inferio::http: processing local inference predict model=tags/wd-vit-tagger-v3 inputs=1
2026-09-17T06:06:59.720838Z DEBUG panoptikon::inferio::http: processing local inference predict model=tags/wd-vit-tagger-v3 inputs=1
2026-09-17T06:06:59.720888Z DEBUG panoptikon::inferio::http: processing local inference predict model=tags/wd-vit-tagger-v3 inputs=1
2026-09-17T06:06:59.720978Z DEBUG panoptikon::inferio::http: processing local inference predict model=tags/wd-vit-tagger-v3 inputs=1
2026-09-17T06:06:59.721137Z DEBUG panoptikon::inferio::http: processing local inference predict model=tags/wd-vit-tagger-v3 inputs=1
2026-09-17T06:06:59.721259Z DEBUG panoptikon::inferio::http: processing local inference predict model=tags/wd-vit-tagger-v3 inputs=1
2026-09-17T06:06:59.721318Z DEBUG panoptikon::inferio::http: processing local inference predict model=tags/wd-vit-tagger-v3 inputs=1
2026-09-17T06:06:59.721364Z DEBUG panoptikon::inferio::http: processing local inference predict model=tags/wd-vit-tagger-v3 inputs=1
2026-09-17T06:06:59.721977Z DEBUG panoptikon::inferio::http: processing local inference predict model=tags/wd-vit-tagger-v3 inputs=1
2026-09-17T06:06:59.722015Z DEBUG panoptikon::inferio::http: processing local inference predict model=tags/wd-vit-tagger-v3 inputs=1
2026-09-17T06:06:59.722173Z DEBUG panoptikon::inferio::http: processing local inference predict model=tags/wd-vit-tagger-v3 inputs=1
2026-09-17T06:06:59.722205Z DEBUG panoptikon::inferio::http: processing local inference predict model=tags/wd-vit-tagger-v3 inputs=1
2026-09-17T06:06:59.722454Z DEBUG panoptikon::inferio::http: processing local inference predict model=tags/wd-vit-tagger-v3 inputs=1
2026-09-17T06:06:59.722562Z DEBUG panoptikon::inferio::http: processing local inference predict model=tags/wd-vit-tagger-v3 inputs=1
2026-09-17T06:06:59.722605Z DEBUG panoptikon::inferio::http: processing local inference predict model=tags/wd-vit-tagger-v3 inputs=1
2026-09-17T06:06:59.722635Z DEBUG panoptikon::inferio::http: processing local inference predict model=tags/wd-vit-tagger-v3 inputs=1
2026-09-17T06:06:59.722691Z DEBUG panoptikon::inferio::http: processing local inference predict model=tags/wd-vit-tagger-v3 inputs=1
2026-09-17T06:06:59.722733Z DEBUG panoptikon::inferio::http: processing local inference predict model=tags/wd-vit-tagger-v3 inputs=1
2026-09-17T06:06:59.722798Z DEBUG panoptikon::inferio::http: processing local inference predict model=tags/wd-vit-tagger-v3 inputs=1
2026-09-17T06:06:59.722824Z DEBUG panoptikon::inferio::http: processing local inference predict model=tags/wd-vit-tagger-v3 inputs=1
2026-09-17T06:06:59.722860Z DEBUG panoptikon::inferio::http: processing local inference predict model=tags/wd-vit-tagger-v3 inputs=1
2026-09-17T06:06:59.722952Z DEBUG panoptikon::inferio::http: processing local inference predict model=tags/wd-vit-tagger-v3 inputs=1
2026-09-17T06:06:59.722996Z DEBUG panoptikon::inferio::http: processing local inference predict model=tags/wd-vit-tagger-v3 inputs=1
2026-09-17T06:06:59.723048Z DEBUG panoptikon::inferio::http: processing local inference predict model=tags/wd-vit-tagger-v3 inputs=1
2026-09-17T06:06:59.723068Z DEBUG panoptikon::inferio::http: processing local inference predict model=tags/wd-vit-tagger-v3 inputs=1
2026-09-17T06:06:59.723095Z DEBUG panoptikon::inferio::http: processing local inference predict model=tags/wd-vit-tagger-v3 inputs=1
2026-09-17T06:06:59.723166Z DEBUG panoptikon::inferio::http: processing local inference predict model=tags/wd-vit-tagger-v3 inputs=1
2026-09-17T06:06:59.723218Z DEBUG panoptikon::inferio::http: processing local inference predict model=tags/wd-vit-tagger-v3 inputs=1
2026-09-17T06:06:59.723260Z DEBUG panoptikon::inferio::http: processing local inference predict model=tags/wd-vit-tagger-v3 inputs=1
2026-09-17T06:06:59.723339Z DEBUG panoptikon::inferio::http: processing local inference predict model=tags/wd-vit-tagger-v3 inputs=1
2026-09-17T06:06:59.723385Z DEBUG panoptikon::inferio::http: processing local inference predict model=tags/wd-vit-tagger-v3 inputs=1
2026-09-17T06:06:59.723475Z DEBUG panoptikon::inferio::http: processing local inference predict model=tags/wd-vit-tagger-v3 inputs=1
2026-09-17T06:06:59.723526Z DEBUG panoptikon::inferio::http: processing local inference predict model=tags/wd-vit-tagger-v3 inputs=1
2026-09-17T06:06:59.723562Z DEBUG panoptikon::inferio::http: processing local inference predict model=tags/wd-vit-tagger-v3 inputs=1
2026-09-17T06:06:59.723649Z DEBUG panoptikon::inferio::http: processing local inference predict model=tags/wd-vit-tagger-v3 inputs=1
2026-09-17T06:06:59.723693Z DEBUG panoptikon::inferio::http: processing local inference predict model=tags/wd-vit-tagger-v3 inputs=1
2026-09-17T06:06:59.723773Z DEBUG panoptikon::inferio::http: processing local inference predict model=tags/wd-vit-tagger-v3 inputs=1
2026-09-17T06:06:59.723822Z DEBUG panoptikon::inferio::http: processing local inference predict model=tags/wd-vit-tagger-v3 inputs=1
2026-09-17T06:06:59.723857Z DEBUG panoptikon::inferio::http: processing local inference predict model=tags/wd-vit-tagger-v3 inputs=1
2026-09-17T06:06:59.723934Z DEBUG panoptikon::inferio::http: processing local inference predict model=tags/wd-vit-tagger-v3 inputs=1
2026-09-17T06:06:59.723990Z DEBUG panoptikon::inferio::http: processing local inference predict model=tags/wd-vit-tagger-v3 inputs=1
2026-09-17T06:06:59.724044Z DEBUG panoptikon::inferio::http: processing local inference predict model=tags/wd-vit-tagger-v3 inputs=1
2026-09-17T06:06:59.724075Z DEBUG panoptikon::inferio::http: processing local inference predict model=tags/wd-vit-tagger-v3 inputs=1
2026-09-17T06:06:59.724114Z DEBUG panoptikon::inferio::http: processing local inference predict model=tags/wd-vit-tagger-v3 inputs=1
2026-09-17T06:06:59.724209Z DEBUG panoptikon::inferio::http: processing local inference predict model=tags/wd-vit-tagger-v3 inputs=1
2026-09-17T06:06:59.724246Z DEBUG panoptikon::inferio::http: processing local inference predict model=tags/wd-vit-tagger-v3 inputs=1
2026-09-17T06:06:59.724273Z DEBUG panoptikon::inferio::http: processing local inference predict model=tags/wd-vit-tagger-v3 inputs=1
2026-09-17T06:06:59.724404Z DEBUG panoptikon::inferio::http: processing local inference predict model=tags/wd-vit-tagger-v3 inputs=1
2026-09-17T06:06:59.724445Z DEBUG panoptikon::inferio::http: processing local inference predict model=tags/wd-vit-tagger-v3 inputs=1
2026-09-17T06:06:59.724567Z DEBUG panoptikon::inferio::http: processing local inference predict model=tags/wd-vit-tagger-v3 inputs=1
2026-09-17T06:06:59.724739Z DEBUG panoptikon::inferio::http: processing local inference predict model=tags/wd-vit-tagger-v3 inputs=1
2026-09-17T06:06:59.724775Z DEBUG panoptikon::inferio::http: processing local inference predict model=tags/wd-vit-tagger-v3 inputs=1
2026-09-17T06:06:59.724839Z DEBUG panoptikon::inferio::http: processing local inference predict model=tags/wd-vit-tagger-v3 inputs=1
2026-09-17T06:06:59.724869Z DEBUG panoptikon::inferio::http: processing local inference predict model=tags/wd-vit-tagger-v3 inputs=1
2026-09-17T06:06:59.724930Z DEBUG panoptikon::inferio::http: processing local inference predict model=tags/wd-vit-tagger-v3 inputs=1
2026-09-17T06:06:59.724958Z DEBUG panoptikon::inferio::http: processing local inference predict model=tags/wd-vit-tagger-v3 inputs=1
2026-09-17T06:06:59.724987Z DEBUG panoptikon::inferio::http: processing local inference predict model=tags/wd-vit-tagger-v3 inputs=1
2026-09-17T06:06:59.725045Z DEBUG panoptikon::inferio::http: processing local inference predict model=tags/wd-vit-tagger-v3 inputs=1
2026-09-17T06:06:59.725081Z DEBUG panoptikon::inferio::http: processing local inference predict model=tags/wd-vit-tagger-v3 inputs=1
2026-09-17T06:06:59.725113Z DEBUG panoptikon::inferio::http: processing local inference predict model=tags/wd-vit-tagger-v3 inputs=1
2026-09-17T06:06:59.725165Z DEBUG panoptikon::inferio::http: processing local inference predict model=tags/wd-vit-tagger-v3 inputs=1
2026-09-17T06:06:59.725202Z DEBUG panoptikon::inferio::http: processing local inference predict model=tags/wd-vit-tagger-v3 inputs=1
2026-09-17T06:06:59.725275Z DEBUG panoptikon::inferio::http: processing local inference predict model=tags/wd-vit-tagger-v3 inputs=1
2026-09-17T06:06:59.725343Z DEBUG panoptikon::inferio::http: processing local inference predict model=tags/wd-vit-tagger-v3 inputs=1
2026-09-17T06:06:59.725384Z DEBUG panoptikon::inferio::http: processing local inference predict model=tags/wd-vit-tagger-v3 inputs=1
2026-09-17T06:06:59.725434Z DEBUG panoptikon::inferio::http: processing local inference predict model=tags/wd-vit-tagger-v3 inputs=1
2026-09-17T06:06:59.725469Z DEBUG panoptikon::inferio::http: processing local inference predict model=tags/wd-vit-tagger-v3 inputs=1
2026-09-17T06:06:59.725548Z DEBUG panoptikon::inferio::http: processing local inference predict model=tags/wd-vit-tagger-v3 inputs=1
2026-09-17T06:06:59.725584Z DEBUG panoptikon::inferio::http: processing local inference predict model=tags/wd-vit-tagger-v3 inputs=1
2026-09-17T06:06:59.725636Z DEBUG panoptikon::inferio::http: processing local inference predict model=tags/wd-vit-tagger-v3 inputs=1
2026-09-17T06:06:59.725679Z DEBUG panoptikon::inferio::http: processing local inference predict model=tags/wd-vit-tagger-v3 inputs=1
2026-09-17T06:06:59.725724Z DEBUG panoptikon::inferio::http: processing local inference predict model=tags/wd-vit-tagger-v3 inputs=1
2026-09-17T06:06:59.725775Z DEBUG panoptikon::inferio::http: processing local inference predict model=tags/wd-vit-tagger-v3 inputs=1
2026-09-17T06:06:59.725812Z DEBUG panoptikon::inferio::http: processing local inference predict model=tags/wd-vit-tagger-v3 inputs=1
2026-09-17T06:06:59.725851Z DEBUG panoptikon::inferio::http: processing local inference predict model=tags/wd-vit-tagger-v3 inputs=1
2026-09-17T06:06:59.725915Z DEBUG panoptikon::inferio::http: processing local inference predict model=tags/wd-vit-tagger-v3 inputs=1
2026-09-17T06:06:59.725956Z DEBUG panoptikon::inferio::http: processing local inference predict model=tags/wd-vit-tagger-v3 inputs=1
2026-09-17T06:06:59.726006Z DEBUG panoptikon::inferio::http: processing local inference predict model=tags/wd-vit-tagger-v3 inputs=1
2026-09-17T06:06:59.726055Z DEBUG panoptikon::inferio::http: processing local inference predict model=tags/wd-vit-tagger-v3 inputs=1
2026-09-17T06:06:59.726103Z DEBUG panoptikon::inferio::http: processing local inference predict model=tags/wd-vit-tagger-v3 inputs=1
2026-09-17T06:06:59.726176Z DEBUG panoptikon::inferio::http: processing local inference predict model=tags/wd-vit-tagger-v3 inputs=1
2026-09-17T06:06:59.726212Z DEBUG panoptikon::inferio::http: processing local inference predict model=tags/wd-vit-tagger-v3 inputs=1
2026-09-17T06:06:59.726246Z DEBUG panoptikon::inferio::http: processing local inference predict model=tags/wd-vit-tagger-v3 inputs=1
2026-09-17T06:06:59.726312Z DEBUG panoptikon::inferio::http: processing local inference predict model=tags/wd-vit-tagger-v3 inputs=1
2026-09-17T06:06:59.726341Z DEBUG panoptikon::inferio::http: processing local inference predict model=tags/wd-vit-tagger-v3 inputs=1
2026-09-17T06:06:59.726425Z DEBUG panoptikon::inferio::http: processing local inference predict model=tags/wd-vit-tagger-v3 inputs=1
2026-09-17T06:06:59.726470Z DEBUG panoptikon::inferio::http: processing local inference predict model=tags/wd-vit-tagger-v3 inputs=1
2026-09-17T06:06:59.726492Z DEBUG panoptikon::inferio::http: processing local inference predict model=tags/wd-vit-tagger-v3 inputs=1
2026-09-17T06:06:59.726561Z DEBUG panoptikon::inferio::http: processing local inference predict model=tags/wd-vit-tagger-v3 inputs=1
2026-09-17T06:06:59.726595Z DEBUG panoptikon::inferio::http: processing local inference predict model=tags/wd-vit-tagger-v3 inputs=1
2026-09-17T06:06:59.726626Z DEBUG panoptikon::inferio::http: processing local inference predict model=tags/wd-vit-tagger-v3 inputs=1
2026-09-17T06:06:59.726701Z DEBUG panoptikon::inferio::http: processing local inference predict model=tags/wd-vit-tagger-v3 inputs=1
2026-09-17T06:06:59.726732Z DEBUG panoptikon::inferio::http: processing local inference predict model=tags/wd-vit-tagger-v3 inputs=1
2026-09-17T06:06:59.726812Z DEBUG panoptikon::inferio::http: processing local inference predict model=tags/wd-vit-tagger-v3 inputs=1
2026-09-17T06:06:59.726877Z DEBUG panoptikon::inferio::http: processing local inference predict model=tags/wd-vit-tagger-v3 inputs=1
2026-09-17T06:06:59.727200Z DEBUG panoptikon::inferio::http: processing local inference predict model=tags/wd-vit-tagger-v3 inputs=1
2026-09-17T06:06:59.727257Z DEBUG panoptikon::inferio::http: processing local inference predict model=tags/wd-vit-tagger-v3 inputs=1
2026-09-17T06:06:59.727295Z DEBUG panoptikon::inferio::http: processing local inference predict model=tags/wd-vit-tagger-v3 inputs=1
2026-09-17T06:06:59.727361Z DEBUG panoptikon::inferio::http: processing local inference predict model=tags/wd-vit-tagger-v3 inputs=1
2026-09-17T06:06:59.727399Z DEBUG panoptikon::inferio::http: processing local inference predict model=tags/wd-vit-tagger-v3 inputs=1
2026-09-17T06:06:59.727422Z DEBUG panoptikon::inferio::http: processing local inference predict model=tags/wd-vit-tagger-v3 inputs=1
2026-09-17T06:06:59.727494Z DEBUG panoptikon::inferio::http: processing local inference predict model=tags/wd-vit-tagger-v3 inputs=1
2026-09-17T06:06:59.727522Z DEBUG panoptikon::inferio::http: processing local inference predict model=tags/wd-vit-tagger-v3 inputs=1
2026-09-17T06:06:59.727546Z DEBUG panoptikon::inferio::http: processing local inference predict model=tags/wd-vit-tagger-v3 inputs=1
2026-09-17T06:06:59.727620Z DEBUG panoptikon::inferio::http: processing local inference predict model=tags/wd-vit-tagger-v3 inputs=1
2026-09-17T06:06:59.727671Z DEBUG panoptikon::inferio::http: processing local inference predict model=tags/wd-vit-tagger-v3 inputs=1
2026-09-17T06:06:59.727713Z DEBUG panoptikon::inferio::ledger: issued a memory grant model=tags/wd-vit-tagger-v3 gpu=CPU unit_budget=32 mb=1136 canvas_pixels=none share_mb=96008 room_mb=96008 headroom_mb=95172 external_mb=29454 reserve_mb=1024 reserve_rule="capped_default" pre_fit=false ramp_step=4 deflation=0 squeezed=false window_requests=96
2026-09-17T06:06:59.727754Z DEBUG panoptikon::inferio::http: processing local inference predict model=tags/wd-vit-tagger-v3 inputs=1
2026-09-17T06:06:59.727771Z DEBUG panoptikon::inferio::http: processing local inference predict model=tags/wd-vit-tagger-v3 inputs=1
2026-09-17T06:06:59.727836Z DEBUG panoptikon::inferio::http: processing local inference predict model=tags/wd-vit-tagger-v3 inputs=1
2026-09-17T06:06:59.727881Z DEBUG panoptikon::inferio::http: processing local inference predict model=tags/wd-vit-tagger-v3 inputs=1
2026-09-17T06:06:59.727920Z DEBUG panoptikon::inferio::http: processing local inference predict model=tags/wd-vit-tagger-v3 inputs=1
2026-09-17T06:06:59.727970Z DEBUG panoptikon::inferio::http: processing local inference predict model=tags/wd-vit-tagger-v3 inputs=1
2026-09-17T06:06:59.728009Z DEBUG panoptikon::inferio::http: processing local inference predict model=tags/wd-vit-tagger-v3 inputs=1
2026-09-17T06:06:59.728071Z DEBUG panoptikon::inferio::http: processing local inference predict model=tags/wd-vit-tagger-v3 inputs=1
2026-09-17T06:06:59.728102Z DEBUG panoptikon::inferio::http: processing local inference predict model=tags/wd-vit-tagger-v3 inputs=1
2026-09-17T06:06:59.728150Z DEBUG panoptikon::inferio::http: processing local inference predict model=tags/wd-vit-tagger-v3 inputs=1
2026-09-17T06:06:59.728233Z DEBUG panoptikon::inferio::http: processing local inference predict model=tags/wd-vit-tagger-v3 inputs=1
2026-09-17T06:06:59.728288Z DEBUG panoptikon::inferio::http: processing local inference predict model=tags/wd-vit-tagger-v3 inputs=1
2026-09-17T06:06:59.728331Z DEBUG panoptikon::inferio::http: processing local inference predict model=tags/wd-vit-tagger-v3 inputs=1
2026-09-17T06:06:59.728363Z DEBUG panoptikon::inferio::http: processing local inference predict model=tags/wd-vit-tagger-v3 inputs=1
2026-09-17T06:06:59.728388Z DEBUG panoptikon::inferio::http: processing local inference predict model=tags/wd-vit-tagger-v3 inputs=1
2026-09-17T06:06:59.728439Z DEBUG panoptikon::inferio::http: processing local inference predict model=tags/wd-vit-tagger-v3 inputs=1
2026-09-17T06:06:59.728473Z DEBUG panoptikon::inferio::http: processing local inference predict model=tags/wd-vit-tagger-v3 inputs=1
2026-09-17T06:06:59.728508Z DEBUG panoptikon::inferio::http: processing local inference predict model=tags/wd-vit-tagger-v3 inputs=1
2026-09-17T06:06:59.728562Z DEBUG panoptikon::inferio::http: processing local inference predict model=tags/wd-vit-tagger-v3 inputs=1
2026-09-17T06:06:59.728587Z DEBUG panoptikon::inferio::http: processing local inference predict model=tags/wd-vit-tagger-v3 inputs=1
2026-09-17T06:06:59.728644Z DEBUG panoptikon::inferio::http: processing local inference predict model=tags/wd-vit-tagger-v3 inputs=1
2026-09-17T06:06:59.728685Z DEBUG panoptikon::inferio::http: processing local inference predict model=tags/wd-vit-tagger-v3 inputs=1
2026-09-17T06:06:59.735789Z DEBUG panoptikon::inferio::http: processing local inference predict model=tags/wd-vit-tagger-v3 inputs=1
2026-09-17T06:06:59.735871Z DEBUG panoptikon::inferio::http: processing local inference predict model=tags/wd-vit-tagger-v3 inputs=1
2026-09-17T06:06:59.736113Z DEBUG panoptikon::inferio::http: processing local inference predict model=tags/wd-vit-tagger-v3 inputs=1
2026-09-17T06:06:59.736173Z DEBUG panoptikon::inferio::http: processing local inference predict model=tags/wd-vit-tagger-v3 inputs=1
2026-09-17T06:06:59.736619Z DEBUG panoptikon::inferio::http: processing local inference predict model=tags/wd-vit-tagger-v3 inputs=1
2026-09-17T06:06:59.736947Z DEBUG panoptikon::inferio::http: processing local inference predict model=tags/wd-vit-tagger-v3 inputs=1
2026-09-17T06:06:59.737003Z DEBUG panoptikon::inferio::http: processing local inference predict model=tags/wd-vit-tagger-v3 inputs=1
2026-09-17T06:06:59.737044Z DEBUG panoptikon::inferio::http: processing local inference predict model=tags/wd-vit-tagger-v3 inputs=1
2026-09-17T06:06:59.737078Z DEBUG panoptikon::inferio::http: processing local inference predict model=tags/wd-vit-tagger-v3 inputs=1
2026-09-17T06:06:59.737154Z DEBUG panoptikon::inferio::http: processing local inference predict model=tags/wd-vit-tagger-v3 inputs=1
2026-09-17T06:06:59.737194Z DEBUG panoptikon::inferio::http: processing local inference predict model=tags/wd-vit-tagger-v3 inputs=1
2026-09-17T06:06:59.737270Z DEBUG panoptikon::inferio::http: processing local inference predict model=tags/wd-vit-tagger-v3 inputs=1
2026-09-17T06:06:59.737409Z DEBUG panoptikon::inferio::http: processing local inference predict model=tags/wd-vit-tagger-v3 inputs=1
2026-09-17T06:06:59.737699Z DEBUG panoptikon::inferio::http: processing local inference predict model=tags/wd-vit-tagger-v3 inputs=1
2026-09-17T06:06:59.737929Z DEBUG panoptikon::inferio::http: processing local inference predict model=tags/wd-vit-tagger-v3 inputs=1
2026-09-17T06:06:59.737960Z DEBUG panoptikon::inferio::http: processing local inference predict model=tags/wd-vit-tagger-v3 inputs=1
2026-09-17T06:06:59.738036Z DEBUG panoptikon::inferio::http: processing local inference predict model=tags/wd-vit-tagger-v3 inputs=1
2026-09-17T06:06:59.738066Z DEBUG panoptikon::inferio::http: processing local inference predict model=tags/wd-vit-tagger-v3 inputs=1
2026-09-17T06:06:59.738091Z DEBUG panoptikon::inferio::http: processing local inference predict model=tags/wd-vit-tagger-v3 inputs=1
2026-09-17T06:06:59.738313Z DEBUG panoptikon::inferio::http: processing local inference predict model=tags/wd-vit-tagger-v3 inputs=1
2026-09-17T06:06:59.738352Z DEBUG panoptikon::inferio::http: processing local inference predict model=tags/wd-vit-tagger-v3 inputs=1
2026-09-17T06:06:59.738411Z DEBUG panoptikon::inferio::http: processing local inference predict model=tags/wd-vit-tagger-v3 inputs=1
2026-09-17T06:06:59.738434Z DEBUG panoptikon::inferio::http: processing local inference predict model=tags/wd-vit-tagger-v3 inputs=1
2026-09-17T06:06:59.738470Z DEBUG panoptikon::inferio::http: processing local inference predict model=tags/wd-vit-tagger-v3 inputs=1
2026-09-17T06:06:59.738523Z DEBUG panoptikon::inferio::http: processing local inference predict model=tags/wd-vit-tagger-v3 inputs=1
2026-09-17T06:06:59.738596Z DEBUG panoptikon::inferio::http: processing local inference predict model=tags/wd-vit-tagger-v3 inputs=1
2026-09-17T06:06:59.738623Z DEBUG panoptikon::inferio::http: processing local inference predict model=tags/wd-vit-tagger-v3 inputs=1
2026-09-17T06:06:59.739107Z DEBUG panoptikon::inferio::http: processing local inference predict model=tags/wd-vit-tagger-v3 inputs=1
2026-09-17T06:06:59.739201Z DEBUG panoptikon::inferio::http: processing local inference predict model=tags/wd-vit-tagger-v3 inputs=1
2026-09-17T06:06:59.739265Z DEBUG panoptikon::inferio::http: processing local inference predict model=tags/wd-vit-tagger-v3 inputs=1
2026-09-17T06:06:59.739302Z DEBUG panoptikon::inferio::http: processing local inference predict model=tags/wd-vit-tagger-v3 inputs=1
2026-09-17T06:06:59.739331Z DEBUG panoptikon::inferio::http: processing local inference predict model=tags/wd-vit-tagger-v3 inputs=1
2026-09-17T06:06:59.739373Z DEBUG panoptikon::inferio::http: processing local inference predict model=tags/wd-vit-tagger-v3 inputs=1
2026-09-17T06:06:59.739402Z DEBUG panoptikon::inferio::http: processing local inference predict model=tags/wd-vit-tagger-v3 inputs=1
2026-09-17T06:06:59.739492Z DEBUG panoptikon::inferio::http: processing local inference predict model=tags/wd-vit-tagger-v3 inputs=1
2026-09-17T06:06:59.739782Z DEBUG panoptikon::inferio::http: processing local inference predict model=tags/wd-vit-tagger-v3 inputs=1
2026-09-17T06:06:59.739884Z DEBUG panoptikon::inferio::http: processing local inference predict model=tags/wd-vit-tagger-v3 inputs=1
2026-09-17T06:06:59.739936Z DEBUG panoptikon::inferio::http: processing local inference predict model=tags/wd-vit-tagger-v3 inputs=1
2026-09-17T06:06:59.739967Z DEBUG panoptikon::inferio::http: processing local inference predict model=tags/wd-vit-tagger-v3 inputs=1
2026-09-17T06:06:59.740332Z DEBUG panoptikon::inferio::http: processing local inference predict model=tags/wd-vit-tagger-v3 inputs=1
2026-09-17T06:06:59.740384Z DEBUG panoptikon::inferio::http: processing local inference predict model=tags/wd-vit-tagger-v3 inputs=1
2026-09-17T06:06:59.740416Z DEBUG panoptikon::inferio::http: processing local inference predict model=tags/wd-vit-tagger-v3 inputs=1
2026-09-17T06:06:59.740694Z DEBUG panoptikon::inferio::http: processing local inference predict model=tags/wd-vit-tagger-v3 inputs=1
2026-09-17T06:06:59.740747Z DEBUG panoptikon::inferio::http: processing local inference predict model=tags/wd-vit-tagger-v3 inputs=1
2026-09-17T06:06:59.740789Z DEBUG panoptikon::inferio::http: processing local inference predict model=tags/wd-vit-tagger-v3 inputs=1
2026-09-17T06:06:59.740864Z DEBUG panoptikon::inferio::http: processing local inference predict model=tags/wd-vit-tagger-v3 inputs=1
2026-09-17T06:06:59.741232Z DEBUG panoptikon::inferio::http: processing local inference predict model=tags/wd-vit-tagger-v3 inputs=1
2026-09-17T06:06:59.741572Z DEBUG panoptikon::inferio::http: processing local inference predict model=tags/wd-vit-tagger-v3 inputs=1
2026-09-17T06:06:59.741741Z DEBUG panoptikon::inferio::http: processing local inference predict model=tags/wd-vit-tagger-v3 inputs=1
2026-09-17T06:06:59.741774Z DEBUG panoptikon::inferio::http: processing local inference predict model=tags/wd-vit-tagger-v3 inputs=1
2026-09-17T06:06:59.741822Z DEBUG panoptikon::inferio::http: processing local inference predict model=tags/wd-vit-tagger-v3 inputs=1
2026-09-17T06:06:59.741869Z DEBUG panoptikon::inferio::http: processing local inference predict model=tags/wd-vit-tagger-v3 inputs=1
2026-09-17T06:06:59.741931Z DEBUG panoptikon::inferio::http: processing local inference predict model=tags/wd-vit-tagger-v3 inputs=1
2026-09-17T06:06:59.741967Z DEBUG panoptikon::inferio::http: processing local inference predict model=tags/wd-vit-tagger-v3 inputs=1
2026-09-17T06:06:59.742006Z DEBUG panoptikon::inferio::http: processing local inference predict model=tags/wd-vit-tagger-v3 inputs=1
2026-09-17T06:06:59.742080Z DEBUG panoptikon::inferio::http: processing local inference predict model=tags/wd-vit-tagger-v3 inputs=1
2026-09-17T06:06:59.742112Z DEBUG panoptikon::inferio::http: processing local inference predict model=tags/wd-vit-tagger-v3 inputs=1
2026-09-17T06:06:59.742156Z DEBUG panoptikon::inferio::http: processing local inference predict model=tags/wd-vit-tagger-v3 inputs=1
2026-09-17T06:06:59.742207Z DEBUG panoptikon::inferio::http: processing local inference predict model=tags/wd-vit-tagger-v3 inputs=1
2026-09-17T06:06:59.742241Z DEBUG panoptikon::inferio::http: processing local inference predict model=tags/wd-vit-tagger-v3 inputs=1
2026-09-17T06:06:59.742306Z DEBUG panoptikon::inferio::http: processing local inference predict model=tags/wd-vit-tagger-v3 inputs=1
2026-09-17T06:06:59.742352Z DEBUG panoptikon::inferio::http: processing local inference predict model=tags/wd-vit-tagger-v3 inputs=1
2026-09-17T06:06:59.742375Z DEBUG panoptikon::inferio::http: processing local inference predict model=tags/wd-vit-tagger-v3 inputs=1
2026-09-17T06:06:59.742469Z DEBUG panoptikon::inferio::http: processing local inference predict model=tags/wd-vit-tagger-v3 inputs=1
2026-09-17T06:06:59.883621Z  INFO panoptikon::inferio::worker: 2026-09-17 06:06:59,883 [DEBUG] inferio_worker_impl_0_wd_tagger: Running inference on 32 images worker=wd_tagger
2026-09-17T06:07:07.981542Z  INFO panoptikon::inferio::worker: 2026-09-17 06:07:07,981 [DEBUG] inferio_worker_impl_0_wd_tagger: Running inference on 32 images worker=wd_tagger
2026-09-17T06:07:13.760143Z  INFO panoptikon::inferio::calibration: wrote the local calibration store path=data/inferio/calibration.toml profiles=1
2026-09-17T06:07:17.519256Z  INFO panoptikon::inferio::worker: 2026-09-17 06:07:17,518 [DEBUG] inferio_worker_impl_0_wd_tagger: Running inference on 32 images worker=wd_tagger
2026-09-17T06:07:24.871465Z DEBUG panoptikon::inferio::ledger: refitted the memory cost model model=tags/wd-vit-tagger-v3 gpu=CPU slope_mb_per_unit=35.5625 intercept_mb=61.375 residual_mb=6.0625 samples=6 version=7
2026-09-17T06:07:24.871550Z DEBUG panoptikon::inferio::ledger: fitted a throughput knee; batches larger than this are no longer admitted however much memory is free model=tags/wd-vit-tagger-v3 gpu=CPU knee_units=15 previous=None observations=16
2026-09-17T06:07:24.871599Z DEBUG panoptikon::inferio::ledger: queued a calibration profile update for the store model=tags/wd-vit-tagger-v3 gpu=CPU reason="fit_changed" max_units_measured=32 fit_version=7
2026-09-17T06:07:24.871649Z DEBUG panoptikon::inferio::ledger: settled a granted window model=tags/wd-vit-tagger-v3 gpu=CPU outcome="clean" fit_samples=3 throughput_samples=1 clamped_samples=0 clamped=none ramp_step=4 deflation=0 clean_windows=9 max_units_measured=32
2026-09-17T06:07:24.871768Z DEBUG panoptikon::inferio::ledger: issued a memory grant model=tags/wd-vit-tagger-v3 gpu=CPU unit_budget=15 mb=534 canvas_pixels=none share_mb=96008 room_mb=96008 headroom_mb=95169 external_mb=29476 reserve_mb=1024 reserve_rule="capped_default" pre_fit=false ramp_step=4 deflation=0 squeezed=false window_requests=45
2026-09-17T06:07:24.877513Z DEBUG panoptikon::inferio::http: processing local inference predict model=tags/wd-vit-tagger-v3 inputs=1
2026-09-17T06:07:24.877576Z DEBUG panoptikon::inferio::http: processing local inference predict model=tags/wd-vit-tagger-v3 inputs=1
2026-09-17T06:07:24.877719Z DEBUG panoptikon::inferio::http: processing local inference predict model=tags/wd-vit-tagger-v3 inputs=1
2026-09-17T06:07:24.877773Z DEBUG panoptikon::inferio::http: processing local inference predict model=tags/wd-vit-tagger-v3 inputs=1
2026-09-17T06:07:24.878586Z DEBUG panoptikon::inferio::http: processing local inference predict model=tags/wd-vit-tagger-v3 inputs=1
2026-09-17T06:07:24.878678Z DEBUG panoptikon::inferio::http: processing local inference predict model=tags/wd-vit-tagger-v3 inputs=1
2026-09-17T06:07:24.878732Z DEBUG panoptikon::inferio::http: processing local inference predict model=tags/wd-vit-tagger-v3 inputs=1
2026-09-17T06:07:24.879696Z DEBUG panoptikon::inferio::http: processing local inference predict model=tags/wd-vit-tagger-v3 inputs=1
2026-09-17T06:07:24.879749Z DEBUG panoptikon::inferio::http: processing local inference predict model=tags/wd-vit-tagger-v3 inputs=1
2026-09-17T06:07:24.879866Z DEBUG panoptikon::inferio::http: processing local inference predict model=tags/wd-vit-tagger-v3 inputs=1
2026-09-17T06:07:24.879973Z DEBUG panoptikon::inferio::http: processing local inference predict model=tags/wd-vit-tagger-v3 inputs=1
2026-09-17T06:07:24.880086Z DEBUG panoptikon::inferio::http: processing local inference predict model=tags/wd-vit-tagger-v3 inputs=1
2026-09-17T06:07:24.880198Z DEBUG panoptikon::inferio::http: processing local inference predict model=tags/wd-vit-tagger-v3 inputs=1
2026-09-17T06:07:24.880269Z DEBUG panoptikon::inferio::http: processing local inference predict model=tags/wd-vit-tagger-v3 inputs=1
2026-09-17T06:07:24.880345Z DEBUG panoptikon::inferio::http: processing local inference predict model=tags/wd-vit-tagger-v3 inputs=1
2026-09-17T06:07:24.880449Z DEBUG panoptikon::inferio::http: processing local inference predict model=tags/wd-vit-tagger-v3 inputs=1
2026-09-17T06:07:24.880522Z DEBUG panoptikon::inferio::http: processing local inference predict model=tags/wd-vit-tagger-v3 inputs=1
2026-09-17T06:07:24.880632Z DEBUG panoptikon::inferio::http: processing local inference predict model=tags/wd-vit-tagger-v3 inputs=1
2026-09-17T06:07:24.880679Z DEBUG panoptikon::inferio::http: processing local inference predict model=tags/wd-vit-tagger-v3 inputs=1
2026-09-17T06:07:24.880726Z DEBUG panoptikon::inferio::http: processing local inference predict model=tags/wd-vit-tagger-v3 inputs=1
2026-09-17T06:07:24.880843Z DEBUG panoptikon::inferio::http: processing local inference predict model=tags/wd-vit-tagger-v3 inputs=1
2026-09-17T06:07:24.880898Z DEBUG panoptikon::inferio::http: processing local inference predict model=tags/wd-vit-tagger-v3 inputs=1
2026-09-17T06:07:24.881005Z DEBUG panoptikon::inferio::http: processing local inference predict model=tags/wd-vit-tagger-v3 inputs=1
2026-09-17T06:07:24.881041Z DEBUG panoptikon::inferio::http: processing local inference predict model=tags/wd-vit-tagger-v3 inputs=1
2026-09-17T06:07:24.881094Z DEBUG panoptikon::inferio::http: processing local inference predict model=tags/wd-vit-tagger-v3 inputs=1
2026-09-17T06:07:24.881187Z DEBUG panoptikon::inferio::http: processing local inference predict model=tags/wd-vit-tagger-v3 inputs=1
2026-09-17T06:07:24.881256Z DEBUG panoptikon::inferio::http: processing local inference predict model=tags/wd-vit-tagger-v3 inputs=1
2026-09-17T06:07:24.881346Z DEBUG panoptikon::inferio::http: processing local inference predict model=tags/wd-vit-tagger-v3 inputs=1
2026-09-17T06:07:24.881381Z DEBUG panoptikon::inferio::http: processing local inference predict model=tags/wd-vit-tagger-v3 inputs=1
2026-09-17T06:07:24.881436Z DEBUG panoptikon::inferio::http: processing local inference predict model=tags/wd-vit-tagger-v3 inputs=1
2026-09-17T06:07:24.881523Z DEBUG panoptikon::inferio::http: processing local inference predict model=tags/wd-vit-tagger-v3 inputs=1
2026-09-17T06:07:24.881582Z DEBUG panoptikon::inferio::http: processing local inference predict model=tags/wd-vit-tagger-v3 inputs=1
2026-09-17T06:07:24.881628Z DEBUG panoptikon::inferio::http: processing local inference predict model=tags/wd-vit-tagger-v3 inputs=1
2026-09-17T06:07:24.881735Z DEBUG panoptikon::inferio::http: processing local inference predict model=tags/wd-vit-tagger-v3 inputs=1
2026-09-17T06:07:24.881795Z DEBUG panoptikon::inferio::http: processing local inference predict model=tags/wd-vit-tagger-v3 inputs=1
2026-09-17T06:07:24.881880Z DEBUG panoptikon::inferio::http: processing local inference predict model=tags/wd-vit-tagger-v3 inputs=1
2026-09-17T06:07:24.881956Z DEBUG panoptikon::inferio::http: processing local inference predict model=tags/wd-vit-tagger-v3 inputs=1
2026-09-17T06:07:24.882008Z DEBUG panoptikon::inferio::http: processing local inference predict model=tags/wd-vit-tagger-v3 inputs=1
2026-09-17T06:07:24.882098Z DEBUG panoptikon::inferio::http: processing local inference predict model=tags/wd-vit-tagger-v3 inputs=1
2026-09-17T06:07:24.882164Z DEBUG panoptikon::inferio::http: processing local inference predict model=tags/wd-vit-tagger-v3 inputs=1
2026-09-17T06:07:24.882230Z DEBUG panoptikon::inferio::http: processing local inference predict model=tags/wd-vit-tagger-v3 inputs=1
2026-09-17T06:07:24.882284Z DEBUG panoptikon::inferio::http: processing local inference predict model=tags/wd-vit-tagger-v3 inputs=1
2026-09-17T06:07:24.882352Z DEBUG panoptikon::inferio::http: processing local inference predict model=tags/wd-vit-tagger-v3 inputs=1
2026-09-17T06:07:24.882403Z DEBUG panoptikon::inferio::http: processing local inference predict model=tags/wd-vit-tagger-v3 inputs=1
2026-09-17T06:07:24.882468Z DEBUG panoptikon::inferio::http: processing local inference predict model=tags/wd-vit-tagger-v3 inputs=1
2026-09-17T06:07:24.882508Z DEBUG panoptikon::inferio::http: processing local inference predict model=tags/wd-vit-tagger-v3 inputs=1
2026-09-17T06:07:24.882567Z DEBUG panoptikon::inferio::http: processing local inference predict model=tags/wd-vit-tagger-v3 inputs=1
2026-09-17T06:07:24.882647Z DEBUG panoptikon::inferio::http: processing local inference predict model=tags/wd-vit-tagger-v3 inputs=1
2026-09-17T06:07:24.882709Z DEBUG panoptikon::inferio::http: processing local inference predict model=tags/wd-vit-tagger-v3 inputs=1
2026-09-17T06:07:24.882770Z DEBUG panoptikon::inferio::http: processing local inference predict model=tags/wd-vit-tagger-v3 inputs=1
2026-09-17T06:07:24.882828Z DEBUG panoptikon::inferio::http: processing local inference predict model=tags/wd-vit-tagger-v3 inputs=1
2026-09-17T06:07:24.882901Z DEBUG panoptikon::inferio::http: processing local inference predict model=tags/wd-vit-tagger-v3 inputs=1
2026-09-17T06:07:24.882967Z DEBUG panoptikon::inferio::http: processing local inference predict model=tags/wd-vit-tagger-v3 inputs=1
2026-09-17T06:07:24.883033Z DEBUG panoptikon::inferio::http: processing local inference predict model=tags/wd-vit-tagger-v3 inputs=1
2026-09-17T06:07:24.883074Z DEBUG panoptikon::inferio::http: processing local inference predict model=tags/wd-vit-tagger-v3 inputs=1
2026-09-17T06:07:24.883111Z DEBUG panoptikon::inferio::http: processing local inference predict model=tags/wd-vit-tagger-v3 inputs=1
2026-09-17T06:07:24.883154Z DEBUG panoptikon::inferio::http: processing local inference predict model=tags/wd-vit-tagger-v3 inputs=1
2026-09-17T06:07:24.883222Z DEBUG panoptikon::inferio::http: processing local inference predict model=tags/wd-vit-tagger-v3 inputs=1
2026-09-17T06:07:24.883276Z DEBUG panoptikon::inferio::http: processing local inference predict model=tags/wd-vit-tagger-v3 inputs=1
2026-09-17T06:07:24.883328Z DEBUG panoptikon::inferio::http: processing local inference predict model=tags/wd-vit-tagger-v3 inputs=1
2026-09-17T06:07:24.883373Z DEBUG panoptikon::inferio::http: processing local inference predict model=tags/wd-vit-tagger-v3 inputs=1
2026-09-17T06:07:24.883430Z DEBUG panoptikon::inferio::http: processing local inference predict model=tags/wd-vit-tagger-v3 inputs=1
2026-09-17T06:07:24.883489Z DEBUG panoptikon::inferio::http: processing local inference predict model=tags/wd-vit-tagger-v3 inputs=1
2026-09-17T06:07:24.883524Z DEBUG panoptikon::inferio::http: processing local inference predict model=tags/wd-vit-tagger-v3 inputs=1
2026-09-17T06:07:24.883576Z DEBUG panoptikon::inferio::http: processing local inference predict model=tags/wd-vit-tagger-v3 inputs=1
2026-09-17T06:07:24.883627Z DEBUG panoptikon::inferio::http: processing local inference predict model=tags/wd-vit-tagger-v3 inputs=1
2026-09-17T06:07:24.883691Z DEBUG panoptikon::inferio::http: processing local inference predict model=tags/wd-vit-tagger-v3 inputs=1
2026-09-17T06:07:24.883730Z DEBUG panoptikon::inferio::http: processing local inference predict model=tags/wd-vit-tagger-v3 inputs=1
2026-09-17T06:07:24.883770Z DEBUG panoptikon::inferio::http: processing local inference predict model=tags/wd-vit-tagger-v3 inputs=1
2026-09-17T06:07:24.883810Z DEBUG panoptikon::inferio::http: processing local inference predict model=tags/wd-vit-tagger-v3 inputs=1
2026-09-17T06:07:24.883858Z DEBUG panoptikon::inferio::http: processing local inference predict model=tags/wd-vit-tagger-v3 inputs=1
2026-09-17T06:07:24.883903Z DEBUG panoptikon::inferio::http: processing local inference predict model=tags/wd-vit-tagger-v3 inputs=1
2026-09-17T06:07:24.883947Z DEBUG panoptikon::inferio::http: processing local inference predict model=tags/wd-vit-tagger-v3 inputs=1
2026-09-17T06:07:24.887730Z  INFO panoptikon::inferio::worker: 2026-09-17 06:07:24,887 [DEBUG] inferio_worker.packing: this window's 534 MiB grant is below 80% of the 1078 MiB of releasable slack in the 1892 MiB pool (1/2 consecutive windows before releasing it) worker=wd_tagger
2026-09-17T06:07:25.038169Z  INFO panoptikon::inferio::worker: 2026-09-17 06:07:25,037 [DEBUG] inferio_worker_impl_0_wd_tagger: Running inference on 15 images worker=wd_tagger
2026-09-17T06:07:29.754358Z  INFO panoptikon::inferio::worker: 2026-09-17 06:07:29,754 [DEBUG] inferio_worker_impl_0_wd_tagger: Running inference on 15 images worker=wd_tagger
2026-09-17T06:07:33.268203Z  INFO panoptikon::inferio::worker: 2026-09-17 06:07:33,267 [DEBUG] inferio_worker_impl_0_wd_tagger: Running inference on 15 images worker=wd_tagger
2026-09-17T06:07:36.856244Z DEBUG panoptikon::inferio::ledger: refitted the memory cost model model=tags/wd-vit-tagger-v3 gpu=CPU slope_mb_per_unit=35.5625 intercept_mb=64.0 residual_mb=12.125 samples=7 version=8
2026-09-17T06:07:36.856296Z DEBUG panoptikon::inferio::ledger: declining to fit a throughput knee: the plateau is not established above the knee yet: fewer quiet buckets above it than the rule asks for bucket=4 observed_floor=1 observed_top=5 anchor=32 observations=19
2026-09-17T06:07:36.856330Z DEBUG panoptikon::inferio::ledger: queued a calibration profile update for the store model=tags/wd-vit-tagger-v3 gpu=CPU reason="fit_changed" max_units_measured=32 fit_version=8
2026-09-17T06:07:36.856358Z DEBUG panoptikon::inferio::ledger: settled a granted window model=tags/wd-vit-tagger-v3 gpu=CPU outcome="clean" fit_samples=3 throughput_samples=3 clamped_samples=0 clamped=none ramp_step=4 deflation=0 clean_windows=10 max_units_measured=32
2026-09-17T06:07:36.856455Z DEBUG panoptikon::inferio::ledger: issued a memory grant model=tags/wd-vit-tagger-v3 gpu=CPU unit_budget=15 mb=534 canvas_pixels=none share_mb=96008 room_mb=96008 headroom_mb=95169 external_mb=29302 reserve_mb=1024 reserve_rule="capped_default" pre_fit=false ramp_step=4 deflation=0 squeezed=false window_requests=45
2026-09-17T06:07:36.966136Z  INFO panoptikon::inferio::worker: 2026-09-17 06:07:36,965 [DEBUG] inferio_worker_impl_0_wd_tagger: Running inference on 15 images worker=wd_tagger
2026-09-17T06:07:39.608257Z  INFO panoptikon::inferio::worker: 2026-09-17 06:07:39,607 [DEBUG] inferio_worker_impl_0_wd_tagger: Running inference on 15 images worker=wd_tagger
2026-09-17T06:07:41.794216Z  INFO panoptikon::inferio::worker: 2026-09-17 06:07:41,793 [DEBUG] inferio_worker_impl_0_wd_tagger: Running inference on 15 images worker=wd_tagger
2026-09-17T06:07:43.764099Z  INFO panoptikon::inferio::calibration: wrote the local calibration store path=data/inferio/calibration.toml profiles=1
2026-09-17T06:07:43.861605Z DEBUG panoptikon::inferio::ledger: settled a granted window model=tags/wd-vit-tagger-v3 gpu=CPU outcome="clean" fit_samples=3 throughput_samples=3 clamped_samples=0 clamped=none ramp_step=4 deflation=0 clean_windows=11 max_units_measured=32
2026-09-17T06:07:43.861662Z DEBUG panoptikon::inferio::ledger: issued a memory grant model=tags/wd-vit-tagger-v3 gpu=CPU unit_budget=15 mb=534 canvas_pixels=none share_mb=96008 room_mb=96008 headroom_mb=95169 external_mb=29321 reserve_mb=1024 reserve_rule="capped_default" pre_fit=false ramp_step=4 deflation=0 squeezed=false window_requests=45
2026-09-17T06:07:43.863572Z DEBUG panoptikon::inferio::http: processing local inference predict model=tags/wd-vit-tagger-v3 inputs=1
2026-09-17T06:07:43.863658Z DEBUG panoptikon::inferio::http: processing local inference predict model=tags/wd-vit-tagger-v3 inputs=1
2026-09-17T06:07:43.863790Z DEBUG panoptikon::inferio::http: processing local inference predict model=tags/wd-vit-tagger-v3 inputs=1
2026-09-17T06:07:43.863824Z DEBUG panoptikon::inferio::http: processing local inference predict model=tags/wd-vit-tagger-v3 inputs=1
2026-09-17T06:07:43.863893Z DEBUG panoptikon::inferio::http: processing local inference predict model=tags/wd-vit-tagger-v3 inputs=1
2026-09-17T06:07:43.864011Z DEBUG panoptikon::inferio::http: processing local inference predict model=tags/wd-vit-tagger-v3 inputs=1
2026-09-17T06:07:43.864048Z DEBUG panoptikon::inferio::http: processing local inference predict model=tags/wd-vit-tagger-v3 inputs=1
2026-09-17T06:07:43.864106Z DEBUG panoptikon::inferio::http: processing local inference predict model=tags/wd-vit-tagger-v3 inputs=1
2026-09-17T06:07:43.864138Z DEBUG panoptikon::inferio::http: processing local inference predict model=tags/wd-vit-tagger-v3 inputs=1
2026-09-17T06:07:43.864206Z DEBUG panoptikon::inferio::http: processing local inference predict model=tags/wd-vit-tagger-v3 inputs=1
2026-09-17T06:07:43.864246Z DEBUG panoptikon::inferio::http: processing local inference predict model=tags/wd-vit-tagger-v3 inputs=1
2026-09-17T06:07:43.869588Z  INFO panoptikon::inferio::worker: 2026-09-17 06:07:43,869 [DEBUG] inferio_worker.packing: this window's 534 MiB grant is below 80% of the 1078 MiB of releasable slack in the 1892 MiB pool (1/2 consecutive windows before releasing it) worker=wd_tagger
2026-09-17T06:07:43.949250Z  INFO panoptikon::inferio::worker: 2026-09-17 06:07:43,949 [DEBUG] inferio_worker_impl_0_wd_tagger: Running inference on 15 images worker=wd_tagger
2026-09-17T06:07:46.003827Z  INFO panoptikon::inferio::worker: 2026-09-17 06:07:46,003 [DEBUG] inferio_worker.packing: retiring the throughput comparator after 8 non-comparable batches worker=wd_tagger
2026-09-17T06:07:46.084408Z  INFO panoptikon::inferio::worker: 2026-09-17 06:07:46,084 [DEBUG] inferio_worker_impl_0_wd_tagger: Running inference on 15 images worker=wd_tagger
2026-09-17T06:07:48.196754Z  INFO panoptikon::inferio::worker: 2026-09-17 06:07:48,196 [DEBUG] inferio_worker_impl_0_wd_tagger: Running inference on 15 images worker=wd_tagger
2026-09-17T06:07:50.255871Z DEBUG panoptikon::inferio::ledger: settled a granted window model=tags/wd-vit-tagger-v3 gpu=CPU outcome="clean" fit_samples=3 throughput_samples=3 clamped_samples=0 clamped=none ramp_step=4 deflation=0 clean_windows=12 max_units_measured=32
2026-09-17T06:07:50.255945Z DEBUG panoptikon::inferio::ledger: issued a memory grant model=tags/wd-vit-tagger-v3 gpu=CPU unit_budget=15 mb=534 canvas_pixels=none share_mb=96008 room_mb=96008 headroom_mb=95169 external_mb=29340 reserve_mb=1024 reserve_rule="capped_default" pre_fit=false ramp_step=4 deflation=0 squeezed=false window_requests=45
2026-09-17T06:07:50.257474Z DEBUG panoptikon::inferio::http: processing local inference predict model=tags/wd-vit-tagger-v3 inputs=1
2026-09-17T06:07:50.257510Z DEBUG panoptikon::inferio::http: processing local inference predict model=tags/wd-vit-tagger-v3 inputs=1
2026-09-17T06:07:50.257549Z DEBUG panoptikon::inferio::http: processing local inference predict model=tags/wd-vit-tagger-v3 inputs=1
2026-09-17T06:07:50.257818Z DEBUG panoptikon::inferio::http: processing local inference predict model=tags/wd-vit-tagger-v3 inputs=1
2026-09-17T06:07:50.257858Z DEBUG panoptikon::inferio::http: processing local inference predict model=tags/wd-vit-tagger-v3 inputs=1
2026-09-17T06:07:50.258008Z DEBUG panoptikon::inferio::http: processing local inference predict model=tags/wd-vit-tagger-v3 inputs=1
2026-09-17T06:07:50.258057Z DEBUG panoptikon::inferio::http: processing local inference predict model=tags/wd-vit-tagger-v3 inputs=1
2026-09-17T06:07:50.258101Z DEBUG panoptikon::inferio::http: processing local inference predict model=tags/wd-vit-tagger-v3 inputs=1
2026-09-17T06:07:50.258139Z DEBUG panoptikon::inferio::http: processing local inference predict model=tags/wd-vit-tagger-v3 inputs=1
2026-09-17T06:07:50.258340Z DEBUG panoptikon::inferio::http: processing local inference predict model=tags/wd-vit-tagger-v3 inputs=1
2026-09-17T06:07:50.258452Z DEBUG panoptikon::inferio::http: processing local inference predict model=tags/wd-vit-tagger-v3 inputs=1
2026-09-17T06:07:50.258480Z DEBUG panoptikon::inferio::http: processing local inference predict model=tags/wd-vit-tagger-v3 inputs=1
2026-09-17T06:07:50.258520Z DEBUG panoptikon::inferio::http: processing local inference predict model=tags/wd-vit-tagger-v3 inputs=1
2026-09-17T06:07:50.258561Z DEBUG panoptikon::inferio::http: processing local inference predict model=tags/wd-vit-tagger-v3 inputs=1
2026-09-17T06:07:50.258604Z DEBUG panoptikon::inferio::http: processing local inference predict model=tags/wd-vit-tagger-v3 inputs=1
2026-09-17T06:07:50.258656Z DEBUG panoptikon::inferio::http: processing local inference predict model=tags/wd-vit-tagger-v3 inputs=1
2026-09-17T06:07:50.258810Z DEBUG panoptikon::inferio::http: processing local inference predict model=tags/wd-vit-tagger-v3 inputs=1
2026-09-17T06:07:50.258871Z DEBUG panoptikon::inferio::http: processing local inference predict model=tags/wd-vit-tagger-v3 inputs=1
2026-09-17T06:07:50.258910Z DEBUG panoptikon::inferio::http: processing local inference predict model=tags/wd-vit-tagger-v3 inputs=1
2026-09-17T06:07:50.258947Z DEBUG panoptikon::inferio::http: processing local inference predict model=tags/wd-vit-tagger-v3 inputs=1
2026-09-17T06:07:50.259123Z DEBUG panoptikon::inferio::http: processing local inference predict model=tags/wd-vit-tagger-v3 inputs=1
2026-09-17T06:07:50.259188Z DEBUG panoptikon::inferio::http: processing local inference predict model=tags/wd-vit-tagger-v3 inputs=1
2026-09-17T06:07:50.259243Z DEBUG panoptikon::inferio::http: processing local inference predict model=tags/wd-vit-tagger-v3 inputs=1
2026-09-17T06:07:50.259288Z DEBUG panoptikon::inferio::http: processing local inference predict model=tags/wd-vit-tagger-v3 inputs=1
2026-09-17T06:07:50.259317Z DEBUG panoptikon::inferio::http: processing local inference predict model=tags/wd-vit-tagger-v3 inputs=1
2026-09-17T06:07:50.259462Z DEBUG panoptikon::inferio::http: processing local inference predict model=tags/wd-vit-tagger-v3 inputs=1
2026-09-17T06:07:50.259491Z DEBUG panoptikon::inferio::http: processing local inference predict model=tags/wd-vit-tagger-v3 inputs=1
2026-09-17T06:07:50.259529Z DEBUG panoptikon::inferio::http: processing local inference predict model=tags/wd-vit-tagger-v3 inputs=1
2026-09-17T06:07:50.259567Z DEBUG panoptikon::inferio::http: processing local inference predict model=tags/wd-vit-tagger-v3 inputs=1
2026-09-17T06:07:50.259597Z DEBUG panoptikon::inferio::http: processing local inference predict model=tags/wd-vit-tagger-v3 inputs=1
2026-09-17T06:07:50.259750Z DEBUG panoptikon::inferio::http: processing local inference predict model=tags/wd-vit-tagger-v3 inputs=1
2026-09-17T06:07:50.259770Z DEBUG panoptikon::inferio::http: processing local inference predict model=tags/wd-vit-tagger-v3 inputs=1
2026-09-17T06:07:50.259817Z DEBUG panoptikon::inferio::http: processing local inference predict model=tags/wd-vit-tagger-v3 inputs=1
2026-09-17T06:07:50.259915Z DEBUG panoptikon::inferio::http: processing local inference predict model=tags/wd-vit-tagger-v3 inputs=1
2026-09-17T06:07:50.259978Z DEBUG panoptikon::inferio::http: processing local inference predict model=tags/wd-vit-tagger-v3 inputs=1
2026-09-17T06:07:50.260007Z DEBUG panoptikon::inferio::http: processing local inference predict model=tags/wd-vit-tagger-v3 inputs=1
2026-09-17T06:07:50.260036Z DEBUG panoptikon::inferio::http: processing local inference predict model=tags/wd-vit-tagger-v3 inputs=1
2026-09-17T06:07:50.260064Z DEBUG panoptikon::inferio::http: processing local inference predict model=tags/wd-vit-tagger-v3 inputs=1
2026-09-17T06:07:50.260126Z DEBUG panoptikon::inferio::http: processing local inference predict model=tags/wd-vit-tagger-v3 inputs=1
2026-09-17T06:07:50.260254Z DEBUG panoptikon::inferio::http: processing local inference predict model=tags/wd-vit-tagger-v3 inputs=1
2026-09-17T06:07:50.260527Z DEBUG panoptikon::inferio::http: processing local inference predict model=tags/wd-vit-tagger-v3 inputs=1
2026-09-17T06:07:50.260573Z DEBUG panoptikon::inferio::http: processing local inference predict model=tags/wd-vit-tagger-v3 inputs=1
2026-09-17T06:07:50.260614Z DEBUG panoptikon::inferio::http: processing local inference predict model=tags/wd-vit-tagger-v3 inputs=1
2026-09-17T06:07:50.260642Z DEBUG panoptikon::inferio::http: processing local inference predict model=tags/wd-vit-tagger-v3 inputs=1
2026-09-17T06:07:50.260687Z DEBUG panoptikon::inferio::http: processing local inference predict model=tags/wd-vit-tagger-v3 inputs=1
2026-09-17T06:07:50.348505Z  INFO panoptikon::inferio::worker: 2026-09-17 06:07:50,348 [DEBUG] inferio_worker_impl_0_wd_tagger: Running inference on 15 images worker=wd_tagger
2026-09-17T06:07:52.505051Z  INFO panoptikon::inferio::worker: 2026-09-17 06:07:52,504 [DEBUG] inferio_worker_impl_0_wd_tagger: Running inference on 15 images worker=wd_tagger
2026-09-17T06:07:54.631260Z  INFO panoptikon::inferio::worker: 2026-09-17 06:07:54,630 [DEBUG] inferio_worker_impl_0_wd_tagger: Running inference on 15 images worker=wd_tagger
2026-09-17T06:07:56.670002Z DEBUG panoptikon::inferio::ledger: settled a granted window model=tags/wd-vit-tagger-v3 gpu=CPU outcome="clean" fit_samples=3 throughput_samples=3 clamped_samples=0 clamped=none ramp_step=4 deflation=0 clean_windows=13 max_units_measured=32
2026-09-17T06:07:56.670087Z DEBUG panoptikon::inferio::ledger: issued a memory grant model=tags/wd-vit-tagger-v3 gpu=CPU unit_budget=15 mb=534 canvas_pixels=none share_mb=96008 room_mb=96008 headroom_mb=95169 external_mb=29280 reserve_mb=1024 reserve_rule="capped_default" pre_fit=false ramp_step=4 deflation=0 squeezed=false window_requests=45
2026-09-17T06:07:56.671505Z DEBUG panoptikon::inferio::http: processing local inference predict model=tags/wd-vit-tagger-v3 inputs=1
2026-09-17T06:07:56.671863Z DEBUG panoptikon::inferio::http: processing local inference predict model=tags/wd-vit-tagger-v3 inputs=1
2026-09-17T06:07:56.671917Z DEBUG panoptikon::inferio::http: processing local inference predict model=tags/wd-vit-tagger-v3 inputs=1
2026-09-17T06:07:56.671959Z DEBUG panoptikon::inferio::http: processing local inference predict model=tags/wd-vit-tagger-v3 inputs=1
2026-09-17T06:07:56.672072Z DEBUG panoptikon::inferio::http: processing local inference predict model=tags/wd-vit-tagger-v3 inputs=1
2026-09-17T06:07:56.672127Z DEBUG panoptikon::inferio::http: processing local inference predict model=tags/wd-vit-tagger-v3 inputs=1
2026-09-17T06:07:56.672185Z DEBUG panoptikon::inferio::http: processing local inference predict model=tags/wd-vit-tagger-v3 inputs=1
2026-09-17T06:07:56.672285Z DEBUG panoptikon::inferio::http: processing local inference predict model=tags/wd-vit-tagger-v3 inputs=1
2026-09-17T06:07:56.672616Z DEBUG panoptikon::inferio::http: processing local inference predict model=tags/wd-vit-tagger-v3 inputs=1
2026-09-17T06:07:56.672853Z DEBUG panoptikon::inferio::http: processing local inference predict model=tags/wd-vit-tagger-v3 inputs=1
2026-09-17T06:07:56.672900Z DEBUG panoptikon::inferio::http: processing local inference predict model=tags/wd-vit-tagger-v3 inputs=1
2026-09-17T06:07:56.672928Z DEBUG panoptikon::inferio::http: processing local inference predict model=tags/wd-vit-tagger-v3 inputs=1
2026-09-17T06:07:56.672966Z DEBUG panoptikon::inferio::http: processing local inference predict model=tags/wd-vit-tagger-v3 inputs=1
2026-09-17T06:07:56.673008Z DEBUG panoptikon::inferio::http: processing local inference predict model=tags/wd-vit-tagger-v3 inputs=1
2026-09-17T06:07:56.673064Z DEBUG panoptikon::inferio::http: processing local inference predict model=tags/wd-vit-tagger-v3 inputs=1
2026-09-17T06:07:56.673159Z DEBUG panoptikon::inferio::http: processing local inference predict model=tags/wd-vit-tagger-v3 inputs=1
2026-09-17T06:07:56.673235Z DEBUG panoptikon::inferio::http: processing local inference predict model=tags/wd-vit-tagger-v3 inputs=1
2026-09-17T06:07:56.673354Z DEBUG panoptikon::inferio::http: processing local inference predict model=tags/wd-vit-tagger-v3 inputs=1
2026-09-17T06:07:56.673413Z DEBUG panoptikon::inferio::http: processing local inference predict model=tags/wd-vit-tagger-v3 inputs=1
2026-09-17T06:07:56.673488Z DEBUG panoptikon::inferio::http: processing local inference predict model=tags/wd-vit-tagger-v3 inputs=1
2026-09-17T06:07:56.673628Z DEBUG panoptikon::inferio::http: processing local inference predict model=tags/wd-vit-tagger-v3 inputs=1
2026-09-17T06:07:56.673802Z DEBUG panoptikon::inferio::http: processing local inference predict model=tags/wd-vit-tagger-v3 inputs=1
2026-09-17T06:07:56.673957Z DEBUG panoptikon::inferio::http: processing local inference predict model=tags/wd-vit-tagger-v3 inputs=1
2026-09-17T06:07:56.674006Z DEBUG panoptikon::inferio::http: processing local inference predict model=tags/wd-vit-tagger-v3 inputs=1
2026-09-17T06:07:56.674056Z DEBUG panoptikon::inferio::http: processing local inference predict model=tags/wd-vit-tagger-v3 inputs=1
2026-09-17T06:07:56.674090Z DEBUG panoptikon::inferio::http: processing local inference predict model=tags/wd-vit-tagger-v3 inputs=1
2026-09-17T06:07:56.674144Z DEBUG panoptikon::inferio::http: processing local inference predict model=tags/wd-vit-tagger-v3 inputs=1
2026-09-17T06:07:56.674182Z DEBUG panoptikon::inferio::http: processing local inference predict model=tags/wd-vit-tagger-v3 inputs=1
2026-09-17T06:07:56.674213Z DEBUG panoptikon::inferio::http: processing local inference predict model=tags/wd-vit-tagger-v3 inputs=1
2026-09-17T06:07:56.674275Z DEBUG panoptikon::inferio::http: processing local inference predict model=tags/wd-vit-tagger-v3 inputs=1
2026-09-17T06:07:56.674320Z DEBUG panoptikon::inferio::http: processing local inference predict model=tags/wd-vit-tagger-v3 inputs=1
2026-09-17T06:07:56.674355Z DEBUG panoptikon::inferio::http: processing local inference predict model=tags/wd-vit-tagger-v3 inputs=1
2026-09-17T06:07:56.674395Z DEBUG panoptikon::inferio::http: processing local inference predict model=tags/wd-vit-tagger-v3 inputs=1
2026-09-17T06:07:56.674437Z DEBUG panoptikon::inferio::http: processing local inference predict model=tags/wd-vit-tagger-v3 inputs=1
2026-09-17T06:07:56.674479Z DEBUG panoptikon::inferio::http: processing local inference predict model=tags/wd-vit-tagger-v3 inputs=1
2026-09-17T06:07:56.674547Z DEBUG panoptikon::inferio::http: processing local inference predict model=tags/wd-vit-tagger-v3 inputs=1
2026-09-17T06:07:56.674701Z DEBUG panoptikon::inferio::http: processing local inference predict model=tags/wd-vit-tagger-v3 inputs=1
2026-09-17T06:07:56.674735Z DEBUG panoptikon::inferio::http: processing local inference predict model=tags/wd-vit-tagger-v3 inputs=1
2026-09-17T06:07:56.674767Z DEBUG panoptikon::inferio::http: processing local inference predict model=tags/wd-vit-tagger-v3 inputs=1
2026-09-17T06:07:56.675220Z DEBUG panoptikon::inferio::http: processing local inference predict model=tags/wd-vit-tagger-v3 inputs=1
2026-09-17T06:07:56.675244Z DEBUG panoptikon::inferio::http: processing local inference predict model=tags/wd-vit-tagger-v3 inputs=1
2026-09-17T06:07:56.675274Z DEBUG panoptikon::inferio::http: processing local inference predict model=tags/wd-vit-tagger-v3 inputs=1
2026-09-17T06:07:56.675308Z DEBUG panoptikon::inferio::http: processing local inference predict model=tags/wd-vit-tagger-v3 inputs=1
2026-09-17T06:07:56.675338Z DEBUG panoptikon::inferio::http: processing local inference predict model=tags/wd-vit-tagger-v3 inputs=1
2026-09-17T06:07:56.675369Z DEBUG panoptikon::inferio::http: processing local inference predict model=tags/wd-vit-tagger-v3 inputs=1
2026-09-17T06:07:56.679119Z  INFO panoptikon::inferio::worker: 2026-09-17 06:07:56,678 [DEBUG] inferio_worker.packing: this window's 534 MiB grant is below 80% of the 1078 MiB of releasable slack in the 1892 MiB pool (1/2 consecutive windows before releasing it) worker=wd_tagger
2026-09-17T06:07:56.759344Z  INFO panoptikon::inferio::worker: 2026-09-17 06:07:56,759 [DEBUG] inferio_worker_impl_0_wd_tagger: Running inference on 15 images worker=wd_tagger
2026-09-17T06:07:58.939897Z  INFO panoptikon::inferio::worker: 2026-09-17 06:07:58,939 [DEBUG] inferio_worker_impl_0_wd_tagger: Running inference on 15 images worker=wd_tagger
2026-09-17T06:08:01.051355Z  INFO panoptikon::inferio::worker: 2026-09-17 06:08:01,051 [DEBUG] inferio_worker_impl_0_wd_tagger: Running inference on 15 images worker=wd_tagger
2026-09-17T06:08:03.075050Z DEBUG panoptikon::inferio::ledger: settled a granted window model=tags/wd-vit-tagger-v3 gpu=CPU outcome="clean" fit_samples=3 throughput_samples=3 clamped_samples=0 clamped=none ramp_step=4 deflation=0 clean_windows=14 max_units_measured=32
2026-09-17T06:08:03.075173Z DEBUG panoptikon::inferio::ledger: issued a memory grant model=tags/wd-vit-tagger-v3 gpu=CPU unit_budget=15 mb=534 canvas_pixels=none share_mb=96008 room_mb=96008 headroom_mb=95169 external_mb=29311 reserve_mb=1024 reserve_rule="capped_default" pre_fit=false ramp_step=4 deflation=0 squeezed=false window_requests=45
2026-09-17T06:08:03.076612Z DEBUG panoptikon::inferio::http: processing local inference predict model=tags/wd-vit-tagger-v3 inputs=1
2026-09-17T06:08:03.076995Z DEBUG panoptikon::inferio::http: processing local inference predict model=tags/wd-vit-tagger-v3 inputs=1
2026-09-17T06:08:03.077208Z DEBUG panoptikon::inferio::http: processing local inference predict model=tags/wd-vit-tagger-v3 inputs=1
2026-09-17T06:08:03.077240Z DEBUG panoptikon::inferio::http: processing local inference predict model=tags/wd-vit-tagger-v3 inputs=1
2026-09-17T06:08:03.077474Z DEBUG panoptikon::inferio::http: processing local inference predict model=tags/wd-vit-tagger-v3 inputs=1
2026-09-17T06:08:03.077512Z DEBUG panoptikon::inferio::http: processing local inference predict model=tags/wd-vit-tagger-v3 inputs=1
2026-09-17T06:08:03.077551Z DEBUG panoptikon::inferio::http: processing local inference predict model=tags/wd-vit-tagger-v3 inputs=1
2026-09-17T06:08:03.077760Z DEBUG panoptikon::inferio::http: processing local inference predict model=tags/wd-vit-tagger-v3 inputs=1
2026-09-17T06:08:03.077802Z DEBUG panoptikon::inferio::http: processing local inference predict model=tags/wd-vit-tagger-v3 inputs=1
2026-09-17T06:08:03.077843Z DEBUG panoptikon::inferio::http: processing local inference predict model=tags/wd-vit-tagger-v3 inputs=1
2026-09-17T06:08:03.077889Z DEBUG panoptikon::inferio::http: processing local inference predict model=tags/wd-vit-tagger-v3 inputs=1
2026-09-17T06:08:03.077974Z DEBUG panoptikon::inferio::http: processing local inference predict model=tags/wd-vit-tagger-v3 inputs=1
2026-09-17T06:08:03.078013Z DEBUG panoptikon::inferio::http: processing local inference predict model=tags/wd-vit-tagger-v3 inputs=1
2026-09-17T06:08:03.078145Z DEBUG panoptikon::inferio::http: processing local inference predict model=tags/wd-vit-tagger-v3 inputs=1
2026-09-17T06:08:03.078174Z DEBUG panoptikon::inferio::http: processing local inference predict model=tags/wd-vit-tagger-v3 inputs=1
2026-09-17T06:08:03.078214Z DEBUG panoptikon::inferio::http: processing local inference predict model=tags/wd-vit-tagger-v3 inputs=1
2026-09-17T06:08:03.078247Z DEBUG panoptikon::inferio::http: processing local inference predict model=tags/wd-vit-tagger-v3 inputs=1
2026-09-17T06:08:03.078298Z DEBUG panoptikon::inferio::http: processing local inference predict model=tags/wd-vit-tagger-v3 inputs=1
2026-09-17T06:08:03.078342Z DEBUG panoptikon::inferio::http: processing local inference predict model=tags/wd-vit-tagger-v3 inputs=1
2026-09-17T06:08:03.078431Z DEBUG panoptikon::inferio::http: processing local inference predict model=tags/wd-vit-tagger-v3 inputs=1
2026-09-17T06:08:03.078509Z DEBUG panoptikon::inferio::http: processing local inference predict model=tags/wd-vit-tagger-v3 inputs=1
2026-09-17T06:08:03.078547Z DEBUG panoptikon::inferio::http: processing local inference predict model=tags/wd-vit-tagger-v3 inputs=1
2026-09-17T06:08:03.078673Z DEBUG panoptikon::inferio::http: processing local inference predict model=tags/wd-vit-tagger-v3 inputs=1
2026-09-17T06:08:03.078764Z DEBUG panoptikon::inferio::http: processing local inference predict model=tags/wd-vit-tagger-v3 inputs=1
2026-09-17T06:08:03.078806Z DEBUG panoptikon::inferio::http: processing local inference predict model=tags/wd-vit-tagger-v3 inputs=1
2026-09-17T06:08:03.078845Z DEBUG panoptikon::inferio::http: processing local inference predict model=tags/wd-vit-tagger-v3 inputs=1
2026-09-17T06:08:03.078890Z DEBUG panoptikon::inferio::http: processing local inference predict model=tags/wd-vit-tagger-v3 inputs=1
2026-09-17T06:08:03.078926Z DEBUG panoptikon::inferio::http: processing local inference predict model=tags/wd-vit-tagger-v3 inputs=1
2026-09-17T06:08:03.079037Z DEBUG panoptikon::inferio::http: processing local inference predict model=tags/wd-vit-tagger-v3 inputs=1
2026-09-17T06:08:03.079067Z DEBUG panoptikon::inferio::http: processing local inference predict model=tags/wd-vit-tagger-v3 inputs=1
2026-09-17T06:08:03.079111Z DEBUG panoptikon::inferio::http: processing local inference predict model=tags/wd-vit-tagger-v3 inputs=1
2026-09-17T06:08:03.079188Z DEBUG panoptikon::inferio::http: processing local inference predict model=tags/wd-vit-tagger-v3 inputs=1
2026-09-17T06:08:03.079266Z DEBUG panoptikon::inferio::http: processing local inference predict model=tags/wd-vit-tagger-v3 inputs=1
2026-09-17T06:08:03.079290Z DEBUG panoptikon::inferio::http: processing local inference predict model=tags/wd-vit-tagger-v3 inputs=1
2026-09-17T06:08:03.079321Z DEBUG panoptikon::inferio::http: processing local inference predict model=tags/wd-vit-tagger-v3 inputs=1
2026-09-17T06:08:03.079409Z DEBUG panoptikon::inferio::http: processing local inference predict model=tags/wd-vit-tagger-v3 inputs=1
2026-09-17T06:08:03.079442Z DEBUG panoptikon::inferio::http: processing local inference predict model=tags/wd-vit-tagger-v3 inputs=1
2026-09-17T06:08:03.079498Z DEBUG panoptikon::inferio::http: processing local inference predict model=tags/wd-vit-tagger-v3 inputs=1
2026-09-17T06:08:03.079526Z DEBUG panoptikon::inferio::http: processing local inference predict model=tags/wd-vit-tagger-v3 inputs=1
2026-09-17T06:08:03.079944Z DEBUG panoptikon::inferio::http: processing local inference predict model=tags/wd-vit-tagger-v3 inputs=1
2026-09-17T06:08:03.080045Z DEBUG panoptikon::inferio::http: processing local inference predict model=tags/wd-vit-tagger-v3 inputs=1
2026-09-17T06:08:03.080117Z DEBUG panoptikon::inferio::http: processing local inference predict model=tags/wd-vit-tagger-v3 inputs=1
2026-09-17T06:08:03.080157Z DEBUG panoptikon::inferio::http: processing local inference predict model=tags/wd-vit-tagger-v3 inputs=1
2026-09-17T06:08:03.080214Z DEBUG panoptikon::inferio::http: processing local inference predict model=tags/wd-vit-tagger-v3 inputs=1
2026-09-17T06:08:03.080353Z DEBUG panoptikon::inferio::http: processing local inference predict model=tags/wd-vit-tagger-v3 inputs=1
2026-09-17T06:08:03.174221Z  INFO panoptikon::inferio::worker: 2026-09-17 06:08:03,173 [DEBUG] inferio_worker_impl_0_wd_tagger: Running inference on 15 images worker=wd_tagger
2026-09-17T06:08:05.638422Z  INFO panoptikon::inferio::worker: 2026-09-17 06:08:05,638 [DEBUG] inferio_worker_impl_0_wd_tagger: Running inference on 15 images worker=wd_tagger
2026-09-17T06:08:07.805220Z  INFO panoptikon::inferio::worker: 2026-09-17 06:08:07,804 [DEBUG] inferio_worker_impl_0_wd_tagger: Running inference on 15 images worker=wd_tagger
2026-09-17T06:08:09.827139Z DEBUG panoptikon::inferio::ledger: settled a granted window model=tags/wd-vit-tagger-v3 gpu=CPU outcome="clean" fit_samples=3 throughput_samples=3 clamped_samples=0 clamped=none ramp_step=4 deflation=0 clean_windows=15 max_units_measured=32
2026-09-17T06:08:09.827245Z DEBUG panoptikon::inferio::ledger: issued a memory grant model=tags/wd-vit-tagger-v3 gpu=CPU unit_budget=15 mb=534 canvas_pixels=none share_mb=96008 room_mb=96008 headroom_mb=95169 external_mb=29357 reserve_mb=1024 reserve_rule="capped_default" pre_fit=false ramp_step=4 deflation=0 squeezed=false window_requests=45
2026-09-17T06:08:09.828519Z DEBUG panoptikon::inferio::http: processing local inference predict model=tags/wd-vit-tagger-v3 inputs=1
2026-09-17T06:08:09.828880Z DEBUG panoptikon::inferio::http: processing local inference predict model=tags/wd-vit-tagger-v3 inputs=1
2026-09-17T06:08:09.829224Z DEBUG panoptikon::inferio::http: processing local inference predict model=tags/wd-vit-tagger-v3 inputs=1
2026-09-17T06:08:09.829260Z DEBUG panoptikon::inferio::http: processing local inference predict model=tags/wd-vit-tagger-v3 inputs=1
2026-09-17T06:08:09.829386Z DEBUG panoptikon::inferio::http: processing local inference predict model=tags/wd-vit-tagger-v3 inputs=1
2026-09-17T06:08:09.829428Z DEBUG panoptikon::inferio::http: processing local inference predict model=tags/wd-vit-tagger-v3 inputs=1
2026-09-17T06:08:09.829553Z DEBUG panoptikon::inferio::http: processing local inference predict model=tags/wd-vit-tagger-v3 inputs=1
2026-09-17T06:08:09.829592Z DEBUG panoptikon::inferio::http: processing local inference predict model=tags/wd-vit-tagger-v3 inputs=1
2026-09-17T06:08:09.829816Z DEBUG panoptikon::inferio::http: processing local inference predict model=tags/wd-vit-tagger-v3 inputs=1
2026-09-17T06:08:09.829867Z DEBUG panoptikon::inferio::http: processing local inference predict model=tags/wd-vit-tagger-v3 inputs=1
2026-09-17T06:08:09.829902Z DEBUG panoptikon::inferio::http: processing local inference predict model=tags/wd-vit-tagger-v3 inputs=1
2026-09-17T06:08:09.830057Z DEBUG panoptikon::inferio::http: processing local inference predict model=tags/wd-vit-tagger-v3 inputs=1
2026-09-17T06:08:09.830159Z DEBUG panoptikon::inferio::http: processing local inference predict model=tags/wd-vit-tagger-v3 inputs=1
2026-09-17T06:08:09.830233Z DEBUG panoptikon::inferio::http: processing local inference predict model=tags/wd-vit-tagger-v3 inputs=1
2026-09-17T06:08:09.830251Z DEBUG panoptikon::inferio::http: processing local inference predict model=tags/wd-vit-tagger-v3 inputs=1
2026-09-17T06:08:09.830289Z DEBUG panoptikon::inferio::http: processing local inference predict model=tags/wd-vit-tagger-v3 inputs=1
2026-09-17T06:08:09.830316Z DEBUG panoptikon::inferio::http: processing local inference predict model=tags/wd-vit-tagger-v3 inputs=1
2026-09-17T06:08:09.830363Z DEBUG panoptikon::inferio::http: processing local inference predict model=tags/wd-vit-tagger-v3 inputs=1
2026-09-17T06:08:09.830393Z DEBUG panoptikon::inferio::http: processing local inference predict model=tags/wd-vit-tagger-v3 inputs=1
2026-09-17T06:08:09.830435Z DEBUG panoptikon::inferio::http: processing local inference predict model=tags/wd-vit-tagger-v3 inputs=1
2026-09-17T06:08:09.830460Z DEBUG panoptikon::inferio::http: processing local inference predict model=tags/wd-vit-tagger-v3 inputs=1
2026-09-17T06:08:09.830489Z DEBUG panoptikon::inferio::http: processing local inference predict model=tags/wd-vit-tagger-v3 inputs=1
2026-09-17T06:08:09.830517Z DEBUG panoptikon::inferio::http: processing local inference predict model=tags/wd-vit-tagger-v3 inputs=1
2026-09-17T06:08:09.830549Z DEBUG panoptikon::inferio::http: processing local inference predict model=tags/wd-vit-tagger-v3 inputs=1
2026-09-17T06:08:09.830630Z DEBUG panoptikon::inferio::http: processing local inference predict model=tags/wd-vit-tagger-v3 inputs=1
2026-09-17T06:08:09.830659Z DEBUG panoptikon::inferio::http: processing local inference predict model=tags/wd-vit-tagger-v3 inputs=1
2026-09-17T06:08:09.830714Z DEBUG panoptikon::inferio::http: processing local inference predict model=tags/wd-vit-tagger-v3 inputs=1
2026-09-17T06:08:09.831069Z DEBUG panoptikon::inferio::http: processing local inference predict model=tags/wd-vit-tagger-v3 inputs=1
2026-09-17T06:08:09.831196Z DEBUG panoptikon::inferio::http: processing local inference predict model=tags/wd-vit-tagger-v3 inputs=1
2026-09-17T06:08:09.831234Z DEBUG panoptikon::inferio::http: processing local inference predict model=tags/wd-vit-tagger-v3 inputs=1
2026-09-17T06:08:09.831306Z DEBUG panoptikon::inferio::http: processing local inference predict model=tags/wd-vit-tagger-v3 inputs=1
2026-09-17T06:08:09.831337Z DEBUG panoptikon::inferio::http: processing local inference predict model=tags/wd-vit-tagger-v3 inputs=1
2026-09-17T06:08:09.831370Z DEBUG panoptikon::inferio::http: processing local inference predict model=tags/wd-vit-tagger-v3 inputs=1
2026-09-17T06:08:09.831414Z DEBUG panoptikon::inferio::http: processing local inference predict model=tags/wd-vit-tagger-v3 inputs=1
2026-09-17T06:08:09.831510Z DEBUG panoptikon::inferio::http: processing local inference predict model=tags/wd-vit-tagger-v3 inputs=1
2026-09-17T06:08:09.831642Z DEBUG panoptikon::inferio::http: processing local inference predict model=tags/wd-vit-tagger-v3 inputs=1
2026-09-17T06:08:09.831780Z DEBUG panoptikon::inferio::http: processing local inference predict model=tags/wd-vit-tagger-v3 inputs=1
2026-09-17T06:08:09.831802Z DEBUG panoptikon::inferio::http: processing local inference predict model=tags/wd-vit-tagger-v3 inputs=1
2026-09-17T06:08:09.831884Z DEBUG panoptikon::inferio::http: processing local inference predict model=tags/wd-vit-tagger-v3 inputs=1
2026-09-17T06:08:09.831944Z DEBUG panoptikon::inferio::http: processing local inference predict model=tags/wd-vit-tagger-v3 inputs=1
2026-09-17T06:08:09.832202Z DEBUG panoptikon::inferio::http: processing local inference predict model=tags/wd-vit-tagger-v3 inputs=1
2026-09-17T06:08:09.832289Z DEBUG panoptikon::inferio::http: processing local inference predict model=tags/wd-vit-tagger-v3 inputs=1
2026-09-17T06:08:09.832465Z DEBUG panoptikon::inferio::http: processing local inference predict model=tags/wd-vit-tagger-v3 inputs=1
2026-09-17T06:08:09.832485Z DEBUG panoptikon::inferio::http: processing local inference predict model=tags/wd-vit-tagger-v3 inputs=1
2026-09-17T06:08:09.832532Z DEBUG panoptikon::inferio::http: processing local inference predict model=tags/wd-vit-tagger-v3 inputs=1
2026-09-17T06:08:09.837481Z  INFO panoptikon::inferio::worker: 2026-09-17 06:08:09,837 [DEBUG] inferio_worker.packing: this window's 534 MiB grant is below 80% of the 1078 MiB of releasable slack in the 1892 MiB pool (1/2 consecutive windows before releasing it) worker=wd_tagger
2026-09-17T06:08:09.931505Z  INFO panoptikon::inferio::worker: 2026-09-17 06:08:09,931 [DEBUG] inferio_worker_impl_0_wd_tagger: Running inference on 15 images worker=wd_tagger
2026-09-17T06:08:12.072220Z  INFO panoptikon::inferio::worker: 2026-09-17 06:08:12,071 [DEBUG] inferio_worker_impl_0_wd_tagger: Running inference on 15 images worker=wd_tagger
2026-09-17T06:08:14.216526Z  INFO panoptikon::inferio::worker: 2026-09-17 06:08:14,216 [DEBUG] inferio_worker_impl_0_wd_tagger: Running inference on 15 images worker=wd_tagger
2026-09-17T06:08:16.272494Z DEBUG panoptikon::inferio::ledger: refitted the memory cost model model=tags/wd-vit-tagger-v3 gpu=CPU slope_mb_per_unit=35.5625 intercept_mb=64.0 residual_mb=11.5625 samples=7 version=9
2026-09-17T06:08:16.272531Z DEBUG panoptikon::inferio::ledger: queued a calibration profile update for the store model=tags/wd-vit-tagger-v3 gpu=CPU reason="fit_changed" max_units_measured=32 fit_version=9
2026-09-17T06:08:16.272553Z DEBUG panoptikon::inferio::ledger: settled a granted window model=tags/wd-vit-tagger-v3 gpu=CPU outcome="clean" fit_samples=3 throughput_samples=3 clamped_samples=0 clamped=none ramp_step=4 deflation=0 clean_windows=16 max_units_measured=32
2026-09-17T06:08:16.272615Z DEBUG panoptikon::inferio::ledger: issued a memory grant model=tags/wd-vit-tagger-v3 gpu=CPU unit_budget=15 mb=534 canvas_pixels=none share_mb=96008 room_mb=96008 headroom_mb=95169 external_mb=29330 reserve_mb=1024 reserve_rule="capped_default" pre_fit=false ramp_step=4 deflation=0 squeezed=false window_requests=45
2026-09-17T06:08:16.274083Z  INFO panoptikon::inferio::calibration: wrote the local calibration store path=data/inferio/calibration.toml profiles=1
2026-09-17T06:08:16.274578Z DEBUG panoptikon::inferio::http: processing local inference predict model=tags/wd-vit-tagger-v3 inputs=1
2026-09-17T06:08:16.274616Z DEBUG panoptikon::inferio::http: processing local inference predict model=tags/wd-vit-tagger-v3 inputs=1
2026-09-17T06:08:16.275072Z DEBUG panoptikon::inferio::http: processing local inference predict model=tags/wd-vit-tagger-v3 inputs=1
2026-09-17T06:08:16.275225Z DEBUG panoptikon::inferio::http: processing local inference predict model=tags/wd-vit-tagger-v3 inputs=1
2026-09-17T06:08:16.275301Z DEBUG panoptikon::inferio::http: processing local inference predict model=tags/wd-vit-tagger-v3 inputs=1
2026-09-17T06:08:16.275454Z DEBUG panoptikon::inferio::http: processing local inference predict model=tags/wd-vit-tagger-v3 inputs=1
2026-09-17T06:08:16.275646Z DEBUG panoptikon::inferio::http: processing local inference predict model=tags/wd-vit-tagger-v3 inputs=1
2026-09-17T06:08:16.275719Z DEBUG panoptikon::inferio::http: processing local inference predict model=tags/wd-vit-tagger-v3 inputs=1
2026-09-17T06:08:16.275764Z DEBUG panoptikon::inferio::http: processing local inference predict model=tags/wd-vit-tagger-v3 inputs=1
2026-09-17T06:08:16.275802Z DEBUG panoptikon::inferio::http: processing local inference predict model=tags/wd-vit-tagger-v3 inputs=1
2026-09-17T06:08:16.275831Z DEBUG panoptikon::inferio::http: processing local inference predict model=tags/wd-vit-tagger-v3 inputs=1
2026-09-17T06:08:16.276217Z DEBUG panoptikon::inferio::http: processing local inference predict model=tags/wd-vit-tagger-v3 inputs=1
2026-09-17T06:08:16.276257Z DEBUG panoptikon::inferio::http: processing local inference predict model=tags/wd-vit-tagger-v3 inputs=1
2026-09-17T06:08:16.276290Z DEBUG panoptikon::inferio::http: processing local inference predict model=tags/wd-vit-tagger-v3 inputs=1
2026-09-17T06:08:16.276330Z DEBUG panoptikon::inferio::http: processing local inference predict model=tags/wd-vit-tagger-v3 inputs=1
2026-09-17T06:08:16.276372Z DEBUG panoptikon::inferio::http: processing local inference predict model=tags/wd-vit-tagger-v3 inputs=1
2026-09-17T06:08:16.276405Z DEBUG panoptikon::inferio::http: processing local inference predict model=tags/wd-vit-tagger-v3 inputs=1
2026-09-17T06:08:16.276448Z DEBUG panoptikon::inferio::http: processing local inference predict model=tags/wd-vit-tagger-v3 inputs=1
2026-09-17T06:08:16.276479Z DEBUG panoptikon::inferio::http: processing local inference predict model=tags/wd-vit-tagger-v3 inputs=1
2026-09-17T06:08:16.276534Z DEBUG panoptikon::inferio::http: processing local inference predict model=tags/wd-vit-tagger-v3 inputs=1
2026-09-17T06:08:16.276560Z DEBUG panoptikon::inferio::http: processing local inference predict model=tags/wd-vit-tagger-v3 inputs=1
2026-09-17T06:08:16.276606Z DEBUG panoptikon::inferio::http: processing local inference predict model=tags/wd-vit-tagger-v3 inputs=1
2026-09-17T06:08:16.277079Z DEBUG panoptikon::inferio::http: processing local inference predict model=tags/wd-vit-tagger-v3 inputs=1
2026-09-17T06:08:16.277111Z DEBUG panoptikon::inferio::http: processing local inference predict model=tags/wd-vit-tagger-v3 inputs=1
2026-09-17T06:08:16.277143Z DEBUG panoptikon::inferio::http: processing local inference predict model=tags/wd-vit-tagger-v3 inputs=1
2026-09-17T06:08:16.277188Z DEBUG panoptikon::inferio::http: processing local inference predict model=tags/wd-vit-tagger-v3 inputs=1
2026-09-17T06:08:16.277219Z DEBUG panoptikon::inferio::http: processing local inference predict model=tags/wd-vit-tagger-v3 inputs=1
2026-09-17T06:08:16.277256Z DEBUG panoptikon::inferio::http: processing local inference predict model=tags/wd-vit-tagger-v3 inputs=1
2026-09-17T06:08:16.277295Z DEBUG panoptikon::inferio::http: processing local inference predict model=tags/wd-vit-tagger-v3 inputs=1
2026-09-17T06:08:16.277332Z DEBUG panoptikon::inferio::http: processing local inference predict model=tags/wd-vit-tagger-v3 inputs=1
2026-09-17T06:08:16.277361Z DEBUG panoptikon::inferio::http: processing local inference predict model=tags/wd-vit-tagger-v3 inputs=1
2026-09-17T06:08:16.277400Z DEBUG panoptikon::inferio::http: processing local inference predict model=tags/wd-vit-tagger-v3 inputs=1
2026-09-17T06:08:16.277433Z DEBUG panoptikon::inferio::http: processing local inference predict model=tags/wd-vit-tagger-v3 inputs=1
2026-09-17T06:08:16.277467Z DEBUG panoptikon::inferio::http: processing local inference predict model=tags/wd-vit-tagger-v3 inputs=1
2026-09-17T06:08:16.277505Z DEBUG panoptikon::inferio::http: processing local inference predict model=tags/wd-vit-tagger-v3 inputs=1
2026-09-17T06:08:16.277542Z DEBUG panoptikon::inferio::http: processing local inference predict model=tags/wd-vit-tagger-v3 inputs=1
2026-09-17T06:08:16.277582Z DEBUG panoptikon::inferio::http: processing local inference predict model=tags/wd-vit-tagger-v3 inputs=1
2026-09-17T06:08:16.277621Z DEBUG panoptikon::inferio::http: processing local inference predict model=tags/wd-vit-tagger-v3 inputs=1
2026-09-17T06:08:16.277655Z DEBUG panoptikon::inferio::http: processing local inference predict model=tags/wd-vit-tagger-v3 inputs=1
2026-09-17T06:08:16.277686Z DEBUG panoptikon::inferio::http: processing local inference predict model=tags/wd-vit-tagger-v3 inputs=1
2026-09-17T06:08:16.277727Z DEBUG panoptikon::inferio::http: processing local inference predict model=tags/wd-vit-tagger-v3 inputs=1
2026-09-17T06:08:16.277808Z DEBUG panoptikon::inferio::http: processing local inference predict model=tags/wd-vit-tagger-v3 inputs=1
2026-09-17T06:08:16.277833Z DEBUG panoptikon::inferio::http: processing local inference predict model=tags/wd-vit-tagger-v3 inputs=1
2026-09-17T06:08:16.277964Z DEBUG panoptikon::inferio::http: processing local inference predict model=tags/wd-vit-tagger-v3 inputs=1
2026-09-17T06:08:16.278069Z DEBUG panoptikon::inferio::http: processing local inference predict model=tags/wd-vit-tagger-v3 inputs=1
2026-09-17T06:08:16.363000Z  INFO panoptikon::inferio::worker: 2026-09-17 06:08:16,362 [DEBUG] inferio_worker_impl_0_wd_tagger: Running inference on 15 images worker=wd_tagger
2026-09-17T06:08:18.473402Z  INFO panoptikon::inferio::worker: 2026-09-17 06:08:18,473 [DEBUG] inferio_worker_impl_0_wd_tagger: Running inference on 15 images worker=wd_tagger
2026-09-17T06:08:20.580478Z  INFO panoptikon::inferio::worker: 2026-09-17 06:08:20,580 [DEBUG] inferio_worker_impl_0_wd_tagger: Running inference on 15 images worker=wd_tagger
2026-09-17T06:08:22.704802Z DEBUG panoptikon::inferio::ledger: refitted the memory cost model model=tags/wd-vit-tagger-v3 gpu=CPU slope_mb_per_unit=35.5625 intercept_mb=64.0 residual_mb=12.125 samples=7 version=10
2026-09-17T06:08:22.704840Z DEBUG panoptikon::inferio::ledger: queued a calibration profile update for the store model=tags/wd-vit-tagger-v3 gpu=CPU reason="fit_changed" max_units_measured=32 fit_version=10
2026-09-17T06:08:22.704863Z DEBUG panoptikon::inferio::ledger: settled a granted window model=tags/wd-vit-tagger-v3 gpu=CPU outcome="clean" fit_samples=3 throughput_samples=3 clamped_samples=0 clamped=none ramp_step=4 deflation=0 clean_windows=17 max_units_measured=32
2026-09-17T06:08:22.704920Z DEBUG panoptikon::inferio::ledger: issued a memory grant model=tags/wd-vit-tagger-v3 gpu=CPU unit_budget=15 mb=534 canvas_pixels=none share_mb=96008 room_mb=96008 headroom_mb=95169 external_mb=29291 reserve_mb=1024 reserve_rule="capped_default" pre_fit=false ramp_step=4 deflation=0 squeezed=false window_requests=45
2026-09-17T06:08:22.706361Z DEBUG panoptikon::inferio::http: processing local inference predict model=tags/wd-vit-tagger-v3 inputs=1
2026-09-17T06:08:22.706834Z DEBUG panoptikon::inferio::http: processing local inference predict model=tags/wd-vit-tagger-v3 inputs=1
2026-09-17T06:08:22.707089Z DEBUG panoptikon::inferio::http: processing local inference predict model=tags/wd-vit-tagger-v3 inputs=1
2026-09-17T06:08:22.707117Z DEBUG panoptikon::inferio::http: processing local inference predict model=tags/wd-vit-tagger-v3 inputs=1
2026-09-17T06:08:22.707169Z DEBUG panoptikon::inferio::http: processing local inference predict model=tags/wd-vit-tagger-v3 inputs=1
2026-09-17T06:08:22.707455Z DEBUG panoptikon::inferio::http: processing local inference predict model=tags/wd-vit-tagger-v3 inputs=1
2026-09-17T06:08:22.707530Z DEBUG panoptikon::inferio::http: processing local inference predict model=tags/wd-vit-tagger-v3 inputs=1
2026-09-17T06:08:22.707600Z DEBUG panoptikon::inferio::http: processing local inference predict model=tags/wd-vit-tagger-v3 inputs=1
2026-09-17T06:08:22.707638Z DEBUG panoptikon::inferio::http: processing local inference predict model=tags/wd-vit-tagger-v3 inputs=1
2026-09-17T06:08:22.707675Z DEBUG panoptikon::inferio::http: processing local inference predict model=tags/wd-vit-tagger-v3 inputs=1
2026-09-17T06:08:22.707717Z DEBUG panoptikon::inferio::http: processing local inference predict model=tags/wd-vit-tagger-v3 inputs=1
2026-09-17T06:08:22.707744Z DEBUG panoptikon::inferio::http: processing local inference predict model=tags/wd-vit-tagger-v3 inputs=1
2026-09-17T06:08:22.707785Z DEBUG panoptikon::inferio::http: processing local inference predict model=tags/wd-vit-tagger-v3 inputs=1
2026-09-17T06:08:22.708016Z DEBUG panoptikon::inferio::http: processing local inference predict model=tags/wd-vit-tagger-v3 inputs=1
2026-09-17T06:08:22.708062Z DEBUG panoptikon::inferio::http: processing local inference predict model=tags/wd-vit-tagger-v3 inputs=1
2026-09-17T06:08:22.708114Z DEBUG panoptikon::inferio::http: processing local inference predict model=tags/wd-vit-tagger-v3 inputs=1
2026-09-17T06:08:22.708141Z DEBUG panoptikon::inferio::http: processing local inference predict model=tags/wd-vit-tagger-v3 inputs=1
2026-09-17T06:08:22.708167Z DEBUG panoptikon::inferio::http: processing local inference predict model=tags/wd-vit-tagger-v3 inputs=1
2026-09-17T06:08:22.708195Z DEBUG panoptikon::inferio::http: processing local inference predict model=tags/wd-vit-tagger-v3 inputs=1
2026-09-17T06:08:22.708248Z DEBUG panoptikon::inferio::http: processing local inference predict model=tags/wd-vit-tagger-v3 inputs=1
2026-09-17T06:08:22.708409Z DEBUG panoptikon::inferio::http: processing local inference predict model=tags/wd-vit-tagger-v3 inputs=1
2026-09-17T06:08:22.708462Z DEBUG panoptikon::inferio::http: processing local inference predict model=tags/wd-vit-tagger-v3 inputs=1
2026-09-17T06:08:22.708590Z DEBUG panoptikon::inferio::http: processing local inference predict model=tags/wd-vit-tagger-v3 inputs=1
2026-09-17T06:08:22.708614Z DEBUG panoptikon::inferio::http: processing local inference predict model=tags/wd-vit-tagger-v3 inputs=1
2026-09-17T06:08:22.708646Z DEBUG panoptikon::inferio::http: processing local inference predict model=tags/wd-vit-tagger-v3 inputs=1
2026-09-17T06:08:22.708686Z DEBUG panoptikon::inferio::http: processing local inference predict model=tags/wd-vit-tagger-v3 inputs=1
2026-09-17T06:08:22.708735Z DEBUG panoptikon::inferio::http: processing local inference predict model=tags/wd-vit-tagger-v3 inputs=1
2026-09-17T06:08:22.708790Z DEBUG panoptikon::inferio::http: processing local inference predict model=tags/wd-vit-tagger-v3 inputs=1
2026-09-17T06:08:22.708844Z DEBUG panoptikon::inferio::http: processing local inference predict model=tags/wd-vit-tagger-v3 inputs=1
2026-09-17T06:08:22.708887Z DEBUG panoptikon::inferio::http: processing local inference predict model=tags/wd-vit-tagger-v3 inputs=1
2026-09-17T06:08:22.708921Z DEBUG panoptikon::inferio::http: processing local inference predict model=tags/wd-vit-tagger-v3 inputs=1
2026-09-17T06:08:22.708953Z DEBUG panoptikon::inferio::http: processing local inference predict model=tags/wd-vit-tagger-v3 inputs=1
2026-09-17T06:08:22.708998Z DEBUG panoptikon::inferio::http: processing local inference predict model=tags/wd-vit-tagger-v3 inputs=1
2026-09-17T06:08:22.709031Z DEBUG panoptikon::inferio::http: processing local inference predict model=tags/wd-vit-tagger-v3 inputs=1
2026-09-17T06:08:22.709072Z DEBUG panoptikon::inferio::http: processing local inference predict model=tags/wd-vit-tagger-v3 inputs=1
2026-09-17T06:08:22.709093Z DEBUG panoptikon::inferio::http: processing local inference predict model=tags/wd-vit-tagger-v3 inputs=1
2026-09-17T06:08:22.709273Z DEBUG panoptikon::inferio::http: processing local inference predict model=tags/wd-vit-tagger-v3 inputs=1
2026-09-17T06:08:22.709304Z DEBUG panoptikon::inferio::http: processing local inference predict model=tags/wd-vit-tagger-v3 inputs=1
2026-09-17T06:08:22.709367Z DEBUG panoptikon::inferio::http: processing local inference predict model=tags/wd-vit-tagger-v3 inputs=1
2026-09-17T06:08:22.709484Z DEBUG panoptikon::inferio::http: processing local inference predict model=tags/wd-vit-tagger-v3 inputs=1
2026-09-17T06:08:22.709513Z DEBUG panoptikon::inferio::http: processing local inference predict model=tags/wd-vit-tagger-v3 inputs=1
2026-09-17T06:08:22.709681Z DEBUG panoptikon::inferio::http: processing local inference predict model=tags/wd-vit-tagger-v3 inputs=1
2026-09-17T06:08:22.709871Z DEBUG panoptikon::inferio::http: processing local inference predict model=tags/wd-vit-tagger-v3 inputs=1
2026-09-17T06:08:22.709931Z DEBUG panoptikon::inferio::http: processing local inference predict model=tags/wd-vit-tagger-v3 inputs=1
2026-09-17T06:08:22.709953Z DEBUG panoptikon::inferio::http: processing local inference predict model=tags/wd-vit-tagger-v3 inputs=1
2026-09-17T06:08:22.714756Z  INFO panoptikon::inferio::worker: 2026-09-17 06:08:22,714 [DEBUG] inferio_worker.packing: this window's 534 MiB grant is below 80% of the 1078 MiB of releasable slack in the 1892 MiB pool (1/2 consecutive windows before releasing it) worker=wd_tagger
2026-09-17T06:08:22.795355Z  INFO panoptikon::inferio::worker: 2026-09-17 06:08:22,795 [DEBUG] inferio_worker_impl_0_wd_tagger: Running inference on 15 images worker=wd_tagger
2026-09-17T06:08:25.067336Z  INFO panoptikon::inferio::worker: 2026-09-17 06:08:25,067 [DEBUG] inferio_worker_impl_0_wd_tagger: Running inference on 15 images worker=wd_tagger
2026-09-17T06:08:27.208066Z  INFO panoptikon::inferio::worker: 2026-09-17 06:08:27,207 [DEBUG] inferio_worker_impl_0_wd_tagger: Running inference on 15 images worker=wd_tagger
2026-09-17T06:08:29.274756Z DEBUG panoptikon::inferio::ledger: refitted the memory cost model model=tags/wd-vit-tagger-v3 gpu=CPU slope_mb_per_unit=35.5625 intercept_mb=64.0 residual_mb=5.5625 samples=7 version=11
2026-09-17T06:08:29.274787Z DEBUG panoptikon::inferio::ledger: queued a calibration profile update for the store model=tags/wd-vit-tagger-v3 gpu=CPU reason="fit_changed" max_units_measured=32 fit_version=11
2026-09-17T06:08:29.274815Z DEBUG panoptikon::inferio::ledger: settled a granted window model=tags/wd-vit-tagger-v3 gpu=CPU outcome="clean" fit_samples=3 throughput_samples=3 clamped_samples=0 clamped=none ramp_step=4 deflation=0 clean_windows=18 max_units_measured=32
2026-09-17T06:08:29.274865Z DEBUG panoptikon::inferio::ledger: issued a memory grant model=tags/wd-vit-tagger-v3 gpu=CPU unit_budget=15 mb=534 canvas_pixels=none share_mb=96008 room_mb=96008 headroom_mb=95169 external_mb=29400 reserve_mb=1024 reserve_rule="capped_default" pre_fit=false ramp_step=4 deflation=0 squeezed=false window_requests=45
2026-09-17T06:08:29.275776Z DEBUG panoptikon::inferio::http: processing local inference predict model=tags/wd-vit-tagger-v3 inputs=1
2026-09-17T06:08:29.276028Z DEBUG panoptikon::inferio::http: processing local inference predict model=tags/wd-vit-tagger-v3 inputs=1
2026-09-17T06:08:29.276068Z DEBUG panoptikon::inferio::http: processing local inference predict model=tags/wd-vit-tagger-v3 inputs=1
2026-09-17T06:08:29.276291Z DEBUG panoptikon::inferio::http: processing local inference predict model=tags/wd-vit-tagger-v3 inputs=1
2026-09-17T06:08:29.276565Z DEBUG panoptikon::inferio::http: processing local inference predict model=tags/wd-vit-tagger-v3 inputs=1
2026-09-17T06:08:29.276626Z DEBUG panoptikon::inferio::http: processing local inference predict model=tags/wd-vit-tagger-v3 inputs=1
2026-09-17T06:08:29.276708Z DEBUG panoptikon::inferio::http: processing local inference predict model=tags/wd-vit-tagger-v3 inputs=1
2026-09-17T06:08:29.276753Z DEBUG panoptikon::inferio::http: processing local inference predict model=tags/wd-vit-tagger-v3 inputs=1
2026-09-17T06:08:29.276787Z DEBUG panoptikon::inferio::http: processing local inference predict model=tags/wd-vit-tagger-v3 inputs=1
2026-09-17T06:08:29.276817Z DEBUG panoptikon::inferio::http: processing local inference predict model=tags/wd-vit-tagger-v3 inputs=1
2026-09-17T06:08:29.276946Z DEBUG panoptikon::inferio::http: processing local inference predict model=tags/wd-vit-tagger-v3 inputs=1
2026-09-17T06:08:29.276988Z DEBUG panoptikon::inferio::http: processing local inference predict model=tags/wd-vit-tagger-v3 inputs=1
2026-09-17T06:08:29.277077Z DEBUG panoptikon::inferio::http: processing local inference predict model=tags/wd-vit-tagger-v3 inputs=1
2026-09-17T06:08:29.277113Z DEBUG panoptikon::inferio::http: processing local inference predict model=tags/wd-vit-tagger-v3 inputs=1
2026-09-17T06:08:29.277142Z DEBUG panoptikon::inferio::http: processing local inference predict model=tags/wd-vit-tagger-v3 inputs=1
2026-09-17T06:08:29.277238Z DEBUG panoptikon::inferio::http: processing local inference predict model=tags/wd-vit-tagger-v3 inputs=1
2026-09-17T06:08:29.277281Z DEBUG panoptikon::inferio::http: processing local inference predict model=tags/wd-vit-tagger-v3 inputs=1
2026-09-17T06:08:29.277314Z DEBUG panoptikon::inferio::http: processing local inference predict model=tags/wd-vit-tagger-v3 inputs=1
2026-09-17T06:08:29.277514Z DEBUG panoptikon::inferio::http: processing local inference predict model=tags/wd-vit-tagger-v3 inputs=1
2026-09-17T06:08:29.277590Z DEBUG panoptikon::inferio::http: processing local inference predict model=tags/wd-vit-tagger-v3 inputs=1
2026-09-17T06:08:29.277619Z DEBUG panoptikon::inferio::http: processing local inference predict model=tags/wd-vit-tagger-v3 inputs=1
2026-09-17T06:08:29.277741Z DEBUG panoptikon::inferio::http: processing local inference predict model=tags/wd-vit-tagger-v3 inputs=1
2026-09-17T06:08:29.277779Z DEBUG panoptikon::inferio::http: processing local inference predict model=tags/wd-vit-tagger-v3 inputs=1
2026-09-17T06:08:29.277809Z DEBUG panoptikon::inferio::http: processing local inference predict model=tags/wd-vit-tagger-v3 inputs=1
2026-09-17T06:08:29.277840Z DEBUG panoptikon::inferio::http: processing local inference predict model=tags/wd-vit-tagger-v3 inputs=1
2026-09-17T06:08:29.277885Z DEBUG panoptikon::inferio::http: processing local inference predict model=tags/wd-vit-tagger-v3 inputs=1
2026-09-17T06:08:29.277928Z DEBUG panoptikon::inferio::http: processing local inference predict model=tags/wd-vit-tagger-v3 inputs=1
2026-09-17T06:08:29.277958Z DEBUG panoptikon::inferio::http: processing local inference predict model=tags/wd-vit-tagger-v3 inputs=1
2026-09-17T06:08:29.278022Z DEBUG panoptikon::inferio::http: processing local inference predict model=tags/wd-vit-tagger-v3 inputs=1
2026-09-17T06:08:29.278147Z DEBUG panoptikon::inferio::http: processing local inference predict model=tags/wd-vit-tagger-v3 inputs=1
2026-09-17T06:08:29.278171Z DEBUG panoptikon::inferio::http: processing local inference predict model=tags/wd-vit-tagger-v3 inputs=1
2026-09-17T06:08:29.278198Z DEBUG panoptikon::inferio::http: processing local inference predict model=tags/wd-vit-tagger-v3 inputs=1
2026-09-17T06:08:29.278228Z DEBUG panoptikon::inferio::http: processing local inference predict model=tags/wd-vit-tagger-v3 inputs=1
2026-09-17T06:08:29.278256Z DEBUG panoptikon::inferio::http: processing local inference predict model=tags/wd-vit-tagger-v3 inputs=1
2026-09-17T06:08:29.278282Z DEBUG panoptikon::inferio::http: processing local inference predict model=tags/wd-vit-tagger-v3 inputs=1
2026-09-17T06:08:29.278335Z DEBUG panoptikon::inferio::http: processing local inference predict model=tags/wd-vit-tagger-v3 inputs=1
2026-09-17T06:08:29.278365Z DEBUG panoptikon::inferio::http: processing local inference predict model=tags/wd-vit-tagger-v3 inputs=1
2026-09-17T06:08:29.278388Z DEBUG panoptikon::inferio::http: processing local inference predict model=tags/wd-vit-tagger-v3 inputs=1
2026-09-17T06:08:29.278468Z DEBUG panoptikon::inferio::http: processing local inference predict model=tags/wd-vit-tagger-v3 inputs=1
2026-09-17T06:08:29.278657Z DEBUG panoptikon::inferio::http: processing local inference predict model=tags/wd-vit-tagger-v3 inputs=1
2026-09-17T06:08:29.278693Z DEBUG panoptikon::inferio::http: processing local inference predict model=tags/wd-vit-tagger-v3 inputs=1
2026-09-17T06:08:29.278832Z DEBUG panoptikon::inferio::http: processing local inference predict model=tags/wd-vit-tagger-v3 inputs=1
2026-09-17T06:08:29.278983Z DEBUG panoptikon::inferio::http: processing local inference predict model=tags/wd-vit-tagger-v3 inputs=1
2026-09-17T06:08:29.279006Z DEBUG panoptikon::inferio::http: processing local inference predict model=tags/wd-vit-tagger-v3 inputs=1
2026-09-17T06:08:29.279032Z DEBUG panoptikon::inferio::http: processing local inference predict model=tags/wd-vit-tagger-v3 inputs=1
2026-09-17T06:08:29.382783Z  INFO panoptikon::inferio::worker: 2026-09-17 06:08:29,382 [DEBUG] inferio_worker_impl_0_wd_tagger: Running inference on 15 images worker=wd_tagger
2026-09-17T06:08:31.653035Z  INFO panoptikon::inferio::worker: 2026-09-17 06:08:31,652 [DEBUG] inferio_worker_impl_0_wd_tagger: Running inference on 15 images worker=wd_tagger
2026-09-17T06:08:33.790463Z  INFO panoptikon::inferio::worker: 2026-09-17 06:08:33,790 [DEBUG] inferio_worker_impl_0_wd_tagger: Running inference on 15 images worker=wd_tagger
2026-09-17T06:08:35.822180Z DEBUG panoptikon::inferio::ledger: refitted the memory cost model model=tags/wd-vit-tagger-v3 gpu=CPU slope_mb_per_unit=35.5625 intercept_mb=58.75 residual_mb=6.875 samples=7 version=12
2026-09-17T06:08:35.822216Z DEBUG panoptikon::inferio::ledger: queued a calibration profile update for the store model=tags/wd-vit-tagger-v3 gpu=CPU reason="fit_changed" max_units_measured=32 fit_version=12
2026-09-17T06:08:35.822264Z DEBUG panoptikon::inferio::ledger: settled a granted window model=tags/wd-vit-tagger-v3 gpu=CPU outcome="clean" fit_samples=3 throughput_samples=3 clamped_samples=0 clamped=none ramp_step=4 deflation=0 clean_windows=19 max_units_measured=32
2026-09-17T06:08:35.822324Z DEBUG panoptikon::inferio::ledger: issued a memory grant model=tags/wd-vit-tagger-v3 gpu=CPU unit_budget=15 mb=534 canvas_pixels=none share_mb=96008 room_mb=96008 headroom_mb=95169 external_mb=29440 reserve_mb=1024 reserve_rule="capped_default" pre_fit=false ramp_step=4 deflation=0 squeezed=false window_requests=45
2026-09-17T06:08:35.823963Z DEBUG panoptikon::inferio::http: processing local inference predict model=tags/wd-vit-tagger-v3 inputs=1
2026-09-17T06:08:35.824230Z DEBUG panoptikon::inferio::http: processing local inference predict model=tags/wd-vit-tagger-v3 inputs=1
2026-09-17T06:08:35.824433Z DEBUG panoptikon::inferio::http: processing local inference predict model=tags/wd-vit-tagger-v3 inputs=1
2026-09-17T06:08:35.824698Z DEBUG panoptikon::inferio::http: processing local inference predict model=tags/wd-vit-tagger-v3 inputs=1
2026-09-17T06:08:35.824775Z DEBUG panoptikon::inferio::http: processing local inference predict model=tags/wd-vit-tagger-v3 inputs=1
2026-09-17T06:08:35.824996Z DEBUG panoptikon::inferio::http: processing local inference predict model=tags/wd-vit-tagger-v3 inputs=1
2026-09-17T06:08:35.825034Z DEBUG panoptikon::inferio::http: processing local inference predict model=tags/wd-vit-tagger-v3 inputs=1
2026-09-17T06:08:35.825081Z DEBUG panoptikon::inferio::http: processing local inference predict model=tags/wd-vit-tagger-v3 inputs=1
2026-09-17T06:08:35.825227Z DEBUG panoptikon::inferio::http: processing local inference predict model=tags/wd-vit-tagger-v3 inputs=1
2026-09-17T06:08:35.825986Z DEBUG panoptikon::inferio::http: processing local inference predict model=tags/wd-vit-tagger-v3 inputs=1
2026-09-17T06:08:35.826026Z DEBUG panoptikon::inferio::http: processing local inference predict model=tags/wd-vit-tagger-v3 inputs=1
2026-09-17T06:08:35.826071Z DEBUG panoptikon::inferio::http: processing local inference predict model=tags/wd-vit-tagger-v3 inputs=1
2026-09-17T06:08:35.826110Z DEBUG panoptikon::inferio::http: processing local inference predict model=tags/wd-vit-tagger-v3 inputs=1
2026-09-17T06:08:35.826144Z DEBUG panoptikon::inferio::http: processing local inference predict model=tags/wd-vit-tagger-v3 inputs=1
2026-09-17T06:08:35.826192Z DEBUG panoptikon::inferio::http: processing local inference predict model=tags/wd-vit-tagger-v3 inputs=1
2026-09-17T06:08:35.826231Z DEBUG panoptikon::inferio::http: processing local inference predict model=tags/wd-vit-tagger-v3 inputs=1
2026-09-17T06:08:35.826280Z DEBUG panoptikon::inferio::http: processing local inference predict model=tags/wd-vit-tagger-v3 inputs=1
2026-09-17T06:08:35.826372Z DEBUG panoptikon::inferio::http: processing local inference predict model=tags/wd-vit-tagger-v3 inputs=1
2026-09-17T06:08:35.826465Z DEBUG panoptikon::inferio::http: processing local inference predict model=tags/wd-vit-tagger-v3 inputs=1
2026-09-17T06:08:35.826511Z DEBUG panoptikon::inferio::http: processing local inference predict model=tags/wd-vit-tagger-v3 inputs=1
2026-09-17T06:08:35.826535Z DEBUG panoptikon::inferio::http: processing local inference predict model=tags/wd-vit-tagger-v3 inputs=1
2026-09-17T06:08:35.826566Z DEBUG panoptikon::inferio::http: processing local inference predict model=tags/wd-vit-tagger-v3 inputs=1
2026-09-17T06:08:35.826600Z DEBUG panoptikon::inferio::http: processing local inference predict model=tags/wd-vit-tagger-v3 inputs=1
2026-09-17T06:08:35.826646Z DEBUG panoptikon::inferio::http: processing local inference predict model=tags/wd-vit-tagger-v3 inputs=1
2026-09-17T06:08:35.826697Z DEBUG panoptikon::inferio::http: processing local inference predict model=tags/wd-vit-tagger-v3 inputs=1
2026-09-17T06:08:35.826733Z DEBUG panoptikon::inferio::http: processing local inference predict model=tags/wd-vit-tagger-v3 inputs=1
2026-09-17T06:08:35.826761Z DEBUG panoptikon::inferio::http: processing local inference predict model=tags/wd-vit-tagger-v3 inputs=1
2026-09-17T06:08:35.826793Z DEBUG panoptikon::inferio::http: processing local inference predict model=tags/wd-vit-tagger-v3 inputs=1
2026-09-17T06:08:35.826829Z DEBUG panoptikon::inferio::http: processing local inference predict model=tags/wd-vit-tagger-v3 inputs=1
2026-09-17T06:08:35.827018Z DEBUG panoptikon::inferio::http: processing local inference predict model=tags/wd-vit-tagger-v3 inputs=1
2026-09-17T06:08:35.827308Z DEBUG panoptikon::inferio::http: processing local inference predict model=tags/wd-vit-tagger-v3 inputs=1
2026-09-17T06:08:35.827344Z DEBUG panoptikon::inferio::http: processing local inference predict model=tags/wd-vit-tagger-v3 inputs=1
2026-09-17T06:08:35.827369Z DEBUG panoptikon::inferio::http: processing local inference predict model=tags/wd-vit-tagger-v3 inputs=1
2026-09-17T06:08:35.827537Z DEBUG panoptikon::inferio::http: processing local inference predict model=tags/wd-vit-tagger-v3 inputs=1
2026-09-17T06:08:35.827569Z DEBUG panoptikon::inferio::http: processing local inference predict model=tags/wd-vit-tagger-v3 inputs=1
2026-09-17T06:08:35.827590Z DEBUG panoptikon::inferio::http: processing local inference predict model=tags/wd-vit-tagger-v3 inputs=1
2026-09-17T06:08:35.827614Z DEBUG panoptikon::inferio::http: processing local inference predict model=tags/wd-vit-tagger-v3 inputs=1
2026-09-17T06:08:35.827731Z DEBUG panoptikon::inferio::http: processing local inference predict model=tags/wd-vit-tagger-v3 inputs=1
2026-09-17T06:08:35.827808Z DEBUG panoptikon::inferio::http: processing local inference predict model=tags/wd-vit-tagger-v3 inputs=1
2026-09-17T06:08:35.827831Z DEBUG panoptikon::inferio::http: processing local inference predict model=tags/wd-vit-tagger-v3 inputs=1
2026-09-17T06:08:35.827858Z DEBUG panoptikon::inferio::http: processing local inference predict model=tags/wd-vit-tagger-v3 inputs=1
2026-09-17T06:08:35.827895Z DEBUG panoptikon::inferio::http: processing local inference predict model=tags/wd-vit-tagger-v3 inputs=1
2026-09-17T06:08:35.827932Z DEBUG panoptikon::inferio::http: processing local inference predict model=tags/wd-vit-tagger-v3 inputs=1
2026-09-17T06:08:35.827975Z DEBUG panoptikon::inferio::http: processing local inference predict model=tags/wd-vit-tagger-v3 inputs=1
2026-09-17T06:08:35.828005Z DEBUG panoptikon::inferio::http: processing local inference predict model=tags/wd-vit-tagger-v3 inputs=1
2026-09-17T06:08:35.831364Z  INFO panoptikon::inferio::worker: 2026-09-17 06:08:35,831 [DEBUG] inferio_worker.packing: this window's 534 MiB grant is below 80% of the 1078 MiB of releasable slack in the 1892 MiB pool (1/2 consecutive windows before releasing it) worker=wd_tagger
2026-09-17T06:08:35.912206Z  INFO panoptikon::inferio::worker: 2026-09-17 06:08:35,911 [DEBUG] inferio_worker_impl_0_wd_tagger: Running inference on 15 images worker=wd_tagger
2026-09-17T06:08:38.388754Z  INFO panoptikon::inferio::worker: 2026-09-17 06:08:38,388 [DEBUG] inferio_worker_impl_0_wd_tagger: Running inference on 15 images worker=wd_tagger
2026-09-17T06:08:40.521504Z  INFO panoptikon::inferio::worker: 2026-09-17 06:08:40,521 [DEBUG] inferio_worker_impl_0_wd_tagger: Running inference on 15 images worker=wd_tagger
2026-09-17T06:08:42.634425Z DEBUG panoptikon::inferio::ledger: refitted the memory cost model model=tags/wd-vit-tagger-v3 gpu=CPU slope_mb_per_unit=35.5625 intercept_mb=64.0 residual_mb=12.125 samples=7 version=13
2026-09-17T06:08:42.634470Z DEBUG panoptikon::inferio::ledger: queued a calibration profile update for the store model=tags/wd-vit-tagger-v3 gpu=CPU reason="fit_changed" max_units_measured=32 fit_version=13
2026-09-17T06:08:42.634493Z DEBUG panoptikon::inferio::ledger: settled a granted window model=tags/wd-vit-tagger-v3 gpu=CPU outcome="clean" fit_samples=3 throughput_samples=3 clamped_samples=0 clamped=none ramp_step=4 deflation=0 clean_windows=20 max_units_measured=32
2026-09-17T06:08:42.634612Z DEBUG panoptikon::inferio::ledger: issued a memory grant model=tags/wd-vit-tagger-v3 gpu=CPU unit_budget=15 mb=534 canvas_pixels=none share_mb=96008 room_mb=96008 headroom_mb=95169 external_mb=29332 reserve_mb=1024 reserve_rule="capped_default" pre_fit=false ramp_step=4 deflation=0 squeezed=false window_requests=45
2026-09-17T06:08:42.636365Z DEBUG panoptikon::inferio::http: processing local inference predict model=tags/wd-vit-tagger-v3 inputs=1
2026-09-17T06:08:42.636860Z DEBUG panoptikon::inferio::http: processing local inference predict model=tags/wd-vit-tagger-v3 inputs=1
2026-09-17T06:08:42.636912Z DEBUG panoptikon::inferio::http: processing local inference predict model=tags/wd-vit-tagger-v3 inputs=1
2026-09-17T06:08:42.636952Z DEBUG panoptikon::inferio::http: processing local inference predict model=tags/wd-vit-tagger-v3 inputs=1
2026-09-17T06:08:42.637094Z DEBUG panoptikon::inferio::http: processing local inference predict model=tags/wd-vit-tagger-v3 inputs=1
2026-09-17T06:08:42.637138Z DEBUG panoptikon::inferio::http: processing local inference predict model=tags/wd-vit-tagger-v3 inputs=1
2026-09-17T06:08:42.637233Z DEBUG panoptikon::inferio::http: processing local inference predict model=tags/wd-vit-tagger-v3 inputs=1
2026-09-17T06:08:42.637284Z DEBUG panoptikon::inferio::http: processing local inference predict model=tags/wd-vit-tagger-v3 inputs=1
2026-09-17T06:08:42.637349Z DEBUG panoptikon::inferio::http: processing local inference predict model=tags/wd-vit-tagger-v3 inputs=1
2026-09-17T06:08:42.637589Z DEBUG panoptikon::inferio::http: processing local inference predict model=tags/wd-vit-tagger-v3 inputs=1
2026-09-17T06:08:42.637705Z DEBUG panoptikon::inferio::http: processing local inference predict model=tags/wd-vit-tagger-v3 inputs=1
2026-09-17T06:08:42.637805Z DEBUG panoptikon::inferio::http: processing local inference predict model=tags/wd-vit-tagger-v3 inputs=1
2026-09-17T06:08:42.637885Z DEBUG panoptikon::inferio::http: processing local inference predict model=tags/wd-vit-tagger-v3 inputs=1
2026-09-17T06:08:42.637925Z DEBUG panoptikon::inferio::http: processing local inference predict model=tags/wd-vit-tagger-v3 inputs=1
2026-09-17T06:08:42.637975Z DEBUG panoptikon::inferio::http: processing local inference predict model=tags/wd-vit-tagger-v3 inputs=1
2026-09-17T06:08:42.638062Z DEBUG panoptikon::inferio::http: processing local inference predict model=tags/wd-vit-tagger-v3 inputs=1
2026-09-17T06:08:42.638141Z DEBUG panoptikon::inferio::http: processing local inference predict model=tags/wd-vit-tagger-v3 inputs=1
2026-09-17T06:08:42.638185Z DEBUG panoptikon::inferio::http: processing local inference predict model=tags/wd-vit-tagger-v3 inputs=1
2026-09-17T06:08:42.638253Z DEBUG panoptikon::inferio::http: processing local inference predict model=tags/wd-vit-tagger-v3 inputs=1
2026-09-17T06:08:42.638291Z DEBUG panoptikon::inferio::http: processing local inference predict model=tags/wd-vit-tagger-v3 inputs=1
2026-09-17T06:08:42.638333Z DEBUG panoptikon::inferio::http: processing local inference predict model=tags/wd-vit-tagger-v3 inputs=1
2026-09-17T06:08:42.638381Z DEBUG panoptikon::inferio::http: processing local inference predict model=tags/wd-vit-tagger-v3 inputs=1
2026-09-17T06:08:42.638431Z DEBUG panoptikon::inferio::http: processing local inference predict model=tags/wd-vit-tagger-v3 inputs=1
2026-09-17T06:08:42.638478Z DEBUG panoptikon::inferio::http: processing local inference predict model=tags/wd-vit-tagger-v3 inputs=1
2026-09-17T06:08:42.638516Z DEBUG panoptikon::inferio::http: processing local inference predict model=tags/wd-vit-tagger-v3 inputs=1
2026-09-17T06:08:42.638551Z DEBUG panoptikon::inferio::http: processing local inference predict model=tags/wd-vit-tagger-v3 inputs=1
2026-09-17T06:08:42.638595Z DEBUG panoptikon::inferio::http: processing local inference predict model=tags/wd-vit-tagger-v3 inputs=1
2026-09-17T06:08:42.638639Z DEBUG panoptikon::inferio::http: processing local inference predict model=tags/wd-vit-tagger-v3 inputs=1
2026-09-17T06:08:42.638696Z DEBUG panoptikon::inferio::http: processing local inference predict model=tags/wd-vit-tagger-v3 inputs=1
2026-09-17T06:08:42.638723Z DEBUG panoptikon::inferio::http: processing local inference predict model=tags/wd-vit-tagger-v3 inputs=1
2026-09-17T06:08:42.638796Z DEBUG panoptikon::inferio::http: processing local inference predict model=tags/wd-vit-tagger-v3 inputs=1
2026-09-17T06:08:42.639016Z DEBUG panoptikon::inferio::http: processing local inference predict model=tags/wd-vit-tagger-v3 inputs=1
2026-09-17T06:08:42.639114Z DEBUG panoptikon::inferio::http: processing local inference predict model=tags/wd-vit-tagger-v3 inputs=1
2026-09-17T06:08:42.639154Z DEBUG panoptikon::inferio::http: processing local inference predict model=tags/wd-vit-tagger-v3 inputs=1
2026-09-17T06:08:42.639207Z DEBUG panoptikon::inferio::http: processing local inference predict model=tags/wd-vit-tagger-v3 inputs=1
2026-09-17T06:08:42.639256Z DEBUG panoptikon::inferio::http: processing local inference predict model=tags/wd-vit-tagger-v3 inputs=1
2026-09-17T06:08:42.639296Z DEBUG panoptikon::inferio::http: processing local inference predict model=tags/wd-vit-tagger-v3 inputs=1
2026-09-17T06:08:42.639325Z DEBUG panoptikon::inferio::http: processing local inference predict model=tags/wd-vit-tagger-v3 inputs=1
2026-09-17T06:08:42.639357Z DEBUG panoptikon::inferio::http: processing local inference predict model=tags/wd-vit-tagger-v3 inputs=1
2026-09-17T06:08:42.639402Z DEBUG panoptikon::inferio::http: processing local inference predict model=tags/wd-vit-tagger-v3 inputs=1
2026-09-17T06:08:42.639440Z DEBUG panoptikon::inferio::http: processing local inference predict model=tags/wd-vit-tagger-v3 inputs=1
2026-09-17T06:08:42.639485Z DEBUG panoptikon::inferio::http: processing local inference predict model=tags/wd-vit-tagger-v3 inputs=1
2026-09-17T06:08:42.639522Z DEBUG panoptikon::inferio::http: processing local inference predict model=tags/wd-vit-tagger-v3 inputs=1
2026-09-17T06:08:42.639725Z DEBUG panoptikon::inferio::http: processing local inference predict model=tags/wd-vit-tagger-v3 inputs=1
2026-09-17T06:08:42.639758Z DEBUG panoptikon::inferio::http: processing local inference predict model=tags/wd-vit-tagger-v3 inputs=1
2026-09-17T06:08:42.724514Z  INFO panoptikon::inferio::worker: 2026-09-17 06:08:42,724 [DEBUG] inferio_worker_impl_0_wd_tagger: Running inference on 15 images worker=wd_tagger
2026-09-17T06:08:44.850888Z  INFO panoptikon::inferio::worker: 2026-09-17 06:08:44,850 [DEBUG] inferio_worker_impl_0_wd_tagger: Running inference on 15 images worker=wd_tagger
2026-09-17T06:08:46.275973Z  INFO panoptikon::inferio::calibration: wrote the local calibration store path=data/inferio/calibration.toml profiles=1
2026-09-17T06:08:46.955764Z  INFO panoptikon::inferio::worker: 2026-09-17 06:08:46,955 [DEBUG] inferio_worker_impl_0_wd_tagger: Running inference on 15 images worker=wd_tagger
2026-09-17T06:08:48.988933Z DEBUG panoptikon::inferio::ledger: declining to fit a throughput knee: this knee last expired and was widened, and the ring has not yet seen enough of the wider size to put it back bucket=3 observed_floor=1 observed_top=5 anchor=32 observations=52
2026-09-17T06:08:48.988982Z  INFO panoptikon::inferio::ledger: this model has run cleanly at its throughput knee for long enough, with memory to spare, that the knee is worth re-testing; widening the cap by one batch-size step. A knee is a brake, not a ceiling: if the curve really does flatten here, the next fit from honest samples puts it back model=tags/wd-vit-tagger-v3 gpu=CPU knee_units_before=15 knee_units_after=31 clean_windows_at_the_knee=12 last_grant_units=15
2026-09-17T06:08:48.989008Z DEBUG panoptikon::inferio::ledger: settled a granted window model=tags/wd-vit-tagger-v3 gpu=CPU outcome="clean" fit_samples=3 throughput_samples=3 clamped_samples=0 clamped=none ramp_step=4 deflation=0 clean_windows=21 max_units_measured=32
2026-09-17T06:08:48.990431Z DEBUG panoptikon::inferio::http: processing local inference predict model=tags/wd-vit-tagger-v3 inputs=1
2026-09-17T06:08:48.990559Z DEBUG panoptikon::inferio::http: processing local inference predict model=tags/wd-vit-tagger-v3 inputs=1
2026-09-17T06:08:48.990721Z DEBUG panoptikon::inferio::http: processing local inference predict model=tags/wd-vit-tagger-v3 inputs=1
2026-09-17T06:08:48.991063Z DEBUG panoptikon::inferio::http: processing local inference predict model=tags/wd-vit-tagger-v3 inputs=1
2026-09-17T06:08:48.991147Z DEBUG panoptikon::inferio::http: processing local inference predict model=tags/wd-vit-tagger-v3 inputs=1
2026-09-17T06:08:48.991324Z DEBUG panoptikon::inferio::http: processing local inference predict model=tags/wd-vit-tagger-v3 inputs=1
2026-09-17T06:08:48.991382Z DEBUG panoptikon::inferio::http: processing local inference predict model=tags/wd-vit-tagger-v3 inputs=1
2026-09-17T06:08:48.991728Z DEBUG panoptikon::inferio::http: processing local inference predict model=tags/wd-vit-tagger-v3 inputs=1
2026-09-17T06:08:48.991792Z DEBUG panoptikon::inferio::http: processing local inference predict model=tags/wd-vit-tagger-v3 inputs=1
2026-09-17T06:08:48.991915Z DEBUG panoptikon::inferio::http: processing local inference predict model=tags/wd-vit-tagger-v3 inputs=1
2026-09-17T06:08:48.992058Z DEBUG panoptikon::inferio::http: processing local inference predict model=tags/wd-vit-tagger-v3 inputs=1
2026-09-17T06:08:48.992089Z DEBUG panoptikon::inferio::http: processing local inference predict model=tags/wd-vit-tagger-v3 inputs=1
2026-09-17T06:08:48.992113Z DEBUG panoptikon::inferio::http: processing local inference predict model=tags/wd-vit-tagger-v3 inputs=1
2026-09-17T06:08:48.992153Z DEBUG panoptikon::inferio::http: processing local inference predict model=tags/wd-vit-tagger-v3 inputs=1
2026-09-17T06:08:48.992179Z DEBUG panoptikon::inferio::http: processing local inference predict model=tags/wd-vit-tagger-v3 inputs=1
2026-09-17T06:08:48.992232Z DEBUG panoptikon::inferio::http: processing local inference predict model=tags/wd-vit-tagger-v3 inputs=1
2026-09-17T06:08:48.992282Z DEBUG panoptikon::inferio::http: processing local inference predict model=tags/wd-vit-tagger-v3 inputs=1
2026-09-17T06:08:48.992441Z DEBUG panoptikon::inferio::http: processing local inference predict model=tags/wd-vit-tagger-v3 inputs=1
2026-09-17T06:08:48.992490Z DEBUG panoptikon::inferio::http: processing local inference predict model=tags/wd-vit-tagger-v3 inputs=1
2026-09-17T06:08:48.992560Z DEBUG panoptikon::inferio::http: processing local inference predict model=tags/wd-vit-tagger-v3 inputs=1
2026-09-17T06:08:48.992585Z DEBUG panoptikon::inferio::http: processing local inference predict model=tags/wd-vit-tagger-v3 inputs=1
2026-09-17T06:08:48.992624Z DEBUG panoptikon::inferio::http: processing local inference predict model=tags/wd-vit-tagger-v3 inputs=1
2026-09-17T06:08:48.992655Z DEBUG panoptikon::inferio::http: processing local inference predict model=tags/wd-vit-tagger-v3 inputs=1
2026-09-17T06:08:48.992692Z DEBUG panoptikon::inferio::http: processing local inference predict model=tags/wd-vit-tagger-v3 inputs=1
2026-09-17T06:08:48.992723Z DEBUG panoptikon::inferio::http: processing local inference predict model=tags/wd-vit-tagger-v3 inputs=1
2026-09-17T06:08:48.992751Z DEBUG panoptikon::inferio::http: processing local inference predict model=tags/wd-vit-tagger-v3 inputs=1
2026-09-17T06:08:48.992782Z DEBUG panoptikon::inferio::http: processing local inference predict model=tags/wd-vit-tagger-v3 inputs=1
2026-09-17T06:08:48.992966Z DEBUG panoptikon::inferio::http: processing local inference predict model=tags/wd-vit-tagger-v3 inputs=1
2026-09-17T06:08:48.993177Z DEBUG panoptikon::inferio::http: processing local inference predict model=tags/wd-vit-tagger-v3 inputs=1
2026-09-17T06:08:48.993217Z DEBUG panoptikon::inferio::http: processing local inference predict model=tags/wd-vit-tagger-v3 inputs=1
2026-09-17T06:08:48.993241Z DEBUG panoptikon::inferio::http: processing local inference predict model=tags/wd-vit-tagger-v3 inputs=1
2026-09-17T06:08:48.993409Z DEBUG panoptikon::inferio::http: processing local inference predict model=tags/wd-vit-tagger-v3 inputs=1
2026-09-17T06:08:48.993432Z DEBUG panoptikon::inferio::http: processing local inference predict model=tags/wd-vit-tagger-v3 inputs=1
2026-09-17T06:08:48.993459Z DEBUG panoptikon::inferio::http: processing local inference predict model=tags/wd-vit-tagger-v3 inputs=1
2026-09-17T06:08:48.993491Z DEBUG panoptikon::inferio::http: processing local inference predict model=tags/wd-vit-tagger-v3 inputs=1
2026-09-17T06:08:48.993517Z DEBUG panoptikon::inferio::http: processing local inference predict model=tags/wd-vit-tagger-v3 inputs=1
2026-09-17T06:08:48.993619Z DEBUG panoptikon::inferio::http: processing local inference predict model=tags/wd-vit-tagger-v3 inputs=1
2026-09-17T06:08:48.993694Z DEBUG panoptikon::inferio::http: processing local inference predict model=tags/wd-vit-tagger-v3 inputs=1
2026-09-17T06:08:48.993959Z DEBUG panoptikon::inferio::http: processing local inference predict model=tags/wd-vit-tagger-v3 inputs=1
2026-09-17T06:08:48.994173Z DEBUG panoptikon::inferio::http: processing local inference predict model=tags/wd-vit-tagger-v3 inputs=1
2026-09-17T06:08:48.994206Z DEBUG panoptikon::inferio::http: processing local inference predict model=tags/wd-vit-tagger-v3 inputs=1
2026-09-17T06:08:48.994232Z DEBUG panoptikon::inferio::http: processing local inference predict model=tags/wd-vit-tagger-v3 inputs=1
2026-09-17T06:08:48.994272Z DEBUG panoptikon::inferio::http: processing local inference predict model=tags/wd-vit-tagger-v3 inputs=1
2026-09-17T06:08:48.994390Z DEBUG panoptikon::inferio::http: processing local inference predict model=tags/wd-vit-tagger-v3 inputs=1
2026-09-17T06:08:48.994449Z DEBUG panoptikon::inferio::http: processing local inference predict model=tags/wd-vit-tagger-v3 inputs=1
2026-09-17T06:08:48.997408Z DEBUG panoptikon::inferio::ledger: issued a memory grant model=tags/wd-vit-tagger-v3 gpu=CPU unit_budget=31 mb=1103 canvas_pixels=none share_mb=96008 room_mb=96008 headroom_mb=95169 external_mb=29286 reserve_mb=1024 reserve_rule="capped_default" pre_fit=false ramp_step=4 deflation=0 squeezed=false window_requests=90
2026-09-17T06:08:49.192358Z  INFO panoptikon::inferio::worker: 2026-09-17 06:08:49,192 [DEBUG] inferio_worker_impl_0_wd_tagger: Running inference on 31 images worker=wd_tagger
2026-09-17T06:08:57.483671Z  INFO panoptikon::inferio::worker: 2026-09-17 06:08:57,483 [DEBUG] inferio_worker_impl_0_wd_tagger: Running inference on 31 images worker=wd_tagger
2026-09-17T06:09:07.242680Z  INFO panoptikon::inferio::worker: 2026-09-17 06:09:07,242 [DEBUG] inferio_worker_impl_0_wd_tagger: Running inference on 28 images worker=wd_tagger
2026-09-17T06:09:12.547806Z DEBUG panoptikon::inferio::ledger: refitted the memory cost model model=tags/wd-vit-tagger-v3 gpu=CPU slope_mb_per_unit=35.65162037037037 intercept_mb=61.148148148148266 residual_mb=5.606481481481524 samples=9 version=14
2026-09-17T06:09:12.547852Z DEBUG panoptikon::inferio::ledger: fitted a throughput knee; batches larger than this are no longer admitted however much memory is free model=tags/wd-vit-tagger-v3 gpu=CPU knee_units=15 previous=Some(31) observations=55
2026-09-17T06:09:12.547901Z DEBUG panoptikon::inferio::ledger: queued a calibration profile update for the store model=tags/wd-vit-tagger-v3 gpu=CPU reason="fit_changed" max_units_measured=32 fit_version=14
2026-09-17T06:09:12.547925Z DEBUG panoptikon::inferio::ledger: settled a granted window model=tags/wd-vit-tagger-v3 gpu=CPU outcome="clean" fit_samples=3 throughput_samples=3 clamped_samples=0 clamped=none ramp_step=4 deflation=0 clean_windows=22 max_units_measured=32
2026-09-17T06:09:12.553913Z DEBUG panoptikon::inferio::http: processing local inference predict model=tags/wd-vit-tagger-v3 inputs=1
2026-09-17T06:09:12.554004Z DEBUG panoptikon::inferio::http: processing local inference predict model=tags/wd-vit-tagger-v3 inputs=1
2026-09-17T06:09:12.554051Z DEBUG panoptikon::inferio::http: processing local inference predict model=tags/wd-vit-tagger-v3 inputs=1
2026-09-17T06:09:12.554119Z DEBUG panoptikon::inferio::http: processing local inference predict model=tags/wd-vit-tagger-v3 inputs=1
2026-09-17T06:09:12.554222Z DEBUG panoptikon::inferio::http: processing local inference predict model=tags/wd-vit-tagger-v3 inputs=1
2026-09-17T06:09:12.554300Z DEBUG panoptikon::inferio::http: processing local inference predict model=tags/wd-vit-tagger-v3 inputs=1
2026-09-17T06:09:12.554346Z DEBUG panoptikon::inferio::http: processing local inference predict model=tags/wd-vit-tagger-v3 inputs=1
2026-09-17T06:09:12.554386Z DEBUG panoptikon::inferio::http: processing local inference predict model=tags/wd-vit-tagger-v3 inputs=1
2026-09-17T06:09:12.554411Z DEBUG panoptikon::inferio::http: processing local inference predict model=tags/wd-vit-tagger-v3 inputs=1
2026-09-17T06:09:12.554474Z DEBUG panoptikon::inferio::http: processing local inference predict model=tags/wd-vit-tagger-v3 inputs=1
2026-09-17T06:09:12.554540Z DEBUG panoptikon::inferio::http: processing local inference predict model=tags/wd-vit-tagger-v3 inputs=1
2026-09-17T06:09:12.554596Z DEBUG panoptikon::inferio::http: processing local inference predict model=tags/wd-vit-tagger-v3 inputs=1
2026-09-17T06:09:12.554644Z DEBUG panoptikon::inferio::http: processing local inference predict model=tags/wd-vit-tagger-v3 inputs=1
2026-09-17T06:09:12.554686Z DEBUG panoptikon::inferio::http: processing local inference predict model=tags/wd-vit-tagger-v3 inputs=1
2026-09-17T06:09:12.554727Z DEBUG panoptikon::inferio::http: processing local inference predict model=tags/wd-vit-tagger-v3 inputs=1
2026-09-17T06:09:12.554763Z DEBUG panoptikon::inferio::http: processing local inference predict model=tags/wd-vit-tagger-v3 inputs=1
2026-09-17T06:09:12.554799Z DEBUG panoptikon::inferio::http: processing local inference predict model=tags/wd-vit-tagger-v3 inputs=1
2026-09-17T06:09:12.554844Z DEBUG panoptikon::inferio::http: processing local inference predict model=tags/wd-vit-tagger-v3 inputs=1
2026-09-17T06:09:12.554892Z DEBUG panoptikon::inferio::http: processing local inference predict model=tags/wd-vit-tagger-v3 inputs=1
2026-09-17T06:09:12.554923Z DEBUG panoptikon::inferio::http: processing local inference predict model=tags/wd-vit-tagger-v3 inputs=1
2026-09-17T06:09:12.554974Z DEBUG panoptikon::inferio::http: processing local inference predict model=tags/wd-vit-tagger-v3 inputs=1
2026-09-17T06:09:12.555037Z DEBUG panoptikon::inferio::http: processing local inference predict model=tags/wd-vit-tagger-v3 inputs=1
2026-09-17T06:09:12.555083Z DEBUG panoptikon::inferio::http: processing local inference predict model=tags/wd-vit-tagger-v3 inputs=1
2026-09-17T06:09:12.555130Z DEBUG panoptikon::inferio::http: processing local inference predict model=tags/wd-vit-tagger-v3 inputs=1
2026-09-17T06:09:12.555161Z DEBUG panoptikon::inferio::http: processing local inference predict model=tags/wd-vit-tagger-v3 inputs=1
2026-09-17T06:09:12.555208Z DEBUG panoptikon::inferio::http: processing local inference predict model=tags/wd-vit-tagger-v3 inputs=1
2026-09-17T06:09:12.555260Z DEBUG panoptikon::inferio::http: processing local inference predict model=tags/wd-vit-tagger-v3 inputs=1
2026-09-17T06:09:12.555292Z DEBUG panoptikon::inferio::http: processing local inference predict model=tags/wd-vit-tagger-v3 inputs=1
2026-09-17T06:09:12.555337Z DEBUG panoptikon::inferio::http: processing local inference predict model=tags/wd-vit-tagger-v3 inputs=1
2026-09-17T06:09:12.555384Z DEBUG panoptikon::inferio::http: processing local inference predict model=tags/wd-vit-tagger-v3 inputs=1
2026-09-17T06:09:12.555420Z DEBUG panoptikon::inferio::http: processing local inference predict model=tags/wd-vit-tagger-v3 inputs=1
2026-09-17T06:09:12.555459Z DEBUG panoptikon::inferio::http: processing local inference predict model=tags/wd-vit-tagger-v3 inputs=1
2026-09-17T06:09:12.555483Z DEBUG panoptikon::inferio::http: processing local inference predict model=tags/wd-vit-tagger-v3 inputs=1
2026-09-17T06:09:12.555522Z DEBUG panoptikon::inferio::http: processing local inference predict model=tags/wd-vit-tagger-v3 inputs=1
2026-09-17T06:09:12.555556Z DEBUG panoptikon::inferio::http: processing local inference predict model=tags/wd-vit-tagger-v3 inputs=1
2026-09-17T06:09:12.555604Z DEBUG panoptikon::inferio::http: processing local inference predict model=tags/wd-vit-tagger-v3 inputs=1
2026-09-17T06:09:12.555638Z DEBUG panoptikon::inferio::http: processing local inference predict model=tags/wd-vit-tagger-v3 inputs=1
2026-09-17T06:09:12.555700Z DEBUG panoptikon::inferio::http: processing local inference predict model=tags/wd-vit-tagger-v3 inputs=1
2026-09-17T06:09:12.555745Z DEBUG panoptikon::inferio::http: processing local inference predict model=tags/wd-vit-tagger-v3 inputs=1
2026-09-17T06:09:12.555791Z DEBUG panoptikon::inferio::http: processing local inference predict model=tags/wd-vit-tagger-v3 inputs=1
2026-09-17T06:09:12.555824Z DEBUG panoptikon::inferio::http: processing local inference predict model=tags/wd-vit-tagger-v3 inputs=1
2026-09-17T06:09:12.555862Z DEBUG panoptikon::inferio::http: processing local inference predict model=tags/wd-vit-tagger-v3 inputs=1
2026-09-17T06:09:12.555916Z DEBUG panoptikon::inferio::http: processing local inference predict model=tags/wd-vit-tagger-v3 inputs=1
2026-09-17T06:09:12.555954Z DEBUG panoptikon::inferio::http: processing local inference predict model=tags/wd-vit-tagger-v3 inputs=1
2026-09-17T06:09:12.555984Z DEBUG panoptikon::inferio::http: processing local inference predict model=tags/wd-vit-tagger-v3 inputs=1
2026-09-17T06:09:12.556014Z DEBUG panoptikon::inferio::http: processing local inference predict model=tags/wd-vit-tagger-v3 inputs=1
2026-09-17T06:09:12.556057Z DEBUG panoptikon::inferio::ledger: issued a memory grant model=tags/wd-vit-tagger-v3 gpu=CPU unit_budget=15 mb=535 canvas_pixels=none share_mb=96008 room_mb=96008 headroom_mb=95169 external_mb=29423 reserve_mb=1024 reserve_rule="capped_default" pre_fit=false ramp_step=4 deflation=0 squeezed=false window_requests=45
2026-09-17T06:09:12.556103Z DEBUG panoptikon::inferio::http: processing local inference predict model=tags/wd-vit-tagger-v3 inputs=1
2026-09-17T06:09:12.556134Z DEBUG panoptikon::inferio::http: processing local inference predict model=tags/wd-vit-tagger-v3 inputs=1
2026-09-17T06:09:12.556183Z DEBUG panoptikon::inferio::http: processing local inference predict model=tags/wd-vit-tagger-v3 inputs=1
2026-09-17T06:09:12.556230Z DEBUG panoptikon::inferio::http: processing local inference predict model=tags/wd-vit-tagger-v3 inputs=1
2026-09-17T06:09:12.556267Z DEBUG panoptikon::inferio::http: processing local inference predict model=tags/wd-vit-tagger-v3 inputs=1
2026-09-17T06:09:12.556299Z DEBUG panoptikon::inferio::http: processing local inference predict model=tags/wd-vit-tagger-v3 inputs=1
2026-09-17T06:09:12.556321Z DEBUG panoptikon::inferio::http: processing local inference predict model=tags/wd-vit-tagger-v3 inputs=1
2026-09-17T06:09:12.556345Z DEBUG panoptikon::inferio::http: processing local inference predict model=tags/wd-vit-tagger-v3 inputs=1
2026-09-17T06:09:12.556380Z DEBUG panoptikon::inferio::http: processing local inference predict model=tags/wd-vit-tagger-v3 inputs=1
2026-09-17T06:09:12.556400Z DEBUG panoptikon::inferio::http: processing local inference predict model=tags/wd-vit-tagger-v3 inputs=1
2026-09-17T06:09:12.556445Z DEBUG panoptikon::inferio::http: processing local inference predict model=tags/wd-vit-tagger-v3 inputs=1
2026-09-17T06:09:12.556491Z DEBUG panoptikon::inferio::http: processing local inference predict model=tags/wd-vit-tagger-v3 inputs=1
2026-09-17T06:09:12.556525Z DEBUG panoptikon::inferio::http: processing local inference predict model=tags/wd-vit-tagger-v3 inputs=1
2026-09-17T06:09:12.556552Z DEBUG panoptikon::inferio::http: processing local inference predict model=tags/wd-vit-tagger-v3 inputs=1
2026-09-17T06:09:12.556581Z DEBUG panoptikon::inferio::http: processing local inference predict model=tags/wd-vit-tagger-v3 inputs=1
2026-09-17T06:09:12.556624Z DEBUG panoptikon::inferio::http: processing local inference predict model=tags/wd-vit-tagger-v3 inputs=1
2026-09-17T06:09:12.556648Z DEBUG panoptikon::inferio::http: processing local inference predict model=tags/wd-vit-tagger-v3 inputs=1
2026-09-17T06:09:12.556700Z DEBUG panoptikon::inferio::http: processing local inference predict model=tags/wd-vit-tagger-v3 inputs=1
2026-09-17T06:09:12.556743Z DEBUG panoptikon::inferio::http: processing local inference predict model=tags/wd-vit-tagger-v3 inputs=1
2026-09-17T06:09:12.556771Z DEBUG panoptikon::inferio::http: processing local inference predict model=tags/wd-vit-tagger-v3 inputs=1
2026-09-17T06:09:12.556805Z DEBUG panoptikon::inferio::http: processing local inference predict model=tags/wd-vit-tagger-v3 inputs=1
2026-09-17T06:09:12.556858Z DEBUG panoptikon::inferio::http: processing local inference predict model=tags/wd-vit-tagger-v3 inputs=1
2026-09-17T06:09:12.556903Z DEBUG panoptikon::inferio::http: processing local inference predict model=tags/wd-vit-tagger-v3 inputs=1
2026-09-17T06:09:12.556943Z DEBUG panoptikon::inferio::http: processing local inference predict model=tags/wd-vit-tagger-v3 inputs=1
2026-09-17T06:09:12.556979Z DEBUG panoptikon::inferio::http: processing local inference predict model=tags/wd-vit-tagger-v3 inputs=1
2026-09-17T06:09:12.557029Z DEBUG panoptikon::inferio::http: processing local inference predict model=tags/wd-vit-tagger-v3 inputs=1
2026-09-17T06:09:12.557079Z DEBUG panoptikon::inferio::http: processing local inference predict model=tags/wd-vit-tagger-v3 inputs=1
2026-09-17T06:09:12.557119Z DEBUG panoptikon::inferio::http: processing local inference predict model=tags/wd-vit-tagger-v3 inputs=1
2026-09-17T06:09:12.557154Z DEBUG panoptikon::inferio::http: processing local inference predict model=tags/wd-vit-tagger-v3 inputs=1
2026-09-17T06:09:12.557196Z DEBUG panoptikon::inferio::http: processing local inference predict model=tags/wd-vit-tagger-v3 inputs=1
2026-09-17T06:09:12.557234Z DEBUG panoptikon::inferio::http: processing local inference predict model=tags/wd-vit-tagger-v3 inputs=1
2026-09-17T06:09:12.557274Z DEBUG panoptikon::inferio::http: processing local inference predict model=tags/wd-vit-tagger-v3 inputs=1
2026-09-17T06:09:12.557310Z DEBUG panoptikon::inferio::http: processing local inference predict model=tags/wd-vit-tagger-v3 inputs=1
2026-09-17T06:09:12.557350Z DEBUG panoptikon::inferio::http: processing local inference predict model=tags/wd-vit-tagger-v3 inputs=1
2026-09-17T06:09:12.557367Z DEBUG panoptikon::inferio::http: processing local inference predict model=tags/wd-vit-tagger-v3 inputs=1
2026-09-17T06:09:12.557406Z DEBUG panoptikon::inferio::http: processing local inference predict model=tags/wd-vit-tagger-v3 inputs=1
2026-09-17T06:09:12.557443Z DEBUG panoptikon::inferio::http: processing local inference predict model=tags/wd-vit-tagger-v3 inputs=1
2026-09-17T06:09:12.557505Z DEBUG panoptikon::inferio::http: processing local inference predict model=tags/wd-vit-tagger-v3 inputs=1
2026-09-17T06:09:12.557530Z DEBUG panoptikon::inferio::http: processing local inference predict model=tags/wd-vit-tagger-v3 inputs=1
2026-09-17T06:09:12.557557Z DEBUG panoptikon::inferio::http: processing local inference predict model=tags/wd-vit-tagger-v3 inputs=1
2026-09-17T06:09:12.557582Z DEBUG panoptikon::inferio::http: processing local inference predict model=tags/wd-vit-tagger-v3 inputs=1
2026-09-17T06:09:12.557628Z DEBUG panoptikon::inferio::http: processing local inference predict model=tags/wd-vit-tagger-v3 inputs=1
2026-09-17T06:09:12.557665Z DEBUG panoptikon::inferio::http: processing local inference predict model=tags/wd-vit-tagger-v3 inputs=1
2026-09-17T06:09:12.557703Z DEBUG panoptikon::inferio::http: processing local inference predict model=tags/wd-vit-tagger-v3 inputs=1
2026-09-17T06:09:12.557736Z DEBUG panoptikon::inferio::http: processing local inference predict model=tags/wd-vit-tagger-v3 inputs=1
2026-09-17T06:09:12.557774Z DEBUG panoptikon::inferio::http: processing local inference predict model=tags/wd-vit-tagger-v3 inputs=1
2026-09-17T06:09:12.557806Z DEBUG panoptikon::inferio::http: processing local inference predict model=tags/wd-vit-tagger-v3 inputs=1
2026-09-17T06:09:12.557838Z DEBUG panoptikon::inferio::http: processing local inference predict model=tags/wd-vit-tagger-v3 inputs=1
2026-09-17T06:09:12.557878Z DEBUG panoptikon::inferio::http: processing local inference predict model=tags/wd-vit-tagger-v3 inputs=1
2026-09-17T06:09:12.557913Z DEBUG panoptikon::inferio::http: processing local inference predict model=tags/wd-vit-tagger-v3 inputs=1
2026-09-17T06:09:12.557938Z DEBUG panoptikon::inferio::http: processing local inference predict model=tags/wd-vit-tagger-v3 inputs=1
2026-09-17T06:09:12.557971Z DEBUG panoptikon::inferio::http: processing local inference predict model=tags/wd-vit-tagger-v3 inputs=1
2026-09-17T06:09:12.558011Z DEBUG panoptikon::inferio::http: processing local inference predict model=tags/wd-vit-tagger-v3 inputs=1
2026-09-17T06:09:12.558042Z DEBUG panoptikon::inferio::http: processing local inference predict model=tags/wd-vit-tagger-v3 inputs=1
2026-09-17T06:09:12.558071Z DEBUG panoptikon::inferio::http: processing local inference predict model=tags/wd-vit-tagger-v3 inputs=1
2026-09-17T06:09:12.558101Z DEBUG panoptikon::inferio::http: processing local inference predict model=tags/wd-vit-tagger-v3 inputs=1
2026-09-17T06:09:12.558140Z DEBUG panoptikon::inferio::http: processing local inference predict model=tags/wd-vit-tagger-v3 inputs=1
2026-09-17T06:09:12.558169Z DEBUG panoptikon::inferio::http: processing local inference predict model=tags/wd-vit-tagger-v3 inputs=1
2026-09-17T06:09:12.558195Z DEBUG panoptikon::inferio::http: processing local inference predict model=tags/wd-vit-tagger-v3 inputs=1
2026-09-17T06:09:12.558238Z DEBUG panoptikon::inferio::http: processing local inference predict model=tags/wd-vit-tagger-v3 inputs=1
2026-09-17T06:09:12.558277Z DEBUG panoptikon::inferio::http: processing local inference predict model=tags/wd-vit-tagger-v3 inputs=1
2026-09-17T06:09:12.558323Z DEBUG panoptikon::inferio::http: processing local inference predict model=tags/wd-vit-tagger-v3 inputs=1
2026-09-17T06:09:12.558350Z DEBUG panoptikon::inferio::http: processing local inference predict model=tags/wd-vit-tagger-v3 inputs=1
2026-09-17T06:09:12.558392Z DEBUG panoptikon::inferio::http: processing local inference predict model=tags/wd-vit-tagger-v3 inputs=1
2026-09-17T06:09:12.558439Z DEBUG panoptikon::inferio::http: processing local inference predict model=tags/wd-vit-tagger-v3 inputs=1
2026-09-17T06:09:12.558475Z DEBUG panoptikon::inferio::http: processing local inference predict model=tags/wd-vit-tagger-v3 inputs=1
2026-09-17T06:09:12.558510Z DEBUG panoptikon::inferio::http: processing local inference predict model=tags/wd-vit-tagger-v3 inputs=1
2026-09-17T06:09:12.558562Z DEBUG panoptikon::inferio::http: processing local inference predict model=tags/wd-vit-tagger-v3 inputs=1
2026-09-17T06:09:12.558600Z DEBUG panoptikon::inferio::http: processing local inference predict model=tags/wd-vit-tagger-v3 inputs=1
2026-09-17T06:09:12.558638Z DEBUG panoptikon::inferio::http: processing local inference predict model=tags/wd-vit-tagger-v3 inputs=1
2026-09-17T06:09:12.558669Z DEBUG panoptikon::inferio::http: processing local inference predict model=tags/wd-vit-tagger-v3 inputs=1
2026-09-17T06:09:12.558694Z DEBUG panoptikon::inferio::http: processing local inference predict model=tags/wd-vit-tagger-v3 inputs=1
2026-09-17T06:09:12.558735Z DEBUG panoptikon::inferio::http: processing local inference predict model=tags/wd-vit-tagger-v3 inputs=1
2026-09-17T06:09:12.558786Z DEBUG panoptikon::inferio::http: processing local inference predict model=tags/wd-vit-tagger-v3 inputs=1
2026-09-17T06:09:12.558811Z DEBUG panoptikon::inferio::http: processing local inference predict model=tags/wd-vit-tagger-v3 inputs=1
2026-09-17T06:09:12.558847Z DEBUG panoptikon::inferio::http: processing local inference predict model=tags/wd-vit-tagger-v3 inputs=1
2026-09-17T06:09:12.558882Z DEBUG panoptikon::inferio::http: processing local inference predict model=tags/wd-vit-tagger-v3 inputs=1
2026-09-17T06:09:12.558913Z DEBUG panoptikon::inferio::http: processing local inference predict model=tags/wd-vit-tagger-v3 inputs=1
2026-09-17T06:09:12.558952Z DEBUG panoptikon::inferio::http: processing local inference predict model=tags/wd-vit-tagger-v3 inputs=1
2026-09-17T06:09:12.558988Z DEBUG panoptikon::inferio::http: processing local inference predict model=tags/wd-vit-tagger-v3 inputs=1
2026-09-17T06:09:12.559030Z DEBUG panoptikon::inferio::http: processing local inference predict model=tags/wd-vit-tagger-v3 inputs=1
2026-09-17T06:09:12.559062Z DEBUG panoptikon::inferio::http: processing local inference predict model=tags/wd-vit-tagger-v3 inputs=1
2026-09-17T06:09:12.559092Z DEBUG panoptikon::inferio::http: processing local inference predict model=tags/wd-vit-tagger-v3 inputs=1
2026-09-17T06:09:12.559112Z DEBUG panoptikon::inferio::http: processing local inference predict model=tags/wd-vit-tagger-v3 inputs=1
2026-09-17T06:09:12.559129Z DEBUG panoptikon::inferio::http: processing local inference predict model=tags/wd-vit-tagger-v3 inputs=1
2026-09-17T06:09:12.559158Z DEBUG panoptikon::inferio::http: processing local inference predict model=tags/wd-vit-tagger-v3 inputs=1
2026-09-17T06:09:12.559198Z DEBUG panoptikon::inferio::http: processing local inference predict model=tags/wd-vit-tagger-v3 inputs=1
2026-09-17T06:09:12.559256Z DEBUG panoptikon::inferio::http: processing local inference predict model=tags/wd-vit-tagger-v3 inputs=1
2026-09-17T06:09:12.559292Z DEBUG panoptikon::inferio::http: processing local inference predict model=tags/wd-vit-tagger-v3 inputs=1
2026-09-17T06:09:12.559334Z DEBUG panoptikon::inferio::http: processing local inference predict model=tags/wd-vit-tagger-v3 inputs=1
2026-09-17T06:09:12.559366Z DEBUG panoptikon::inferio::http: processing local inference predict model=tags/wd-vit-tagger-v3 inputs=1
2026-09-17T06:09:12.559392Z DEBUG panoptikon::inferio::http: processing local inference predict model=tags/wd-vit-tagger-v3 inputs=1
2026-09-17T06:09:12.559437Z DEBUG panoptikon::inferio::http: processing local inference predict model=tags/wd-vit-tagger-v3 inputs=1
2026-09-17T06:09:12.559475Z DEBUG panoptikon::inferio::http: processing local inference predict model=tags/wd-vit-tagger-v3 inputs=1
2026-09-17T06:09:12.559508Z DEBUG panoptikon::inferio::http: processing local inference predict model=tags/wd-vit-tagger-v3 inputs=1
2026-09-17T06:09:12.559556Z DEBUG panoptikon::inferio::http: processing local inference predict model=tags/wd-vit-tagger-v3 inputs=1
2026-09-17T06:09:12.559598Z DEBUG panoptikon::inferio::http: processing local inference predict model=tags/wd-vit-tagger-v3 inputs=1
2026-09-17T06:09:12.559628Z DEBUG panoptikon::inferio::http: processing local inference predict model=tags/wd-vit-tagger-v3 inputs=1
2026-09-17T06:09:12.559665Z DEBUG panoptikon::inferio::http: processing local inference predict model=tags/wd-vit-tagger-v3 inputs=1
2026-09-17T06:09:12.559702Z DEBUG panoptikon::inferio::http: processing local inference predict model=tags/wd-vit-tagger-v3 inputs=1
2026-09-17T06:09:12.559731Z DEBUG panoptikon::inferio::http: processing local inference predict model=tags/wd-vit-tagger-v3 inputs=1
2026-09-17T06:09:12.559760Z DEBUG panoptikon::inferio::http: processing local inference predict model=tags/wd-vit-tagger-v3 inputs=1
2026-09-17T06:09:12.559796Z DEBUG panoptikon::inferio::http: processing local inference predict model=tags/wd-vit-tagger-v3 inputs=1
2026-09-17T06:09:12.559830Z DEBUG panoptikon::inferio::http: processing local inference predict model=tags/wd-vit-tagger-v3 inputs=1
2026-09-17T06:09:12.559856Z DEBUG panoptikon::inferio::http: processing local inference predict model=tags/wd-vit-tagger-v3 inputs=1
2026-09-17T06:09:12.559888Z DEBUG panoptikon::inferio::http: processing local inference predict model=tags/wd-vit-tagger-v3 inputs=1
2026-09-17T06:09:12.559918Z DEBUG panoptikon::inferio::http: processing local inference predict model=tags/wd-vit-tagger-v3 inputs=1
2026-09-17T06:09:12.559948Z DEBUG panoptikon::inferio::http: processing local inference predict model=tags/wd-vit-tagger-v3 inputs=1
2026-09-17T06:09:12.559976Z DEBUG panoptikon::inferio::http: processing local inference predict model=tags/wd-vit-tagger-v3 inputs=1
2026-09-17T06:09:12.560003Z DEBUG panoptikon::inferio::http: processing local inference predict model=tags/wd-vit-tagger-v3 inputs=1
2026-09-17T06:09:12.560036Z DEBUG panoptikon::inferio::http: processing local inference predict model=tags/wd-vit-tagger-v3 inputs=1
2026-09-17T06:09:12.560067Z DEBUG panoptikon::inferio::http: processing local inference predict model=tags/wd-vit-tagger-v3 inputs=1
2026-09-17T06:09:12.560095Z DEBUG panoptikon::inferio::http: processing local inference predict model=tags/wd-vit-tagger-v3 inputs=1
2026-09-17T06:09:12.560129Z DEBUG panoptikon::inferio::http: processing local inference predict model=tags/wd-vit-tagger-v3 inputs=1
2026-09-17T06:09:12.560155Z DEBUG panoptikon::inferio::http: processing local inference predict model=tags/wd-vit-tagger-v3 inputs=1
2026-09-17T06:09:12.560196Z DEBUG panoptikon::inferio::http: processing local inference predict model=tags/wd-vit-tagger-v3 inputs=1
2026-09-17T06:09:12.560220Z DEBUG panoptikon::inferio::http: processing local inference predict model=tags/wd-vit-tagger-v3 inputs=1
2026-09-17T06:09:12.560274Z DEBUG panoptikon::inferio::http: processing local inference predict model=tags/wd-vit-tagger-v3 inputs=1
2026-09-17T06:09:12.560306Z DEBUG panoptikon::inferio::http: processing local inference predict model=tags/wd-vit-tagger-v3 inputs=1
2026-09-17T06:09:12.560341Z DEBUG panoptikon::inferio::http: processing local inference predict model=tags/wd-vit-tagger-v3 inputs=1
2026-09-17T06:09:12.560370Z DEBUG panoptikon::inferio::http: processing local inference predict model=tags/wd-vit-tagger-v3 inputs=1
2026-09-17T06:09:12.560411Z DEBUG panoptikon::inferio::http: processing local inference predict model=tags/wd-vit-tagger-v3 inputs=1
2026-09-17T06:09:12.560439Z DEBUG panoptikon::inferio::http: processing local inference predict model=tags/wd-vit-tagger-v3 inputs=1
2026-09-17T06:09:12.560473Z DEBUG panoptikon::inferio::http: processing local inference predict model=tags/wd-vit-tagger-v3 inputs=1
2026-09-17T06:09:12.560515Z DEBUG panoptikon::inferio::http: processing local inference predict model=tags/wd-vit-tagger-v3 inputs=1
2026-09-17T06:09:12.560546Z DEBUG panoptikon::inferio::http: processing local inference predict model=tags/wd-vit-tagger-v3 inputs=1
2026-09-17T06:09:12.560570Z DEBUG panoptikon::inferio::http: processing local inference predict model=tags/wd-vit-tagger-v3 inputs=1
2026-09-17T06:09:12.560607Z DEBUG panoptikon::inferio::http: processing local inference predict model=tags/wd-vit-tagger-v3 inputs=1
2026-09-17T06:09:12.560624Z DEBUG panoptikon::inferio::http: processing local inference predict model=tags/wd-vit-tagger-v3 inputs=1
2026-09-17T06:09:12.560655Z DEBUG panoptikon::inferio::http: processing local inference predict model=tags/wd-vit-tagger-v3 inputs=1
2026-09-17T06:09:12.560689Z DEBUG panoptikon::inferio::http: processing local inference predict model=tags/wd-vit-tagger-v3 inputs=1
2026-09-17T06:09:12.560723Z DEBUG panoptikon::inferio::http: processing local inference predict model=tags/wd-vit-tagger-v3 inputs=1
2026-09-17T06:09:12.560752Z DEBUG panoptikon::inferio::http: processing local inference predict model=tags/wd-vit-tagger-v3 inputs=1
2026-09-17T06:09:12.560785Z DEBUG panoptikon::inferio::http: processing local inference predict model=tags/wd-vit-tagger-v3 inputs=1
2026-09-17T06:09:12.560816Z DEBUG panoptikon::inferio::http: processing local inference predict model=tags/wd-vit-tagger-v3 inputs=1
2026-09-17T06:09:12.560852Z DEBUG panoptikon::inferio::http: processing local inference predict model=tags/wd-vit-tagger-v3 inputs=1
2026-09-17T06:09:12.560880Z DEBUG panoptikon::inferio::http: processing local inference predict model=tags/wd-vit-tagger-v3 inputs=1
2026-09-17T06:09:12.560902Z DEBUG panoptikon::inferio::http: processing local inference predict model=tags/wd-vit-tagger-v3 inputs=1
2026-09-17T06:09:12.560934Z DEBUG panoptikon::inferio::http: processing local inference predict model=tags/wd-vit-tagger-v3 inputs=1
2026-09-17T06:09:12.560961Z DEBUG panoptikon::inferio::http: processing local inference predict model=tags/wd-vit-tagger-v3 inputs=1
2026-09-17T06:09:12.564401Z  INFO panoptikon::inferio::worker: 2026-09-17 06:09:12,564 [DEBUG] inferio_worker.packing: this window's 535 MiB grant is below 80% of the 1076 MiB of releasable slack in the 1892 MiB pool (1/2 consecutive windows before releasing it) worker=wd_tagger
2026-09-17T06:09:12.647421Z  INFO panoptikon::inferio::worker: 2026-09-17 06:09:12,647 [DEBUG] inferio_worker_impl_0_wd_tagger: Running inference on 15 images worker=wd_tagger
2026-09-17T06:09:14.937946Z  INFO panoptikon::inferio::worker: 2026-09-17 06:09:14,937 [DEBUG] inferio_worker_impl_0_wd_tagger: Running inference on 15 images worker=wd_tagger
2026-09-17T06:09:16.278558Z  INFO panoptikon::inferio::calibration: wrote the local calibration store path=data/inferio/calibration.toml profiles=1
2026-09-17T06:09:17.040593Z  INFO panoptikon::inferio::worker: 2026-09-17 06:09:17,040 [DEBUG] inferio_worker_impl_0_wd_tagger: Running inference on 15 images worker=wd_tagger
2026-09-17T06:09:19.062488Z DEBUG panoptikon::inferio::ledger: settled a granted window model=tags/wd-vit-tagger-v3 gpu=CPU outcome="clean" fit_samples=3 throughput_samples=3 clamped_samples=0 clamped=none ramp_step=4 deflation=0 clean_windows=23 max_units_measured=32
2026-09-17T06:09:19.062545Z DEBUG panoptikon::inferio::ledger: issued a memory grant model=tags/wd-vit-tagger-v3 gpu=CPU unit_budget=15 mb=535 canvas_pixels=none share_mb=96008 room_mb=96008 headroom_mb=95169 external_mb=29298 reserve_mb=1024 reserve_rule="capped_default" pre_fit=false ramp_step=4 deflation=0 squeezed=false window_requests=45
2026-09-17T06:09:19.063792Z DEBUG panoptikon::inferio::http: processing local inference predict model=tags/wd-vit-tagger-v3 inputs=1
2026-09-17T06:09:19.148284Z  INFO panoptikon::inferio::worker: 2026-09-17 06:09:19,147 [DEBUG] inferio_worker_impl_0_wd_tagger: Running inference on 15 images worker=wd_tagger
2026-09-17T06:09:21.253592Z  INFO panoptikon::inferio::worker: 2026-09-17 06:09:21,253 [DEBUG] inferio_worker_impl_0_wd_tagger: Running inference on 15 images worker=wd_tagger
2026-09-17T06:09:23.371182Z  INFO panoptikon::inferio::worker: 2026-09-17 06:09:23,370 [DEBUG] inferio_worker_impl_0_wd_tagger: Running inference on 15 images worker=wd_tagger
2026-09-17T06:09:25.390129Z DEBUG panoptikon::inferio::ledger: settled a granted window model=tags/wd-vit-tagger-v3 gpu=CPU outcome="clean" fit_samples=3 throughput_samples=3 clamped_samples=0 clamped=none ramp_step=4 deflation=0 clean_windows=24 max_units_measured=32
2026-09-17T06:09:25.390238Z DEBUG panoptikon::inferio::ledger: issued a memory grant model=tags/wd-vit-tagger-v3 gpu=CPU unit_budget=15 mb=535 canvas_pixels=none share_mb=96008 room_mb=96008 headroom_mb=95169 external_mb=29299 reserve_mb=1024 reserve_rule="capped_default" pre_fit=false ramp_step=4 deflation=0 squeezed=false window_requests=45
2026-09-17T06:09:25.397150Z  INFO panoptikon::inferio::worker: 2026-09-17 06:09:25,397 [DEBUG] inferio_worker.packing: this window's 535 MiB grant is below 80% of the 1078 MiB of releasable slack in the 1892 MiB pool (1/2 consecutive windows before releasing it) worker=wd_tagger
2026-09-17T06:09:25.476492Z  INFO panoptikon::inferio::worker: 2026-09-17 06:09:25,476 [DEBUG] inferio_worker_impl_0_wd_tagger: Running inference on 15 images worker=wd_tagger
2026-09-17T06:09:27.588445Z  INFO panoptikon::inferio::worker: 2026-09-17 06:09:27,588 [DEBUG] inferio_worker_impl_0_wd_tagger: Running inference on 15 images worker=wd_tagger
2026-09-17T06:09:30.567387Z  INFO panoptikon::inferio::worker: 2026-09-17 06:09:30,567 [DEBUG] inferio_worker_impl_0_wd_tagger: Running inference on 15 images worker=wd_tagger
2026-09-17T06:09:32.808082Z DEBUG panoptikon::inferio::ledger: settled a granted window model=tags/wd-vit-tagger-v3 gpu=CPU outcome="clean" fit_samples=3 throughput_samples=3 clamped_samples=0 clamped=none ramp_step=4 deflation=0 clean_windows=25 max_units_measured=32
2026-09-17T06:09:32.808154Z DEBUG panoptikon::inferio::ledger: issued a memory grant model=tags/wd-vit-tagger-v3 gpu=CPU unit_budget=15 mb=535 canvas_pixels=none share_mb=96008 room_mb=96008 headroom_mb=95169 external_mb=29306 reserve_mb=1024 reserve_rule="capped_default" pre_fit=false ramp_step=4 deflation=0 squeezed=false window_requests=45
2026-09-17T06:09:32.809903Z DEBUG panoptikon::inferio::http: processing local inference predict model=tags/wd-vit-tagger-v3 inputs=1
2026-09-17T06:09:32.810053Z DEBUG panoptikon::inferio::http: processing local inference predict model=tags/wd-vit-tagger-v3 inputs=1
2026-09-17T06:09:32.810088Z DEBUG panoptikon::inferio::http: processing local inference predict model=tags/wd-vit-tagger-v3 inputs=1
2026-09-17T06:09:32.810138Z DEBUG panoptikon::inferio::http: processing local inference predict model=tags/wd-vit-tagger-v3 inputs=1
2026-09-17T06:09:32.810178Z DEBUG panoptikon::inferio::http: processing local inference predict model=tags/wd-vit-tagger-v3 inputs=1
2026-09-17T06:09:32.810286Z DEBUG panoptikon::inferio::http: processing local inference predict model=tags/wd-vit-tagger-v3 inputs=1
2026-09-17T06:09:32.810334Z DEBUG panoptikon::inferio::http: processing local inference predict model=tags/wd-vit-tagger-v3 inputs=1
2026-09-17T06:09:32.810377Z DEBUG panoptikon::inferio::http: processing local inference predict model=tags/wd-vit-tagger-v3 inputs=1
2026-09-17T06:09:32.810468Z DEBUG panoptikon::inferio::http: processing local inference predict model=tags/wd-vit-tagger-v3 inputs=1
2026-09-17T06:09:32.810520Z DEBUG panoptikon::inferio::http: processing local inference predict model=tags/wd-vit-tagger-v3 inputs=1
2026-09-17T06:09:32.810568Z DEBUG panoptikon::inferio::http: processing local inference predict model=tags/wd-vit-tagger-v3 inputs=1
2026-09-17T06:09:32.810762Z DEBUG panoptikon::inferio::http: processing local inference predict model=tags/wd-vit-tagger-v3 inputs=1
2026-09-17T06:09:32.810832Z DEBUG panoptikon::inferio::http: processing local inference predict model=tags/wd-vit-tagger-v3 inputs=1
2026-09-17T06:09:32.811035Z DEBUG panoptikon::inferio::http: processing local inference predict model=tags/wd-vit-tagger-v3 inputs=1
2026-09-17T06:09:32.811087Z DEBUG panoptikon::inferio::http: processing local inference predict model=tags/wd-vit-tagger-v3 inputs=1
2026-09-17T06:09:32.811125Z DEBUG panoptikon::inferio::http: processing local inference predict model=tags/wd-vit-tagger-v3 inputs=1
2026-09-17T06:09:32.811245Z DEBUG panoptikon::inferio::http: processing local inference predict model=tags/wd-vit-tagger-v3 inputs=1
2026-09-17T06:09:32.811274Z DEBUG panoptikon::inferio::http: processing local inference predict model=tags/wd-vit-tagger-v3 inputs=1
2026-09-17T06:09:32.811430Z DEBUG panoptikon::inferio::http: processing local inference predict model=tags/wd-vit-tagger-v3 inputs=1
2026-09-17T06:09:32.811483Z DEBUG panoptikon::inferio::http: processing local inference predict model=tags/wd-vit-tagger-v3 inputs=1
2026-09-17T06:09:32.811635Z DEBUG panoptikon::inferio::http: processing local inference predict model=tags/wd-vit-tagger-v3 inputs=1
2026-09-17T06:09:32.811667Z DEBUG panoptikon::inferio::http: processing local inference predict model=tags/wd-vit-tagger-v3 inputs=1
2026-09-17T06:09:32.811717Z DEBUG panoptikon::inferio::http: processing local inference predict model=tags/wd-vit-tagger-v3 inputs=1
2026-09-17T06:09:32.811780Z DEBUG panoptikon::inferio::http: processing local inference predict model=tags/wd-vit-tagger-v3 inputs=1
2026-09-17T06:09:32.811873Z DEBUG panoptikon::inferio::http: processing local inference predict model=tags/wd-vit-tagger-v3 inputs=1
2026-09-17T06:09:32.811913Z DEBUG panoptikon::inferio::http: processing local inference predict model=tags/wd-vit-tagger-v3 inputs=1
2026-09-17T06:09:32.811971Z DEBUG panoptikon::inferio::http: processing local inference predict model=tags/wd-vit-tagger-v3 inputs=1
2026-09-17T06:09:32.812265Z DEBUG panoptikon::inferio::http: processing local inference predict model=tags/wd-vit-tagger-v3 inputs=1
2026-09-17T06:09:32.812475Z DEBUG panoptikon::inferio::http: processing local inference predict model=tags/wd-vit-tagger-v3 inputs=1
2026-09-17T06:09:32.812567Z DEBUG panoptikon::inferio::http: processing local inference predict model=tags/wd-vit-tagger-v3 inputs=1
2026-09-17T06:09:32.812608Z DEBUG panoptikon::inferio::http: processing local inference predict model=tags/wd-vit-tagger-v3 inputs=1
2026-09-17T06:09:32.812637Z DEBUG panoptikon::inferio::http: processing local inference predict model=tags/wd-vit-tagger-v3 inputs=1
2026-09-17T06:09:32.812677Z DEBUG panoptikon::inferio::http: processing local inference predict model=tags/wd-vit-tagger-v3 inputs=1
2026-09-17T06:09:32.812720Z DEBUG panoptikon::inferio::http: processing local inference predict model=tags/wd-vit-tagger-v3 inputs=1
2026-09-17T06:09:32.812762Z DEBUG panoptikon::inferio::http: processing local inference predict model=tags/wd-vit-tagger-v3 inputs=1
2026-09-17T06:09:32.812807Z DEBUG panoptikon::inferio::http: processing local inference predict model=tags/wd-vit-tagger-v3 inputs=1
2026-09-17T06:09:32.812846Z DEBUG panoptikon::inferio::http: processing local inference predict model=tags/wd-vit-tagger-v3 inputs=1
2026-09-17T06:09:32.812881Z DEBUG panoptikon::inferio::http: processing local inference predict model=tags/wd-vit-tagger-v3 inputs=1
2026-09-17T06:09:32.897461Z  INFO panoptikon::inferio::worker: 2026-09-17 06:09:32,897 [DEBUG] inferio_worker_impl_0_wd_tagger: Running inference on 15 images worker=wd_tagger
2026-09-17T06:09:35.109299Z  INFO panoptikon::inferio::worker: 2026-09-17 06:09:35,109 [DEBUG] inferio_worker_impl_0_wd_tagger: Running inference on 15 images worker=wd_tagger
2026-09-17T06:09:37.238189Z  INFO panoptikon::inferio::worker: 2026-09-17 06:09:37,237 [DEBUG] inferio_worker_impl_0_wd_tagger: Running inference on 15 images worker=wd_tagger
2026-09-17T06:09:39.474634Z DEBUG panoptikon::inferio::ledger: settled a granted window model=tags/wd-vit-tagger-v3 gpu=CPU outcome="clean" fit_samples=3 throughput_samples=3 clamped_samples=0 clamped=none ramp_step=4 deflation=0 clean_windows=26 max_units_measured=32
2026-09-17T06:09:39.474730Z DEBUG panoptikon::inferio::ledger: issued a memory grant model=tags/wd-vit-tagger-v3 gpu=CPU unit_budget=15 mb=535 canvas_pixels=none share_mb=96008 room_mb=96008 headroom_mb=95169 external_mb=29303 reserve_mb=1024 reserve_rule="capped_default" pre_fit=false ramp_step=4 deflation=0 squeezed=false window_requests=45
2026-09-17T06:09:39.476489Z DEBUG panoptikon::inferio::http: processing local inference predict model=tags/wd-vit-tagger-v3 inputs=1
2026-09-17T06:09:39.476530Z DEBUG panoptikon::inferio::http: processing local inference predict model=tags/wd-vit-tagger-v3 inputs=1
2026-09-17T06:09:39.476618Z DEBUG panoptikon::inferio::http: processing local inference predict model=tags/wd-vit-tagger-v3 inputs=1
2026-09-17T06:09:39.476746Z DEBUG panoptikon::inferio::http: processing local inference predict model=tags/wd-vit-tagger-v3 inputs=1
2026-09-17T06:09:39.476781Z DEBUG panoptikon::inferio::http: processing local inference predict model=tags/wd-vit-tagger-v3 inputs=1
2026-09-17T06:09:39.476815Z DEBUG panoptikon::inferio::http: processing local inference predict model=tags/wd-vit-tagger-v3 inputs=1
2026-09-17T06:09:39.476864Z DEBUG panoptikon::inferio::http: processing local inference predict model=tags/wd-vit-tagger-v3 inputs=1
2026-09-17T06:09:39.476952Z DEBUG panoptikon::inferio::http: processing local inference predict model=tags/wd-vit-tagger-v3 inputs=1
2026-09-17T06:09:39.476991Z DEBUG panoptikon::inferio::http: processing local inference predict model=tags/wd-vit-tagger-v3 inputs=1
2026-09-17T06:09:39.477013Z DEBUG panoptikon::inferio::http: processing local inference predict model=tags/wd-vit-tagger-v3 inputs=1
2026-09-17T06:09:39.477052Z DEBUG panoptikon::inferio::http: processing local inference predict model=tags/wd-vit-tagger-v3 inputs=1
2026-09-17T06:09:39.477277Z DEBUG panoptikon::inferio::http: processing local inference predict model=tags/wd-vit-tagger-v3 inputs=1
2026-09-17T06:09:39.477306Z DEBUG panoptikon::inferio::http: processing local inference predict model=tags/wd-vit-tagger-v3 inputs=1
2026-09-17T06:09:39.477588Z DEBUG panoptikon::inferio::http: processing local inference predict model=tags/wd-vit-tagger-v3 inputs=1
2026-09-17T06:09:39.477629Z DEBUG panoptikon::inferio::http: processing local inference predict model=tags/wd-vit-tagger-v3 inputs=1
2026-09-17T06:09:39.477665Z DEBUG panoptikon::inferio::http: processing local inference predict model=tags/wd-vit-tagger-v3 inputs=1
2026-09-17T06:09:39.477698Z DEBUG panoptikon::inferio::http: processing local inference predict model=tags/wd-vit-tagger-v3 inputs=1
2026-09-17T06:09:39.477804Z DEBUG panoptikon::inferio::http: processing local inference predict model=tags/wd-vit-tagger-v3 inputs=1
2026-09-17T06:09:39.477838Z DEBUG panoptikon::inferio::http: processing local inference predict model=tags/wd-vit-tagger-v3 inputs=1
2026-09-17T06:09:39.477879Z DEBUG panoptikon::inferio::http: processing local inference predict model=tags/wd-vit-tagger-v3 inputs=1
2026-09-17T06:09:39.477911Z DEBUG panoptikon::inferio::http: processing local inference predict model=tags/wd-vit-tagger-v3 inputs=1
2026-09-17T06:09:39.477948Z DEBUG panoptikon::inferio::http: processing local inference predict model=tags/wd-vit-tagger-v3 inputs=1
2026-09-17T06:09:39.478329Z DEBUG panoptikon::inferio::http: processing local inference predict model=tags/wd-vit-tagger-v3 inputs=1
2026-09-17T06:09:39.478359Z DEBUG panoptikon::inferio::http: processing local inference predict model=tags/wd-vit-tagger-v3 inputs=1
2026-09-17T06:09:39.478477Z DEBUG panoptikon::inferio::http: processing local inference predict model=tags/wd-vit-tagger-v3 inputs=1
2026-09-17T06:09:39.478744Z DEBUG panoptikon::inferio::http: processing local inference predict model=tags/wd-vit-tagger-v3 inputs=1
2026-09-17T06:09:39.478768Z DEBUG panoptikon::inferio::http: processing local inference predict model=tags/wd-vit-tagger-v3 inputs=1
2026-09-17T06:09:39.478793Z DEBUG panoptikon::inferio::http: processing local inference predict model=tags/wd-vit-tagger-v3 inputs=1
2026-09-17T06:09:39.478822Z DEBUG panoptikon::inferio::http: processing local inference predict model=tags/wd-vit-tagger-v3 inputs=1
2026-09-17T06:09:39.478857Z DEBUG panoptikon::inferio::http: processing local inference predict model=tags/wd-vit-tagger-v3 inputs=1
2026-09-17T06:09:39.478885Z DEBUG panoptikon::inferio::http: processing local inference predict model=tags/wd-vit-tagger-v3 inputs=1
2026-09-17T06:09:39.478905Z DEBUG panoptikon::inferio::http: processing local inference predict model=tags/wd-vit-tagger-v3 inputs=1
2026-09-17T06:09:39.478950Z DEBUG panoptikon::inferio::http: processing local inference predict model=tags/wd-vit-tagger-v3 inputs=1
2026-09-17T06:09:39.478970Z DEBUG panoptikon::inferio::http: processing local inference predict model=tags/wd-vit-tagger-v3 inputs=1
2026-09-17T06:09:39.479013Z DEBUG panoptikon::inferio::http: processing local inference predict model=tags/wd-vit-tagger-v3 inputs=1
2026-09-17T06:09:39.479043Z DEBUG panoptikon::inferio::http: processing local inference predict model=tags/wd-vit-tagger-v3 inputs=1
2026-09-17T06:09:39.479074Z DEBUG panoptikon::inferio::http: processing local inference predict model=tags/wd-vit-tagger-v3 inputs=1
2026-09-17T06:09:39.479116Z DEBUG panoptikon::inferio::http: processing local inference predict model=tags/wd-vit-tagger-v3 inputs=1
2026-09-17T06:09:39.479144Z DEBUG panoptikon::inferio::http: processing local inference predict model=tags/wd-vit-tagger-v3 inputs=1
2026-09-17T06:09:39.479171Z DEBUG panoptikon::inferio::http: processing local inference predict model=tags/wd-vit-tagger-v3 inputs=1
2026-09-17T06:09:39.479219Z DEBUG panoptikon::inferio::http: processing local inference predict model=tags/wd-vit-tagger-v3 inputs=1
2026-09-17T06:09:39.479261Z DEBUG panoptikon::inferio::http: processing local inference predict model=tags/wd-vit-tagger-v3 inputs=1
2026-09-17T06:09:39.479299Z DEBUG panoptikon::inferio::http: processing local inference predict model=tags/wd-vit-tagger-v3 inputs=1
2026-09-17T06:09:39.479322Z DEBUG panoptikon::inferio::http: processing local inference predict model=tags/wd-vit-tagger-v3 inputs=1
2026-09-17T06:09:39.479399Z DEBUG panoptikon::inferio::http: processing local inference predict model=tags/wd-vit-tagger-v3 inputs=1
2026-09-17T06:09:39.484708Z  INFO panoptikon::inferio::worker: 2026-09-17 06:09:39,484 [DEBUG] inferio_worker.packing: this window's 535 MiB grant is below 80% of the 1078 MiB of releasable slack in the 1892 MiB pool (1/2 consecutive windows before releasing it) worker=wd_tagger
2026-09-17T06:09:39.574148Z  INFO panoptikon::inferio::worker: 2026-09-17 06:09:39,573 [DEBUG] inferio_worker_impl_0_wd_tagger: Running inference on 15 images worker=wd_tagger
2026-09-17T06:09:41.689793Z  INFO panoptikon::inferio::worker: 2026-09-17 06:09:41,689 [DEBUG] inferio_worker_impl_0_wd_tagger: Running inference on 15 images worker=wd_tagger
2026-09-17T06:09:43.808005Z  INFO panoptikon::inferio::worker: 2026-09-17 06:09:43,807 [DEBUG] inferio_worker_impl_0_wd_tagger: Running inference on 15 images worker=wd_tagger
2026-09-17T06:09:45.835990Z DEBUG panoptikon::inferio::ledger: settled a granted window model=tags/wd-vit-tagger-v3 gpu=CPU outcome="clean" fit_samples=3 throughput_samples=3 clamped_samples=0 clamped=none ramp_step=4 deflation=0 clean_windows=27 max_units_measured=32
2026-09-17T06:09:45.836071Z DEBUG panoptikon::inferio::ledger: issued a memory grant model=tags/wd-vit-tagger-v3 gpu=CPU unit_budget=15 mb=535 canvas_pixels=none share_mb=96008 room_mb=96008 headroom_mb=95169 external_mb=29257 reserve_mb=1024 reserve_rule="capped_default" pre_fit=false ramp_step=4 deflation=0 squeezed=false window_requests=45
2026-09-17T06:09:45.837461Z DEBUG panoptikon::inferio::http: processing local inference predict model=tags/wd-vit-tagger-v3 inputs=1
2026-09-17T06:09:45.838165Z DEBUG panoptikon::inferio::http: processing local inference predict model=tags/wd-vit-tagger-v3 inputs=1
2026-09-17T06:09:45.838234Z DEBUG panoptikon::inferio::http: processing local inference predict model=tags/wd-vit-tagger-v3 inputs=1
2026-09-17T06:09:45.838472Z DEBUG panoptikon::inferio::http: processing local inference predict model=tags/wd-vit-tagger-v3 inputs=1
2026-09-17T06:09:45.838510Z DEBUG panoptikon::inferio::http: processing local inference predict model=tags/wd-vit-tagger-v3 inputs=1
2026-09-17T06:09:45.838630Z DEBUG panoptikon::inferio::http: processing local inference predict model=tags/wd-vit-tagger-v3 inputs=1
2026-09-17T06:09:45.838953Z DEBUG panoptikon::inferio::http: processing local inference predict model=tags/wd-vit-tagger-v3 inputs=1
2026-09-17T06:09:45.839063Z DEBUG panoptikon::inferio::http: processing local inference predict model=tags/wd-vit-tagger-v3 inputs=1
2026-09-17T06:09:45.839099Z DEBUG panoptikon::inferio::http: processing local inference predict model=tags/wd-vit-tagger-v3 inputs=1
2026-09-17T06:09:45.839230Z DEBUG panoptikon::inferio::http: processing local inference predict model=tags/wd-vit-tagger-v3 inputs=1
2026-09-17T06:09:45.839281Z DEBUG panoptikon::inferio::http: processing local inference predict model=tags/wd-vit-tagger-v3 inputs=1
2026-09-17T06:09:45.839324Z DEBUG panoptikon::inferio::http: processing local inference predict model=tags/wd-vit-tagger-v3 inputs=1
2026-09-17T06:09:45.839381Z DEBUG panoptikon::inferio::http: processing local inference predict model=tags/wd-vit-tagger-v3 inputs=1
2026-09-17T06:09:45.839422Z DEBUG panoptikon::inferio::http: processing local inference predict model=tags/wd-vit-tagger-v3 inputs=1
2026-09-17T06:09:45.839471Z DEBUG panoptikon::inferio::http: processing local inference predict model=tags/wd-vit-tagger-v3 inputs=1
2026-09-17T06:09:45.839496Z DEBUG panoptikon::inferio::http: processing local inference predict model=tags/wd-vit-tagger-v3 inputs=1
2026-09-17T06:09:45.839530Z DEBUG panoptikon::inferio::http: processing local inference predict model=tags/wd-vit-tagger-v3 inputs=1
2026-09-17T06:09:45.839567Z DEBUG panoptikon::inferio::http: processing local inference predict model=tags/wd-vit-tagger-v3 inputs=1
2026-09-17T06:09:45.839625Z DEBUG panoptikon::inferio::http: processing local inference predict model=tags/wd-vit-tagger-v3 inputs=1
2026-09-17T06:09:45.839679Z DEBUG panoptikon::inferio::http: processing local inference predict model=tags/wd-vit-tagger-v3 inputs=1
2026-09-17T06:09:45.839710Z DEBUG panoptikon::inferio::http: processing local inference predict model=tags/wd-vit-tagger-v3 inputs=1
2026-09-17T06:09:45.839764Z DEBUG panoptikon::inferio::http: processing local inference predict model=tags/wd-vit-tagger-v3 inputs=1
2026-09-17T06:09:45.839801Z DEBUG panoptikon::inferio::http: processing local inference predict model=tags/wd-vit-tagger-v3 inputs=1
2026-09-17T06:09:45.839827Z DEBUG panoptikon::inferio::http: processing local inference predict model=tags/wd-vit-tagger-v3 inputs=1
2026-09-17T06:09:45.839884Z DEBUG panoptikon::inferio::http: processing local inference predict model=tags/wd-vit-tagger-v3 inputs=1
2026-09-17T06:09:45.839927Z DEBUG panoptikon::inferio::http: processing local inference predict model=tags/wd-vit-tagger-v3 inputs=1
2026-09-17T06:09:45.839964Z DEBUG panoptikon::inferio::http: processing local inference predict model=tags/wd-vit-tagger-v3 inputs=1
2026-09-17T06:09:45.840103Z DEBUG panoptikon::inferio::http: processing local inference predict model=tags/wd-vit-tagger-v3 inputs=1
2026-09-17T06:09:45.840330Z DEBUG panoptikon::inferio::http: processing local inference predict model=tags/wd-vit-tagger-v3 inputs=1
2026-09-17T06:09:45.840365Z DEBUG panoptikon::inferio::http: processing local inference predict model=tags/wd-vit-tagger-v3 inputs=1
2026-09-17T06:09:45.840391Z DEBUG panoptikon::inferio::http: processing local inference predict model=tags/wd-vit-tagger-v3 inputs=1
2026-09-17T06:09:45.840421Z DEBUG panoptikon::inferio::http: processing local inference predict model=tags/wd-vit-tagger-v3 inputs=1
2026-09-17T06:09:45.840455Z DEBUG panoptikon::inferio::http: processing local inference predict model=tags/wd-vit-tagger-v3 inputs=1
2026-09-17T06:09:45.840497Z DEBUG panoptikon::inferio::http: processing local inference predict model=tags/wd-vit-tagger-v3 inputs=1
2026-09-17T06:09:45.840535Z DEBUG panoptikon::inferio::http: processing local inference predict model=tags/wd-vit-tagger-v3 inputs=1
2026-09-17T06:09:45.840573Z DEBUG panoptikon::inferio::http: processing local inference predict model=tags/wd-vit-tagger-v3 inputs=1
2026-09-17T06:09:45.840601Z DEBUG panoptikon::inferio::http: processing local inference predict model=tags/wd-vit-tagger-v3 inputs=1
2026-09-17T06:09:45.840632Z DEBUG panoptikon::inferio::http: processing local inference predict model=tags/wd-vit-tagger-v3 inputs=1
2026-09-17T06:09:45.840664Z DEBUG panoptikon::inferio::http: processing local inference predict model=tags/wd-vit-tagger-v3 inputs=1
2026-09-17T06:09:45.840769Z DEBUG panoptikon::inferio::http: processing local inference predict model=tags/wd-vit-tagger-v3 inputs=1
2026-09-17T06:09:45.840820Z DEBUG panoptikon::inferio::http: processing local inference predict model=tags/wd-vit-tagger-v3 inputs=1
2026-09-17T06:09:45.840846Z DEBUG panoptikon::inferio::http: processing local inference predict model=tags/wd-vit-tagger-v3 inputs=1
2026-09-17T06:09:45.840885Z DEBUG panoptikon::inferio::http: processing local inference predict model=tags/wd-vit-tagger-v3 inputs=1
2026-09-17T06:09:45.841133Z DEBUG panoptikon::inferio::http: processing local inference predict model=tags/wd-vit-tagger-v3 inputs=1
2026-09-17T06:09:45.841164Z DEBUG panoptikon::inferio::http: processing local inference predict model=tags/wd-vit-tagger-v3 inputs=1
2026-09-17T06:09:45.926038Z  INFO panoptikon::inferio::worker: 2026-09-17 06:09:45,925 [DEBUG] inferio_worker_impl_0_wd_tagger: Running inference on 15 images worker=wd_tagger
2026-09-17T06:09:48.278407Z  INFO panoptikon::inferio::worker: 2026-09-17 06:09:48,278 [DEBUG] inferio_worker_impl_0_wd_tagger: Running inference on 15 images worker=wd_tagger
2026-09-17T06:09:50.405157Z  INFO panoptikon::inferio::worker: 2026-09-17 06:09:50,404 [DEBUG] inferio_worker_impl_0_wd_tagger: Running inference on 15 images worker=wd_tagger
2026-09-17T06:09:52.440416Z DEBUG panoptikon::inferio::ledger: settled a granted window model=tags/wd-vit-tagger-v3 gpu=CPU outcome="clean" fit_samples=3 throughput_samples=3 clamped_samples=0 clamped=none ramp_step=4 deflation=0 clean_windows=28 max_units_measured=32
2026-09-17T06:09:52.440499Z DEBUG panoptikon::inferio::ledger: issued a memory grant model=tags/wd-vit-tagger-v3 gpu=CPU unit_budget=15 mb=535 canvas_pixels=none share_mb=96008 room_mb=96008 headroom_mb=95169 external_mb=29364 reserve_mb=1024 reserve_rule="capped_default" pre_fit=false ramp_step=4 deflation=0 squeezed=false window_requests=45
2026-09-17T06:09:52.442032Z DEBUG panoptikon::inferio::http: processing local inference predict model=tags/wd-vit-tagger-v3 inputs=1
2026-09-17T06:09:52.442077Z DEBUG panoptikon::inferio::http: processing local inference predict model=tags/wd-vit-tagger-v3 inputs=1
2026-09-17T06:09:52.442295Z DEBUG panoptikon::inferio::http: processing local inference predict model=tags/wd-vit-tagger-v3 inputs=1
2026-09-17T06:09:52.442363Z DEBUG panoptikon::inferio::http: processing local inference predict model=tags/wd-vit-tagger-v3 inputs=1
2026-09-17T06:09:52.442402Z DEBUG panoptikon::inferio::http: processing local inference predict model=tags/wd-vit-tagger-v3 inputs=1
2026-09-17T06:09:52.442708Z DEBUG panoptikon::inferio::http: processing local inference predict model=tags/wd-vit-tagger-v3 inputs=1
2026-09-17T06:09:52.442758Z DEBUG panoptikon::inferio::http: processing local inference predict model=tags/wd-vit-tagger-v3 inputs=1
2026-09-17T06:09:52.442920Z DEBUG panoptikon::inferio::http: processing local inference predict model=tags/wd-vit-tagger-v3 inputs=1
2026-09-17T06:09:52.442969Z DEBUG panoptikon::inferio::http: processing local inference predict model=tags/wd-vit-tagger-v3 inputs=1
2026-09-17T06:09:52.443013Z DEBUG panoptikon::inferio::http: processing local inference predict model=tags/wd-vit-tagger-v3 inputs=1
2026-09-17T06:09:52.443195Z DEBUG panoptikon::inferio::http: processing local inference predict model=tags/wd-vit-tagger-v3 inputs=1
2026-09-17T06:09:52.443321Z DEBUG panoptikon::inferio::http: processing local inference predict model=tags/wd-vit-tagger-v3 inputs=1
2026-09-17T06:09:52.443373Z DEBUG panoptikon::inferio::http: processing local inference predict model=tags/wd-vit-tagger-v3 inputs=1
2026-09-17T06:09:52.443415Z DEBUG panoptikon::inferio::http: processing local inference predict model=tags/wd-vit-tagger-v3 inputs=1
2026-09-17T06:09:52.443449Z DEBUG panoptikon::inferio::http: processing local inference predict model=tags/wd-vit-tagger-v3 inputs=1
2026-09-17T06:09:52.443479Z DEBUG panoptikon::inferio::http: processing local inference predict model=tags/wd-vit-tagger-v3 inputs=1
2026-09-17T06:09:52.443627Z DEBUG panoptikon::inferio::http: processing local inference predict model=tags/wd-vit-tagger-v3 inputs=1
2026-09-17T06:09:52.443661Z DEBUG panoptikon::inferio::http: processing local inference predict model=tags/wd-vit-tagger-v3 inputs=1
2026-09-17T06:09:52.443700Z DEBUG panoptikon::inferio::http: processing local inference predict model=tags/wd-vit-tagger-v3 inputs=1
2026-09-17T06:09:52.443740Z DEBUG panoptikon::inferio::http: processing local inference predict model=tags/wd-vit-tagger-v3 inputs=1
2026-09-17T06:09:52.443793Z DEBUG panoptikon::inferio::http: processing local inference predict model=tags/wd-vit-tagger-v3 inputs=1
2026-09-17T06:09:52.443827Z DEBUG panoptikon::inferio::http: processing local inference predict model=tags/wd-vit-tagger-v3 inputs=1
2026-09-17T06:09:52.443848Z DEBUG panoptikon::inferio::http: processing local inference predict model=tags/wd-vit-tagger-v3 inputs=1
2026-09-17T06:09:52.443882Z DEBUG panoptikon::inferio::http: processing local inference predict model=tags/wd-vit-tagger-v3 inputs=1
2026-09-17T06:09:52.443904Z DEBUG panoptikon::inferio::http: processing local inference predict model=tags/wd-vit-tagger-v3 inputs=1
2026-09-17T06:09:52.443941Z DEBUG panoptikon::inferio::http: processing local inference predict model=tags/wd-vit-tagger-v3 inputs=1
2026-09-17T06:09:52.443975Z DEBUG panoptikon::inferio::http: processing local inference predict model=tags/wd-vit-tagger-v3 inputs=1
2026-09-17T06:09:52.444007Z DEBUG panoptikon::inferio::http: processing local inference predict model=tags/wd-vit-tagger-v3 inputs=1
2026-09-17T06:09:52.444043Z DEBUG panoptikon::inferio::http: processing local inference predict model=tags/wd-vit-tagger-v3 inputs=1
2026-09-17T06:09:52.444071Z DEBUG panoptikon::inferio::http: processing local inference predict model=tags/wd-vit-tagger-v3 inputs=1
2026-09-17T06:09:52.444098Z DEBUG panoptikon::inferio::http: processing local inference predict model=tags/wd-vit-tagger-v3 inputs=1
2026-09-17T06:09:52.444148Z DEBUG panoptikon::inferio::http: processing local inference predict model=tags/wd-vit-tagger-v3 inputs=1
2026-09-17T06:09:52.444173Z DEBUG panoptikon::inferio::http: processing local inference predict model=tags/wd-vit-tagger-v3 inputs=1
2026-09-17T06:09:52.444211Z DEBUG panoptikon::inferio::http: processing local inference predict model=tags/wd-vit-tagger-v3 inputs=1
2026-09-17T06:09:52.444246Z DEBUG panoptikon::inferio::http: processing local inference predict model=tags/wd-vit-tagger-v3 inputs=1
2026-09-17T06:09:52.444268Z DEBUG panoptikon::inferio::http: processing local inference predict model=tags/wd-vit-tagger-v3 inputs=1
2026-09-17T06:09:52.444305Z DEBUG panoptikon::inferio::http: processing local inference predict model=tags/wd-vit-tagger-v3 inputs=1
2026-09-17T06:09:52.444337Z DEBUG panoptikon::inferio::http: processing local inference predict model=tags/wd-vit-tagger-v3 inputs=1
2026-09-17T06:09:52.444359Z DEBUG panoptikon::inferio::http: processing local inference predict model=tags/wd-vit-tagger-v3 inputs=1
2026-09-17T06:09:52.444395Z DEBUG panoptikon::inferio::http: processing local inference predict model=tags/wd-vit-tagger-v3 inputs=1
2026-09-17T06:09:52.444422Z DEBUG panoptikon::inferio::http: processing local inference predict model=tags/wd-vit-tagger-v3 inputs=1
2026-09-17T06:09:52.444448Z DEBUG panoptikon::inferio::http: processing local inference predict model=tags/wd-vit-tagger-v3 inputs=1
2026-09-17T06:09:52.444479Z DEBUG panoptikon::inferio::http: processing local inference predict model=tags/wd-vit-tagger-v3 inputs=1
2026-09-17T06:09:52.444514Z DEBUG panoptikon::inferio::http: processing local inference predict model=tags/wd-vit-tagger-v3 inputs=1
2026-09-17T06:09:52.444553Z DEBUG panoptikon::inferio::http: processing local inference predict model=tags/wd-vit-tagger-v3 inputs=1
2026-09-17T06:09:52.448648Z  INFO panoptikon::inferio::worker: 2026-09-17 06:09:52,448 [DEBUG] inferio_worker.packing: this window's 535 MiB grant is below 80% of the 1078 MiB of releasable slack in the 1892 MiB pool (1/2 consecutive windows before releasing it) worker=wd_tagger
2026-09-17T06:09:52.536370Z  INFO panoptikon::inferio::worker: 2026-09-17 06:09:52,536 [DEBUG] inferio_worker_impl_0_wd_tagger: Running inference on 15 images worker=wd_tagger
2026-09-17T06:09:54.958888Z  INFO panoptikon::inferio::worker: 2026-09-17 06:09:54,958 [DEBUG] inferio_worker_impl_0_wd_tagger: Running inference on 15 images worker=wd_tagger
2026-09-17T06:09:57.125810Z  INFO panoptikon::inferio::worker: 2026-09-17 06:09:57,125 [DEBUG] inferio_worker_impl_0_wd_tagger: Running inference on 15 images worker=wd_tagger
2026-09-17T06:09:59.207617Z DEBUG panoptikon::inferio::ledger: settled a granted window model=tags/wd-vit-tagger-v3 gpu=CPU outcome="clean" fit_samples=3 throughput_samples=3 clamped_samples=0 clamped=none ramp_step=4 deflation=0 clean_windows=29 max_units_measured=32
2026-09-17T06:09:59.207710Z DEBUG panoptikon::inferio::ledger: issued a memory grant model=tags/wd-vit-tagger-v3 gpu=CPU unit_budget=15 mb=535 canvas_pixels=none share_mb=96008 room_mb=96008 headroom_mb=95169 external_mb=29388 reserve_mb=1024 reserve_rule="capped_default" pre_fit=false ramp_step=4 deflation=0 squeezed=false window_requests=45
2026-09-17T06:09:59.209170Z DEBUG panoptikon::inferio::http: processing local inference predict model=tags/wd-vit-tagger-v3 inputs=1
2026-09-17T06:09:59.209404Z DEBUG panoptikon::inferio::http: processing local inference predict model=tags/wd-vit-tagger-v3 inputs=1
2026-09-17T06:09:59.209528Z DEBUG panoptikon::inferio::http: processing local inference predict model=tags/wd-vit-tagger-v3 inputs=1
2026-09-17T06:09:59.209920Z DEBUG panoptikon::inferio::http: processing local inference predict model=tags/wd-vit-tagger-v3 inputs=1
2026-09-17T06:09:59.209958Z DEBUG panoptikon::inferio::http: processing local inference predict model=tags/wd-vit-tagger-v3 inputs=1
2026-09-17T06:09:59.210022Z DEBUG panoptikon::inferio::http: processing local inference predict model=tags/wd-vit-tagger-v3 inputs=1
2026-09-17T06:09:59.210075Z DEBUG panoptikon::inferio::http: processing local inference predict model=tags/wd-vit-tagger-v3 inputs=1
2026-09-17T06:09:59.210406Z DEBUG panoptikon::inferio::http: processing local inference predict model=tags/wd-vit-tagger-v3 inputs=1
2026-09-17T06:09:59.210454Z DEBUG panoptikon::inferio::http: processing local inference predict model=tags/wd-vit-tagger-v3 inputs=1
2026-09-17T06:09:59.210498Z DEBUG panoptikon::inferio::http: processing local inference predict model=tags/wd-vit-tagger-v3 inputs=1
2026-09-17T06:09:59.210571Z DEBUG panoptikon::inferio::http: processing local inference predict model=tags/wd-vit-tagger-v3 inputs=1
2026-09-17T06:09:59.210600Z DEBUG panoptikon::inferio::http: processing local inference predict model=tags/wd-vit-tagger-v3 inputs=1
2026-09-17T06:09:59.210629Z DEBUG panoptikon::inferio::http: processing local inference predict model=tags/wd-vit-tagger-v3 inputs=1
2026-09-17T06:09:59.210675Z DEBUG panoptikon::inferio::http: processing local inference predict model=tags/wd-vit-tagger-v3 inputs=1
2026-09-17T06:09:59.210729Z DEBUG panoptikon::inferio::http: processing local inference predict model=tags/wd-vit-tagger-v3 inputs=1
2026-09-17T06:09:59.210773Z DEBUG panoptikon::inferio::http: processing local inference predict model=tags/wd-vit-tagger-v3 inputs=1
2026-09-17T06:09:59.210807Z DEBUG panoptikon::inferio::http: processing local inference predict model=tags/wd-vit-tagger-v3 inputs=1
2026-09-17T06:09:59.210888Z DEBUG panoptikon::inferio::http: processing local inference predict model=tags/wd-vit-tagger-v3 inputs=1
2026-09-17T06:09:59.210986Z DEBUG panoptikon::inferio::http: processing local inference predict model=tags/wd-vit-tagger-v3 inputs=1
2026-09-17T06:09:59.211043Z DEBUG panoptikon::inferio::http: processing local inference predict model=tags/wd-vit-tagger-v3 inputs=1
2026-09-17T06:09:59.211268Z DEBUG panoptikon::inferio::http: processing local inference predict model=tags/wd-vit-tagger-v3 inputs=1
2026-09-17T06:09:59.211351Z DEBUG panoptikon::inferio::http: processing local inference predict model=tags/wd-vit-tagger-v3 inputs=1
2026-09-17T06:09:59.211510Z DEBUG panoptikon::inferio::http: processing local inference predict model=tags/wd-vit-tagger-v3 inputs=1
2026-09-17T06:09:59.211563Z DEBUG panoptikon::inferio::http: processing local inference predict model=tags/wd-vit-tagger-v3 inputs=1
2026-09-17T06:09:59.211695Z DEBUG panoptikon::inferio::http: processing local inference predict model=tags/wd-vit-tagger-v3 inputs=1
2026-09-17T06:09:59.211823Z DEBUG panoptikon::inferio::http: processing local inference predict model=tags/wd-vit-tagger-v3 inputs=1
2026-09-17T06:09:59.211879Z DEBUG panoptikon::inferio::http: processing local inference predict model=tags/wd-vit-tagger-v3 inputs=1
2026-09-17T06:09:59.211908Z DEBUG panoptikon::inferio::http: processing local inference predict model=tags/wd-vit-tagger-v3 inputs=1
2026-09-17T06:09:59.211961Z DEBUG panoptikon::inferio::http: processing local inference predict model=tags/wd-vit-tagger-v3 inputs=1
2026-09-17T06:09:59.211993Z DEBUG panoptikon::inferio::http: processing local inference predict model=tags/wd-vit-tagger-v3 inputs=1
2026-09-17T06:09:59.212017Z DEBUG panoptikon::inferio::http: processing local inference predict model=tags/wd-vit-tagger-v3 inputs=1
2026-09-17T06:09:59.212057Z DEBUG panoptikon::inferio::http: processing local inference predict model=tags/wd-vit-tagger-v3 inputs=1
2026-09-17T06:09:59.212085Z DEBUG panoptikon::inferio::http: processing local inference predict model=tags/wd-vit-tagger-v3 inputs=1
2026-09-17T06:09:59.212128Z DEBUG panoptikon::inferio::http: processing local inference predict model=tags/wd-vit-tagger-v3 inputs=1
2026-09-17T06:09:59.212158Z DEBUG panoptikon::inferio::http: processing local inference predict model=tags/wd-vit-tagger-v3 inputs=1
2026-09-17T06:09:59.212182Z DEBUG panoptikon::inferio::http: processing local inference predict model=tags/wd-vit-tagger-v3 inputs=1
2026-09-17T06:09:59.212531Z DEBUG panoptikon::inferio::http: processing local inference predict model=tags/wd-vit-tagger-v3 inputs=1
2026-09-17T06:09:59.212586Z DEBUG panoptikon::inferio::http: processing local inference predict model=tags/wd-vit-tagger-v3 inputs=1
2026-09-17T06:09:59.212630Z DEBUG panoptikon::inferio::http: processing local inference predict model=tags/wd-vit-tagger-v3 inputs=1
2026-09-17T06:09:59.212653Z DEBUG panoptikon::inferio::http: processing local inference predict model=tags/wd-vit-tagger-v3 inputs=1
2026-09-17T06:09:59.212688Z DEBUG panoptikon::inferio::http: processing local inference predict model=tags/wd-vit-tagger-v3 inputs=1
2026-09-17T06:09:59.212717Z DEBUG panoptikon::inferio::http: processing local inference predict model=tags/wd-vit-tagger-v3 inputs=1
2026-09-17T06:09:59.212755Z DEBUG panoptikon::inferio::http: processing local inference predict model=tags/wd-vit-tagger-v3 inputs=1
2026-09-17T06:09:59.212788Z DEBUG panoptikon::inferio::http: processing local inference predict model=tags/wd-vit-tagger-v3 inputs=1
2026-09-17T06:09:59.212815Z DEBUG panoptikon::inferio::http: processing local inference predict model=tags/wd-vit-tagger-v3 inputs=1
2026-09-17T06:09:59.299103Z  INFO panoptikon::inferio::worker: 2026-09-17 06:09:59,298 [DEBUG] inferio_worker_impl_0_wd_tagger: Running inference on 15 images worker=wd_tagger
2026-09-17T06:10:01.488542Z  INFO panoptikon::inferio::worker: 2026-09-17 06:10:01,488 [DEBUG] inferio_worker_impl_0_wd_tagger: Running inference on 15 images worker=wd_tagger
2026-09-17T06:10:03.600744Z  INFO panoptikon::inferio::worker: 2026-09-17 06:10:03,600 [DEBUG] inferio_worker_impl_0_wd_tagger: Running inference on 15 images worker=wd_tagger
2026-09-17T06:10:05.651103Z DEBUG panoptikon::inferio::ledger: refitted the memory cost model model=tags/wd-vit-tagger-v3 gpu=CPU slope_mb_per_unit=35.74537037037037 intercept_mb=58.01851851851853 residual_mb=6.111111111111313 samples=9 version=15
2026-09-17T06:10:05.651169Z DEBUG panoptikon::inferio::ledger: queued a calibration profile update for the store model=tags/wd-vit-tagger-v3 gpu=CPU reason="fit_changed" max_units_measured=32 fit_version=15
2026-09-17T06:10:05.651246Z DEBUG panoptikon::inferio::ledger: settled a granted window model=tags/wd-vit-tagger-v3 gpu=CPU outcome="clean" fit_samples=3 throughput_samples=3 clamped_samples=0 clamped=none ramp_step=4 deflation=0 clean_windows=30 max_units_measured=32
2026-09-17T06:10:05.651315Z DEBUG panoptikon::inferio::ledger: issued a memory grant model=tags/wd-vit-tagger-v3 gpu=CPU unit_budget=15 mb=537 canvas_pixels=none share_mb=96008 room_mb=96008 headroom_mb=95169 external_mb=29343 reserve_mb=1024 reserve_rule="capped_default" pre_fit=false ramp_step=4 deflation=0 squeezed=false window_requests=45
2026-09-17T06:10:05.652598Z  INFO panoptikon::inferio::calibration: wrote the local calibration store path=data/inferio/calibration.toml profiles=1
2026-09-17T06:10:05.653078Z DEBUG panoptikon::inferio::http: processing local inference predict model=tags/wd-vit-tagger-v3 inputs=1
2026-09-17T06:10:05.653458Z DEBUG panoptikon::inferio::http: processing local inference predict model=tags/wd-vit-tagger-v3 inputs=1
2026-09-17T06:10:05.653618Z DEBUG panoptikon::inferio::http: processing local inference predict model=tags/wd-vit-tagger-v3 inputs=1
2026-09-17T06:10:05.653933Z DEBUG panoptikon::inferio::http: processing local inference predict model=tags/wd-vit-tagger-v3 inputs=1
2026-09-17T06:10:05.653965Z DEBUG panoptikon::inferio::http: processing local inference predict model=tags/wd-vit-tagger-v3 inputs=1
2026-09-17T06:10:05.654009Z DEBUG panoptikon::inferio::http: processing local inference predict model=tags/wd-vit-tagger-v3 inputs=1
2026-09-17T06:10:05.654044Z DEBUG panoptikon::inferio::http: processing local inference predict model=tags/wd-vit-tagger-v3 inputs=1
2026-09-17T06:10:05.654089Z DEBUG panoptikon::inferio::http: processing local inference predict model=tags/wd-vit-tagger-v3 inputs=1
2026-09-17T06:10:05.654146Z DEBUG panoptikon::inferio::http: processing local inference predict model=tags/wd-vit-tagger-v3 inputs=1
2026-09-17T06:10:05.654193Z DEBUG panoptikon::inferio::http: processing local inference predict model=tags/wd-vit-tagger-v3 inputs=1
2026-09-17T06:10:05.654223Z DEBUG panoptikon::inferio::http: processing local inference predict model=tags/wd-vit-tagger-v3 inputs=1
2026-09-17T06:10:05.654382Z DEBUG panoptikon::inferio::http: processing local inference predict model=tags/wd-vit-tagger-v3 inputs=1
2026-09-17T06:10:05.654459Z DEBUG panoptikon::inferio::http: processing local inference predict model=tags/wd-vit-tagger-v3 inputs=1
2026-09-17T06:10:05.654495Z DEBUG panoptikon::inferio::http: processing local inference predict model=tags/wd-vit-tagger-v3 inputs=1
2026-09-17T06:10:05.654558Z DEBUG panoptikon::inferio::http: processing local inference predict model=tags/wd-vit-tagger-v3 inputs=1
2026-09-17T06:10:05.654593Z DEBUG panoptikon::inferio::http: processing local inference predict model=tags/wd-vit-tagger-v3 inputs=1
2026-09-17T06:10:05.654636Z DEBUG panoptikon::inferio::http: processing local inference predict model=tags/wd-vit-tagger-v3 inputs=1
2026-09-17T06:10:05.654684Z DEBUG panoptikon::inferio::http: processing local inference predict model=tags/wd-vit-tagger-v3 inputs=1
2026-09-17T06:10:05.654730Z DEBUG panoptikon::inferio::http: processing local inference predict model=tags/wd-vit-tagger-v3 inputs=1
2026-09-17T06:10:05.654767Z DEBUG panoptikon::inferio::http: processing local inference predict model=tags/wd-vit-tagger-v3 inputs=1
2026-09-17T06:10:05.654798Z DEBUG panoptikon::inferio::http: processing local inference predict model=tags/wd-vit-tagger-v3 inputs=1
2026-09-17T06:10:05.654828Z DEBUG panoptikon::inferio::http: processing local inference predict model=tags/wd-vit-tagger-v3 inputs=1
2026-09-17T06:10:05.654901Z DEBUG panoptikon::inferio::http: processing local inference predict model=tags/wd-vit-tagger-v3 inputs=1
2026-09-17T06:10:05.654935Z DEBUG panoptikon::inferio::http: processing local inference predict model=tags/wd-vit-tagger-v3 inputs=1
2026-09-17T06:10:05.655115Z DEBUG panoptikon::inferio::http: processing local inference predict model=tags/wd-vit-tagger-v3 inputs=1
2026-09-17T06:10:05.655143Z DEBUG panoptikon::inferio::http: processing local inference predict model=tags/wd-vit-tagger-v3 inputs=1
2026-09-17T06:10:05.655205Z DEBUG panoptikon::inferio::http: processing local inference predict model=tags/wd-vit-tagger-v3 inputs=1
2026-09-17T06:10:05.655231Z DEBUG panoptikon::inferio::http: processing local inference predict model=tags/wd-vit-tagger-v3 inputs=1
2026-09-17T06:10:05.655289Z DEBUG panoptikon::inferio::http: processing local inference predict model=tags/wd-vit-tagger-v3 inputs=1
2026-09-17T06:10:05.655325Z DEBUG panoptikon::inferio::http: processing local inference predict model=tags/wd-vit-tagger-v3 inputs=1
2026-09-17T06:10:05.655405Z DEBUG panoptikon::inferio::http: processing local inference predict model=tags/wd-vit-tagger-v3 inputs=1
2026-09-17T06:10:05.655446Z DEBUG panoptikon::inferio::http: processing local inference predict model=tags/wd-vit-tagger-v3 inputs=1
2026-09-17T06:10:05.655489Z DEBUG panoptikon::inferio::http: processing local inference predict model=tags/wd-vit-tagger-v3 inputs=1
2026-09-17T06:10:05.655517Z DEBUG panoptikon::inferio::http: processing local inference predict model=tags/wd-vit-tagger-v3 inputs=1
2026-09-17T06:10:05.655616Z DEBUG panoptikon::inferio::http: processing local inference predict model=tags/wd-vit-tagger-v3 inputs=1
2026-09-17T06:10:05.655703Z DEBUG panoptikon::inferio::http: processing local inference predict model=tags/wd-vit-tagger-v3 inputs=1
2026-09-17T06:10:05.655745Z DEBUG panoptikon::inferio::http: processing local inference predict model=tags/wd-vit-tagger-v3 inputs=1
2026-09-17T06:10:05.655974Z DEBUG panoptikon::inferio::http: processing local inference predict model=tags/wd-vit-tagger-v3 inputs=1
2026-09-17T06:10:05.656007Z DEBUG panoptikon::inferio::http: processing local inference predict model=tags/wd-vit-tagger-v3 inputs=1
2026-09-17T06:10:05.656063Z DEBUG panoptikon::inferio::http: processing local inference predict model=tags/wd-vit-tagger-v3 inputs=1
2026-09-17T06:10:05.656089Z DEBUG panoptikon::inferio::http: processing local inference predict model=tags/wd-vit-tagger-v3 inputs=1
2026-09-17T06:10:05.656124Z DEBUG panoptikon::inferio::http: processing local inference predict model=tags/wd-vit-tagger-v3 inputs=1
2026-09-17T06:10:05.656167Z DEBUG panoptikon::inferio::http: processing local inference predict model=tags/wd-vit-tagger-v3 inputs=1
2026-09-17T06:10:05.656205Z DEBUG panoptikon::inferio::http: processing local inference predict model=tags/wd-vit-tagger-v3 inputs=1
2026-09-17T06:10:05.656229Z DEBUG panoptikon::inferio::http: processing local inference predict model=tags/wd-vit-tagger-v3 inputs=1
2026-09-17T06:10:05.660196Z  INFO panoptikon::inferio::worker: 2026-09-17 06:10:05,660 [DEBUG] inferio_worker.packing: this window's 537 MiB grant is below 80% of the 1078 MiB of releasable slack in the 1892 MiB pool (1/2 consecutive windows before releasing it) worker=wd_tagger
2026-09-17T06:10:05.752565Z  INFO panoptikon::inferio::worker: 2026-09-17 06:10:05,752 [DEBUG] inferio_worker_impl_0_wd_tagger: Running inference on 15 images worker=wd_tagger
2026-09-17T06:10:08.053777Z  INFO panoptikon::inferio::worker: 2026-09-17 06:10:08,053 [DEBUG] inferio_worker_impl_0_wd_tagger: Running inference on 15 images worker=wd_tagger
2026-09-17T06:10:10.207736Z  INFO panoptikon::inferio::worker: 2026-09-17 06:10:10,207 [DEBUG] inferio_worker_impl_0_wd_tagger: Running inference on 15 images worker=wd_tagger
2026-09-17T06:10:12.256626Z DEBUG panoptikon::inferio::ledger: refitted the memory cost model model=tags/wd-vit-tagger-v3 gpu=CPU slope_mb_per_unit=35.65162037037037 intercept_mb=61.148148148148266 residual_mb=5.606481481481524 samples=9 version=16
2026-09-17T06:10:12.256672Z DEBUG panoptikon::inferio::ledger: queued a calibration profile update for the store model=tags/wd-vit-tagger-v3 gpu=CPU reason="fit_changed" max_units_measured=32 fit_version=16
2026-09-17T06:10:12.256696Z DEBUG panoptikon::inferio::ledger: settled a granted window model=tags/wd-vit-tagger-v3 gpu=CPU outcome="clean" fit_samples=3 throughput_samples=3 clamped_samples=0 clamped=none ramp_step=4 deflation=0 clean_windows=31 max_units_measured=32
2026-09-17T06:10:12.256764Z DEBUG panoptikon::inferio::ledger: issued a memory grant model=tags/wd-vit-tagger-v3 gpu=CPU unit_budget=15 mb=535 canvas_pixels=none share_mb=96008 room_mb=96008 headroom_mb=95169 external_mb=29362 reserve_mb=1024 reserve_rule="capped_default" pre_fit=false ramp_step=4 deflation=0 squeezed=false window_requests=45
2026-09-17T06:10:12.258584Z DEBUG panoptikon::inferio::http: processing local inference predict model=tags/wd-vit-tagger-v3 inputs=1
2026-09-17T06:10:12.258795Z DEBUG panoptikon::inferio::http: processing local inference predict model=tags/wd-vit-tagger-v3 inputs=1
2026-09-17T06:10:12.259098Z DEBUG panoptikon::inferio::http: processing local inference predict model=tags/wd-vit-tagger-v3 inputs=1
2026-09-17T06:10:12.259235Z DEBUG panoptikon::inferio::http: processing local inference predict model=tags/wd-vit-tagger-v3 inputs=1
2026-09-17T06:10:12.259375Z DEBUG panoptikon::inferio::http: processing local inference predict model=tags/wd-vit-tagger-v3 inputs=1
2026-09-17T06:10:12.259408Z DEBUG panoptikon::inferio::http: processing local inference predict model=tags/wd-vit-tagger-v3 inputs=1
2026-09-17T06:10:12.259482Z DEBUG panoptikon::inferio::http: processing local inference predict model=tags/wd-vit-tagger-v3 inputs=1
2026-09-17T06:10:12.259644Z DEBUG panoptikon::inferio::http: processing local inference predict model=tags/wd-vit-tagger-v3 inputs=1
2026-09-17T06:10:12.259759Z DEBUG panoptikon::inferio::http: processing local inference predict model=tags/wd-vit-tagger-v3 inputs=1
2026-09-17T06:10:12.259843Z DEBUG panoptikon::inferio::http: processing local inference predict model=tags/wd-vit-tagger-v3 inputs=1
2026-09-17T06:10:12.259948Z DEBUG panoptikon::inferio::http: processing local inference predict model=tags/wd-vit-tagger-v3 inputs=1
2026-09-17T06:10:12.260000Z DEBUG panoptikon::inferio::http: processing local inference predict model=tags/wd-vit-tagger-v3 inputs=1
2026-09-17T06:10:12.260047Z DEBUG panoptikon::inferio::http: processing local inference predict model=tags/wd-vit-tagger-v3 inputs=1
2026-09-17T06:10:12.260079Z DEBUG panoptikon::inferio::http: processing local inference predict model=tags/wd-vit-tagger-v3 inputs=1
2026-09-17T06:10:12.260119Z DEBUG panoptikon::inferio::http: processing local inference predict model=tags/wd-vit-tagger-v3 inputs=1
2026-09-17T06:10:12.260161Z DEBUG panoptikon::inferio::http: processing local inference predict model=tags/wd-vit-tagger-v3 inputs=1
2026-09-17T06:10:12.260297Z DEBUG panoptikon::inferio::http: processing local inference predict model=tags/wd-vit-tagger-v3 inputs=1
2026-09-17T06:10:12.260385Z DEBUG panoptikon::inferio::http: processing local inference predict model=tags/wd-vit-tagger-v3 inputs=1
2026-09-17T06:10:12.260427Z DEBUG panoptikon::inferio::http: processing local inference predict model=tags/wd-vit-tagger-v3 inputs=1
2026-09-17T06:10:12.260469Z DEBUG panoptikon::inferio::http: processing local inference predict model=tags/wd-vit-tagger-v3 inputs=1
2026-09-17T06:10:12.260502Z DEBUG panoptikon::inferio::http: processing local inference predict model=tags/wd-vit-tagger-v3 inputs=1
2026-09-17T06:10:12.260535Z DEBUG panoptikon::inferio::http: processing local inference predict model=tags/wd-vit-tagger-v3 inputs=1
2026-09-17T06:10:12.260584Z DEBUG panoptikon::inferio::http: processing local inference predict model=tags/wd-vit-tagger-v3 inputs=1
2026-09-17T06:10:12.260628Z DEBUG panoptikon::inferio::http: processing local inference predict model=tags/wd-vit-tagger-v3 inputs=1
2026-09-17T06:10:12.260665Z DEBUG panoptikon::inferio::http: processing local inference predict model=tags/wd-vit-tagger-v3 inputs=1
2026-09-17T06:10:12.260766Z DEBUG panoptikon::inferio::http: processing local inference predict model=tags/wd-vit-tagger-v3 inputs=1
2026-09-17T06:10:12.260862Z DEBUG panoptikon::inferio::http: processing local inference predict model=tags/wd-vit-tagger-v3 inputs=1
2026-09-17T06:10:12.261123Z DEBUG panoptikon::inferio::http: processing local inference predict model=tags/wd-vit-tagger-v3 inputs=1
2026-09-17T06:10:12.261206Z DEBUG panoptikon::inferio::http: processing local inference predict model=tags/wd-vit-tagger-v3 inputs=1
2026-09-17T06:10:12.261245Z DEBUG panoptikon::inferio::http: processing local inference predict model=tags/wd-vit-tagger-v3 inputs=1
2026-09-17T06:10:12.261277Z DEBUG panoptikon::inferio::http: processing local inference predict model=tags/wd-vit-tagger-v3 inputs=1
2026-09-17T06:10:12.261304Z DEBUG panoptikon::inferio::http: processing local inference predict model=tags/wd-vit-tagger-v3 inputs=1
2026-09-17T06:10:12.261347Z DEBUG panoptikon::inferio::http: processing local inference predict model=tags/wd-vit-tagger-v3 inputs=1
2026-09-17T06:10:12.261372Z DEBUG panoptikon::inferio::http: processing local inference predict model=tags/wd-vit-tagger-v3 inputs=1
2026-09-17T06:10:12.261406Z DEBUG panoptikon::inferio::http: processing local inference predict model=tags/wd-vit-tagger-v3 inputs=1
2026-09-17T06:10:12.261454Z DEBUG panoptikon::inferio::http: processing local inference predict model=tags/wd-vit-tagger-v3 inputs=1
2026-09-17T06:10:12.261485Z DEBUG panoptikon::inferio::http: processing local inference predict model=tags/wd-vit-tagger-v3 inputs=1
2026-09-17T06:10:12.261523Z DEBUG panoptikon::inferio::http: processing local inference predict model=tags/wd-vit-tagger-v3 inputs=1
2026-09-17T06:10:12.261553Z DEBUG panoptikon::inferio::http: processing local inference predict model=tags/wd-vit-tagger-v3 inputs=1
2026-09-17T06:10:12.261593Z DEBUG panoptikon::inferio::http: processing local inference predict model=tags/wd-vit-tagger-v3 inputs=1
2026-09-17T06:10:12.261626Z DEBUG panoptikon::inferio::http: processing local inference predict model=tags/wd-vit-tagger-v3 inputs=1
2026-09-17T06:10:12.261651Z DEBUG panoptikon::inferio::http: processing local inference predict model=tags/wd-vit-tagger-v3 inputs=1
2026-09-17T06:10:12.261696Z DEBUG panoptikon::inferio::http: processing local inference predict model=tags/wd-vit-tagger-v3 inputs=1
2026-09-17T06:10:12.261752Z DEBUG panoptikon::inferio::http: processing local inference predict model=tags/wd-vit-tagger-v3 inputs=1
2026-09-17T06:10:12.261789Z DEBUG panoptikon::inferio::http: processing local inference predict model=tags/wd-vit-tagger-v3 inputs=1
2026-09-17T06:10:12.363305Z  INFO panoptikon::inferio::worker: 2026-09-17 06:10:12,363 [DEBUG] inferio_worker_impl_0_wd_tagger: Running inference on 15 images worker=wd_tagger
2026-09-17T06:10:15.755765Z  INFO panoptikon::inferio::worker: 2026-09-17 06:10:15,755 [DEBUG] inferio_worker_impl_0_wd_tagger: Running inference on 15 images worker=wd_tagger
2026-09-17T06:10:18.447162Z  INFO panoptikon::inferio::worker: 2026-09-17 06:10:18,446 [DEBUG] inferio_worker_impl_0_wd_tagger: Running inference on 15 images worker=wd_tagger
2026-09-17T06:10:20.534586Z DEBUG panoptikon::inferio::ledger: settled a granted window model=tags/wd-vit-tagger-v3 gpu=CPU outcome="clean" fit_samples=3 throughput_samples=3 clamped_samples=0 clamped=none ramp_step=4 deflation=0 clean_windows=32 max_units_measured=32
2026-09-17T06:10:20.534692Z DEBUG panoptikon::inferio::ledger: issued a memory grant model=tags/wd-vit-tagger-v3 gpu=CPU unit_budget=15 mb=535 canvas_pixels=none share_mb=96008 room_mb=96008 headroom_mb=95169 external_mb=29350 reserve_mb=1024 reserve_rule="capped_default" pre_fit=false ramp_step=4 deflation=0 squeezed=false window_requests=45
2026-09-17T06:10:20.535799Z DEBUG panoptikon::inferio::http: processing local inference predict model=tags/wd-vit-tagger-v3 inputs=1
2026-09-17T06:10:20.535933Z DEBUG panoptikon::inferio::http: processing local inference predict model=tags/wd-vit-tagger-v3 inputs=1
2026-09-17T06:10:20.536533Z DEBUG panoptikon::inferio::http: processing local inference predict model=tags/wd-vit-tagger-v3 inputs=1
2026-09-17T06:10:20.536589Z DEBUG panoptikon::inferio::http: processing local inference predict model=tags/wd-vit-tagger-v3 inputs=1
2026-09-17T06:10:20.536737Z DEBUG panoptikon::inferio::http: processing local inference predict model=tags/wd-vit-tagger-v3 inputs=1
2026-09-17T06:10:20.536763Z DEBUG panoptikon::inferio::http: processing local inference predict model=tags/wd-vit-tagger-v3 inputs=1
2026-09-17T06:10:20.536790Z DEBUG panoptikon::inferio::http: processing local inference predict model=tags/wd-vit-tagger-v3 inputs=1
2026-09-17T06:10:20.536845Z DEBUG panoptikon::inferio::http: processing local inference predict model=tags/wd-vit-tagger-v3 inputs=1
2026-09-17T06:10:20.536892Z DEBUG panoptikon::inferio::http: processing local inference predict model=tags/wd-vit-tagger-v3 inputs=1
2026-09-17T06:10:20.537191Z DEBUG panoptikon::inferio::http: processing local inference predict model=tags/wd-vit-tagger-v3 inputs=1
2026-09-17T06:10:20.537228Z DEBUG panoptikon::inferio::http: processing local inference predict model=tags/wd-vit-tagger-v3 inputs=1
2026-09-17T06:10:20.537265Z DEBUG panoptikon::inferio::http: processing local inference predict model=tags/wd-vit-tagger-v3 inputs=1
2026-09-17T06:10:20.537331Z DEBUG panoptikon::inferio::http: processing local inference predict model=tags/wd-vit-tagger-v3 inputs=1
2026-09-17T06:10:20.537390Z DEBUG panoptikon::inferio::http: processing local inference predict model=tags/wd-vit-tagger-v3 inputs=1
2026-09-17T06:10:20.537440Z DEBUG panoptikon::inferio::http: processing local inference predict model=tags/wd-vit-tagger-v3 inputs=1
2026-09-17T06:10:20.537491Z DEBUG panoptikon::inferio::http: processing local inference predict model=tags/wd-vit-tagger-v3 inputs=1
2026-09-17T06:10:20.537543Z DEBUG panoptikon::inferio::http: processing local inference predict model=tags/wd-vit-tagger-v3 inputs=1
2026-09-17T06:10:20.537579Z DEBUG panoptikon::inferio::http: processing local inference predict model=tags/wd-vit-tagger-v3 inputs=1
2026-09-17T06:10:20.537670Z DEBUG panoptikon::inferio::http: processing local inference predict model=tags/wd-vit-tagger-v3 inputs=1
2026-09-17T06:10:20.537715Z DEBUG panoptikon::inferio::http: processing local inference predict model=tags/wd-vit-tagger-v3 inputs=1
2026-09-17T06:10:20.537750Z DEBUG panoptikon::inferio::http: processing local inference predict model=tags/wd-vit-tagger-v3 inputs=1
2026-09-17T06:10:20.537784Z DEBUG panoptikon::inferio::http: processing local inference predict model=tags/wd-vit-tagger-v3 inputs=1
2026-09-17T06:10:20.537822Z DEBUG panoptikon::inferio::http: processing local inference predict model=tags/wd-vit-tagger-v3 inputs=1
2026-09-17T06:10:20.538099Z DEBUG panoptikon::inferio::http: processing local inference predict model=tags/wd-vit-tagger-v3 inputs=1
2026-09-17T06:10:20.538137Z DEBUG panoptikon::inferio::http: processing local inference predict model=tags/wd-vit-tagger-v3 inputs=1
2026-09-17T06:10:20.538178Z DEBUG panoptikon::inferio::http: processing local inference predict model=tags/wd-vit-tagger-v3 inputs=1
2026-09-17T06:10:20.538215Z DEBUG panoptikon::inferio::http: processing local inference predict model=tags/wd-vit-tagger-v3 inputs=1
2026-09-17T06:10:20.538256Z DEBUG panoptikon::inferio::http: processing local inference predict model=tags/wd-vit-tagger-v3 inputs=1
2026-09-17T06:10:20.538333Z DEBUG panoptikon::inferio::http: processing local inference predict model=tags/wd-vit-tagger-v3 inputs=1
2026-09-17T06:10:20.538356Z DEBUG panoptikon::inferio::http: processing local inference predict model=tags/wd-vit-tagger-v3 inputs=1
2026-09-17T06:10:20.538383Z DEBUG panoptikon::inferio::http: processing local inference predict model=tags/wd-vit-tagger-v3 inputs=1
2026-09-17T06:10:20.538416Z DEBUG panoptikon::inferio::http: processing local inference predict model=tags/wd-vit-tagger-v3 inputs=1
2026-09-17T06:10:20.538479Z DEBUG panoptikon::inferio::http: processing local inference predict model=tags/wd-vit-tagger-v3 inputs=1
2026-09-17T06:10:20.538547Z DEBUG panoptikon::inferio::http: processing local inference predict model=tags/wd-vit-tagger-v3 inputs=1
2026-09-17T06:10:20.538750Z DEBUG panoptikon::inferio::http: processing local inference predict model=tags/wd-vit-tagger-v3 inputs=1
2026-09-17T06:10:20.538819Z DEBUG panoptikon::inferio::http: processing local inference predict model=tags/wd-vit-tagger-v3 inputs=1
2026-09-17T06:10:20.538865Z DEBUG panoptikon::inferio::http: processing local inference predict model=tags/wd-vit-tagger-v3 inputs=1
2026-09-17T06:10:20.538900Z DEBUG panoptikon::inferio::http: processing local inference predict model=tags/wd-vit-tagger-v3 inputs=1
2026-09-17T06:10:20.538942Z DEBUG panoptikon::inferio::http: processing local inference predict model=tags/wd-vit-tagger-v3 inputs=1
2026-09-17T06:10:20.538984Z DEBUG panoptikon::inferio::http: processing local inference predict model=tags/wd-vit-tagger-v3 inputs=1
2026-09-17T06:10:20.539021Z DEBUG panoptikon::inferio::http: processing local inference predict model=tags/wd-vit-tagger-v3 inputs=1
2026-09-17T06:10:20.539154Z DEBUG panoptikon::inferio::http: processing local inference predict model=tags/wd-vit-tagger-v3 inputs=1
2026-09-17T06:10:20.539185Z DEBUG panoptikon::inferio::http: processing local inference predict model=tags/wd-vit-tagger-v3 inputs=1
2026-09-17T06:10:20.539216Z DEBUG panoptikon::inferio::http: processing local inference predict model=tags/wd-vit-tagger-v3 inputs=1
2026-09-17T06:10:20.539250Z DEBUG panoptikon::inferio::http: processing local inference predict model=tags/wd-vit-tagger-v3 inputs=1
2026-09-17T06:10:20.542471Z  INFO panoptikon::inferio::worker: 2026-09-17 06:10:20,542 [DEBUG] inferio_worker.packing: this window's 535 MiB grant is below 80% of the 1078 MiB of releasable slack in the 1892 MiB pool (1/2 consecutive windows before releasing it) worker=wd_tagger
2026-09-17T06:10:20.621814Z  INFO panoptikon::inferio::worker: 2026-09-17 06:10:20,621 [DEBUG] inferio_worker_impl_0_wd_tagger: Running inference on 15 images worker=wd_tagger
2026-09-17T06:10:22.770903Z  INFO panoptikon::inferio::worker: 2026-09-17 06:10:22,770 [DEBUG] inferio_worker_impl_0_wd_tagger: Running inference on 15 images worker=wd_tagger
2026-09-17T06:10:24.910303Z  INFO panoptikon::inferio::worker: 2026-09-17 06:10:24,910 [DEBUG] inferio_worker_impl_0_wd_tagger: Running inference on 15 images worker=wd_tagger
2026-09-17T06:10:26.981884Z DEBUG panoptikon::inferio::ledger: declining to fit a throughput knee: this knee last expired and was widened, and the ring has not yet seen enough of the wider size to put it back bucket=3 observed_floor=1 observed_top=5 anchor=32 observations=88
2026-09-17T06:10:26.981921Z  INFO panoptikon::inferio::ledger: this model has run cleanly at its throughput knee for long enough, with memory to spare, that the knee is worth re-testing; widening the cap by one batch-size step. A knee is a brake, not a ceiling: if the curve really does flatten here, the next fit from honest samples puts it back model=tags/wd-vit-tagger-v3 gpu=CPU knee_units_before=15 knee_units_after=31 clean_windows_at_the_knee=12 last_grant_units=15
2026-09-17T06:10:26.981941Z DEBUG panoptikon::inferio::ledger: settled a granted window model=tags/wd-vit-tagger-v3 gpu=CPU outcome="clean" fit_samples=3 throughput_samples=3 clamped_samples=0 clamped=none ramp_step=4 deflation=0 clean_windows=33 max_units_measured=32
2026-09-17T06:10:26.984034Z DEBUG panoptikon::inferio::http: processing local inference predict model=tags/wd-vit-tagger-v3 inputs=1
2026-09-17T06:10:26.984071Z DEBUG panoptikon::inferio::http: processing local inference predict model=tags/wd-vit-tagger-v3 inputs=1
2026-09-17T06:10:26.984347Z DEBUG panoptikon::inferio::http: processing local inference predict model=tags/wd-vit-tagger-v3 inputs=1
2026-09-17T06:10:26.984635Z DEBUG panoptikon::inferio::http: processing local inference predict model=tags/wd-vit-tagger-v3 inputs=1
2026-09-17T06:10:26.984668Z DEBUG panoptikon::inferio::http: processing local inference predict model=tags/wd-vit-tagger-v3 inputs=1
2026-09-17T06:10:26.985132Z DEBUG panoptikon::inferio::http: processing local inference predict model=tags/wd-vit-tagger-v3 inputs=1
2026-09-17T06:10:26.985225Z DEBUG panoptikon::inferio::http: processing local inference predict model=tags/wd-vit-tagger-v3 inputs=1
2026-09-17T06:10:26.985262Z DEBUG panoptikon::inferio::http: processing local inference predict model=tags/wd-vit-tagger-v3 inputs=1
2026-09-17T06:10:26.985299Z DEBUG panoptikon::inferio::http: processing local inference predict model=tags/wd-vit-tagger-v3 inputs=1
2026-09-17T06:10:26.985347Z DEBUG panoptikon::inferio::http: processing local inference predict model=tags/wd-vit-tagger-v3 inputs=1
2026-09-17T06:10:26.985424Z DEBUG panoptikon::inferio::http: processing local inference predict model=tags/wd-vit-tagger-v3 inputs=1
2026-09-17T06:10:26.985468Z DEBUG panoptikon::inferio::http: processing local inference predict model=tags/wd-vit-tagger-v3 inputs=1
2026-09-17T06:10:26.985506Z DEBUG panoptikon::inferio::http: processing local inference predict model=tags/wd-vit-tagger-v3 inputs=1
2026-09-17T06:10:26.985560Z DEBUG panoptikon::inferio::http: processing local inference predict model=tags/wd-vit-tagger-v3 inputs=1
2026-09-17T06:10:26.985602Z DEBUG panoptikon::inferio::http: processing local inference predict model=tags/wd-vit-tagger-v3 inputs=1
2026-09-17T06:10:26.985642Z DEBUG panoptikon::inferio::http: processing local inference predict model=tags/wd-vit-tagger-v3 inputs=1
2026-09-17T06:10:26.985684Z DEBUG panoptikon::inferio::http: processing local inference predict model=tags/wd-vit-tagger-v3 inputs=1
2026-09-17T06:10:26.985771Z DEBUG panoptikon::inferio::http: processing local inference predict model=tags/wd-vit-tagger-v3 inputs=1
2026-09-17T06:10:26.986030Z DEBUG panoptikon::inferio::http: processing local inference predict model=tags/wd-vit-tagger-v3 inputs=1
2026-09-17T06:10:26.986085Z DEBUG panoptikon::inferio::http: processing local inference predict model=tags/wd-vit-tagger-v3 inputs=1
2026-09-17T06:10:26.986126Z DEBUG panoptikon::inferio::http: processing local inference predict model=tags/wd-vit-tagger-v3 inputs=1
2026-09-17T06:10:26.986170Z DEBUG panoptikon::inferio::http: processing local inference predict model=tags/wd-vit-tagger-v3 inputs=1
2026-09-17T06:10:26.986210Z DEBUG panoptikon::inferio::http: processing local inference predict model=tags/wd-vit-tagger-v3 inputs=1
2026-09-17T06:10:26.986239Z DEBUG panoptikon::inferio::http: processing local inference predict model=tags/wd-vit-tagger-v3 inputs=1
2026-09-17T06:10:26.986274Z DEBUG panoptikon::inferio::http: processing local inference predict model=tags/wd-vit-tagger-v3 inputs=1
2026-09-17T06:10:26.986311Z DEBUG panoptikon::inferio::http: processing local inference predict model=tags/wd-vit-tagger-v3 inputs=1
2026-09-17T06:10:26.986344Z DEBUG panoptikon::inferio::http: processing local inference predict model=tags/wd-vit-tagger-v3 inputs=1
2026-09-17T06:10:26.986374Z DEBUG panoptikon::inferio::http: processing local inference predict model=tags/wd-vit-tagger-v3 inputs=1
2026-09-17T06:10:26.986469Z DEBUG panoptikon::inferio::http: processing local inference predict model=tags/wd-vit-tagger-v3 inputs=1
2026-09-17T06:10:26.986499Z DEBUG panoptikon::inferio::http: processing local inference predict model=tags/wd-vit-tagger-v3 inputs=1
2026-09-17T06:10:26.986543Z DEBUG panoptikon::inferio::http: processing local inference predict model=tags/wd-vit-tagger-v3 inputs=1
2026-09-17T06:10:26.986565Z DEBUG panoptikon::inferio::http: processing local inference predict model=tags/wd-vit-tagger-v3 inputs=1
2026-09-17T06:10:26.986679Z DEBUG panoptikon::inferio::http: processing local inference predict model=tags/wd-vit-tagger-v3 inputs=1
2026-09-17T06:10:26.986743Z DEBUG panoptikon::inferio::http: processing local inference predict model=tags/wd-vit-tagger-v3 inputs=1
2026-09-17T06:10:26.986777Z DEBUG panoptikon::inferio::http: processing local inference predict model=tags/wd-vit-tagger-v3 inputs=1
2026-09-17T06:10:26.987279Z DEBUG panoptikon::inferio::http: processing local inference predict model=tags/wd-vit-tagger-v3 inputs=1
2026-09-17T06:10:26.987326Z DEBUG panoptikon::inferio::http: processing local inference predict model=tags/wd-vit-tagger-v3 inputs=1
2026-09-17T06:10:26.987354Z DEBUG panoptikon::inferio::http: processing local inference predict model=tags/wd-vit-tagger-v3 inputs=1
2026-09-17T06:10:26.987395Z DEBUG panoptikon::inferio::http: processing local inference predict model=tags/wd-vit-tagger-v3 inputs=1
2026-09-17T06:10:26.987439Z DEBUG panoptikon::inferio::http: processing local inference predict model=tags/wd-vit-tagger-v3 inputs=1
2026-09-17T06:10:26.987477Z DEBUG panoptikon::inferio::http: processing local inference predict model=tags/wd-vit-tagger-v3 inputs=1
2026-09-17T06:10:26.987497Z DEBUG panoptikon::inferio::http: processing local inference predict model=tags/wd-vit-tagger-v3 inputs=1
2026-09-17T06:10:26.987559Z DEBUG panoptikon::inferio::http: processing local inference predict model=tags/wd-vit-tagger-v3 inputs=1
2026-09-17T06:10:26.987617Z DEBUG panoptikon::inferio::http: processing local inference predict model=tags/wd-vit-tagger-v3 inputs=1
2026-09-17T06:10:26.987651Z DEBUG panoptikon::inferio::http: processing local inference predict model=tags/wd-vit-tagger-v3 inputs=1
2026-09-17T06:10:26.990564Z DEBUG panoptikon::inferio::ledger: issued a memory grant model=tags/wd-vit-tagger-v3 gpu=CPU unit_budget=31 mb=1106 canvas_pixels=none share_mb=96008 room_mb=96008 headroom_mb=95169 external_mb=29308 reserve_mb=1024 reserve_rule="capped_default" pre_fit=false ramp_step=4 deflation=0 squeezed=false window_requests=90
2026-09-17T06:10:27.167989Z  INFO panoptikon::inferio::worker: 2026-09-17 06:10:27,167 [DEBUG] inferio_worker_impl_0_wd_tagger: Running inference on 31 images worker=wd_tagger
2026-09-17T06:10:31.847617Z  INFO panoptikon::inferio::worker: 2026-09-17 06:10:31,847 [DEBUG] inferio_worker_impl_0_wd_tagger: Running inference on 31 images worker=wd_tagger
2026-09-17T06:10:35.657827Z  INFO panoptikon::inferio::calibration: wrote the local calibration store path=data/inferio/calibration.toml profiles=1
2026-09-17T06:10:40.355291Z  INFO panoptikon::inferio::worker: 2026-09-17 06:10:40,354 [DEBUG] inferio_worker_impl_0_wd_tagger: Running inference on 28 images worker=wd_tagger
2026-09-17T06:10:46.445074Z DEBUG panoptikon::inferio::ledger: refitted the memory cost model model=tags/wd-vit-tagger-v3 gpu=CPU slope_mb_per_unit=35.58125 intercept_mb=63.700000000000045 residual_mb=5.025000000000034 samples=9 version=17
2026-09-17T06:10:46.445119Z DEBUG panoptikon::inferio::ledger: fitted a throughput knee; batches larger than this are no longer admitted however much memory is free model=tags/wd-vit-tagger-v3 gpu=CPU knee_units=15 previous=Some(31) observations=91
2026-09-17T06:10:46.445138Z DEBUG panoptikon::inferio::ledger: queued a calibration profile update for the store model=tags/wd-vit-tagger-v3 gpu=CPU reason="fit_changed" max_units_measured=32 fit_version=17
2026-09-17T06:10:46.445175Z DEBUG panoptikon::inferio::ledger: settled a granted window model=tags/wd-vit-tagger-v3 gpu=CPU outcome="clean" fit_samples=3 throughput_samples=3 clamped_samples=0 clamped=none ramp_step=4 deflation=0 clean_windows=34 max_units_measured=32
2026-09-17T06:10:46.448979Z DEBUG panoptikon::inferio::http: processing local inference predict model=tags/wd-vit-tagger-v3 inputs=1
2026-09-17T06:10:46.449180Z DEBUG panoptikon::inferio::http: processing local inference predict model=tags/wd-vit-tagger-v3 inputs=1
2026-09-17T06:10:46.449470Z DEBUG panoptikon::inferio::http: processing local inference predict model=tags/wd-vit-tagger-v3 inputs=1
2026-09-17T06:10:46.449640Z DEBUG panoptikon::inferio::http: processing local inference predict model=tags/wd-vit-tagger-v3 inputs=1
2026-09-17T06:10:46.449675Z DEBUG panoptikon::inferio::http: processing local inference predict model=tags/wd-vit-tagger-v3 inputs=1
2026-09-17T06:10:46.450402Z DEBUG panoptikon::inferio::http: processing local inference predict model=tags/wd-vit-tagger-v3 inputs=1
2026-09-17T06:10:46.450442Z DEBUG panoptikon::inferio::http: processing local inference predict model=tags/wd-vit-tagger-v3 inputs=1
2026-09-17T06:10:46.450560Z DEBUG panoptikon::inferio::http: processing local inference predict model=tags/wd-vit-tagger-v3 inputs=1
2026-09-17T06:10:46.450601Z DEBUG panoptikon::inferio::http: processing local inference predict model=tags/wd-vit-tagger-v3 inputs=1
2026-09-17T06:10:46.450941Z DEBUG panoptikon::inferio::http: processing local inference predict model=tags/wd-vit-tagger-v3 inputs=1
2026-09-17T06:10:46.451275Z DEBUG panoptikon::inferio::http: processing local inference predict model=tags/wd-vit-tagger-v3 inputs=1
2026-09-17T06:10:46.451316Z DEBUG panoptikon::inferio::http: processing local inference predict model=tags/wd-vit-tagger-v3 inputs=1
2026-09-17T06:10:46.451358Z DEBUG panoptikon::inferio::http: processing local inference predict model=tags/wd-vit-tagger-v3 inputs=1
2026-09-17T06:10:46.451403Z DEBUG panoptikon::inferio::http: processing local inference predict model=tags/wd-vit-tagger-v3 inputs=1
2026-09-17T06:10:46.451599Z DEBUG panoptikon::inferio::http: processing local inference predict model=tags/wd-vit-tagger-v3 inputs=1
2026-09-17T06:10:46.451640Z DEBUG panoptikon::inferio::http: processing local inference predict model=tags/wd-vit-tagger-v3 inputs=1
2026-09-17T06:10:46.451691Z DEBUG panoptikon::inferio::http: processing local inference predict model=tags/wd-vit-tagger-v3 inputs=1
2026-09-17T06:10:46.451744Z DEBUG panoptikon::inferio::http: processing local inference predict model=tags/wd-vit-tagger-v3 inputs=1
2026-09-17T06:10:46.451783Z DEBUG panoptikon::inferio::http: processing local inference predict model=tags/wd-vit-tagger-v3 inputs=1
2026-09-17T06:10:46.451818Z DEBUG panoptikon::inferio::http: processing local inference predict model=tags/wd-vit-tagger-v3 inputs=1
2026-09-17T06:10:46.451859Z DEBUG panoptikon::inferio::http: processing local inference predict model=tags/wd-vit-tagger-v3 inputs=1
2026-09-17T06:10:46.451899Z DEBUG panoptikon::inferio::http: processing local inference predict model=tags/wd-vit-tagger-v3 inputs=1
2026-09-17T06:10:46.452010Z DEBUG panoptikon::inferio::http: processing local inference predict model=tags/wd-vit-tagger-v3 inputs=1
2026-09-17T06:10:46.452072Z DEBUG panoptikon::inferio::http: processing local inference predict model=tags/wd-vit-tagger-v3 inputs=1
2026-09-17T06:10:46.452139Z DEBUG panoptikon::inferio::http: processing local inference predict model=tags/wd-vit-tagger-v3 inputs=1
2026-09-17T06:10:46.452327Z DEBUG panoptikon::inferio::http: processing local inference predict model=tags/wd-vit-tagger-v3 inputs=1
2026-09-17T06:10:46.452589Z DEBUG panoptikon::inferio::http: processing local inference predict model=tags/wd-vit-tagger-v3 inputs=1
2026-09-17T06:10:46.452770Z DEBUG panoptikon::inferio::http: processing local inference predict model=tags/wd-vit-tagger-v3 inputs=1
2026-09-17T06:10:46.452825Z DEBUG panoptikon::inferio::http: processing local inference predict model=tags/wd-vit-tagger-v3 inputs=1
2026-09-17T06:10:46.452865Z DEBUG panoptikon::inferio::http: processing local inference predict model=tags/wd-vit-tagger-v3 inputs=1
2026-09-17T06:10:46.452907Z DEBUG panoptikon::inferio::http: processing local inference predict model=tags/wd-vit-tagger-v3 inputs=1
2026-09-17T06:10:46.452952Z DEBUG panoptikon::inferio::http: processing local inference predict model=tags/wd-vit-tagger-v3 inputs=1
2026-09-17T06:10:46.452987Z DEBUG panoptikon::inferio::http: processing local inference predict model=tags/wd-vit-tagger-v3 inputs=1
2026-09-17T06:10:46.453025Z DEBUG panoptikon::inferio::http: processing local inference predict model=tags/wd-vit-tagger-v3 inputs=1
2026-09-17T06:10:46.453062Z DEBUG panoptikon::inferio::http: processing local inference predict model=tags/wd-vit-tagger-v3 inputs=1
2026-09-17T06:10:46.453108Z DEBUG panoptikon::inferio::http: processing local inference predict model=tags/wd-vit-tagger-v3 inputs=1
2026-09-17T06:10:46.453142Z DEBUG panoptikon::inferio::http: processing local inference predict model=tags/wd-vit-tagger-v3 inputs=1
2026-09-17T06:10:46.453193Z DEBUG panoptikon::inferio::http: processing local inference predict model=tags/wd-vit-tagger-v3 inputs=1
2026-09-17T06:10:46.453217Z DEBUG panoptikon::inferio::http: processing local inference predict model=tags/wd-vit-tagger-v3 inputs=1
2026-09-17T06:10:46.453258Z DEBUG panoptikon::inferio::http: processing local inference predict model=tags/wd-vit-tagger-v3 inputs=1
2026-09-17T06:10:46.453292Z DEBUG panoptikon::inferio::http: processing local inference predict model=tags/wd-vit-tagger-v3 inputs=1
2026-09-17T06:10:46.453326Z DEBUG panoptikon::inferio::http: processing local inference predict model=tags/wd-vit-tagger-v3 inputs=1
2026-09-17T06:10:46.453369Z DEBUG panoptikon::inferio::http: processing local inference predict model=tags/wd-vit-tagger-v3 inputs=1
2026-09-17T06:10:46.453547Z DEBUG panoptikon::inferio::http: processing local inference predict model=tags/wd-vit-tagger-v3 inputs=1
2026-09-17T06:10:46.453584Z DEBUG panoptikon::inferio::http: processing local inference predict model=tags/wd-vit-tagger-v3 inputs=1
2026-09-17T06:10:46.453625Z DEBUG panoptikon::inferio::http: processing local inference predict model=tags/wd-vit-tagger-v3 inputs=1
2026-09-17T06:10:46.453649Z DEBUG panoptikon::inferio::ledger: issued a memory grant model=tags/wd-vit-tagger-v3 gpu=CPU unit_budget=15 mb=534 canvas_pixels=none share_mb=96008 room_mb=96008 headroom_mb=95169 external_mb=29384 reserve_mb=1024 reserve_rule="capped_default" pre_fit=false ramp_step=4 deflation=0 squeezed=false window_requests=45
2026-09-17T06:10:46.453679Z DEBUG panoptikon::inferio::http: processing local inference predict model=tags/wd-vit-tagger-v3 inputs=1
2026-09-17T06:10:46.453718Z DEBUG panoptikon::inferio::http: processing local inference predict model=tags/wd-vit-tagger-v3 inputs=1
2026-09-17T06:10:46.453752Z DEBUG panoptikon::inferio::http: processing local inference predict model=tags/wd-vit-tagger-v3 inputs=1
2026-09-17T06:10:46.453799Z DEBUG panoptikon::inferio::http: processing local inference predict model=tags/wd-vit-tagger-v3 inputs=1
2026-09-17T06:10:46.453848Z DEBUG panoptikon::inferio::http: processing local inference predict model=tags/wd-vit-tagger-v3 inputs=1
2026-09-17T06:10:46.453885Z DEBUG panoptikon::inferio::http: processing local inference predict model=tags/wd-vit-tagger-v3 inputs=1
2026-09-17T06:10:46.453930Z DEBUG panoptikon::inferio::http: processing local inference predict model=tags/wd-vit-tagger-v3 inputs=1
2026-09-17T06:10:46.453971Z DEBUG panoptikon::inferio::http: processing local inference predict model=tags/wd-vit-tagger-v3 inputs=1
2026-09-17T06:10:46.454096Z DEBUG panoptikon::inferio::http: processing local inference predict model=tags/wd-vit-tagger-v3 inputs=1
2026-09-17T06:10:46.454127Z DEBUG panoptikon::inferio::http: processing local inference predict model=tags/wd-vit-tagger-v3 inputs=1
2026-09-17T06:10:46.454177Z DEBUG panoptikon::inferio::http: processing local inference predict model=tags/wd-vit-tagger-v3 inputs=1
2026-09-17T06:10:46.454209Z DEBUG panoptikon::inferio::http: processing local inference predict model=tags/wd-vit-tagger-v3 inputs=1
2026-09-17T06:10:46.454238Z DEBUG panoptikon::inferio::http: processing local inference predict model=tags/wd-vit-tagger-v3 inputs=1
2026-09-17T06:10:46.454273Z DEBUG panoptikon::inferio::http: processing local inference predict model=tags/wd-vit-tagger-v3 inputs=1
2026-09-17T06:10:46.454323Z DEBUG panoptikon::inferio::http: processing local inference predict model=tags/wd-vit-tagger-v3 inputs=1
2026-09-17T06:10:46.454354Z DEBUG panoptikon::inferio::http: processing local inference predict model=tags/wd-vit-tagger-v3 inputs=1
2026-09-17T06:10:46.454391Z DEBUG panoptikon::inferio::http: processing local inference predict model=tags/wd-vit-tagger-v3 inputs=1
2026-09-17T06:10:46.454422Z DEBUG panoptikon::inferio::http: processing local inference predict model=tags/wd-vit-tagger-v3 inputs=1
2026-09-17T06:10:46.454471Z DEBUG panoptikon::inferio::http: processing local inference predict model=tags/wd-vit-tagger-v3 inputs=1
2026-09-17T06:10:46.454530Z DEBUG panoptikon::inferio::http: processing local inference predict model=tags/wd-vit-tagger-v3 inputs=1
2026-09-17T06:10:46.454769Z DEBUG panoptikon::inferio::http: processing local inference predict model=tags/wd-vit-tagger-v3 inputs=1
2026-09-17T06:10:46.454850Z DEBUG panoptikon::inferio::http: processing local inference predict model=tags/wd-vit-tagger-v3 inputs=1
2026-09-17T06:10:46.454923Z DEBUG panoptikon::inferio::http: processing local inference predict model=tags/wd-vit-tagger-v3 inputs=1
2026-09-17T06:10:46.454951Z DEBUG panoptikon::inferio::http: processing local inference predict model=tags/wd-vit-tagger-v3 inputs=1
2026-09-17T06:10:46.454994Z DEBUG panoptikon::inferio::http: processing local inference predict model=tags/wd-vit-tagger-v3 inputs=1
2026-09-17T06:10:46.455028Z DEBUG panoptikon::inferio::http: processing local inference predict model=tags/wd-vit-tagger-v3 inputs=1
2026-09-17T06:10:46.455098Z DEBUG panoptikon::inferio::http: processing local inference predict model=tags/wd-vit-tagger-v3 inputs=1
2026-09-17T06:10:46.455160Z DEBUG panoptikon::inferio::http: processing local inference predict model=tags/wd-vit-tagger-v3 inputs=1
2026-09-17T06:10:46.455234Z DEBUG panoptikon::inferio::http: processing local inference predict model=tags/wd-vit-tagger-v3 inputs=1
2026-09-17T06:10:46.455299Z DEBUG panoptikon::inferio::http: processing local inference predict model=tags/wd-vit-tagger-v3 inputs=1
2026-09-17T06:10:46.455334Z DEBUG panoptikon::inferio::http: processing local inference predict model=tags/wd-vit-tagger-v3 inputs=1
2026-09-17T06:10:46.455356Z DEBUG panoptikon::inferio::http: processing local inference predict model=tags/wd-vit-tagger-v3 inputs=1
2026-09-17T06:10:46.455395Z DEBUG panoptikon::inferio::http: processing local inference predict model=tags/wd-vit-tagger-v3 inputs=1
2026-09-17T06:10:46.455433Z DEBUG panoptikon::inferio::http: processing local inference predict model=tags/wd-vit-tagger-v3 inputs=1
2026-09-17T06:10:46.455477Z DEBUG panoptikon::inferio::http: processing local inference predict model=tags/wd-vit-tagger-v3 inputs=1
2026-09-17T06:10:46.455509Z DEBUG panoptikon::inferio::http: processing local inference predict model=tags/wd-vit-tagger-v3 inputs=1
2026-09-17T06:10:46.455546Z DEBUG panoptikon::inferio::http: processing local inference predict model=tags/wd-vit-tagger-v3 inputs=1
2026-09-17T06:10:46.455577Z DEBUG panoptikon::inferio::http: processing local inference predict model=tags/wd-vit-tagger-v3 inputs=1
2026-09-17T06:10:46.455615Z DEBUG panoptikon::inferio::http: processing local inference predict model=tags/wd-vit-tagger-v3 inputs=1
2026-09-17T06:10:46.455655Z DEBUG panoptikon::inferio::http: processing local inference predict model=tags/wd-vit-tagger-v3 inputs=1
2026-09-17T06:10:46.455690Z DEBUG panoptikon::inferio::http: processing local inference predict model=tags/wd-vit-tagger-v3 inputs=1
2026-09-17T06:10:46.455735Z DEBUG panoptikon::inferio::http: processing local inference predict model=tags/wd-vit-tagger-v3 inputs=1
2026-09-17T06:10:46.455767Z DEBUG panoptikon::inferio::http: processing local inference predict model=tags/wd-vit-tagger-v3 inputs=1
2026-09-17T06:10:46.455804Z DEBUG panoptikon::inferio::http: processing local inference predict model=tags/wd-vit-tagger-v3 inputs=1
2026-09-17T06:10:46.455960Z DEBUG panoptikon::inferio::http: processing local inference predict model=tags/wd-vit-tagger-v3 inputs=1
2026-09-17T06:10:46.456038Z DEBUG panoptikon::inferio::http: processing local inference predict model=tags/wd-vit-tagger-v3 inputs=1
2026-09-17T06:10:46.456081Z DEBUG panoptikon::inferio::http: processing local inference predict model=tags/wd-vit-tagger-v3 inputs=1
2026-09-17T06:10:46.456135Z DEBUG panoptikon::inferio::http: processing local inference predict model=tags/wd-vit-tagger-v3 inputs=1
2026-09-17T06:10:46.456175Z DEBUG panoptikon::inferio::http: processing local inference predict model=tags/wd-vit-tagger-v3 inputs=1
2026-09-17T06:10:46.456198Z DEBUG panoptikon::inferio::http: processing local inference predict model=tags/wd-vit-tagger-v3 inputs=1
2026-09-17T06:10:46.456245Z DEBUG panoptikon::inferio::http: processing local inference predict model=tags/wd-vit-tagger-v3 inputs=1
2026-09-17T06:10:46.456284Z DEBUG panoptikon::inferio::http: processing local inference predict model=tags/wd-vit-tagger-v3 inputs=1
2026-09-17T06:10:46.456306Z DEBUG panoptikon::inferio::http: processing local inference predict model=tags/wd-vit-tagger-v3 inputs=1
2026-09-17T06:10:46.456340Z DEBUG panoptikon::inferio::http: processing local inference predict model=tags/wd-vit-tagger-v3 inputs=1
2026-09-17T06:10:46.456385Z DEBUG panoptikon::inferio::http: processing local inference predict model=tags/wd-vit-tagger-v3 inputs=1
2026-09-17T06:10:46.456423Z DEBUG panoptikon::inferio::http: processing local inference predict model=tags/wd-vit-tagger-v3 inputs=1
2026-09-17T06:10:46.456455Z DEBUG panoptikon::inferio::http: processing local inference predict model=tags/wd-vit-tagger-v3 inputs=1
2026-09-17T06:10:46.456500Z DEBUG panoptikon::inferio::http: processing local inference predict model=tags/wd-vit-tagger-v3 inputs=1
2026-09-17T06:10:46.456534Z DEBUG panoptikon::inferio::http: processing local inference predict model=tags/wd-vit-tagger-v3 inputs=1
2026-09-17T06:10:46.456570Z DEBUG panoptikon::inferio::http: processing local inference predict model=tags/wd-vit-tagger-v3 inputs=1
2026-09-17T06:10:46.456607Z DEBUG panoptikon::inferio::http: processing local inference predict model=tags/wd-vit-tagger-v3 inputs=1
2026-09-17T06:10:46.456654Z DEBUG panoptikon::inferio::http: processing local inference predict model=tags/wd-vit-tagger-v3 inputs=1
2026-09-17T06:10:46.456693Z DEBUG panoptikon::inferio::http: processing local inference predict model=tags/wd-vit-tagger-v3 inputs=1
2026-09-17T06:10:46.456742Z DEBUG panoptikon::inferio::http: processing local inference predict model=tags/wd-vit-tagger-v3 inputs=1
2026-09-17T06:10:46.456790Z DEBUG panoptikon::inferio::http: processing local inference predict model=tags/wd-vit-tagger-v3 inputs=1
2026-09-17T06:10:46.456842Z DEBUG panoptikon::inferio::http: processing local inference predict model=tags/wd-vit-tagger-v3 inputs=1
2026-09-17T06:10:46.456887Z DEBUG panoptikon::inferio::http: processing local inference predict model=tags/wd-vit-tagger-v3 inputs=1
2026-09-17T06:10:46.456909Z DEBUG panoptikon::inferio::http: processing local inference predict model=tags/wd-vit-tagger-v3 inputs=1
2026-09-17T06:10:46.456941Z DEBUG panoptikon::inferio::http: processing local inference predict model=tags/wd-vit-tagger-v3 inputs=1
2026-09-17T06:10:46.456968Z DEBUG panoptikon::inferio::http: processing local inference predict model=tags/wd-vit-tagger-v3 inputs=1
2026-09-17T06:10:46.456998Z DEBUG panoptikon::inferio::http: processing local inference predict model=tags/wd-vit-tagger-v3 inputs=1
2026-09-17T06:10:46.457031Z DEBUG panoptikon::inferio::http: processing local inference predict model=tags/wd-vit-tagger-v3 inputs=1
2026-09-17T06:10:46.457077Z DEBUG panoptikon::inferio::http: processing local inference predict model=tags/wd-vit-tagger-v3 inputs=1
2026-09-17T06:10:46.457113Z DEBUG panoptikon::inferio::http: processing local inference predict model=tags/wd-vit-tagger-v3 inputs=1
2026-09-17T06:10:46.457148Z DEBUG panoptikon::inferio::http: processing local inference predict model=tags/wd-vit-tagger-v3 inputs=1
2026-09-17T06:10:46.457195Z DEBUG panoptikon::inferio::http: processing local inference predict model=tags/wd-vit-tagger-v3 inputs=1
2026-09-17T06:10:46.457221Z DEBUG panoptikon::inferio::http: processing local inference predict model=tags/wd-vit-tagger-v3 inputs=1
2026-09-17T06:10:46.457250Z DEBUG panoptikon::inferio::http: processing local inference predict model=tags/wd-vit-tagger-v3 inputs=1
2026-09-17T06:10:46.457279Z DEBUG panoptikon::inferio::http: processing local inference predict model=tags/wd-vit-tagger-v3 inputs=1
2026-09-17T06:10:46.457326Z DEBUG panoptikon::inferio::http: processing local inference predict model=tags/wd-vit-tagger-v3 inputs=1
2026-09-17T06:10:46.457362Z DEBUG panoptikon::inferio::http: processing local inference predict model=tags/wd-vit-tagger-v3 inputs=1
2026-09-17T06:10:46.457401Z DEBUG panoptikon::inferio::http: processing local inference predict model=tags/wd-vit-tagger-v3 inputs=1
2026-09-17T06:10:46.457434Z DEBUG panoptikon::inferio::http: processing local inference predict model=tags/wd-vit-tagger-v3 inputs=1
2026-09-17T06:10:46.457464Z DEBUG panoptikon::inferio::http: processing local inference predict model=tags/wd-vit-tagger-v3 inputs=1
2026-09-17T06:10:46.457509Z DEBUG panoptikon::inferio::http: processing local inference predict model=tags/wd-vit-tagger-v3 inputs=1
2026-09-17T06:10:46.457541Z DEBUG panoptikon::inferio::http: processing local inference predict model=tags/wd-vit-tagger-v3 inputs=1
2026-09-17T06:10:46.457571Z DEBUG panoptikon::inferio::http: processing local inference predict model=tags/wd-vit-tagger-v3 inputs=1
2026-09-17T06:10:46.457615Z DEBUG panoptikon::inferio::http: processing local inference predict model=tags/wd-vit-tagger-v3 inputs=1
2026-09-17T06:10:46.457639Z DEBUG panoptikon::inferio::http: processing local inference predict model=tags/wd-vit-tagger-v3 inputs=1
2026-09-17T06:10:46.457673Z DEBUG panoptikon::inferio::http: processing local inference predict model=tags/wd-vit-tagger-v3 inputs=1
2026-09-17T06:10:46.457704Z DEBUG panoptikon::inferio::http: processing local inference predict model=tags/wd-vit-tagger-v3 inputs=1
2026-09-17T06:10:46.457743Z DEBUG panoptikon::inferio::http: processing local inference predict model=tags/wd-vit-tagger-v3 inputs=1
2026-09-17T06:10:46.457772Z DEBUG panoptikon::inferio::http: processing local inference predict model=tags/wd-vit-tagger-v3 inputs=1
2026-09-17T06:10:46.457807Z DEBUG panoptikon::inferio::http: processing local inference predict model=tags/wd-vit-tagger-v3 inputs=1
2026-09-17T06:10:46.457840Z DEBUG panoptikon::inferio::http: processing local inference predict model=tags/wd-vit-tagger-v3 inputs=1
2026-09-17T06:10:46.457892Z DEBUG panoptikon::inferio::http: processing local inference predict model=tags/wd-vit-tagger-v3 inputs=1
2026-09-17T06:10:46.457922Z DEBUG panoptikon::inferio::http: processing local inference predict model=tags/wd-vit-tagger-v3 inputs=1
2026-09-17T06:10:46.458236Z DEBUG panoptikon::inferio::http: processing local inference predict model=tags/wd-vit-tagger-v3 inputs=1
2026-09-17T06:10:46.458280Z DEBUG panoptikon::inferio::http: processing local inference predict model=tags/wd-vit-tagger-v3 inputs=1
2026-09-17T06:10:46.458353Z DEBUG panoptikon::inferio::http: processing local inference predict model=tags/wd-vit-tagger-v3 inputs=1
2026-09-17T06:10:46.458381Z DEBUG panoptikon::inferio::http: processing local inference predict model=tags/wd-vit-tagger-v3 inputs=1
2026-09-17T06:10:46.458446Z DEBUG panoptikon::inferio::http: processing local inference predict model=tags/wd-vit-tagger-v3 inputs=1
2026-09-17T06:10:46.458472Z DEBUG panoptikon::inferio::http: processing local inference predict model=tags/wd-vit-tagger-v3 inputs=1
2026-09-17T06:10:46.458590Z DEBUG panoptikon::inferio::http: processing local inference predict model=tags/wd-vit-tagger-v3 inputs=1
2026-09-17T06:10:46.458666Z DEBUG panoptikon::inferio::http: processing local inference predict model=tags/wd-vit-tagger-v3 inputs=1
2026-09-17T06:10:46.458690Z DEBUG panoptikon::inferio::http: processing local inference predict model=tags/wd-vit-tagger-v3 inputs=1
2026-09-17T06:10:46.458725Z DEBUG panoptikon::inferio::http: processing local inference predict model=tags/wd-vit-tagger-v3 inputs=1
2026-09-17T06:10:46.458770Z DEBUG panoptikon::inferio::http: processing local inference predict model=tags/wd-vit-tagger-v3 inputs=1
2026-09-17T06:10:46.458811Z DEBUG panoptikon::inferio::http: processing local inference predict model=tags/wd-vit-tagger-v3 inputs=1
2026-09-17T06:10:46.459050Z DEBUG panoptikon::inferio::http: processing local inference predict model=tags/wd-vit-tagger-v3 inputs=1
2026-09-17T06:10:46.459115Z DEBUG panoptikon::inferio::http: processing local inference predict model=tags/wd-vit-tagger-v3 inputs=1
2026-09-17T06:10:46.459323Z DEBUG panoptikon::inferio::http: processing local inference predict model=tags/wd-vit-tagger-v3 inputs=1
2026-09-17T06:10:46.459357Z DEBUG panoptikon::inferio::http: processing local inference predict model=tags/wd-vit-tagger-v3 inputs=1
2026-09-17T06:10:46.459386Z DEBUG panoptikon::inferio::http: processing local inference predict model=tags/wd-vit-tagger-v3 inputs=1
2026-09-17T06:10:46.459420Z DEBUG panoptikon::inferio::http: processing local inference predict model=tags/wd-vit-tagger-v3 inputs=1
2026-09-17T06:10:46.459448Z DEBUG panoptikon::inferio::http: processing local inference predict model=tags/wd-vit-tagger-v3 inputs=1
2026-09-17T06:10:46.459477Z DEBUG panoptikon::inferio::http: processing local inference predict model=tags/wd-vit-tagger-v3 inputs=1
2026-09-17T06:10:46.459505Z DEBUG panoptikon::inferio::http: processing local inference predict model=tags/wd-vit-tagger-v3 inputs=1
2026-09-17T06:10:46.459536Z DEBUG panoptikon::inferio::http: processing local inference predict model=tags/wd-vit-tagger-v3 inputs=1
2026-09-17T06:10:46.459582Z DEBUG panoptikon::inferio::http: processing local inference predict model=tags/wd-vit-tagger-v3 inputs=1
2026-09-17T06:10:46.459617Z DEBUG panoptikon::inferio::http: processing local inference predict model=tags/wd-vit-tagger-v3 inputs=1
2026-09-17T06:10:46.459653Z DEBUG panoptikon::inferio::http: processing local inference predict model=tags/wd-vit-tagger-v3 inputs=1
2026-09-17T06:10:46.459680Z DEBUG panoptikon::inferio::http: processing local inference predict model=tags/wd-vit-tagger-v3 inputs=1
2026-09-17T06:10:46.459719Z DEBUG panoptikon::inferio::http: processing local inference predict model=tags/wd-vit-tagger-v3 inputs=1
2026-09-17T06:10:46.459753Z DEBUG panoptikon::inferio::http: processing local inference predict model=tags/wd-vit-tagger-v3 inputs=1
2026-09-17T06:10:46.459777Z DEBUG panoptikon::inferio::http: processing local inference predict model=tags/wd-vit-tagger-v3 inputs=1
2026-09-17T06:10:46.459877Z DEBUG panoptikon::inferio::http: processing local inference predict model=tags/wd-vit-tagger-v3 inputs=1
2026-09-17T06:10:46.459905Z DEBUG panoptikon::inferio::http: processing local inference predict model=tags/wd-vit-tagger-v3 inputs=1
2026-09-17T06:10:46.459968Z DEBUG panoptikon::inferio::http: processing local inference predict model=tags/wd-vit-tagger-v3 inputs=1
2026-09-17T06:10:46.460123Z DEBUG panoptikon::inferio::http: processing local inference predict model=tags/wd-vit-tagger-v3 inputs=1
2026-09-17T06:10:46.460156Z DEBUG panoptikon::inferio::http: processing local inference predict model=tags/wd-vit-tagger-v3 inputs=1
2026-09-17T06:10:46.460198Z DEBUG panoptikon::inferio::http: processing local inference predict model=tags/wd-vit-tagger-v3 inputs=1
2026-09-17T06:10:46.460226Z DEBUG panoptikon::inferio::http: processing local inference predict model=tags/wd-vit-tagger-v3 inputs=1
2026-09-17T06:10:46.460289Z DEBUG panoptikon::inferio::http: processing local inference predict model=tags/wd-vit-tagger-v3 inputs=1
2026-09-17T06:10:46.460432Z DEBUG panoptikon::inferio::http: processing local inference predict model=tags/wd-vit-tagger-v3 inputs=1
2026-09-17T06:10:46.460477Z DEBUG panoptikon::inferio::http: processing local inference predict model=tags/wd-vit-tagger-v3 inputs=1
2026-09-17T06:10:46.460754Z DEBUG panoptikon::inferio::http: processing local inference predict model=tags/wd-vit-tagger-v3 inputs=1
2026-09-17T06:10:46.460785Z DEBUG panoptikon::inferio::http: processing local inference predict model=tags/wd-vit-tagger-v3 inputs=1
2026-09-17T06:10:46.460816Z DEBUG panoptikon::inferio::http: processing local inference predict model=tags/wd-vit-tagger-v3 inputs=1
2026-09-17T06:10:46.460854Z DEBUG panoptikon::inferio::http: processing local inference predict model=tags/wd-vit-tagger-v3 inputs=1
2026-09-17T06:10:46.463384Z  INFO panoptikon::inferio::worker: 2026-09-17 06:10:46,463 [DEBUG] inferio_worker.packing: this window's 534 MiB grant is below 80% of the 1078 MiB of releasable slack in the 1892 MiB pool (1/2 consecutive windows before releasing it) worker=wd_tagger
2026-09-17T06:10:46.553337Z  INFO panoptikon::inferio::worker: 2026-09-17 06:10:46,553 [DEBUG] inferio_worker_impl_0_wd_tagger: Running inference on 15 images worker=wd_tagger
2026-09-17T06:10:49.090384Z  INFO Actor{id="0.1"}: panoptikon::db::index_writer: index db writer connection closed after idle timeout index_db=default
2026-09-17T06:10:49.921549Z  INFO panoptikon::inferio::worker: 2026-09-17 06:10:49,921 [DEBUG] inferio_worker_impl_0_wd_tagger: Running inference on 15 images worker=wd_tagger
2026-09-17T06:10:52.191892Z  INFO panoptikon::inferio::worker: 2026-09-17 06:10:52,191 [DEBUG] inferio_worker_impl_0_wd_tagger: Running inference on 15 images worker=wd_tagger
2026-09-17T06:10:54.253993Z DEBUG panoptikon::inferio::ledger: settled a granted window model=tags/wd-vit-tagger-v3 gpu=CPU outcome="clean" fit_samples=3 throughput_samples=3 clamped_samples=0 clamped=none ramp_step=4 deflation=0 clean_windows=35 max_units_measured=32
2026-09-17T06:10:54.254074Z DEBUG panoptikon::inferio::ledger: issued a memory grant model=tags/wd-vit-tagger-v3 gpu=CPU unit_budget=15 mb=534 canvas_pixels=none share_mb=96008 room_mb=96008 headroom_mb=95169 external_mb=29333 reserve_mb=1024 reserve_rule="capped_default" pre_fit=false ramp_step=4 deflation=0 squeezed=false window_requests=45
2026-09-17T06:10:54.255243Z DEBUG panoptikon::inferio::http: processing local inference predict model=tags/wd-vit-tagger-v3 inputs=1
2026-09-17T06:10:54.344707Z  INFO panoptikon::inferio::worker: 2026-09-17 06:10:54,344 [DEBUG] inferio_worker_impl_0_wd_tagger: Running inference on 15 images worker=wd_tagger
2026-09-17T06:10:56.558766Z  INFO panoptikon::inferio::worker: 2026-09-17 06:10:56,558 [DEBUG] inferio_worker_impl_0_wd_tagger: Running inference on 15 images worker=wd_tagger
2026-09-17T06:10:58.708048Z  INFO panoptikon::inferio::worker: 2026-09-17 06:10:58,707 [DEBUG] inferio_worker_impl_0_wd_tagger: Running inference on 15 images worker=wd_tagger
2026-09-17T06:11:00.765621Z DEBUG panoptikon::inferio::ledger: settled a granted window model=tags/wd-vit-tagger-v3 gpu=CPU outcome="clean" fit_samples=3 throughput_samples=3 clamped_samples=0 clamped=none ramp_step=4 deflation=0 clean_windows=36 max_units_measured=32
2026-09-17T06:11:00.765727Z DEBUG panoptikon::inferio::ledger: issued a memory grant model=tags/wd-vit-tagger-v3 gpu=CPU unit_budget=15 mb=534 canvas_pixels=none share_mb=96008 room_mb=96008 headroom_mb=95169 external_mb=29259 reserve_mb=1024 reserve_rule="capped_default" pre_fit=false ramp_step=4 deflation=0 squeezed=false window_requests=45
2026-09-17T06:11:00.773910Z  INFO panoptikon::inferio::worker: 2026-09-17 06:11:00,773 [DEBUG] inferio_worker.packing: this window's 534 MiB grant is below 80% of the 1078 MiB of releasable slack in the 1892 MiB pool (1/2 consecutive windows before releasing it) worker=wd_tagger
2026-09-17T06:11:00.854321Z  INFO panoptikon::inferio::worker: 2026-09-17 06:11:00,854 [DEBUG] inferio_worker_impl_0_wd_tagger: Running inference on 15 images worker=wd_tagger
2026-09-17T06:11:03.124318Z  INFO panoptikon::inferio::worker: 2026-09-17 06:11:03,124 [DEBUG] inferio_worker_impl_0_wd_tagger: Running inference on 15 images worker=wd_tagger
2026-09-17T06:11:05.272119Z  INFO panoptikon::inferio::worker: 2026-09-17 06:11:05,271 [DEBUG] inferio_worker_impl_0_wd_tagger: Running inference on 15 images worker=wd_tagger
2026-09-17T06:11:05.656634Z  INFO panoptikon::inferio::calibration: wrote the local calibration store path=data/inferio/calibration.toml profiles=1
2026-09-17T06:11:07.347150Z DEBUG panoptikon::inferio::ledger: settled a granted window model=tags/wd-vit-tagger-v3 gpu=CPU outcome="clean" fit_samples=3 throughput_samples=3 clamped_samples=0 clamped=none ramp_step=4 deflation=0 clean_windows=37 max_units_measured=32
2026-09-17T06:11:07.347207Z DEBUG panoptikon::inferio::ledger: issued a memory grant model=tags/wd-vit-tagger-v3 gpu=CPU unit_budget=15 mb=534 canvas_pixels=none share_mb=96008 room_mb=96008 headroom_mb=95169 external_mb=29328 reserve_mb=1024 reserve_rule="capped_default" pre_fit=false ramp_step=4 deflation=0 squeezed=false window_requests=45
2026-09-17T06:11:07.348925Z DEBUG panoptikon::inferio::http: processing local inference predict model=tags/wd-vit-tagger-v3 inputs=1
2026-09-17T06:11:07.348972Z DEBUG panoptikon::inferio::http: processing local inference predict model=tags/wd-vit-tagger-v3 inputs=1
2026-09-17T06:11:07.349462Z DEBUG panoptikon::inferio::http: processing local inference predict model=tags/wd-vit-tagger-v3 inputs=1
2026-09-17T06:11:07.349562Z DEBUG panoptikon::inferio::http: processing local inference predict model=tags/wd-vit-tagger-v3 inputs=1
2026-09-17T06:11:07.349604Z DEBUG panoptikon::inferio::http: processing local inference predict model=tags/wd-vit-tagger-v3 inputs=1
2026-09-17T06:11:07.349703Z DEBUG panoptikon::inferio::http: processing local inference predict model=tags/wd-vit-tagger-v3 inputs=1
2026-09-17T06:11:07.349744Z DEBUG panoptikon::inferio::http: processing local inference predict model=tags/wd-vit-tagger-v3 inputs=1
2026-09-17T06:11:07.349782Z DEBUG panoptikon::inferio::http: processing local inference predict model=tags/wd-vit-tagger-v3 inputs=1
2026-09-17T06:11:07.349823Z DEBUG panoptikon::inferio::http: processing local inference predict model=tags/wd-vit-tagger-v3 inputs=1
2026-09-17T06:11:07.349858Z DEBUG panoptikon::inferio::http: processing local inference predict model=tags/wd-vit-tagger-v3 inputs=1
2026-09-17T06:11:07.349878Z DEBUG panoptikon::inferio::http: processing local inference predict model=tags/wd-vit-tagger-v3 inputs=1
2026-09-17T06:11:07.350031Z DEBUG panoptikon::inferio::http: processing local inference predict model=tags/wd-vit-tagger-v3 inputs=1
2026-09-17T06:11:07.350220Z DEBUG panoptikon::inferio::http: processing local inference predict model=tags/wd-vit-tagger-v3 inputs=1
2026-09-17T06:11:07.350262Z DEBUG panoptikon::inferio::http: processing local inference predict model=tags/wd-vit-tagger-v3 inputs=1
2026-09-17T06:11:07.350291Z DEBUG panoptikon::inferio::http: processing local inference predict model=tags/wd-vit-tagger-v3 inputs=1
2026-09-17T06:11:07.350444Z DEBUG panoptikon::inferio::http: processing local inference predict model=tags/wd-vit-tagger-v3 inputs=1
2026-09-17T06:11:07.350483Z DEBUG panoptikon::inferio::http: processing local inference predict model=tags/wd-vit-tagger-v3 inputs=1
2026-09-17T06:11:07.350519Z DEBUG panoptikon::inferio::http: processing local inference predict model=tags/wd-vit-tagger-v3 inputs=1
2026-09-17T06:11:07.350657Z DEBUG panoptikon::inferio::http: processing local inference predict model=tags/wd-vit-tagger-v3 inputs=1
2026-09-17T06:11:07.350687Z DEBUG panoptikon::inferio::http: processing local inference predict model=tags/wd-vit-tagger-v3 inputs=1
2026-09-17T06:11:07.350790Z DEBUG panoptikon::inferio::http: processing local inference predict model=tags/wd-vit-tagger-v3 inputs=1
2026-09-17T06:11:07.350828Z DEBUG panoptikon::inferio::http: processing local inference predict model=tags/wd-vit-tagger-v3 inputs=1
2026-09-17T06:11:07.350960Z DEBUG panoptikon::inferio::http: processing local inference predict model=tags/wd-vit-tagger-v3 inputs=1
2026-09-17T06:11:07.350994Z DEBUG panoptikon::inferio::http: processing local inference predict model=tags/wd-vit-tagger-v3 inputs=1
2026-09-17T06:11:07.351023Z DEBUG panoptikon::inferio::http: processing local inference predict model=tags/wd-vit-tagger-v3 inputs=1
2026-09-17T06:11:07.351280Z DEBUG panoptikon::inferio::http: processing local inference predict model=tags/wd-vit-tagger-v3 inputs=1
2026-09-17T06:11:07.351399Z DEBUG panoptikon::inferio::http: processing local inference predict model=tags/wd-vit-tagger-v3 inputs=1
2026-09-17T06:11:07.351576Z DEBUG panoptikon::inferio::http: processing local inference predict model=tags/wd-vit-tagger-v3 inputs=1
2026-09-17T06:11:07.351627Z DEBUG panoptikon::inferio::http: processing local inference predict model=tags/wd-vit-tagger-v3 inputs=1
2026-09-17T06:11:07.351660Z DEBUG panoptikon::inferio::http: processing local inference predict model=tags/wd-vit-tagger-v3 inputs=1
2026-09-17T06:11:07.351698Z DEBUG panoptikon::inferio::http: processing local inference predict model=tags/wd-vit-tagger-v3 inputs=1
2026-09-17T06:11:07.351732Z DEBUG panoptikon::inferio::http: processing local inference predict model=tags/wd-vit-tagger-v3 inputs=1
2026-09-17T06:11:07.351778Z DEBUG panoptikon::inferio::http: processing local inference predict model=tags/wd-vit-tagger-v3 inputs=1
2026-09-17T06:11:07.351997Z DEBUG panoptikon::inferio::http: processing local inference predict model=tags/wd-vit-tagger-v3 inputs=1
2026-09-17T06:11:07.352024Z DEBUG panoptikon::inferio::http: processing local inference predict model=tags/wd-vit-tagger-v3 inputs=1
2026-09-17T06:11:07.352059Z DEBUG panoptikon::inferio::http: processing local inference predict model=tags/wd-vit-tagger-v3 inputs=1
2026-09-17T06:11:07.352102Z DEBUG panoptikon::inferio::http: processing local inference predict model=tags/wd-vit-tagger-v3 inputs=1
2026-09-17T06:11:07.352139Z DEBUG panoptikon::inferio::http: processing local inference predict model=tags/wd-vit-tagger-v3 inputs=1
2026-09-17T06:11:07.436074Z  INFO panoptikon::inferio::worker: 2026-09-17 06:11:07,435 [DEBUG] inferio_worker_impl_0_wd_tagger: Running inference on 15 images worker=wd_tagger
2026-09-17T06:11:09.689211Z  INFO panoptikon::inferio::worker: 2026-09-17 06:11:09,688 [DEBUG] inferio_worker_impl_0_wd_tagger: Running inference on 15 images worker=wd_tagger
2026-09-17T06:11:11.820593Z  INFO panoptikon::inferio::worker: 2026-09-17 06:11:11,820 [DEBUG] inferio_worker_impl_0_wd_tagger: Running inference on 15 images worker=wd_tagger
2026-09-17T06:11:13.886133Z DEBUG panoptikon::inferio::ledger: settled a granted window model=tags/wd-vit-tagger-v3 gpu=CPU outcome="clean" fit_samples=3 throughput_samples=3 clamped_samples=0 clamped=none ramp_step=4 deflation=0 clean_windows=38 max_units_measured=32
2026-09-17T06:11:13.886236Z DEBUG panoptikon::inferio::ledger: issued a memory grant model=tags/wd-vit-tagger-v3 gpu=CPU unit_budget=15 mb=534 canvas_pixels=none share_mb=96008 room_mb=96008 headroom_mb=95169 external_mb=29330 reserve_mb=1024 reserve_rule="capped_default" pre_fit=false ramp_step=4 deflation=0 squeezed=false window_requests=45
2026-09-17T06:11:13.887643Z DEBUG panoptikon::inferio::http: processing local inference predict model=tags/wd-vit-tagger-v3 inputs=1
2026-09-17T06:11:13.887689Z DEBUG panoptikon::inferio::http: processing local inference predict model=tags/wd-vit-tagger-v3 inputs=1
2026-09-17T06:11:13.887726Z DEBUG panoptikon::inferio::http: processing local inference predict model=tags/wd-vit-tagger-v3 inputs=1
2026-09-17T06:11:13.888005Z DEBUG panoptikon::inferio::http: processing local inference predict model=tags/wd-vit-tagger-v3 inputs=1
2026-09-17T06:11:13.888094Z DEBUG panoptikon::inferio::http: processing local inference predict model=tags/wd-vit-tagger-v3 inputs=1
2026-09-17T06:11:13.888215Z DEBUG panoptikon::inferio::http: processing local inference predict model=tags/wd-vit-tagger-v3 inputs=1
2026-09-17T06:11:13.888252Z DEBUG panoptikon::inferio::http: processing local inference predict model=tags/wd-vit-tagger-v3 inputs=1
2026-09-17T06:11:13.888352Z DEBUG panoptikon::inferio::http: processing local inference predict model=tags/wd-vit-tagger-v3 inputs=1
2026-09-17T06:11:13.888642Z DEBUG panoptikon::inferio::http: processing local inference predict model=tags/wd-vit-tagger-v3 inputs=1
2026-09-17T06:11:13.888675Z DEBUG panoptikon::inferio::http: processing local inference predict model=tags/wd-vit-tagger-v3 inputs=1
2026-09-17T06:11:13.888809Z DEBUG panoptikon::inferio::http: processing local inference predict model=tags/wd-vit-tagger-v3 inputs=1
2026-09-17T06:11:13.889250Z DEBUG panoptikon::inferio::http: processing local inference predict model=tags/wd-vit-tagger-v3 inputs=1
2026-09-17T06:11:13.889287Z DEBUG panoptikon::inferio::http: processing local inference predict model=tags/wd-vit-tagger-v3 inputs=1
2026-09-17T06:11:13.889327Z DEBUG panoptikon::inferio::http: processing local inference predict model=tags/wd-vit-tagger-v3 inputs=1
2026-09-17T06:11:13.889381Z DEBUG panoptikon::inferio::http: processing local inference predict model=tags/wd-vit-tagger-v3 inputs=1
2026-09-17T06:11:13.889412Z DEBUG panoptikon::inferio::http: processing local inference predict model=tags/wd-vit-tagger-v3 inputs=1
2026-09-17T06:11:13.889539Z DEBUG panoptikon::inferio::http: processing local inference predict model=tags/wd-vit-tagger-v3 inputs=1
2026-09-17T06:11:13.889790Z DEBUG panoptikon::inferio::http: processing local inference predict model=tags/wd-vit-tagger-v3 inputs=1
2026-09-17T06:11:13.889822Z DEBUG panoptikon::inferio::http: processing local inference predict model=tags/wd-vit-tagger-v3 inputs=1
2026-09-17T06:11:13.889856Z DEBUG panoptikon::inferio::http: processing local inference predict model=tags/wd-vit-tagger-v3 inputs=1
2026-09-17T06:11:13.889880Z DEBUG panoptikon::inferio::http: processing local inference predict model=tags/wd-vit-tagger-v3 inputs=1
2026-09-17T06:11:13.890042Z DEBUG panoptikon::inferio::http: processing local inference predict model=tags/wd-vit-tagger-v3 inputs=1
2026-09-17T06:11:13.890072Z DEBUG panoptikon::inferio::http: processing local inference predict model=tags/wd-vit-tagger-v3 inputs=1
2026-09-17T06:11:13.890131Z DEBUG panoptikon::inferio::http: processing local inference predict model=tags/wd-vit-tagger-v3 inputs=1
2026-09-17T06:11:13.890211Z DEBUG panoptikon::inferio::http: processing local inference predict model=tags/wd-vit-tagger-v3 inputs=1
2026-09-17T06:11:13.890243Z DEBUG panoptikon::inferio::http: processing local inference predict model=tags/wd-vit-tagger-v3 inputs=1
2026-09-17T06:11:13.890407Z DEBUG panoptikon::inferio::http: processing local inference predict model=tags/wd-vit-tagger-v3 inputs=1
2026-09-17T06:11:13.890433Z DEBUG panoptikon::inferio::http: processing local inference predict model=tags/wd-vit-tagger-v3 inputs=1
2026-09-17T06:11:13.890456Z DEBUG panoptikon::inferio::http: processing local inference predict model=tags/wd-vit-tagger-v3 inputs=1
2026-09-17T06:11:13.895061Z  INFO panoptikon::inferio::worker: 2026-09-17 06:11:13,894 [DEBUG] inferio_worker.packing: this window's 534 MiB grant is below 80% of the 1078 MiB of releasable slack in the 1892 MiB pool (1/2 consecutive windows before releasing it) worker=wd_tagger
2026-09-17T06:11:13.928890Z DEBUG panoptikon::inferio::http: processing local inference predict model=tags/wd-vit-tagger-v3 inputs=1
2026-09-17T06:11:13.929326Z DEBUG panoptikon::inferio::http: processing local inference predict model=tags/wd-vit-tagger-v3 inputs=1
2026-09-17T06:11:13.929431Z DEBUG panoptikon::inferio::http: processing local inference predict model=tags/wd-vit-tagger-v3 inputs=1
2026-09-17T06:11:13.929472Z DEBUG panoptikon::inferio::http: processing local inference predict model=tags/wd-vit-tagger-v3 inputs=1
2026-09-17T06:11:13.929551Z DEBUG panoptikon::inferio::http: processing local inference predict model=tags/wd-vit-tagger-v3 inputs=1
2026-09-17T06:11:13.929773Z DEBUG panoptikon::inferio::http: processing local inference predict model=tags/wd-vit-tagger-v3 inputs=1
2026-09-17T06:11:13.929815Z DEBUG panoptikon::inferio::http: processing local inference predict model=tags/wd-vit-tagger-v3 inputs=1
2026-09-17T06:11:13.929962Z DEBUG panoptikon::inferio::http: processing local inference predict model=tags/wd-vit-tagger-v3 inputs=1
2026-09-17T06:11:13.930001Z DEBUG panoptikon::inferio::http: processing local inference predict model=tags/wd-vit-tagger-v3 inputs=1
2026-09-17T06:11:13.930034Z DEBUG panoptikon::inferio::http: processing local inference predict model=tags/wd-vit-tagger-v3 inputs=1
2026-09-17T06:11:13.930067Z DEBUG panoptikon::inferio::http: processing local inference predict model=tags/wd-vit-tagger-v3 inputs=1
2026-09-17T06:11:13.930090Z DEBUG panoptikon::inferio::http: processing local inference predict model=tags/wd-vit-tagger-v3 inputs=1
2026-09-17T06:11:13.930285Z DEBUG panoptikon::inferio::http: processing local inference predict model=tags/wd-vit-tagger-v3 inputs=1
2026-09-17T06:11:13.930325Z DEBUG panoptikon::inferio::http: processing local inference predict model=tags/wd-vit-tagger-v3 inputs=1
2026-09-17T06:11:13.930426Z DEBUG panoptikon::inferio::http: processing local inference predict model=tags/wd-vit-tagger-v3 inputs=1
2026-09-17T06:11:13.930547Z DEBUG panoptikon::inferio::http: processing local inference predict model=tags/wd-vit-tagger-v3 inputs=1
2026-09-17T06:11:13.976178Z  INFO panoptikon::inferio::worker: 2026-09-17 06:11:13,975 [DEBUG] inferio_worker_impl_0_wd_tagger: Running inference on 15 images worker=wd_tagger
2026-09-17T06:11:16.119370Z  INFO panoptikon::inferio::worker: 2026-09-17 06:11:16,119 [DEBUG] inferio_worker_impl_0_wd_tagger: Running inference on 15 images worker=wd_tagger
2026-09-17T06:11:18.243795Z  INFO panoptikon::inferio::worker: 2026-09-17 06:11:18,243 [DEBUG] inferio_worker_impl_0_wd_tagger: Running inference on 15 images worker=wd_tagger
2026-09-17T06:11:20.306340Z DEBUG panoptikon::inferio::ledger: settled a granted window model=tags/wd-vit-tagger-v3 gpu=CPU outcome="clean" fit_samples=3 throughput_samples=3 clamped_samples=0 clamped=none ramp_step=4 deflation=0 clean_windows=39 max_units_measured=32
2026-09-17T06:11:20.306474Z DEBUG panoptikon::inferio::ledger: issued a memory grant model=tags/wd-vit-tagger-v3 gpu=CPU unit_budget=15 mb=534 canvas_pixels=none share_mb=96008 room_mb=96008 headroom_mb=95169 external_mb=29295 reserve_mb=1024 reserve_rule="capped_default" pre_fit=false ramp_step=4 deflation=0 squeezed=false window_requests=45
2026-09-17T06:11:20.308090Z DEBUG panoptikon::inferio::http: processing local inference predict model=tags/wd-vit-tagger-v3 inputs=1
2026-09-17T06:11:20.308231Z DEBUG panoptikon::inferio::http: processing local inference predict model=tags/wd-vit-tagger-v3 inputs=1
2026-09-17T06:11:20.308272Z DEBUG panoptikon::inferio::http: processing local inference predict model=tags/wd-vit-tagger-v3 inputs=1
2026-09-17T06:11:20.308459Z DEBUG panoptikon::inferio::http: processing local inference predict model=tags/wd-vit-tagger-v3 inputs=1
2026-09-17T06:11:20.308500Z DEBUG panoptikon::inferio::http: processing local inference predict model=tags/wd-vit-tagger-v3 inputs=1
2026-09-17T06:11:20.308543Z DEBUG panoptikon::inferio::http: processing local inference predict model=tags/wd-vit-tagger-v3 inputs=1
2026-09-17T06:11:20.308572Z DEBUG panoptikon::inferio::http: processing local inference predict model=tags/wd-vit-tagger-v3 inputs=1
2026-09-17T06:11:20.308914Z DEBUG panoptikon::inferio::http: processing local inference predict model=tags/wd-vit-tagger-v3 inputs=1
2026-09-17T06:11:20.308945Z DEBUG panoptikon::inferio::http: processing local inference predict model=tags/wd-vit-tagger-v3 inputs=1
2026-09-17T06:11:20.308994Z DEBUG panoptikon::inferio::http: processing local inference predict model=tags/wd-vit-tagger-v3 inputs=1
2026-09-17T06:11:20.309035Z DEBUG panoptikon::inferio::http: processing local inference predict model=tags/wd-vit-tagger-v3 inputs=1
2026-09-17T06:11:20.309063Z DEBUG panoptikon::inferio::http: processing local inference predict model=tags/wd-vit-tagger-v3 inputs=1
2026-09-17T06:11:20.309112Z DEBUG panoptikon::inferio::http: processing local inference predict model=tags/wd-vit-tagger-v3 inputs=1
2026-09-17T06:11:20.309230Z DEBUG panoptikon::inferio::http: processing local inference predict model=tags/wd-vit-tagger-v3 inputs=1
2026-09-17T06:11:20.309431Z DEBUG panoptikon::inferio::http: processing local inference predict model=tags/wd-vit-tagger-v3 inputs=1
2026-09-17T06:11:20.309463Z DEBUG panoptikon::inferio::http: processing local inference predict model=tags/wd-vit-tagger-v3 inputs=1
2026-09-17T06:11:20.309557Z DEBUG panoptikon::inferio::http: processing local inference predict model=tags/wd-vit-tagger-v3 inputs=1
2026-09-17T06:11:20.309576Z DEBUG panoptikon::inferio::http: processing local inference predict model=tags/wd-vit-tagger-v3 inputs=1
2026-09-17T06:11:20.309678Z DEBUG panoptikon::inferio::http: processing local inference predict model=tags/wd-vit-tagger-v3 inputs=1
2026-09-17T06:11:20.309816Z DEBUG panoptikon::inferio::http: processing local inference predict model=tags/wd-vit-tagger-v3 inputs=1
2026-09-17T06:11:20.309838Z DEBUG panoptikon::inferio::http: processing local inference predict model=tags/wd-vit-tagger-v3 inputs=1
2026-09-17T06:11:20.309882Z DEBUG panoptikon::inferio::http: processing local inference predict model=tags/wd-vit-tagger-v3 inputs=1
2026-09-17T06:11:20.309924Z DEBUG panoptikon::inferio::http: processing local inference predict model=tags/wd-vit-tagger-v3 inputs=1
2026-09-17T06:11:20.309956Z DEBUG panoptikon::inferio::http: processing local inference predict model=tags/wd-vit-tagger-v3 inputs=1
2026-09-17T06:11:20.309992Z DEBUG panoptikon::inferio::http: processing local inference predict model=tags/wd-vit-tagger-v3 inputs=1
2026-09-17T06:11:20.310023Z DEBUG panoptikon::inferio::http: processing local inference predict model=tags/wd-vit-tagger-v3 inputs=1
2026-09-17T06:11:20.310154Z DEBUG panoptikon::inferio::http: processing local inference predict model=tags/wd-vit-tagger-v3 inputs=1
2026-09-17T06:11:20.310186Z DEBUG panoptikon::inferio::http: processing local inference predict model=tags/wd-vit-tagger-v3 inputs=1
2026-09-17T06:11:20.310293Z DEBUG panoptikon::inferio::http: processing local inference predict model=tags/wd-vit-tagger-v3 inputs=1
2026-09-17T06:11:20.310318Z DEBUG panoptikon::inferio::http: processing local inference predict model=tags/wd-vit-tagger-v3 inputs=1
2026-09-17T06:11:20.310497Z DEBUG panoptikon::inferio::http: processing local inference predict model=tags/wd-vit-tagger-v3 inputs=1
2026-09-17T06:11:20.310635Z DEBUG panoptikon::inferio::http: processing local inference predict model=tags/wd-vit-tagger-v3 inputs=1
2026-09-17T06:11:20.310717Z DEBUG panoptikon::inferio::http: processing local inference predict model=tags/wd-vit-tagger-v3 inputs=1
2026-09-17T06:11:20.310913Z DEBUG panoptikon::inferio::http: processing local inference predict model=tags/wd-vit-tagger-v3 inputs=1
2026-09-17T06:11:20.310944Z DEBUG panoptikon::inferio::http: processing local inference predict model=tags/wd-vit-tagger-v3 inputs=1
2026-09-17T06:11:20.311103Z DEBUG panoptikon::inferio::http: processing local inference predict model=tags/wd-vit-tagger-v3 inputs=1
2026-09-17T06:11:20.311133Z DEBUG panoptikon::inferio::http: processing local inference predict model=tags/wd-vit-tagger-v3 inputs=1
2026-09-17T06:11:20.311291Z DEBUG panoptikon::inferio::http: processing local inference predict model=tags/wd-vit-tagger-v3 inputs=1
2026-09-17T06:11:20.311399Z DEBUG panoptikon::inferio::http: processing local inference predict model=tags/wd-vit-tagger-v3 inputs=1
2026-09-17T06:11:20.311606Z DEBUG panoptikon::inferio::http: processing local inference predict model=tags/wd-vit-tagger-v3 inputs=1
2026-09-17T06:11:20.311809Z DEBUG panoptikon::inferio::http: processing local inference predict model=tags/wd-vit-tagger-v3 inputs=1
2026-09-17T06:11:20.311846Z DEBUG panoptikon::inferio::http: processing local inference predict model=tags/wd-vit-tagger-v3 inputs=1
2026-09-17T06:11:20.311872Z DEBUG panoptikon::inferio::http: processing local inference predict model=tags/wd-vit-tagger-v3 inputs=1
2026-09-17T06:11:20.312011Z DEBUG panoptikon::inferio::http: processing local inference predict model=tags/wd-vit-tagger-v3 inputs=1
2026-09-17T06:11:20.312101Z DEBUG panoptikon::inferio::http: processing local inference predict model=tags/wd-vit-tagger-v3 inputs=1
2026-09-17T06:11:20.395492Z  INFO panoptikon::inferio::worker: 2026-09-17 06:11:20,395 [DEBUG] inferio_worker_impl_0_wd_tagger: Running inference on 15 images worker=wd_tagger
2026-09-17T06:11:22.507329Z  INFO panoptikon::inferio::worker: 2026-09-17 06:11:22,507 [DEBUG] inferio_worker_impl_0_wd_tagger: Running inference on 15 images worker=wd_tagger
2026-09-17T06:11:24.628343Z  INFO panoptikon::inferio::worker: 2026-09-17 06:11:24,628 [DEBUG] inferio_worker_impl_0_wd_tagger: Running inference on 15 images worker=wd_tagger
2026-09-17T06:11:26.699702Z DEBUG panoptikon::inferio::ledger: settled a granted window model=tags/wd-vit-tagger-v3 gpu=CPU outcome="clean" fit_samples=3 throughput_samples=3 clamped_samples=0 clamped=none ramp_step=4 deflation=0 clean_windows=40 max_units_measured=32
2026-09-17T06:11:26.699840Z DEBUG panoptikon::inferio::ledger: issued a memory grant model=tags/wd-vit-tagger-v3 gpu=CPU unit_budget=15 mb=534 canvas_pixels=none share_mb=96008 room_mb=96008 headroom_mb=95169 external_mb=29244 reserve_mb=1024 reserve_rule="capped_default" pre_fit=false ramp_step=4 deflation=0 squeezed=false window_requests=45
2026-09-17T06:11:26.701350Z DEBUG panoptikon::inferio::http: processing local inference predict model=tags/wd-vit-tagger-v3 inputs=1
2026-09-17T06:11:26.701516Z DEBUG panoptikon::inferio::http: processing local inference predict model=tags/wd-vit-tagger-v3 inputs=1
2026-09-17T06:11:26.702068Z DEBUG panoptikon::inferio::http: processing local inference predict model=tags/wd-vit-tagger-v3 inputs=1
2026-09-17T06:11:26.702149Z DEBUG panoptikon::inferio::http: processing local inference predict model=tags/wd-vit-tagger-v3 inputs=1
2026-09-17T06:11:26.702204Z DEBUG panoptikon::inferio::http: processing local inference predict model=tags/wd-vit-tagger-v3 inputs=1
2026-09-17T06:11:26.702242Z DEBUG panoptikon::inferio::http: processing local inference predict model=tags/wd-vit-tagger-v3 inputs=1
2026-09-17T06:11:26.702294Z DEBUG panoptikon::inferio::http: processing local inference predict model=tags/wd-vit-tagger-v3 inputs=1
2026-09-17T06:11:26.702411Z DEBUG panoptikon::inferio::http: processing local inference predict model=tags/wd-vit-tagger-v3 inputs=1
2026-09-17T06:11:26.702455Z DEBUG panoptikon::inferio::http: processing local inference predict model=tags/wd-vit-tagger-v3 inputs=1
2026-09-17T06:11:26.702496Z DEBUG panoptikon::inferio::http: processing local inference predict model=tags/wd-vit-tagger-v3 inputs=1
2026-09-17T06:11:26.702624Z DEBUG panoptikon::inferio::http: processing local inference predict model=tags/wd-vit-tagger-v3 inputs=1
2026-09-17T06:11:26.702656Z DEBUG panoptikon::inferio::http: processing local inference predict model=tags/wd-vit-tagger-v3 inputs=1
2026-09-17T06:11:26.702693Z DEBUG panoptikon::inferio::http: processing local inference predict model=tags/wd-vit-tagger-v3 inputs=1
2026-09-17T06:11:26.702730Z DEBUG panoptikon::inferio::http: processing local inference predict model=tags/wd-vit-tagger-v3 inputs=1
2026-09-17T06:11:26.702793Z DEBUG panoptikon::inferio::http: processing local inference predict model=tags/wd-vit-tagger-v3 inputs=1
2026-09-17T06:11:26.702827Z DEBUG panoptikon::inferio::http: processing local inference predict model=tags/wd-vit-tagger-v3 inputs=1
2026-09-17T06:11:26.702949Z DEBUG panoptikon::inferio::http: processing local inference predict model=tags/wd-vit-tagger-v3 inputs=1
2026-09-17T06:11:26.703039Z DEBUG panoptikon::inferio::http: processing local inference predict model=tags/wd-vit-tagger-v3 inputs=1
2026-09-17T06:11:26.703121Z DEBUG panoptikon::inferio::http: processing local inference predict model=tags/wd-vit-tagger-v3 inputs=1
2026-09-17T06:11:26.703159Z DEBUG panoptikon::inferio::http: processing local inference predict model=tags/wd-vit-tagger-v3 inputs=1
2026-09-17T06:11:26.703241Z DEBUG panoptikon::inferio::http: processing local inference predict model=tags/wd-vit-tagger-v3 inputs=1
2026-09-17T06:11:26.703321Z DEBUG panoptikon::inferio::http: processing local inference predict model=tags/wd-vit-tagger-v3 inputs=1
2026-09-17T06:11:26.703357Z DEBUG panoptikon::inferio::http: processing local inference predict model=tags/wd-vit-tagger-v3 inputs=1
2026-09-17T06:11:26.703386Z DEBUG panoptikon::inferio::http: processing local inference predict model=tags/wd-vit-tagger-v3 inputs=1
2026-09-17T06:11:26.703531Z DEBUG panoptikon::inferio::http: processing local inference predict model=tags/wd-vit-tagger-v3 inputs=1
2026-09-17T06:11:26.703703Z DEBUG panoptikon::inferio::http: processing local inference predict model=tags/wd-vit-tagger-v3 inputs=1
2026-09-17T06:11:26.703733Z DEBUG panoptikon::inferio::http: processing local inference predict model=tags/wd-vit-tagger-v3 inputs=1
2026-09-17T06:11:26.703764Z DEBUG panoptikon::inferio::http: processing local inference predict model=tags/wd-vit-tagger-v3 inputs=1
2026-09-17T06:11:26.703801Z DEBUG panoptikon::inferio::http: processing local inference predict model=tags/wd-vit-tagger-v3 inputs=1
2026-09-17T06:11:26.703823Z DEBUG panoptikon::inferio::http: processing local inference predict model=tags/wd-vit-tagger-v3 inputs=1
2026-09-17T06:11:26.704222Z DEBUG panoptikon::inferio::http: processing local inference predict model=tags/wd-vit-tagger-v3 inputs=1
2026-09-17T06:11:26.704256Z DEBUG panoptikon::inferio::http: processing local inference predict model=tags/wd-vit-tagger-v3 inputs=1
2026-09-17T06:11:26.704288Z DEBUG panoptikon::inferio::http: processing local inference predict model=tags/wd-vit-tagger-v3 inputs=1
2026-09-17T06:11:26.704319Z DEBUG panoptikon::inferio::http: processing local inference predict model=tags/wd-vit-tagger-v3 inputs=1
2026-09-17T06:11:26.704362Z DEBUG panoptikon::inferio::http: processing local inference predict model=tags/wd-vit-tagger-v3 inputs=1
2026-09-17T06:11:26.704423Z DEBUG panoptikon::inferio::http: processing local inference predict model=tags/wd-vit-tagger-v3 inputs=1
2026-09-17T06:11:26.704654Z DEBUG panoptikon::inferio::http: processing local inference predict model=tags/wd-vit-tagger-v3 inputs=1
2026-09-17T06:11:26.704711Z DEBUG panoptikon::inferio::http: processing local inference predict model=tags/wd-vit-tagger-v3 inputs=1
2026-09-17T06:11:26.704814Z DEBUG panoptikon::inferio::http: processing local inference predict model=tags/wd-vit-tagger-v3 inputs=1
2026-09-17T06:11:26.705147Z DEBUG panoptikon::inferio::http: processing local inference predict model=tags/wd-vit-tagger-v3 inputs=1
2026-09-17T06:11:26.705176Z DEBUG panoptikon::inferio::http: processing local inference predict model=tags/wd-vit-tagger-v3 inputs=1
2026-09-17T06:11:26.705210Z DEBUG panoptikon::inferio::http: processing local inference predict model=tags/wd-vit-tagger-v3 inputs=1
2026-09-17T06:11:26.705237Z DEBUG panoptikon::inferio::http: processing local inference predict model=tags/wd-vit-tagger-v3 inputs=1
2026-09-17T06:11:26.705314Z DEBUG panoptikon::inferio::http: processing local inference predict model=tags/wd-vit-tagger-v3 inputs=1
2026-09-17T06:11:26.705353Z DEBUG panoptikon::inferio::http: processing local inference predict model=tags/wd-vit-tagger-v3 inputs=1
2026-09-17T06:11:26.708720Z  INFO panoptikon::inferio::worker: 2026-09-17 06:11:26,708 [DEBUG] inferio_worker.packing: this window's 534 MiB grant is below 80% of the 1078 MiB of releasable slack in the 1892 MiB pool (1/2 consecutive windows before releasing it) worker=wd_tagger
2026-09-17T06:11:26.830144Z  INFO panoptikon::inferio::worker: 2026-09-17 06:11:26,829 [DEBUG] inferio_worker_impl_0_wd_tagger: Running inference on 15 images worker=wd_tagger
2026-09-17T06:11:29.529046Z  INFO panoptikon::inferio::worker: 2026-09-17 06:11:29,528 [DEBUG] inferio_worker_impl_0_wd_tagger: Running inference on 15 images worker=wd_tagger
2026-09-17T06:11:31.772007Z  INFO panoptikon::inferio::worker: 2026-09-17 06:11:31,771 [DEBUG] inferio_worker_impl_0_wd_tagger: Running inference on 15 images worker=wd_tagger
2026-09-17T06:11:33.837993Z DEBUG panoptikon::inferio::ledger: settled a granted window model=tags/wd-vit-tagger-v3 gpu=CPU outcome="clean" fit_samples=3 throughput_samples=3 clamped_samples=0 clamped=none ramp_step=4 deflation=0 clean_windows=41 max_units_measured=32
2026-09-17T06:11:33.838104Z DEBUG panoptikon::inferio::ledger: issued a memory grant model=tags/wd-vit-tagger-v3 gpu=CPU unit_budget=15 mb=534 canvas_pixels=none share_mb=96008 room_mb=96008 headroom_mb=95169 external_mb=29340 reserve_mb=1024 reserve_rule="capped_default" pre_fit=false ramp_step=4 deflation=0 squeezed=false window_requests=45
2026-09-17T06:11:33.839463Z DEBUG panoptikon::inferio::http: processing local inference predict model=tags/wd-vit-tagger-v3 inputs=1
2026-09-17T06:11:33.839730Z DEBUG panoptikon::inferio::http: processing local inference predict model=tags/wd-vit-tagger-v3 inputs=1
2026-09-17T06:11:33.839768Z DEBUG panoptikon::inferio::http: processing local inference predict model=tags/wd-vit-tagger-v3 inputs=1
2026-09-17T06:11:33.840502Z DEBUG panoptikon::inferio::http: processing local inference predict model=tags/wd-vit-tagger-v3 inputs=1
2026-09-17T06:11:33.840546Z DEBUG panoptikon::inferio::http: processing local inference predict model=tags/wd-vit-tagger-v3 inputs=1
2026-09-17T06:11:33.840581Z DEBUG panoptikon::inferio::http: processing local inference predict model=tags/wd-vit-tagger-v3 inputs=1
2026-09-17T06:11:33.840621Z DEBUG panoptikon::inferio::http: processing local inference predict model=tags/wd-vit-tagger-v3 inputs=1
2026-09-17T06:11:33.840659Z DEBUG panoptikon::inferio::http: processing local inference predict model=tags/wd-vit-tagger-v3 inputs=1
2026-09-17T06:11:33.840688Z DEBUG panoptikon::inferio::http: processing local inference predict model=tags/wd-vit-tagger-v3 inputs=1
2026-09-17T06:11:33.840732Z DEBUG panoptikon::inferio::http: processing local inference predict model=tags/wd-vit-tagger-v3 inputs=1
2026-09-17T06:11:33.840912Z DEBUG panoptikon::inferio::http: processing local inference predict model=tags/wd-vit-tagger-v3 inputs=1
2026-09-17T06:11:33.841088Z DEBUG panoptikon::inferio::http: processing local inference predict model=tags/wd-vit-tagger-v3 inputs=1
2026-09-17T06:11:33.841103Z DEBUG panoptikon::inferio::http: processing local inference predict model=tags/wd-vit-tagger-v3 inputs=1
2026-09-17T06:11:33.841170Z DEBUG panoptikon::inferio::http: processing local inference predict model=tags/wd-vit-tagger-v3 inputs=1
2026-09-17T06:11:33.841220Z DEBUG panoptikon::inferio::http: processing local inference predict model=tags/wd-vit-tagger-v3 inputs=1
2026-09-17T06:11:33.841247Z DEBUG panoptikon::inferio::http: processing local inference predict model=tags/wd-vit-tagger-v3 inputs=1
2026-09-17T06:11:33.841288Z DEBUG panoptikon::inferio::http: processing local inference predict model=tags/wd-vit-tagger-v3 inputs=1
2026-09-17T06:11:33.841321Z DEBUG panoptikon::inferio::http: processing local inference predict model=tags/wd-vit-tagger-v3 inputs=1
2026-09-17T06:11:33.841497Z DEBUG panoptikon::inferio::http: processing local inference predict model=tags/wd-vit-tagger-v3 inputs=1
2026-09-17T06:11:33.841532Z DEBUG panoptikon::inferio::http: processing local inference predict model=tags/wd-vit-tagger-v3 inputs=1
2026-09-17T06:11:33.841623Z DEBUG panoptikon::inferio::http: processing local inference predict model=tags/wd-vit-tagger-v3 inputs=1
2026-09-17T06:11:33.841787Z DEBUG panoptikon::inferio::http: processing local inference predict model=tags/wd-vit-tagger-v3 inputs=1
2026-09-17T06:11:33.841883Z DEBUG panoptikon::inferio::http: processing local inference predict model=tags/wd-vit-tagger-v3 inputs=1
2026-09-17T06:11:33.841908Z DEBUG panoptikon::inferio::http: processing local inference predict model=tags/wd-vit-tagger-v3 inputs=1
2026-09-17T06:11:33.842083Z DEBUG panoptikon::inferio::http: processing local inference predict model=tags/wd-vit-tagger-v3 inputs=1
2026-09-17T06:11:33.842115Z DEBUG panoptikon::inferio::http: processing local inference predict model=tags/wd-vit-tagger-v3 inputs=1
2026-09-17T06:11:33.842145Z DEBUG panoptikon::inferio::http: processing local inference predict model=tags/wd-vit-tagger-v3 inputs=1
2026-09-17T06:11:33.842169Z DEBUG panoptikon::inferio::http: processing local inference predict model=tags/wd-vit-tagger-v3 inputs=1
2026-09-17T06:11:33.842194Z DEBUG panoptikon::inferio::http: processing local inference predict model=tags/wd-vit-tagger-v3 inputs=1
2026-09-17T06:11:33.842217Z DEBUG panoptikon::inferio::http: processing local inference predict model=tags/wd-vit-tagger-v3 inputs=1
2026-09-17T06:11:33.842258Z DEBUG panoptikon::inferio::http: processing local inference predict model=tags/wd-vit-tagger-v3 inputs=1
2026-09-17T06:11:33.842289Z DEBUG panoptikon::inferio::http: processing local inference predict model=tags/wd-vit-tagger-v3 inputs=1
2026-09-17T06:11:33.842319Z DEBUG panoptikon::inferio::http: processing local inference predict model=tags/wd-vit-tagger-v3 inputs=1
2026-09-17T06:11:33.842420Z DEBUG panoptikon::inferio::http: processing local inference predict model=tags/wd-vit-tagger-v3 inputs=1
2026-09-17T06:11:33.842441Z DEBUG panoptikon::inferio::http: processing local inference predict model=tags/wd-vit-tagger-v3 inputs=1
2026-09-17T06:11:33.842593Z DEBUG panoptikon::inferio::http: processing local inference predict model=tags/wd-vit-tagger-v3 inputs=1
2026-09-17T06:11:33.842622Z DEBUG panoptikon::inferio::http: processing local inference predict model=tags/wd-vit-tagger-v3 inputs=1
2026-09-17T06:11:33.842648Z DEBUG panoptikon::inferio::http: processing local inference predict model=tags/wd-vit-tagger-v3 inputs=1
2026-09-17T06:11:33.842850Z DEBUG panoptikon::inferio::http: processing local inference predict model=tags/wd-vit-tagger-v3 inputs=1
2026-09-17T06:11:33.842877Z DEBUG panoptikon::inferio::http: processing local inference predict model=tags/wd-vit-tagger-v3 inputs=1
2026-09-17T06:11:33.842911Z DEBUG panoptikon::inferio::http: processing local inference predict model=tags/wd-vit-tagger-v3 inputs=1
2026-09-17T06:11:33.843188Z DEBUG panoptikon::inferio::http: processing local inference predict model=tags/wd-vit-tagger-v3 inputs=1
2026-09-17T06:11:33.843214Z DEBUG panoptikon::inferio::http: processing local inference predict model=tags/wd-vit-tagger-v3 inputs=1
2026-09-17T06:11:33.843241Z DEBUG panoptikon::inferio::http: processing local inference predict model=tags/wd-vit-tagger-v3 inputs=1
2026-09-17T06:11:33.843268Z DEBUG panoptikon::inferio::http: processing local inference predict model=tags/wd-vit-tagger-v3 inputs=1
2026-09-17T06:11:33.935562Z  INFO panoptikon::inferio::worker: 2026-09-17 06:11:33,935 [DEBUG] inferio_worker_impl_0_wd_tagger: Running inference on 15 images worker=wd_tagger
2026-09-17T06:11:36.532176Z  INFO panoptikon::inferio::worker: 2026-09-17 06:11:36,531 [DEBUG] inferio_worker_impl_0_wd_tagger: Running inference on 15 images worker=wd_tagger
2026-09-17T06:11:38.748410Z  INFO panoptikon::inferio::worker: 2026-09-17 06:11:38,748 [DEBUG] inferio_worker_impl_0_wd_tagger: Running inference on 15 images worker=wd_tagger
2026-09-17T06:11:40.831710Z DEBUG panoptikon::inferio::ledger: settled a granted window model=tags/wd-vit-tagger-v3 gpu=CPU outcome="clean" fit_samples=3 throughput_samples=3 clamped_samples=0 clamped=none ramp_step=4 deflation=0 clean_windows=42 max_units_measured=32
2026-09-17T06:11:40.831818Z DEBUG panoptikon::inferio::ledger: issued a memory grant model=tags/wd-vit-tagger-v3 gpu=CPU unit_budget=15 mb=534 canvas_pixels=none share_mb=96008 room_mb=96008 headroom_mb=95169 external_mb=29353 reserve_mb=1024 reserve_rule="capped_default" pre_fit=false ramp_step=4 deflation=0 squeezed=false window_requests=45
2026-09-17T06:11:40.833555Z DEBUG panoptikon::inferio::http: processing local inference predict model=tags/wd-vit-tagger-v3 inputs=1
2026-09-17T06:11:40.833599Z DEBUG panoptikon::inferio::http: processing local inference predict model=tags/wd-vit-tagger-v3 inputs=1
2026-09-17T06:11:40.834055Z DEBUG panoptikon::inferio::http: processing local inference predict model=tags/wd-vit-tagger-v3 inputs=1
2026-09-17T06:11:40.834152Z DEBUG panoptikon::inferio::http: processing local inference predict model=tags/wd-vit-tagger-v3 inputs=1
2026-09-17T06:11:40.834206Z DEBUG panoptikon::inferio::http: processing local inference predict model=tags/wd-vit-tagger-v3 inputs=1
2026-09-17T06:11:40.834240Z DEBUG panoptikon::inferio::http: processing local inference predict model=tags/wd-vit-tagger-v3 inputs=1
2026-09-17T06:11:40.834329Z DEBUG panoptikon::inferio::http: processing local inference predict model=tags/wd-vit-tagger-v3 inputs=1
2026-09-17T06:11:40.834397Z DEBUG panoptikon::inferio::http: processing local inference predict model=tags/wd-vit-tagger-v3 inputs=1
2026-09-17T06:11:40.834437Z DEBUG panoptikon::inferio::http: processing local inference predict model=tags/wd-vit-tagger-v3 inputs=1
2026-09-17T06:11:40.834474Z DEBUG panoptikon::inferio::http: processing local inference predict model=tags/wd-vit-tagger-v3 inputs=1
2026-09-17T06:11:40.834521Z DEBUG panoptikon::inferio::http: processing local inference predict model=tags/wd-vit-tagger-v3 inputs=1
2026-09-17T06:11:40.834608Z DEBUG panoptikon::inferio::http: processing local inference predict model=tags/wd-vit-tagger-v3 inputs=1
2026-09-17T06:11:40.834710Z DEBUG panoptikon::inferio::http: processing local inference predict model=tags/wd-vit-tagger-v3 inputs=1
2026-09-17T06:11:40.834750Z DEBUG panoptikon::inferio::http: processing local inference predict model=tags/wd-vit-tagger-v3 inputs=1
2026-09-17T06:11:40.834787Z DEBUG panoptikon::inferio::http: processing local inference predict model=tags/wd-vit-tagger-v3 inputs=1
2026-09-17T06:11:40.834818Z DEBUG panoptikon::inferio::http: processing local inference predict model=tags/wd-vit-tagger-v3 inputs=1
2026-09-17T06:11:40.834850Z DEBUG panoptikon::inferio::http: processing local inference predict model=tags/wd-vit-tagger-v3 inputs=1
2026-09-17T06:11:40.835104Z DEBUG panoptikon::inferio::http: processing local inference predict model=tags/wd-vit-tagger-v3 inputs=1
2026-09-17T06:11:40.835137Z DEBUG panoptikon::inferio::http: processing local inference predict model=tags/wd-vit-tagger-v3 inputs=1
2026-09-17T06:11:40.835167Z DEBUG panoptikon::inferio::http: processing local inference predict model=tags/wd-vit-tagger-v3 inputs=1
2026-09-17T06:11:40.835307Z DEBUG panoptikon::inferio::http: processing local inference predict model=tags/wd-vit-tagger-v3 inputs=1
2026-09-17T06:11:40.835402Z DEBUG panoptikon::inferio::http: processing local inference predict model=tags/wd-vit-tagger-v3 inputs=1
2026-09-17T06:11:40.835440Z DEBUG panoptikon::inferio::http: processing local inference predict model=tags/wd-vit-tagger-v3 inputs=1
2026-09-17T06:11:40.835626Z DEBUG panoptikon::inferio::http: processing local inference predict model=tags/wd-vit-tagger-v3 inputs=1
2026-09-17T06:11:40.835827Z DEBUG panoptikon::inferio::http: processing local inference predict model=tags/wd-vit-tagger-v3 inputs=1
2026-09-17T06:11:40.835858Z DEBUG panoptikon::inferio::http: processing local inference predict model=tags/wd-vit-tagger-v3 inputs=1
2026-09-17T06:11:40.835914Z DEBUG panoptikon::inferio::http: processing local inference predict model=tags/wd-vit-tagger-v3 inputs=1
2026-09-17T06:11:40.836061Z DEBUG panoptikon::inferio::http: processing local inference predict model=tags/wd-vit-tagger-v3 inputs=1
2026-09-17T06:11:40.836119Z DEBUG panoptikon::inferio::http: processing local inference predict model=tags/wd-vit-tagger-v3 inputs=1
2026-09-17T06:11:40.836468Z DEBUG panoptikon::inferio::http: processing local inference predict model=tags/wd-vit-tagger-v3 inputs=1
2026-09-17T06:11:40.836500Z DEBUG panoptikon::inferio::http: processing local inference predict model=tags/wd-vit-tagger-v3 inputs=1
2026-09-17T06:11:40.836537Z DEBUG panoptikon::inferio::http: processing local inference predict model=tags/wd-vit-tagger-v3 inputs=1
2026-09-17T06:11:40.839578Z  INFO panoptikon::inferio::worker: 2026-09-17 06:11:40,839 [DEBUG] inferio_worker.packing: this window's 534 MiB grant is below 80% of the 1078 MiB of releasable slack in the 1892 MiB pool (1/2 consecutive windows before releasing it) worker=wd_tagger
2026-09-17T06:11:40.920029Z  INFO panoptikon::inferio::worker: 2026-09-17 06:11:40,919 [DEBUG] inferio_worker_impl_0_wd_tagger: Running inference on 15 images worker=wd_tagger
2026-09-17T06:11:43.099317Z  INFO panoptikon::inferio::worker: 2026-09-17 06:11:43,099 [DEBUG] inferio_worker_impl_0_wd_tagger: Running inference on 15 images worker=wd_tagger
2026-09-17T06:11:45.264348Z  INFO panoptikon::inferio::worker: 2026-09-17 06:11:45,264 [DEBUG] inferio_worker_impl_0_wd_tagger: Running inference on 15 images worker=wd_tagger
2026-09-17T06:11:47.332505Z DEBUG panoptikon::inferio::ledger: settled a granted window model=tags/wd-vit-tagger-v3 gpu=CPU outcome="clean" fit_samples=3 throughput_samples=3 clamped_samples=0 clamped=none ramp_step=4 deflation=0 clean_windows=43 max_units_measured=32
2026-09-17T06:11:47.335989Z DEBUG panoptikon::inferio::ledger: issued a memory grant model=tags/wd-vit-tagger-v3 gpu=CPU unit_budget=15 mb=534 canvas_pixels=none share_mb=96008 room_mb=96008 headroom_mb=95169 external_mb=29286 reserve_mb=1024 reserve_rule="capped_default" pre_fit=false ramp_step=4 deflation=0 squeezed=false window_requests=32
2026-09-17T06:11:47.422291Z  INFO panoptikon::inferio::worker: 2026-09-17 06:11:47,422 [DEBUG] inferio_worker_impl_0_wd_tagger: Running inference on 15 images worker=wd_tagger
2026-09-17T06:11:49.632516Z  INFO panoptikon::inferio::worker: 2026-09-17 06:11:49,632 [DEBUG] inferio_worker_impl_0_wd_tagger: Running inference on 15 images worker=wd_tagger
2026-09-17T06:11:51.712540Z  INFO panoptikon::inferio::worker: 2026-09-17 06:11:51,712 [DEBUG] inferio_worker_impl_0_wd_tagger: Running inference on 2 images worker=wd_tagger
2026-09-17T06:11:52.142270Z DEBUG panoptikon::inferio::ledger: refitted the memory cost model model=tags/wd-vit-tagger-v3 gpu=CPU slope_mb_per_unit=34.63924731182796 intercept_mb=93.36075268817204 residual_mb=10.050537634408556 samples=9 version=18
2026-09-17T06:11:52.142313Z DEBUG panoptikon::inferio::ledger: queued a calibration profile update for the store model=tags/wd-vit-tagger-v3 gpu=CPU reason="fit_changed" max_units_measured=32 fit_version=18
2026-09-17T06:11:52.142331Z DEBUG panoptikon::inferio::ledger: settled a granted window model=tags/wd-vit-tagger-v3 gpu=CPU outcome="clean" fit_samples=3 throughput_samples=2 clamped_samples=0 clamped=none ramp_step=4 deflation=0 clean_windows=44 max_units_measured=32
2026-09-17T06:11:52.143733Z  INFO panoptikon::inferio::calibration: wrote the local calibration store path=data/inferio/calibration.toml profiles=1
2026-09-17T06:11:52.254607Z  INFO panoptikon::jobs::extraction: extraction job phase timing data_load_busy_secs=0.115620534 data_load_work_secs=0.8285928189999991 inference_busy_secs=338.956393548 inference_work_secs=35790.663930980016
2026-09-17T06:11:52.258159Z  INFO Actor{id="0.5" name="job-runner"}: panoptikon::jobs::queue: scheduling deferred database maintenance index_db="cal" queue_id=5 owed=wrote_data,tags_changed
2026-09-17T06:11:52.258179Z  INFO Actor{id="0.5" name="job-runner"}: panoptikon::jobs::queue: unloading batch model at job boundary setter=tags/wd-vit-tagger-v3
2026-09-17T06:11:52.258461Z DEBUG panoptikon::inferio::manager: unload requested model=tags/wd-vit-tagger-v3 cache_key=batch
2026-09-17T06:11:52.258488Z DEBUG panoptikon::inferio::manager: unloading model model=tags/wd-vit-tagger-v3
2026-09-17T06:11:52.258574Z DEBUG panoptikon::inferio::ledger: credited a departed replica's footprint back to the GPU's free reading, so its memory is not reattributed to external usage, and flagged the reading for a refresh model=tags/wd-vit-tagger-v3 gpu=CPU footprint_mb=1317 adjusted_free_mb=99350
2026-09-17T06:11:52.273258Z  INFO panoptikon::inferio::worker: 2026-09-17 06:11:52,273 [DEBUG] inferio_worker_impl_0_wd_tagger: Model SmilingWolf/wd-vit-tagger-v3 unloaded worker=wd_tagger
2026-09-17T06:11:52.273339Z  INFO panoptikon::inferio::worker: 2026-09-17 06:11:52,273 [INFO] inferio_worker: Unloaded; exiting. worker=wd_tagger
2026-09-17T06:12:32.366271Z  INFO panoptikon::shutdown: shutdown signal received; stopping gracefully (repeat the signal to force exit)
2026-09-17T06:12:32.366672Z  INFO panoptikon::shutdown: index DB writers drained writers=2
2026-09-17T06:12:32.366966Z  INFO panoptikon::shutdown: local inference workers stopped
2026-09-17T06:12:32.366993Z  INFO panoptikon::shutdown: background work stopped cleanly
2026-09-17T06:12:32.367503Z  INFO panoptikon: gateway stopped
