2026-09-17T06:14:36.642909Z  INFO panoptikon::logging: logging to file path=data/panoptikon.log
2026-09-17T06:14:36.642941Z  INFO panoptikon::rlimit: open file descriptor limit is already at its maximum soft_nofile=524288
2026-09-17T06:14:36.680914Z  INFO panoptikon::accelerator_report: accelerator backend: using CPU backend="cpu" backend_source=explicitly configured devices=["nvidia:NVIDIA RTX PRO 6000 Blackwell Workstation Edition (CC 12.0)", "nvidia:NVIDIA RTX PRO 6000 Blackwell Workstation Edition (CC 12.0)"]
2026-09-17T06:14:36.852140Z  INFO panoptikon::inferio::gpu: admitting batches from workers that run on the CPU against system RAM (running out of it is an OS process kill rather than a catchable allocation failure, so the device ships with a default ceiling) uuid=CPU name=CPU (128 GB) total_mb=128649 default_cap_fraction=0.75 accelerators=0
2026-09-17T06:14:36.852447Z  INFO panoptikon: serving /api/inference locally (inference_local.enabled)
2026-09-17T06:14:36.942998Z  INFO panoptikon: gateway listening endpoint=default address=127.0.0.1:6922
2026-09-17T06:14:36.943059Z  INFO panoptikon: gateway listening endpoint=test address=127.0.0.1:6923
2026-09-17T06:14:36.943086Z  INFO panoptikon: gateway listening endpoint=legacy_ui address=127.0.0.1:6919
2026-09-17T06:14:36.943111Z  INFO panoptikon: serving HTTP/1.1 and HTTP/2 cleartext max_concurrent_streams=512
2026-09-17T06:14:37.101877Z  INFO panoptikon::media_tools: media tools resolved ffmpeg=/home/admin/projects/panoptikon-wt/final-deploy/pyenv/.venv/lib/python3.12/site-packages/static_ffmpeg/bin/linux/ffmpeg ffprobe=/home/admin/projects/panoptikon-wt/final-deploy/pyenv/.venv/lib/python3.12/site-packages/static_ffmpeg/bin/linux/ffprobe
2026-09-17T06:14:37.325682Z  INFO panoptikon::media_tools::transcode::hw: no hardware H.264 encoder; the fast channel uses libx264 hwaccel="auto"
2026-09-17T06:14:37.784462Z  WARN panoptikon::jobs::files: no headless browser found; HTML files will not be indexed
2026-09-17T06:14:48.636504Z  INFO panoptikon::jobs::files: file scan phase timing folder="/home/admin/tmp-final-deploy/corpus/ramp/" hashing_busy_secs=1.1525346499999987 hashing_work_secs=1.2207011050000007 metadata_busy_secs=0.31284164099999995 metadata_work_secs=0.352002277999999 thumbgen_busy_secs=6.691525083 thumbgen_work_secs=164.06195062099994 blurhash_busy_secs=4.214661446 blurhash_work_secs=14.245725353999992
2026-09-17T06:14:52.636881Z  INFO panoptikon::jobs::files: file scan phase timing folder="/home/admin/tmp-final-deploy/corpus/ramp/" hashing_busy_secs=0.0 hashing_work_secs=0.0 metadata_busy_secs=0.0 metadata_work_secs=0.0 thumbgen_busy_secs=0.0 thumbgen_work_secs=0.0 blurhash_busy_secs=0.0 blurhash_work_secs=0.0
2026-09-17T06:14:52.645253Z  INFO Actor{id="0.5" name="job-runner"}: panoptikon::jobs::queue: scheduling deferred database maintenance index_db="cal" queue_id=3 owed=wrote_data
2026-09-17T06:14:53.828026Z DEBUG panoptikon::inferio_client: multiplexing inference requests over HTTP/2 cleartext endpoint=http://127.0.0.1:6922/api/inference connection_lanes=64 streams_per_lane=64 max_concurrent=256 max_concurrent_ceiling=4096
2026-09-17T06:14:53.908691Z DEBUG panoptikon::inferio::manager: resolved cost dimension model=tags/wd-vit-tagger-v3 unit="item" aggregation="count" epoch=1 seed_units=64 priced=true degraded=false
2026-09-17T06:14:53.908741Z DEBUG panoptikon::inferio::ledger: probing the host for this GPU's free memory before pricing a load against it model="tags/wd-vit-tagger-v3" gpu="CPU" reason="no free sample: this GPU has never had a resident" sample_age_ms=None
2026-09-17T06:14:53.908945Z DEBUG panoptikon::inferio::ledger: refreshed the GPU's free memory from the host probe gpu=CPU source="ram" free_mb=95442 total_mb=128649 external_mb=33207 previous_age_ms=None recorded=true
2026-09-17T06:14:53.975506Z DEBUG panoptikon::inferio::worker: spawned an inferio worker worker=wd_tagger inference_id="tags/wd-vit-tagger-v3" pid=Some(1000148)
2026-09-17T06:14:56.825627Z  INFO panoptikon::inferio::worker: 2026-09-17 06:14:56,825 [INFO] inferio_worker: Resolved impl class wd_tagger to /home/admin/projects/panoptikon-wt/final-deploy/pyenv/inferio/impl/wd_tagger.py worker=wd_tagger
2026-09-17T06:14:56.825837Z  INFO panoptikon::inferio::worker: 2026-09-17 06:14:56,825 [INFO] inferio_worker: Handshake ok for impl class wd_tagger worker=wd_tagger
2026-09-17T06:14:56.825880Z  INFO panoptikon::inferio::worker: 2026-09-17 06:14:56,825 [INFO] inferio_worker: Configured as tags/wd-vit-tagger-v3 worker=wd_tagger
2026-09-17T06:14:58.338429Z  INFO panoptikon::inferio::worker: 2026-09-17 06:14:58,338 [DEBUG] urllib3.connectionpool: Starting new HTTPS connection (1): huggingface.co:443 worker=wd_tagger
2026-09-17T06:14:58.510762Z  INFO panoptikon::inferio::worker: 2026-09-17 06:14:58,510 [DEBUG] urllib3.connectionpool: https://huggingface.co:443 "HEAD /SmilingWolf/wd-vit-tagger-v3/resolve/main/selected_tags.csv HTTP/1.1" 307 0 worker=wd_tagger
2026-09-17T06:14:58.524274Z  INFO panoptikon::inferio::worker: 2026-09-17 06:14:58,524 [DEBUG] urllib3.connectionpool: https://huggingface.co:443 "HEAD /api/resolve-cache/models/SmilingWolf/wd-vit-tagger-v3/7f6b584d0bd3f55c4531f14ba3d4761b2bccdc0f/selected_tags.csv HTTP/1.1" 200 0 worker=wd_tagger
2026-09-17T06:14:58.665340Z  INFO panoptikon::inferio::worker: 2026-09-17 06:14:58,665 [DEBUG] urllib3.connectionpool: https://huggingface.co:443 "HEAD /SmilingWolf/wd-vit-tagger-v3/resolve/main/config.json HTTP/1.1" 307 0 worker=wd_tagger
2026-09-17T06:14:58.679713Z  INFO panoptikon::inferio::worker: 2026-09-17 06:14:58,679 [DEBUG] urllib3.connectionpool: https://huggingface.co:443 "HEAD /api/resolve-cache/models/SmilingWolf/wd-vit-tagger-v3/7f6b584d0bd3f55c4531f14ba3d4761b2bccdc0f/config.json HTTP/1.1" 200 0 worker=wd_tagger
2026-09-17T06:14:59.769529Z  INFO panoptikon::inferio::worker: 2026-09-17 06:14:59,769 [DEBUG] urllib3.connectionpool: https://huggingface.co:443 "HEAD /SmilingWolf/wd-vit-tagger-v3/resolve/main/model.safetensors HTTP/1.1" 302 0 worker=wd_tagger
2026-09-17T06:14:59.770470Z  INFO panoptikon::inferio::worker: 2026-09-17 06:14:59,770 [INFO] timm.models._hub: [SmilingWolf/wd-vit-tagger-v3] Safe alternative available for 'pytorch_model.bin' (as 'model.safetensors'). Loading weights using safetensors. worker=wd_tagger
2026-09-17T06:14:59.799034Z  INFO panoptikon::inferio::worker: 2026-09-17 06:14:59,798 [DEBUG] inferio_worker_impl_0_wd_tagger: Model SmilingWolf/wd-vit-tagger-v3 loaded worker=wd_tagger
2026-09-17T06:14:59.817914Z DEBUG panoptikon::inferio::worker: worker reported its load footprint worker=tags/wd-vit-tagger-v3 base_mb=478 base_method="rss" dtype="fp32" dtype_method="inferred" gpu_name="CPU (128 GB)" gpu_arch="cpu" gpu_total_mb=128649 torch="2.7.1+cpu"
2026-09-17T06:14:59.817952Z DEBUG panoptikon::inferio::manager: replica loaded model=tags/wd-vit-tagger-v3 replica=0 device="<unpinned>"
2026-09-17T06:14:59.818101Z DEBUG panoptikon::inferio::ledger: admitted a worker to a GPU's ledger model=tags/wd-vit-tagger-v3 gpu=CPU replica=2 base_mb=Some(478) base_method="rss" reserved_at_load_mb=Some(1053) seeded_from_store=false
2026-09-17T06:14:59.847610Z DEBUG panoptikon::inferio::http: processing local inference predict model=tags/wd-vit-tagger-v3 inputs=1
2026-09-17T06:14:59.847697Z DEBUG panoptikon::inferio::http: processing local inference predict model=tags/wd-vit-tagger-v3 inputs=1
2026-09-17T06:14:59.847742Z DEBUG panoptikon::inferio::ledger: issued a memory grant model=tags/wd-vit-tagger-v3 gpu=CPU unit_budget=1 mb=96008 canvas_pixels=none share_mb=96008 room_mb=96008 headroom_mb=96008 external_mb=29796 reserve_mb=1024 reserve_rule="capped_default" pre_fit=true ramp_step=0 deflation=0 squeezed=false window_requests=1
2026-09-17T06:14:59.848223Z DEBUG panoptikon::inferio::http: processing local inference predict model=tags/wd-vit-tagger-v3 inputs=1
2026-09-17T06:14:59.848296Z DEBUG panoptikon::inferio::http: processing local inference predict model=tags/wd-vit-tagger-v3 inputs=1
2026-09-17T06:14:59.848881Z DEBUG panoptikon::inferio::http: processing local inference predict model=tags/wd-vit-tagger-v3 inputs=1
2026-09-17T06:14:59.848903Z DEBUG panoptikon::inferio::http: processing local inference predict model=tags/wd-vit-tagger-v3 inputs=1
2026-09-17T06:14:59.848957Z DEBUG panoptikon::inferio::http: processing local inference predict model=tags/wd-vit-tagger-v3 inputs=1
2026-09-17T06:14:59.848988Z DEBUG panoptikon::inferio::http: processing local inference predict model=tags/wd-vit-tagger-v3 inputs=1
2026-09-17T06:14:59.849022Z DEBUG panoptikon::inferio::http: processing local inference predict model=tags/wd-vit-tagger-v3 inputs=1
2026-09-17T06:14:59.849069Z DEBUG panoptikon::inferio::http: processing local inference predict model=tags/wd-vit-tagger-v3 inputs=1
2026-09-17T06:14:59.849250Z DEBUG panoptikon::inferio::http: processing local inference predict model=tags/wd-vit-tagger-v3 inputs=1
2026-09-17T06:14:59.849290Z DEBUG panoptikon::inferio::http: processing local inference predict model=tags/wd-vit-tagger-v3 inputs=1
2026-09-17T06:14:59.849447Z DEBUG panoptikon::inferio::http: processing local inference predict model=tags/wd-vit-tagger-v3 inputs=1
2026-09-17T06:14:59.849466Z DEBUG panoptikon::inferio::http: processing local inference predict model=tags/wd-vit-tagger-v3 inputs=1
2026-09-17T06:14:59.849549Z DEBUG panoptikon::inferio::http: processing local inference predict model=tags/wd-vit-tagger-v3 inputs=1
2026-09-17T06:14:59.850018Z DEBUG panoptikon::inferio::http: processing local inference predict model=tags/wd-vit-tagger-v3 inputs=1
2026-09-17T06:14:59.850113Z DEBUG panoptikon::inferio::http: processing local inference predict model=tags/wd-vit-tagger-v3 inputs=1
2026-09-17T06:14:59.850157Z DEBUG panoptikon::inferio::http: processing local inference predict model=tags/wd-vit-tagger-v3 inputs=1
2026-09-17T06:14:59.850183Z DEBUG panoptikon::inferio::http: processing local inference predict model=tags/wd-vit-tagger-v3 inputs=1
2026-09-17T06:14:59.850330Z DEBUG panoptikon::inferio::http: processing local inference predict model=tags/wd-vit-tagger-v3 inputs=1
2026-09-17T06:14:59.850484Z DEBUG panoptikon::inferio::http: processing local inference predict model=tags/wd-vit-tagger-v3 inputs=1
2026-09-17T06:14:59.850635Z DEBUG panoptikon::inferio::http: processing local inference predict model=tags/wd-vit-tagger-v3 inputs=1
2026-09-17T06:14:59.850698Z DEBUG panoptikon::inferio::http: processing local inference predict model=tags/wd-vit-tagger-v3 inputs=1
2026-09-17T06:14:59.851085Z DEBUG panoptikon::inferio::http: processing local inference predict model=tags/wd-vit-tagger-v3 inputs=1
2026-09-17T06:14:59.851151Z DEBUG panoptikon::inferio::http: processing local inference predict model=tags/wd-vit-tagger-v3 inputs=1
2026-09-17T06:14:59.851189Z DEBUG panoptikon::inferio::http: processing local inference predict model=tags/wd-vit-tagger-v3 inputs=1
2026-09-17T06:14:59.851544Z DEBUG panoptikon::inferio::http: processing local inference predict model=tags/wd-vit-tagger-v3 inputs=1
2026-09-17T06:14:59.851872Z DEBUG panoptikon::inferio::http: processing local inference predict model=tags/wd-vit-tagger-v3 inputs=1
2026-09-17T06:14:59.851951Z DEBUG panoptikon::inferio::http: processing local inference predict model=tags/wd-vit-tagger-v3 inputs=1
2026-09-17T06:14:59.852229Z DEBUG panoptikon::inferio::http: processing local inference predict model=tags/wd-vit-tagger-v3 inputs=1
2026-09-17T06:14:59.852698Z DEBUG panoptikon::inferio::http: processing local inference predict model=tags/wd-vit-tagger-v3 inputs=1
2026-09-17T06:14:59.852749Z DEBUG panoptikon::inferio::http: processing local inference predict model=tags/wd-vit-tagger-v3 inputs=1
2026-09-17T06:14:59.852832Z DEBUG panoptikon::inferio::http: processing local inference predict model=tags/wd-vit-tagger-v3 inputs=1
2026-09-17T06:14:59.852896Z DEBUG panoptikon::inferio::http: processing local inference predict model=tags/wd-vit-tagger-v3 inputs=1
2026-09-17T06:14:59.852965Z DEBUG panoptikon::inferio::http: processing local inference predict model=tags/wd-vit-tagger-v3 inputs=1
2026-09-17T06:14:59.853019Z DEBUG panoptikon::inferio::http: processing local inference predict model=tags/wd-vit-tagger-v3 inputs=1
2026-09-17T06:14:59.853068Z DEBUG panoptikon::inferio::http: processing local inference predict model=tags/wd-vit-tagger-v3 inputs=1
2026-09-17T06:14:59.853214Z DEBUG panoptikon::inferio::http: processing local inference predict model=tags/wd-vit-tagger-v3 inputs=1
2026-09-17T06:14:59.853343Z DEBUG panoptikon::inferio::http: processing local inference predict model=tags/wd-vit-tagger-v3 inputs=1
2026-09-17T06:14:59.853698Z DEBUG panoptikon::inferio::http: processing local inference predict model=tags/wd-vit-tagger-v3 inputs=1
2026-09-17T06:14:59.853759Z DEBUG panoptikon::inferio::http: processing local inference predict model=tags/wd-vit-tagger-v3 inputs=1
2026-09-17T06:14:59.854043Z DEBUG panoptikon::inferio::http: processing local inference predict model=tags/wd-vit-tagger-v3 inputs=1
2026-09-17T06:14:59.854113Z DEBUG panoptikon::inferio::http: processing local inference predict model=tags/wd-vit-tagger-v3 inputs=1
2026-09-17T06:14:59.854182Z DEBUG panoptikon::inferio::http: processing local inference predict model=tags/wd-vit-tagger-v3 inputs=1
2026-09-17T06:14:59.854237Z DEBUG panoptikon::inferio::http: processing local inference predict model=tags/wd-vit-tagger-v3 inputs=1
2026-09-17T06:14:59.854546Z DEBUG panoptikon::inferio::http: processing local inference predict model=tags/wd-vit-tagger-v3 inputs=1
2026-09-17T06:14:59.854782Z DEBUG panoptikon::inferio::http: processing local inference predict model=tags/wd-vit-tagger-v3 inputs=1
2026-09-17T06:14:59.855008Z DEBUG panoptikon::inferio::http: processing local inference predict model=tags/wd-vit-tagger-v3 inputs=1
2026-09-17T06:14:59.855041Z DEBUG panoptikon::inferio::http: processing local inference predict model=tags/wd-vit-tagger-v3 inputs=1
2026-09-17T06:14:59.855080Z DEBUG panoptikon::inferio::http: processing local inference predict model=tags/wd-vit-tagger-v3 inputs=1
2026-09-17T06:14:59.855276Z DEBUG panoptikon::inferio::http: processing local inference predict model=tags/wd-vit-tagger-v3 inputs=1
2026-09-17T06:14:59.855338Z DEBUG panoptikon::inferio::http: processing local inference predict model=tags/wd-vit-tagger-v3 inputs=1
2026-09-17T06:14:59.855820Z DEBUG panoptikon::inferio::http: processing local inference predict model=tags/wd-vit-tagger-v3 inputs=1
2026-09-17T06:14:59.855911Z DEBUG panoptikon::inferio::http: processing local inference predict model=tags/wd-vit-tagger-v3 inputs=1
2026-09-17T06:14:59.855954Z DEBUG panoptikon::inferio::http: processing local inference predict model=tags/wd-vit-tagger-v3 inputs=1
2026-09-17T06:14:59.856115Z DEBUG panoptikon::inferio::http: processing local inference predict model=tags/wd-vit-tagger-v3 inputs=1
2026-09-17T06:14:59.856171Z DEBUG panoptikon::inferio::http: processing local inference predict model=tags/wd-vit-tagger-v3 inputs=1
2026-09-17T06:14:59.856264Z DEBUG panoptikon::inferio::http: processing local inference predict model=tags/wd-vit-tagger-v3 inputs=1
2026-09-17T06:14:59.856335Z DEBUG panoptikon::inferio::http: processing local inference predict model=tags/wd-vit-tagger-v3 inputs=1
2026-09-17T06:14:59.856648Z DEBUG panoptikon::inferio::http: processing local inference predict model=tags/wd-vit-tagger-v3 inputs=1
2026-09-17T06:14:59.856732Z DEBUG panoptikon::inferio::http: processing local inference predict model=tags/wd-vit-tagger-v3 inputs=1
2026-09-17T06:14:59.856934Z DEBUG panoptikon::inferio::http: processing local inference predict model=tags/wd-vit-tagger-v3 inputs=1
2026-09-17T06:14:59.857003Z DEBUG panoptikon::inferio::http: processing local inference predict model=tags/wd-vit-tagger-v3 inputs=1
2026-09-17T06:14:59.857066Z DEBUG panoptikon::inferio::http: processing local inference predict model=tags/wd-vit-tagger-v3 inputs=1
2026-09-17T06:14:59.859335Z  INFO panoptikon::inferio::worker: 2026-09-17 06:14:59,859 [DEBUG] inferio_worker_impl_0_wd_tagger: Running inference on 1 images worker=wd_tagger
2026-09-17T06:15:00.292138Z DEBUG panoptikon::inferio::ledger: queued a calibration profile update for the store model=tags/wd-vit-tagger-v3 gpu=CPU reason="anchor_advanced" max_units_measured=0 fit_version=0
2026-09-17T06:15:00.292246Z DEBUG panoptikon::inferio::ledger: settled a granted window model=tags/wd-vit-tagger-v3 gpu=CPU outcome="clean" fit_samples=1 throughput_samples=1 clamped_samples=0 clamped=none ramp_step=0 deflation=0 clean_windows=1 max_units_measured=1
2026-09-17T06:15:00.292360Z DEBUG panoptikon::inferio::ledger: issued a memory grant model=tags/wd-vit-tagger-v3 gpu=CPU unit_budget=2 mb=96008 canvas_pixels=none share_mb=96008 room_mb=96008 headroom_mb=96008 external_mb=29994 reserve_mb=1024 reserve_rule="capped_default" pre_fit=true ramp_step=0 deflation=0 squeezed=false window_requests=6
2026-09-17T06:15:00.293628Z  INFO panoptikon::inferio::calibration: wrote the local calibration store path=data/inferio/calibration.toml profiles=1
2026-09-17T06:15:00.294032Z DEBUG panoptikon::inferio::http: processing local inference predict model=tags/wd-vit-tagger-v3 inputs=1
2026-09-17T06:15:00.312873Z DEBUG panoptikon::inferio::http: processing local inference predict model=tags/wd-vit-tagger-v3 inputs=1
2026-09-17T06:15:00.312945Z DEBUG panoptikon::inferio::http: processing local inference predict model=tags/wd-vit-tagger-v3 inputs=1
2026-09-17T06:15:00.313021Z DEBUG panoptikon::inferio::http: processing local inference predict model=tags/wd-vit-tagger-v3 inputs=1
2026-09-17T06:15:00.313420Z DEBUG panoptikon::inferio::http: processing local inference predict model=tags/wd-vit-tagger-v3 inputs=1
2026-09-17T06:15:00.313726Z DEBUG panoptikon::inferio::http: processing local inference predict model=tags/wd-vit-tagger-v3 inputs=1
2026-09-17T06:15:00.313821Z DEBUG panoptikon::inferio::http: processing local inference predict model=tags/wd-vit-tagger-v3 inputs=1
2026-09-17T06:15:00.313901Z DEBUG panoptikon::inferio::http: processing local inference predict model=tags/wd-vit-tagger-v3 inputs=1
2026-09-17T06:15:00.313963Z DEBUG panoptikon::inferio::http: processing local inference predict model=tags/wd-vit-tagger-v3 inputs=1
2026-09-17T06:15:00.314015Z DEBUG panoptikon::inferio::http: processing local inference predict model=tags/wd-vit-tagger-v3 inputs=1
2026-09-17T06:15:00.314432Z DEBUG panoptikon::inferio::http: processing local inference predict model=tags/wd-vit-tagger-v3 inputs=1
2026-09-17T06:15:00.314528Z DEBUG panoptikon::inferio::http: processing local inference predict model=tags/wd-vit-tagger-v3 inputs=1
2026-09-17T06:15:00.314656Z DEBUG panoptikon::inferio::http: processing local inference predict model=tags/wd-vit-tagger-v3 inputs=1
2026-09-17T06:15:00.315040Z DEBUG panoptikon::inferio::http: processing local inference predict model=tags/wd-vit-tagger-v3 inputs=1
2026-09-17T06:15:00.315174Z DEBUG panoptikon::inferio::http: processing local inference predict model=tags/wd-vit-tagger-v3 inputs=1
2026-09-17T06:15:00.315398Z DEBUG panoptikon::inferio::http: processing local inference predict model=tags/wd-vit-tagger-v3 inputs=1
2026-09-17T06:15:00.315451Z DEBUG panoptikon::inferio::http: processing local inference predict model=tags/wd-vit-tagger-v3 inputs=1
2026-09-17T06:15:00.315505Z DEBUG panoptikon::inferio::http: processing local inference predict model=tags/wd-vit-tagger-v3 inputs=1
2026-09-17T06:15:00.315613Z DEBUG panoptikon::inferio::http: processing local inference predict model=tags/wd-vit-tagger-v3 inputs=1
2026-09-17T06:15:00.316005Z DEBUG panoptikon::inferio::http: processing local inference predict model=tags/wd-vit-tagger-v3 inputs=1
2026-09-17T06:15:00.316124Z DEBUG panoptikon::inferio::http: processing local inference predict model=tags/wd-vit-tagger-v3 inputs=1
2026-09-17T06:15:00.316246Z DEBUG panoptikon::inferio::http: processing local inference predict model=tags/wd-vit-tagger-v3 inputs=1
2026-09-17T06:15:00.316447Z DEBUG panoptikon::inferio::http: processing local inference predict model=tags/wd-vit-tagger-v3 inputs=1
2026-09-17T06:15:00.316603Z  INFO panoptikon::inferio::worker: 2026-09-17 06:15:00,316 [DEBUG] inferio_worker_impl_0_wd_tagger: Running inference on 2 images worker=wd_tagger
2026-09-17T06:15:00.316648Z DEBUG panoptikon::inferio::http: processing local inference predict model=tags/wd-vit-tagger-v3 inputs=1
2026-09-17T06:15:00.316719Z DEBUG panoptikon::inferio::http: processing local inference predict model=tags/wd-vit-tagger-v3 inputs=1
2026-09-17T06:15:00.316777Z DEBUG panoptikon::inferio::http: processing local inference predict model=tags/wd-vit-tagger-v3 inputs=1
2026-09-17T06:15:00.316821Z DEBUG panoptikon::inferio::http: processing local inference predict model=tags/wd-vit-tagger-v3 inputs=1
2026-09-17T06:15:00.316913Z DEBUG panoptikon::inferio::http: processing local inference predict model=tags/wd-vit-tagger-v3 inputs=1
2026-09-17T06:15:00.317030Z DEBUG panoptikon::inferio::http: processing local inference predict model=tags/wd-vit-tagger-v3 inputs=1
2026-09-17T06:15:00.317156Z DEBUG panoptikon::inferio::http: processing local inference predict model=tags/wd-vit-tagger-v3 inputs=1
2026-09-17T06:15:00.317419Z DEBUG panoptikon::inferio::http: processing local inference predict model=tags/wd-vit-tagger-v3 inputs=1
2026-09-17T06:15:00.317557Z DEBUG panoptikon::inferio::http: processing local inference predict model=tags/wd-vit-tagger-v3 inputs=1
2026-09-17T06:15:00.318208Z DEBUG panoptikon::inferio::http: processing local inference predict model=tags/wd-vit-tagger-v3 inputs=1
2026-09-17T06:15:00.318267Z DEBUG panoptikon::inferio::http: processing local inference predict model=tags/wd-vit-tagger-v3 inputs=1
2026-09-17T06:15:00.318327Z DEBUG panoptikon::inferio::http: processing local inference predict model=tags/wd-vit-tagger-v3 inputs=1
2026-09-17T06:15:00.318405Z DEBUG panoptikon::inferio::http: processing local inference predict model=tags/wd-vit-tagger-v3 inputs=1
2026-09-17T06:15:00.318518Z DEBUG panoptikon::inferio::http: processing local inference predict model=tags/wd-vit-tagger-v3 inputs=1
2026-09-17T06:15:00.318599Z DEBUG panoptikon::inferio::http: processing local inference predict model=tags/wd-vit-tagger-v3 inputs=1
2026-09-17T06:15:00.318650Z DEBUG panoptikon::inferio::http: processing local inference predict model=tags/wd-vit-tagger-v3 inputs=1
2026-09-17T06:15:00.318710Z DEBUG panoptikon::inferio::http: processing local inference predict model=tags/wd-vit-tagger-v3 inputs=1
2026-09-17T06:15:00.319135Z DEBUG panoptikon::inferio::http: processing local inference predict model=tags/wd-vit-tagger-v3 inputs=1
2026-09-17T06:15:00.319181Z DEBUG panoptikon::inferio::http: processing local inference predict model=tags/wd-vit-tagger-v3 inputs=1
2026-09-17T06:15:00.319391Z DEBUG panoptikon::inferio::http: processing local inference predict model=tags/wd-vit-tagger-v3 inputs=1
2026-09-17T06:15:00.319455Z DEBUG panoptikon::inferio::http: processing local inference predict model=tags/wd-vit-tagger-v3 inputs=1
2026-09-17T06:15:00.319570Z DEBUG panoptikon::inferio::http: processing local inference predict model=tags/wd-vit-tagger-v3 inputs=1
2026-09-17T06:15:00.319733Z DEBUG panoptikon::inferio::http: processing local inference predict model=tags/wd-vit-tagger-v3 inputs=1
2026-09-17T06:15:00.319781Z DEBUG panoptikon::inferio::http: processing local inference predict model=tags/wd-vit-tagger-v3 inputs=1
2026-09-17T06:15:00.320109Z DEBUG panoptikon::inferio::http: processing local inference predict model=tags/wd-vit-tagger-v3 inputs=1
2026-09-17T06:15:00.320185Z DEBUG panoptikon::inferio::http: processing local inference predict model=tags/wd-vit-tagger-v3 inputs=1
2026-09-17T06:15:00.320310Z DEBUG panoptikon::inferio::http: processing local inference predict model=tags/wd-vit-tagger-v3 inputs=1
2026-09-17T06:15:00.320650Z DEBUG panoptikon::inferio::http: processing local inference predict model=tags/wd-vit-tagger-v3 inputs=1
2026-09-17T06:15:00.320700Z DEBUG panoptikon::inferio::http: processing local inference predict model=tags/wd-vit-tagger-v3 inputs=1
2026-09-17T06:15:00.321130Z DEBUG panoptikon::inferio::http: processing local inference predict model=tags/wd-vit-tagger-v3 inputs=1
2026-09-17T06:15:00.321253Z DEBUG panoptikon::inferio::http: processing local inference predict model=tags/wd-vit-tagger-v3 inputs=1
2026-09-17T06:15:00.321511Z DEBUG panoptikon::inferio::http: processing local inference predict model=tags/wd-vit-tagger-v3 inputs=1
2026-09-17T06:15:00.321589Z DEBUG panoptikon::inferio::http: processing local inference predict model=tags/wd-vit-tagger-v3 inputs=1
2026-09-17T06:15:00.321788Z DEBUG panoptikon::inferio::http: processing local inference predict model=tags/wd-vit-tagger-v3 inputs=1
2026-09-17T06:15:00.321982Z DEBUG panoptikon::inferio::http: processing local inference predict model=tags/wd-vit-tagger-v3 inputs=1
2026-09-17T06:15:00.322262Z DEBUG panoptikon::inferio::http: processing local inference predict model=tags/wd-vit-tagger-v3 inputs=1
2026-09-17T06:15:00.322381Z DEBUG panoptikon::inferio::http: processing local inference predict model=tags/wd-vit-tagger-v3 inputs=1
2026-09-17T06:15:00.322457Z DEBUG panoptikon::inferio::http: processing local inference predict model=tags/wd-vit-tagger-v3 inputs=1
2026-09-17T06:15:00.322523Z DEBUG panoptikon::inferio::http: processing local inference predict model=tags/wd-vit-tagger-v3 inputs=1
2026-09-17T06:15:00.322579Z DEBUG panoptikon::inferio::http: processing local inference predict model=tags/wd-vit-tagger-v3 inputs=1
2026-09-17T06:15:00.322624Z DEBUG panoptikon::inferio::http: processing local inference predict model=tags/wd-vit-tagger-v3 inputs=1
2026-09-17T06:15:00.322685Z DEBUG panoptikon::inferio::http: processing local inference predict model=tags/wd-vit-tagger-v3 inputs=1
2026-09-17T06:15:00.338359Z DEBUG panoptikon::inferio::http: processing local inference predict model=tags/wd-vit-tagger-v3 inputs=1
2026-09-17T06:15:00.338443Z DEBUG panoptikon::inferio::http: processing local inference predict model=tags/wd-vit-tagger-v3 inputs=1
2026-09-17T06:15:00.338605Z DEBUG panoptikon::inferio::http: processing local inference predict model=tags/wd-vit-tagger-v3 inputs=1
2026-09-17T06:15:00.338741Z DEBUG panoptikon::inferio::http: processing local inference predict model=tags/wd-vit-tagger-v3 inputs=1
2026-09-17T06:15:00.338796Z DEBUG panoptikon::inferio::http: processing local inference predict model=tags/wd-vit-tagger-v3 inputs=1
2026-09-17T06:15:00.339205Z DEBUG panoptikon::inferio::http: processing local inference predict model=tags/wd-vit-tagger-v3 inputs=1
2026-09-17T06:15:00.339293Z DEBUG panoptikon::inferio::http: processing local inference predict model=tags/wd-vit-tagger-v3 inputs=1
2026-09-17T06:15:00.339583Z DEBUG panoptikon::inferio::http: processing local inference predict model=tags/wd-vit-tagger-v3 inputs=1
2026-09-17T06:15:00.339734Z DEBUG panoptikon::inferio::http: processing local inference predict model=tags/wd-vit-tagger-v3 inputs=1
2026-09-17T06:15:00.339782Z DEBUG panoptikon::inferio::http: processing local inference predict model=tags/wd-vit-tagger-v3 inputs=1
2026-09-17T06:15:00.340464Z DEBUG panoptikon::inferio::http: processing local inference predict model=tags/wd-vit-tagger-v3 inputs=1
2026-09-17T06:15:00.340551Z DEBUG panoptikon::inferio::http: processing local inference predict model=tags/wd-vit-tagger-v3 inputs=1
2026-09-17T06:15:00.340626Z DEBUG panoptikon::inferio::http: processing local inference predict model=tags/wd-vit-tagger-v3 inputs=1
2026-09-17T06:15:00.340689Z DEBUG panoptikon::inferio::http: processing local inference predict model=tags/wd-vit-tagger-v3 inputs=1
2026-09-17T06:15:00.340964Z DEBUG panoptikon::inferio::http: processing local inference predict model=tags/wd-vit-tagger-v3 inputs=1
2026-09-17T06:15:00.341024Z DEBUG panoptikon::inferio::http: processing local inference predict model=tags/wd-vit-tagger-v3 inputs=1
2026-09-17T06:15:00.341512Z DEBUG panoptikon::inferio::http: processing local inference predict model=tags/wd-vit-tagger-v3 inputs=1
2026-09-17T06:15:00.341692Z DEBUG panoptikon::inferio::http: processing local inference predict model=tags/wd-vit-tagger-v3 inputs=1
2026-09-17T06:15:00.341871Z DEBUG panoptikon::inferio::http: processing local inference predict model=tags/wd-vit-tagger-v3 inputs=1
2026-09-17T06:15:00.341931Z DEBUG panoptikon::inferio::http: processing local inference predict model=tags/wd-vit-tagger-v3 inputs=1
2026-09-17T06:15:00.342525Z DEBUG panoptikon::inferio::http: processing local inference predict model=tags/wd-vit-tagger-v3 inputs=1
2026-09-17T06:15:00.342585Z DEBUG panoptikon::inferio::http: processing local inference predict model=tags/wd-vit-tagger-v3 inputs=1
2026-09-17T06:15:00.342699Z DEBUG panoptikon::inferio::http: processing local inference predict model=tags/wd-vit-tagger-v3 inputs=1
2026-09-17T06:15:00.342772Z DEBUG panoptikon::inferio::http: processing local inference predict model=tags/wd-vit-tagger-v3 inputs=1
2026-09-17T06:15:00.342842Z DEBUG panoptikon::inferio::http: processing local inference predict model=tags/wd-vit-tagger-v3 inputs=1
2026-09-17T06:15:00.342916Z DEBUG panoptikon::inferio::http: processing local inference predict model=tags/wd-vit-tagger-v3 inputs=1
2026-09-17T06:15:00.343009Z DEBUG panoptikon::inferio::http: processing local inference predict model=tags/wd-vit-tagger-v3 inputs=1
2026-09-17T06:15:00.343096Z DEBUG panoptikon::inferio::http: processing local inference predict model=tags/wd-vit-tagger-v3 inputs=1
2026-09-17T06:15:00.343147Z DEBUG panoptikon::inferio::http: processing local inference predict model=tags/wd-vit-tagger-v3 inputs=1
2026-09-17T06:15:00.343225Z DEBUG panoptikon::inferio::http: processing local inference predict model=tags/wd-vit-tagger-v3 inputs=1
2026-09-17T06:15:00.343292Z DEBUG panoptikon::inferio::http: processing local inference predict model=tags/wd-vit-tagger-v3 inputs=1
2026-09-17T06:15:00.343887Z DEBUG panoptikon::inferio::http: processing local inference predict model=tags/wd-vit-tagger-v3 inputs=1
2026-09-17T06:15:00.343961Z DEBUG panoptikon::inferio::http: processing local inference predict model=tags/wd-vit-tagger-v3 inputs=1
2026-09-17T06:15:00.344007Z DEBUG panoptikon::inferio::http: processing local inference predict model=tags/wd-vit-tagger-v3 inputs=1
2026-09-17T06:15:00.344073Z DEBUG panoptikon::inferio::http: processing local inference predict model=tags/wd-vit-tagger-v3 inputs=1
2026-09-17T06:15:00.344177Z DEBUG panoptikon::inferio::http: processing local inference predict model=tags/wd-vit-tagger-v3 inputs=1
2026-09-17T06:15:00.344228Z DEBUG panoptikon::inferio::http: processing local inference predict model=tags/wd-vit-tagger-v3 inputs=1
2026-09-17T06:15:00.344276Z DEBUG panoptikon::inferio::http: processing local inference predict model=tags/wd-vit-tagger-v3 inputs=1
2026-09-17T06:15:00.344347Z DEBUG panoptikon::inferio::http: processing local inference predict model=tags/wd-vit-tagger-v3 inputs=1
2026-09-17T06:15:00.344755Z DEBUG panoptikon::inferio::http: processing local inference predict model=tags/wd-vit-tagger-v3 inputs=1
2026-09-17T06:15:00.344925Z DEBUG panoptikon::inferio::http: processing local inference predict model=tags/wd-vit-tagger-v3 inputs=1
2026-09-17T06:15:00.345512Z DEBUG panoptikon::inferio::http: processing local inference predict model=tags/wd-vit-tagger-v3 inputs=1
2026-09-17T06:15:00.345774Z DEBUG panoptikon::inferio::http: processing local inference predict model=tags/wd-vit-tagger-v3 inputs=1
2026-09-17T06:15:00.345954Z DEBUG panoptikon::inferio::http: processing local inference predict model=tags/wd-vit-tagger-v3 inputs=1
2026-09-17T06:15:00.345989Z DEBUG panoptikon::inferio::http: processing local inference predict model=tags/wd-vit-tagger-v3 inputs=1
2026-09-17T06:15:00.347133Z DEBUG panoptikon::inferio::http: processing local inference predict model=tags/wd-vit-tagger-v3 inputs=1
2026-09-17T06:15:00.347202Z DEBUG panoptikon::inferio::http: processing local inference predict model=tags/wd-vit-tagger-v3 inputs=1
2026-09-17T06:15:00.347298Z DEBUG panoptikon::inferio::http: processing local inference predict model=tags/wd-vit-tagger-v3 inputs=1
2026-09-17T06:15:00.347362Z DEBUG panoptikon::inferio::http: processing local inference predict model=tags/wd-vit-tagger-v3 inputs=1
2026-09-17T06:15:00.347417Z DEBUG panoptikon::inferio::http: processing local inference predict model=tags/wd-vit-tagger-v3 inputs=1
2026-09-17T06:15:00.347497Z DEBUG panoptikon::inferio::http: processing local inference predict model=tags/wd-vit-tagger-v3 inputs=1
2026-09-17T06:15:00.347542Z DEBUG panoptikon::inferio::http: processing local inference predict model=tags/wd-vit-tagger-v3 inputs=1
2026-09-17T06:15:00.347621Z DEBUG panoptikon::inferio::http: processing local inference predict model=tags/wd-vit-tagger-v3 inputs=1
2026-09-17T06:15:00.347951Z DEBUG panoptikon::inferio::http: processing local inference predict model=tags/wd-vit-tagger-v3 inputs=1
2026-09-17T06:15:00.348058Z DEBUG panoptikon::inferio::http: processing local inference predict model=tags/wd-vit-tagger-v3 inputs=1
2026-09-17T06:15:00.348225Z DEBUG panoptikon::inferio::http: processing local inference predict model=tags/wd-vit-tagger-v3 inputs=1
2026-09-17T06:15:00.348262Z DEBUG panoptikon::inferio::http: processing local inference predict model=tags/wd-vit-tagger-v3 inputs=1
2026-09-17T06:15:00.348380Z DEBUG panoptikon::inferio::http: processing local inference predict model=tags/wd-vit-tagger-v3 inputs=1
2026-09-17T06:15:00.348440Z DEBUG panoptikon::inferio::http: processing local inference predict model=tags/wd-vit-tagger-v3 inputs=1
2026-09-17T06:15:00.348504Z DEBUG panoptikon::inferio::http: processing local inference predict model=tags/wd-vit-tagger-v3 inputs=1
2026-09-17T06:15:00.348573Z DEBUG panoptikon::inferio::http: processing local inference predict model=tags/wd-vit-tagger-v3 inputs=1
2026-09-17T06:15:00.348619Z DEBUG panoptikon::inferio::http: processing local inference predict model=tags/wd-vit-tagger-v3 inputs=1
2026-09-17T06:15:00.348669Z DEBUG panoptikon::inferio::http: processing local inference predict model=tags/wd-vit-tagger-v3 inputs=1
2026-09-17T06:15:00.348738Z DEBUG panoptikon::inferio::http: processing local inference predict model=tags/wd-vit-tagger-v3 inputs=1
2026-09-17T06:15:00.364632Z DEBUG panoptikon::inferio::http: processing local inference predict model=tags/wd-vit-tagger-v3 inputs=1
2026-09-17T06:15:00.365259Z DEBUG panoptikon::inferio::http: processing local inference predict model=tags/wd-vit-tagger-v3 inputs=1
2026-09-17T06:15:00.365446Z DEBUG panoptikon::inferio::http: processing local inference predict model=tags/wd-vit-tagger-v3 inputs=1
2026-09-17T06:15:00.365493Z DEBUG panoptikon::inferio::http: processing local inference predict model=tags/wd-vit-tagger-v3 inputs=1
2026-09-17T06:15:00.365548Z DEBUG panoptikon::inferio::http: processing local inference predict model=tags/wd-vit-tagger-v3 inputs=1
2026-09-17T06:15:00.365590Z DEBUG panoptikon::inferio::http: processing local inference predict model=tags/wd-vit-tagger-v3 inputs=1
2026-09-17T06:15:00.365661Z DEBUG panoptikon::inferio::http: processing local inference predict model=tags/wd-vit-tagger-v3 inputs=1
2026-09-17T06:15:00.365702Z DEBUG panoptikon::inferio::http: processing local inference predict model=tags/wd-vit-tagger-v3 inputs=1
2026-09-17T06:15:00.365773Z DEBUG panoptikon::inferio::http: processing local inference predict model=tags/wd-vit-tagger-v3 inputs=1
2026-09-17T06:15:00.365948Z DEBUG panoptikon::inferio::http: processing local inference predict model=tags/wd-vit-tagger-v3 inputs=1
2026-09-17T06:15:00.366155Z DEBUG panoptikon::inferio::http: processing local inference predict model=tags/wd-vit-tagger-v3 inputs=1
2026-09-17T06:15:00.366321Z DEBUG panoptikon::inferio::http: processing local inference predict model=tags/wd-vit-tagger-v3 inputs=1
2026-09-17T06:15:00.366644Z DEBUG panoptikon::inferio::http: processing local inference predict model=tags/wd-vit-tagger-v3 inputs=1
2026-09-17T06:15:00.366696Z DEBUG panoptikon::inferio::http: processing local inference predict model=tags/wd-vit-tagger-v3 inputs=1
2026-09-17T06:15:00.366777Z DEBUG panoptikon::inferio::http: processing local inference predict model=tags/wd-vit-tagger-v3 inputs=1
2026-09-17T06:15:00.367020Z DEBUG panoptikon::inferio::http: processing local inference predict model=tags/wd-vit-tagger-v3 inputs=1
2026-09-17T06:15:00.367048Z DEBUG panoptikon::inferio::http: processing local inference predict model=tags/wd-vit-tagger-v3 inputs=1
2026-09-17T06:15:00.367374Z DEBUG panoptikon::inferio::http: processing local inference predict model=tags/wd-vit-tagger-v3 inputs=1
2026-09-17T06:15:00.367408Z DEBUG panoptikon::inferio::http: processing local inference predict model=tags/wd-vit-tagger-v3 inputs=1
2026-09-17T06:15:00.367517Z DEBUG panoptikon::inferio::http: processing local inference predict model=tags/wd-vit-tagger-v3 inputs=1
2026-09-17T06:15:00.367604Z DEBUG panoptikon::inferio::http: processing local inference predict model=tags/wd-vit-tagger-v3 inputs=1
2026-09-17T06:15:00.367716Z DEBUG panoptikon::inferio::http: processing local inference predict model=tags/wd-vit-tagger-v3 inputs=1
2026-09-17T06:15:00.367803Z DEBUG panoptikon::inferio::http: processing local inference predict model=tags/wd-vit-tagger-v3 inputs=1
2026-09-17T06:15:00.368154Z DEBUG panoptikon::inferio::http: processing local inference predict model=tags/wd-vit-tagger-v3 inputs=1
2026-09-17T06:15:00.368288Z DEBUG panoptikon::inferio::http: processing local inference predict model=tags/wd-vit-tagger-v3 inputs=1
2026-09-17T06:15:00.368566Z DEBUG panoptikon::inferio::http: processing local inference predict model=tags/wd-vit-tagger-v3 inputs=1
2026-09-17T06:15:00.368683Z DEBUG panoptikon::inferio::http: processing local inference predict model=tags/wd-vit-tagger-v3 inputs=1
2026-09-17T06:15:00.369035Z DEBUG panoptikon::inferio::http: processing local inference predict model=tags/wd-vit-tagger-v3 inputs=1
2026-09-17T06:15:00.369220Z DEBUG panoptikon::inferio::http: processing local inference predict model=tags/wd-vit-tagger-v3 inputs=1
2026-09-17T06:15:00.369605Z DEBUG panoptikon::inferio::http: processing local inference predict model=tags/wd-vit-tagger-v3 inputs=1
2026-09-17T06:15:00.369808Z DEBUG panoptikon::inferio::http: processing local inference predict model=tags/wd-vit-tagger-v3 inputs=1
2026-09-17T06:15:00.369959Z DEBUG panoptikon::inferio::http: processing local inference predict model=tags/wd-vit-tagger-v3 inputs=1
2026-09-17T06:15:00.370057Z DEBUG panoptikon::inferio::http: processing local inference predict model=tags/wd-vit-tagger-v3 inputs=1
2026-09-17T06:15:00.370300Z DEBUG panoptikon::inferio::http: processing local inference predict model=tags/wd-vit-tagger-v3 inputs=1
2026-09-17T06:15:00.370659Z DEBUG panoptikon::inferio::http: processing local inference predict model=tags/wd-vit-tagger-v3 inputs=1
2026-09-17T06:15:00.370740Z DEBUG panoptikon::inferio::http: processing local inference predict model=tags/wd-vit-tagger-v3 inputs=1
2026-09-17T06:15:00.371470Z DEBUG panoptikon::inferio::http: processing local inference predict model=tags/wd-vit-tagger-v3 inputs=1
2026-09-17T06:15:00.371535Z DEBUG panoptikon::inferio::http: processing local inference predict model=tags/wd-vit-tagger-v3 inputs=1
2026-09-17T06:15:00.371707Z DEBUG panoptikon::inferio::http: processing local inference predict model=tags/wd-vit-tagger-v3 inputs=1
2026-09-17T06:15:00.371817Z DEBUG panoptikon::inferio::http: processing local inference predict model=tags/wd-vit-tagger-v3 inputs=1
2026-09-17T06:15:00.371910Z DEBUG panoptikon::inferio::http: processing local inference predict model=tags/wd-vit-tagger-v3 inputs=1
2026-09-17T06:15:00.372088Z DEBUG panoptikon::inferio::http: processing local inference predict model=tags/wd-vit-tagger-v3 inputs=1
2026-09-17T06:15:00.372639Z DEBUG panoptikon::inferio::http: processing local inference predict model=tags/wd-vit-tagger-v3 inputs=1
2026-09-17T06:15:00.372743Z DEBUG panoptikon::inferio::http: processing local inference predict model=tags/wd-vit-tagger-v3 inputs=1
2026-09-17T06:15:00.372829Z DEBUG panoptikon::inferio::http: processing local inference predict model=tags/wd-vit-tagger-v3 inputs=1
2026-09-17T06:15:00.372911Z DEBUG panoptikon::inferio::http: processing local inference predict model=tags/wd-vit-tagger-v3 inputs=1
2026-09-17T06:15:00.374226Z DEBUG panoptikon::inferio::http: processing local inference predict model=tags/wd-vit-tagger-v3 inputs=1
2026-09-17T06:15:00.374293Z DEBUG panoptikon::inferio::http: processing local inference predict model=tags/wd-vit-tagger-v3 inputs=1
2026-09-17T06:15:00.374420Z DEBUG panoptikon::inferio::http: processing local inference predict model=tags/wd-vit-tagger-v3 inputs=1
2026-09-17T06:15:00.374505Z DEBUG panoptikon::inferio::http: processing local inference predict model=tags/wd-vit-tagger-v3 inputs=1
2026-09-17T06:15:00.374589Z DEBUG panoptikon::inferio::http: processing local inference predict model=tags/wd-vit-tagger-v3 inputs=1
2026-09-17T06:15:00.374637Z DEBUG panoptikon::inferio::http: processing local inference predict model=tags/wd-vit-tagger-v3 inputs=1
2026-09-17T06:15:00.375609Z DEBUG panoptikon::inferio::http: processing local inference predict model=tags/wd-vit-tagger-v3 inputs=1
2026-09-17T06:15:00.375771Z DEBUG panoptikon::inferio::http: processing local inference predict model=tags/wd-vit-tagger-v3 inputs=1
2026-09-17T06:15:00.375835Z DEBUG panoptikon::inferio::http: processing local inference predict model=tags/wd-vit-tagger-v3 inputs=1
2026-09-17T06:15:00.375916Z DEBUG panoptikon::inferio::http: processing local inference predict model=tags/wd-vit-tagger-v3 inputs=1
2026-09-17T06:15:00.376029Z DEBUG panoptikon::inferio::http: processing local inference predict model=tags/wd-vit-tagger-v3 inputs=1
2026-09-17T06:15:00.376085Z DEBUG panoptikon::inferio::http: processing local inference predict model=tags/wd-vit-tagger-v3 inputs=1
2026-09-17T06:15:00.376138Z DEBUG panoptikon::inferio::http: processing local inference predict model=tags/wd-vit-tagger-v3 inputs=1
2026-09-17T06:15:00.376196Z DEBUG panoptikon::inferio::http: processing local inference predict model=tags/wd-vit-tagger-v3 inputs=1
2026-09-17T06:15:00.376251Z DEBUG panoptikon::inferio::http: processing local inference predict model=tags/wd-vit-tagger-v3 inputs=1
2026-09-17T06:15:00.376345Z DEBUG panoptikon::inferio::http: processing local inference predict model=tags/wd-vit-tagger-v3 inputs=1
2026-09-17T06:15:00.376400Z DEBUG panoptikon::inferio::http: processing local inference predict model=tags/wd-vit-tagger-v3 inputs=1
2026-09-17T06:15:00.376481Z DEBUG panoptikon::inferio::http: processing local inference predict model=tags/wd-vit-tagger-v3 inputs=1
2026-09-17T06:15:00.390221Z DEBUG panoptikon::inferio::http: processing local inference predict model=tags/wd-vit-tagger-v3 inputs=1
2026-09-17T06:15:00.390669Z DEBUG panoptikon::inferio::http: processing local inference predict model=tags/wd-vit-tagger-v3 inputs=1
2026-09-17T06:15:00.391187Z DEBUG panoptikon::inferio::http: processing local inference predict model=tags/wd-vit-tagger-v3 inputs=1
2026-09-17T06:15:00.391366Z DEBUG panoptikon::inferio::http: processing local inference predict model=tags/wd-vit-tagger-v3 inputs=1
2026-09-17T06:15:00.391444Z DEBUG panoptikon::inferio::http: processing local inference predict model=tags/wd-vit-tagger-v3 inputs=1
2026-09-17T06:15:00.391568Z DEBUG panoptikon::inferio::http: processing local inference predict model=tags/wd-vit-tagger-v3 inputs=1
2026-09-17T06:15:00.391962Z DEBUG panoptikon::inferio::http: processing local inference predict model=tags/wd-vit-tagger-v3 inputs=1
2026-09-17T06:15:00.392125Z DEBUG panoptikon::inferio::http: processing local inference predict model=tags/wd-vit-tagger-v3 inputs=1
2026-09-17T06:15:00.392193Z DEBUG panoptikon::inferio::http: processing local inference predict model=tags/wd-vit-tagger-v3 inputs=1
2026-09-17T06:15:00.392373Z DEBUG panoptikon::inferio::http: processing local inference predict model=tags/wd-vit-tagger-v3 inputs=1
2026-09-17T06:15:00.392501Z DEBUG panoptikon::inferio::http: processing local inference predict model=tags/wd-vit-tagger-v3 inputs=1
2026-09-17T06:15:00.392625Z DEBUG panoptikon::inferio::http: processing local inference predict model=tags/wd-vit-tagger-v3 inputs=1
2026-09-17T06:15:00.392940Z DEBUG panoptikon::inferio::http: processing local inference predict model=tags/wd-vit-tagger-v3 inputs=1
2026-09-17T06:15:00.393029Z DEBUG panoptikon::inferio::http: processing local inference predict model=tags/wd-vit-tagger-v3 inputs=1
2026-09-17T06:15:00.393508Z DEBUG panoptikon::inferio::http: processing local inference predict model=tags/wd-vit-tagger-v3 inputs=1
2026-09-17T06:15:00.393768Z DEBUG panoptikon::inferio::http: processing local inference predict model=tags/wd-vit-tagger-v3 inputs=1
2026-09-17T06:15:00.394108Z DEBUG panoptikon::inferio::http: processing local inference predict model=tags/wd-vit-tagger-v3 inputs=1
2026-09-17T06:15:00.394181Z DEBUG panoptikon::inferio::http: processing local inference predict model=tags/wd-vit-tagger-v3 inputs=1
2026-09-17T06:15:00.394241Z DEBUG panoptikon::inferio::http: processing local inference predict model=tags/wd-vit-tagger-v3 inputs=1
2026-09-17T06:15:00.394295Z DEBUG panoptikon::inferio::http: processing local inference predict model=tags/wd-vit-tagger-v3 inputs=1
2026-09-17T06:15:00.394407Z DEBUG panoptikon::inferio::http: processing local inference predict model=tags/wd-vit-tagger-v3 inputs=1
2026-09-17T06:15:00.394485Z DEBUG panoptikon::inferio::http: processing local inference predict model=tags/wd-vit-tagger-v3 inputs=1
2026-09-17T06:15:00.394560Z DEBUG panoptikon::inferio::http: processing local inference predict model=tags/wd-vit-tagger-v3 inputs=1
2026-09-17T06:15:00.394971Z DEBUG panoptikon::inferio::http: processing local inference predict model=tags/wd-vit-tagger-v3 inputs=1
2026-09-17T06:15:00.395022Z DEBUG panoptikon::inferio::http: processing local inference predict model=tags/wd-vit-tagger-v3 inputs=1
2026-09-17T06:15:00.395105Z DEBUG panoptikon::inferio::http: processing local inference predict model=tags/wd-vit-tagger-v3 inputs=1
2026-09-17T06:15:00.395821Z DEBUG panoptikon::inferio::http: processing local inference predict model=tags/wd-vit-tagger-v3 inputs=1
2026-09-17T06:15:00.395901Z DEBUG panoptikon::inferio::http: processing local inference predict model=tags/wd-vit-tagger-v3 inputs=1
2026-09-17T06:15:00.396249Z DEBUG panoptikon::inferio::http: processing local inference predict model=tags/wd-vit-tagger-v3 inputs=1
2026-09-17T06:15:00.396365Z DEBUG panoptikon::inferio::http: processing local inference predict model=tags/wd-vit-tagger-v3 inputs=1
2026-09-17T06:15:00.396533Z DEBUG panoptikon::inferio::http: processing local inference predict model=tags/wd-vit-tagger-v3 inputs=1
2026-09-17T06:15:00.396691Z DEBUG panoptikon::inferio::http: processing local inference predict model=tags/wd-vit-tagger-v3 inputs=1
2026-09-17T06:15:00.397726Z DEBUG panoptikon::inferio::http: processing local inference predict model=tags/wd-vit-tagger-v3 inputs=1
2026-09-17T06:15:00.397962Z DEBUG panoptikon::inferio::http: processing local inference predict model=tags/wd-vit-tagger-v3 inputs=1
2026-09-17T06:15:00.398023Z DEBUG panoptikon::inferio::http: processing local inference predict model=tags/wd-vit-tagger-v3 inputs=1
2026-09-17T06:15:00.398086Z DEBUG panoptikon::inferio::http: processing local inference predict model=tags/wd-vit-tagger-v3 inputs=1
2026-09-17T06:15:00.398180Z DEBUG panoptikon::inferio::http: processing local inference predict model=tags/wd-vit-tagger-v3 inputs=1
2026-09-17T06:15:00.398473Z DEBUG panoptikon::inferio::http: processing local inference predict model=tags/wd-vit-tagger-v3 inputs=1
2026-09-17T06:15:00.398578Z DEBUG panoptikon::inferio::http: processing local inference predict model=tags/wd-vit-tagger-v3 inputs=1
2026-09-17T06:15:00.398626Z DEBUG panoptikon::inferio::http: processing local inference predict model=tags/wd-vit-tagger-v3 inputs=1
2026-09-17T06:15:00.398806Z DEBUG panoptikon::inferio::http: processing local inference predict model=tags/wd-vit-tagger-v3 inputs=1
2026-09-17T06:15:00.398929Z DEBUG panoptikon::inferio::http: processing local inference predict model=tags/wd-vit-tagger-v3 inputs=1
2026-09-17T06:15:00.398978Z DEBUG panoptikon::inferio::http: processing local inference predict model=tags/wd-vit-tagger-v3 inputs=1
2026-09-17T06:15:00.399535Z DEBUG panoptikon::inferio::http: processing local inference predict model=tags/wd-vit-tagger-v3 inputs=1
2026-09-17T06:15:00.399592Z DEBUG panoptikon::inferio::http: processing local inference predict model=tags/wd-vit-tagger-v3 inputs=1
2026-09-17T06:15:00.399640Z DEBUG panoptikon::inferio::http: processing local inference predict model=tags/wd-vit-tagger-v3 inputs=1
2026-09-17T06:15:00.399727Z DEBUG panoptikon::inferio::http: processing local inference predict model=tags/wd-vit-tagger-v3 inputs=1
2026-09-17T06:15:00.399768Z DEBUG panoptikon::inferio::http: processing local inference predict model=tags/wd-vit-tagger-v3 inputs=1
2026-09-17T06:15:00.399854Z DEBUG panoptikon::inferio::http: processing local inference predict model=tags/wd-vit-tagger-v3 inputs=1
2026-09-17T06:15:00.399914Z DEBUG panoptikon::inferio::http: processing local inference predict model=tags/wd-vit-tagger-v3 inputs=1
2026-09-17T06:15:00.399957Z DEBUG panoptikon::inferio::http: processing local inference predict model=tags/wd-vit-tagger-v3 inputs=1
2026-09-17T06:15:00.400033Z DEBUG panoptikon::inferio::http: processing local inference predict model=tags/wd-vit-tagger-v3 inputs=1
2026-09-17T06:15:00.400116Z DEBUG panoptikon::inferio::http: processing local inference predict model=tags/wd-vit-tagger-v3 inputs=1
2026-09-17T06:15:00.401460Z DEBUG panoptikon::inferio::http: processing local inference predict model=tags/wd-vit-tagger-v3 inputs=1
2026-09-17T06:15:00.401564Z DEBUG panoptikon::inferio::http: processing local inference predict model=tags/wd-vit-tagger-v3 inputs=1
2026-09-17T06:15:00.401858Z DEBUG panoptikon::inferio::http: processing local inference predict model=tags/wd-vit-tagger-v3 inputs=1
2026-09-17T06:15:00.402107Z DEBUG panoptikon::inferio::http: processing local inference predict model=tags/wd-vit-tagger-v3 inputs=1
2026-09-17T06:15:00.402164Z DEBUG panoptikon::inferio::http: processing local inference predict model=tags/wd-vit-tagger-v3 inputs=1
2026-09-17T06:15:00.402248Z DEBUG panoptikon::inferio::http: processing local inference predict model=tags/wd-vit-tagger-v3 inputs=1
2026-09-17T06:15:00.402332Z DEBUG panoptikon::inferio::http: processing local inference predict model=tags/wd-vit-tagger-v3 inputs=1
2026-09-17T06:15:00.402380Z DEBUG panoptikon::inferio::http: processing local inference predict model=tags/wd-vit-tagger-v3 inputs=1
2026-09-17T06:15:00.402463Z DEBUG panoptikon::inferio::http: processing local inference predict model=tags/wd-vit-tagger-v3 inputs=1
2026-09-17T06:15:00.402596Z DEBUG panoptikon::inferio::http: processing local inference predict model=tags/wd-vit-tagger-v3 inputs=1
2026-09-17T06:15:00.402647Z DEBUG panoptikon::inferio::http: processing local inference predict model=tags/wd-vit-tagger-v3 inputs=1
2026-09-17T06:15:00.426211Z DEBUG panoptikon::inferio::http: processing local inference predict model=tags/wd-vit-tagger-v3 inputs=1
2026-09-17T06:15:00.426482Z DEBUG panoptikon::inferio::http: processing local inference predict model=tags/wd-vit-tagger-v3 inputs=1
2026-09-17T06:15:00.426611Z DEBUG panoptikon::inferio::http: processing local inference predict model=tags/wd-vit-tagger-v3 inputs=1
2026-09-17T06:15:00.426805Z DEBUG panoptikon::inferio::http: processing local inference predict model=tags/wd-vit-tagger-v3 inputs=1
2026-09-17T06:15:00.426938Z DEBUG panoptikon::inferio::http: processing local inference predict model=tags/wd-vit-tagger-v3 inputs=1
2026-09-17T06:15:00.427074Z DEBUG panoptikon::inferio::http: processing local inference predict model=tags/wd-vit-tagger-v3 inputs=1
2026-09-17T06:15:00.427312Z DEBUG panoptikon::inferio::http: processing local inference predict model=tags/wd-vit-tagger-v3 inputs=1
2026-09-17T06:15:00.427497Z DEBUG panoptikon::inferio::http: processing local inference predict model=tags/wd-vit-tagger-v3 inputs=1
2026-09-17T06:15:00.427598Z DEBUG panoptikon::inferio::http: processing local inference predict model=tags/wd-vit-tagger-v3 inputs=1
2026-09-17T06:15:00.428514Z DEBUG panoptikon::inferio::http: processing local inference predict model=tags/wd-vit-tagger-v3 inputs=1
2026-09-17T06:15:00.428614Z DEBUG panoptikon::inferio::http: processing local inference predict model=tags/wd-vit-tagger-v3 inputs=1
2026-09-17T06:15:00.428680Z DEBUG panoptikon::inferio::http: processing local inference predict model=tags/wd-vit-tagger-v3 inputs=1
2026-09-17T06:15:00.428798Z DEBUG panoptikon::inferio::http: processing local inference predict model=tags/wd-vit-tagger-v3 inputs=1
2026-09-17T06:15:00.428913Z DEBUG panoptikon::inferio::http: processing local inference predict model=tags/wd-vit-tagger-v3 inputs=1
2026-09-17T06:15:00.429841Z DEBUG panoptikon::inferio::http: processing local inference predict model=tags/wd-vit-tagger-v3 inputs=1
2026-09-17T06:15:00.429890Z DEBUG panoptikon::inferio::http: processing local inference predict model=tags/wd-vit-tagger-v3 inputs=1
2026-09-17T06:15:00.429976Z DEBUG panoptikon::inferio::http: processing local inference predict model=tags/wd-vit-tagger-v3 inputs=1
2026-09-17T06:15:00.430027Z DEBUG panoptikon::inferio::http: processing local inference predict model=tags/wd-vit-tagger-v3 inputs=1
2026-09-17T06:15:00.430116Z DEBUG panoptikon::inferio::http: processing local inference predict model=tags/wd-vit-tagger-v3 inputs=1
2026-09-17T06:15:00.430182Z DEBUG panoptikon::inferio::http: processing local inference predict model=tags/wd-vit-tagger-v3 inputs=1
2026-09-17T06:15:00.430233Z DEBUG panoptikon::inferio::http: processing local inference predict model=tags/wd-vit-tagger-v3 inputs=1
2026-09-17T06:15:00.430322Z DEBUG panoptikon::inferio::http: processing local inference predict model=tags/wd-vit-tagger-v3 inputs=1
2026-09-17T06:15:00.430384Z DEBUG panoptikon::inferio::http: processing local inference predict model=tags/wd-vit-tagger-v3 inputs=1
2026-09-17T06:15:00.430967Z DEBUG panoptikon::inferio::http: processing local inference predict model=tags/wd-vit-tagger-v3 inputs=1
2026-09-17T06:15:00.431337Z DEBUG panoptikon::inferio::http: processing local inference predict model=tags/wd-vit-tagger-v3 inputs=1
2026-09-17T06:15:00.431912Z DEBUG panoptikon::inferio::http: processing local inference predict model=tags/wd-vit-tagger-v3 inputs=1
2026-09-17T06:15:00.431972Z DEBUG panoptikon::inferio::http: processing local inference predict model=tags/wd-vit-tagger-v3 inputs=1
2026-09-17T06:15:00.432030Z DEBUG panoptikon::inferio::http: processing local inference predict model=tags/wd-vit-tagger-v3 inputs=1
2026-09-17T06:15:00.432137Z DEBUG panoptikon::inferio::http: processing local inference predict model=tags/wd-vit-tagger-v3 inputs=1
2026-09-17T06:15:00.432190Z DEBUG panoptikon::inferio::http: processing local inference predict model=tags/wd-vit-tagger-v3 inputs=1
2026-09-17T06:15:00.432269Z DEBUG panoptikon::inferio::http: processing local inference predict model=tags/wd-vit-tagger-v3 inputs=1
2026-09-17T06:15:00.432353Z DEBUG panoptikon::inferio::http: processing local inference predict model=tags/wd-vit-tagger-v3 inputs=1
2026-09-17T06:15:00.432446Z DEBUG panoptikon::inferio::http: processing local inference predict model=tags/wd-vit-tagger-v3 inputs=1
2026-09-17T06:15:00.432503Z DEBUG panoptikon::inferio::http: processing local inference predict model=tags/wd-vit-tagger-v3 inputs=1
2026-09-17T06:15:00.432562Z DEBUG panoptikon::inferio::http: processing local inference predict model=tags/wd-vit-tagger-v3 inputs=1
2026-09-17T06:15:00.432603Z DEBUG panoptikon::inferio::http: processing local inference predict model=tags/wd-vit-tagger-v3 inputs=1
2026-09-17T06:15:00.432677Z DEBUG panoptikon::inferio::http: processing local inference predict model=tags/wd-vit-tagger-v3 inputs=1
2026-09-17T06:15:00.432727Z DEBUG panoptikon::inferio::http: processing local inference predict model=tags/wd-vit-tagger-v3 inputs=1
2026-09-17T06:15:00.433236Z DEBUG panoptikon::inferio::http: processing local inference predict model=tags/wd-vit-tagger-v3 inputs=1
2026-09-17T06:15:00.433311Z DEBUG panoptikon::inferio::http: processing local inference predict model=tags/wd-vit-tagger-v3 inputs=1
2026-09-17T06:15:00.433586Z DEBUG panoptikon::inferio::http: processing local inference predict model=tags/wd-vit-tagger-v3 inputs=1
2026-09-17T06:15:00.433895Z DEBUG panoptikon::inferio::http: processing local inference predict model=tags/wd-vit-tagger-v3 inputs=1
2026-09-17T06:15:00.433945Z DEBUG panoptikon::inferio::http: processing local inference predict model=tags/wd-vit-tagger-v3 inputs=1
2026-09-17T06:15:00.434014Z DEBUG panoptikon::inferio::http: processing local inference predict model=tags/wd-vit-tagger-v3 inputs=1
2026-09-17T06:15:00.434167Z DEBUG panoptikon::inferio::http: processing local inference predict model=tags/wd-vit-tagger-v3 inputs=1
2026-09-17T06:15:00.434398Z DEBUG panoptikon::inferio::http: processing local inference predict model=tags/wd-vit-tagger-v3 inputs=1
2026-09-17T06:15:00.434445Z DEBUG panoptikon::inferio::http: processing local inference predict model=tags/wd-vit-tagger-v3 inputs=1
2026-09-17T06:15:00.434552Z DEBUG panoptikon::inferio::http: processing local inference predict model=tags/wd-vit-tagger-v3 inputs=1
2026-09-17T06:15:00.434972Z DEBUG panoptikon::inferio::http: processing local inference predict model=tags/wd-vit-tagger-v3 inputs=1
2026-09-17T06:15:00.435158Z DEBUG panoptikon::inferio::http: processing local inference predict model=tags/wd-vit-tagger-v3 inputs=1
2026-09-17T06:15:00.435243Z DEBUG panoptikon::inferio::http: processing local inference predict model=tags/wd-vit-tagger-v3 inputs=1
2026-09-17T06:15:00.436007Z DEBUG panoptikon::inferio::http: processing local inference predict model=tags/wd-vit-tagger-v3 inputs=1
2026-09-17T06:15:00.436390Z DEBUG panoptikon::inferio::http: processing local inference predict model=tags/wd-vit-tagger-v3 inputs=1
2026-09-17T06:15:00.436512Z DEBUG panoptikon::inferio::http: processing local inference predict model=tags/wd-vit-tagger-v3 inputs=1
2026-09-17T06:15:00.436635Z DEBUG panoptikon::inferio::http: processing local inference predict model=tags/wd-vit-tagger-v3 inputs=1
2026-09-17T06:15:00.436703Z DEBUG panoptikon::inferio::http: processing local inference predict model=tags/wd-vit-tagger-v3 inputs=1
2026-09-17T06:15:00.437176Z DEBUG panoptikon::inferio::http: processing local inference predict model=tags/wd-vit-tagger-v3 inputs=1
2026-09-17T06:15:00.437316Z DEBUG panoptikon::inferio::http: processing local inference predict model=tags/wd-vit-tagger-v3 inputs=1
2026-09-17T06:15:00.437372Z DEBUG panoptikon::inferio::http: processing local inference predict model=tags/wd-vit-tagger-v3 inputs=1
2026-09-17T06:15:00.437469Z DEBUG panoptikon::inferio::http: processing local inference predict model=tags/wd-vit-tagger-v3 inputs=1
2026-09-17T06:15:00.437671Z DEBUG panoptikon::inferio::http: processing local inference predict model=tags/wd-vit-tagger-v3 inputs=1
2026-09-17T06:15:00.437721Z DEBUG panoptikon::inferio::http: processing local inference predict model=tags/wd-vit-tagger-v3 inputs=1
2026-09-17T06:15:00.437798Z DEBUG panoptikon::inferio::http: processing local inference predict model=tags/wd-vit-tagger-v3 inputs=1
2026-09-17T06:15:00.437881Z DEBUG panoptikon::inferio::http: processing local inference predict model=tags/wd-vit-tagger-v3 inputs=1
2026-09-17T06:15:01.039330Z  INFO panoptikon::inferio::worker: 2026-09-17 06:15:01,039 [DEBUG] inferio_worker_impl_0_wd_tagger: Running inference on 2 images worker=wd_tagger
2026-09-17T06:15:01.707000Z  INFO panoptikon::inferio::worker: 2026-09-17 06:15:01,706 [DEBUG] inferio_worker_impl_0_wd_tagger: Running inference on 2 images worker=wd_tagger
2026-09-17T06:15:02.410365Z DEBUG panoptikon::inferio::ledger: declining to fit a throughput knee: the ring's quiet buckets hold too few observations to read as a curve observations=0 min_observations=12 buckets=0 min_buckets=3
2026-09-17T06:15:02.410400Z DEBUG panoptikon::inferio::ledger: queued a calibration profile update for the store model=tags/wd-vit-tagger-v3 gpu=CPU reason="anchor_advanced" max_units_measured=2 fit_version=0
2026-09-17T06:15:02.410454Z DEBUG panoptikon::inferio::ledger: settled a granted window model=tags/wd-vit-tagger-v3 gpu=CPU outcome="clean" fit_samples=3 throughput_samples=3 clamped_samples=0 clamped=none ramp_step=1 deflation=0 clean_windows=2 max_units_measured=2
2026-09-17T06:15:02.410551Z DEBUG panoptikon::inferio::ledger: issued a memory grant model=tags/wd-vit-tagger-v3 gpu=CPU unit_budget=4 mb=93847 canvas_pixels=none share_mb=93847 room_mb=93847 headroom_mb=93847 external_mb=33300 reserve_mb=1024 reserve_rule="capped_default" pre_fit=true ramp_step=1 deflation=0 squeezed=false window_requests=12
2026-09-17T06:15:02.475514Z  INFO panoptikon::inferio::worker: 2026-09-17 06:15:02,475 [DEBUG] inferio_worker_impl_0_wd_tagger: Running inference on 4 images worker=wd_tagger
2026-09-17T06:15:03.793363Z  INFO panoptikon::inferio::worker: 2026-09-17 06:15:03,793 [DEBUG] inferio_worker_impl_0_wd_tagger: Running inference on 4 images worker=wd_tagger
2026-09-17T06:15:04.903761Z  INFO panoptikon::inferio::worker: 2026-09-17 06:15:04,903 [DEBUG] inferio_worker_impl_0_wd_tagger: Running inference on 4 images worker=wd_tagger
2026-09-17T06:15:05.639228Z DEBUG panoptikon::inferio::ledger: refitted the memory cost model model=tags/wd-vit-tagger-v3 gpu=CPU slope_mb_per_unit=46.666666666666664 intercept_mb=14.333333333333343 residual_mb=7.105427357601002e-15 samples=3 version=1
2026-09-17T06:15:05.639307Z DEBUG panoptikon::inferio::ledger: declining to fit a throughput knee: the ring's quiet buckets hold too few observations to read as a curve observations=3 min_observations=12 buckets=1 min_buckets=3
2026-09-17T06:15:05.639335Z DEBUG panoptikon::inferio::ledger: queued a calibration profile update for the store model=tags/wd-vit-tagger-v3 gpu=CPU reason="fit_changed" max_units_measured=4 fit_version=1
2026-09-17T06:15:05.639366Z DEBUG panoptikon::inferio::ledger: settled a granted window model=tags/wd-vit-tagger-v3 gpu=CPU outcome="clean" fit_samples=3 throughput_samples=3 clamped_samples=0 clamped=none ramp_step=2 deflation=0 clean_windows=3 max_units_measured=4
2026-09-17T06:15:05.639482Z DEBUG panoptikon::inferio::ledger: issued a memory grant model=tags/wd-vit-tagger-v3 gpu=CPU unit_budget=8 mb=467 canvas_pixels=none share_mb=96008 room_mb=96008 headroom_mb=96008 external_mb=30059 reserve_mb=1024 reserve_rule="capped_default" pre_fit=false ramp_step=2 deflation=0 squeezed=false window_requests=24
2026-09-17T06:15:05.696540Z  INFO panoptikon::inferio::worker: 2026-09-17 06:15:05,696 [DEBUG] inferio_worker_impl_0_wd_tagger: Running inference on 8 images worker=wd_tagger
2026-09-17T06:15:07.138268Z  INFO panoptikon::inferio::worker: 2026-09-17 06:15:07,138 [DEBUG] inferio_worker_impl_0_wd_tagger: Running inference on 8 images worker=wd_tagger
2026-09-17T06:15:08.573631Z  INFO panoptikon::inferio::worker: 2026-09-17 06:15:08,573 [DEBUG] inferio_worker_impl_0_wd_tagger: Running inference on 8 images worker=wd_tagger
2026-09-17T06:15:09.926690Z DEBUG panoptikon::inferio::ledger: refitted the memory cost model model=tags/wd-vit-tagger-v3 gpu=CPU slope_mb_per_unit=40.07142857142857 intercept_mb=27.892857142857146 residual_mb=9.892857142857153 samples=4 version=2
2026-09-17T06:15:09.926737Z DEBUG panoptikon::inferio::ledger: declining to fit a throughput knee: the ring's quiet buckets hold too few observations to read as a curve observations=6 min_observations=12 buckets=2 min_buckets=3
2026-09-17T06:15:09.926765Z DEBUG panoptikon::inferio::ledger: queued a calibration profile update for the store model=tags/wd-vit-tagger-v3 gpu=CPU reason="fit_changed" max_units_measured=8 fit_version=2
2026-09-17T06:15:09.926800Z DEBUG panoptikon::inferio::ledger: settled a granted window model=tags/wd-vit-tagger-v3 gpu=CPU outcome="clean" fit_samples=3 throughput_samples=3 clamped_samples=0 clamped=none ramp_step=3 deflation=0 clean_windows=4 max_units_measured=8
2026-09-17T06:15:09.926877Z DEBUG panoptikon::inferio::ledger: issued a memory grant model=tags/wd-vit-tagger-v3 gpu=CPU unit_budget=16 mb=802 canvas_pixels=none share_mb=96008 room_mb=96008 headroom_mb=96008 external_mb=29934 reserve_mb=1024 reserve_rule="capped_default" pre_fit=false ramp_step=3 deflation=0 squeezed=false window_requests=48
2026-09-17T06:15:10.033476Z  INFO panoptikon::inferio::worker: 2026-09-17 06:15:10,033 [DEBUG] inferio_worker_impl_0_wd_tagger: Running inference on 16 images worker=wd_tagger
2026-09-17T06:15:13.986108Z  INFO panoptikon::inferio::worker: 2026-09-17 06:15:13,985 [DEBUG] inferio_worker_impl_0_wd_tagger: Running inference on 16 images worker=wd_tagger
2026-09-17T06:15:17.475192Z  INFO panoptikon::inferio::worker: 2026-09-17 06:15:17,474 [DEBUG] inferio_worker_impl_0_wd_tagger: Running inference on 16 images worker=wd_tagger
2026-09-17T06:15:21.869578Z  INFO panoptikon::inferio::ledger: holding the throughput ramp at this rung: the ring cannot certify this rung yet model=tags/wd-vit-tagger-v3 gpu=CPU units=16 certified=false knee_binds=false
2026-09-17T06:15:21.869673Z DEBUG panoptikon::inferio::ledger: refitted the memory cost model model=tags/wd-vit-tagger-v3 gpu=CPU slope_mb_per_unit=37.63809523809524 intercept_mb=30.79047619047617 residual_mb=8.933333333333351 samples=5 version=3
2026-09-17T06:15:21.869730Z DEBUG panoptikon::inferio::ledger: declining to fit a throughput knee: the ring's quiet buckets hold too few observations to read as a curve observations=6 min_observations=12 buckets=2 min_buckets=3
2026-09-17T06:15:21.869750Z DEBUG panoptikon::inferio::ledger: queued a calibration profile update for the store model=tags/wd-vit-tagger-v3 gpu=CPU reason="fit_changed" max_units_measured=16 fit_version=3
2026-09-17T06:15:21.869806Z DEBUG panoptikon::inferio::ledger: settled a granted window model=tags/wd-vit-tagger-v3 gpu=CPU outcome="clean" fit_samples=3 throughput_samples=1 clamped_samples=0 clamped=none ramp_step=3 deflation=0 clean_windows=5 max_units_measured=16
2026-09-17T06:15:21.869930Z DEBUG panoptikon::inferio::ledger: issued a memory grant model=tags/wd-vit-tagger-v3 gpu=CPU unit_budget=16 mb=603 canvas_pixels=none share_mb=96008 room_mb=96008 headroom_mb=95735 external_mb=29509 reserve_mb=1024 reserve_rule="capped_default" pre_fit=false ramp_step=3 deflation=0 squeezed=false window_requests=48
2026-09-17T06:15:22.022229Z  INFO panoptikon::inferio::worker: 2026-09-17 06:15:22,021 [DEBUG] inferio_worker_impl_0_wd_tagger: Running inference on 16 images worker=wd_tagger
2026-09-17T06:15:26.207857Z  INFO panoptikon::inferio::worker: 2026-09-17 06:15:26,207 [DEBUG] inferio_worker_impl_0_wd_tagger: Running inference on 16 images worker=wd_tagger
2026-09-17T06:15:30.295010Z  INFO panoptikon::inferio::calibration: wrote the local calibration store path=data/inferio/calibration.toml profiles=1
2026-09-17T06:15:31.589031Z  INFO panoptikon::inferio::worker: 2026-09-17 06:15:31,588 [DEBUG] inferio_worker_impl_0_wd_tagger: Running inference on 16 images worker=wd_tagger
2026-09-17T06:15:34.563880Z  INFO panoptikon::inferio::ledger: the throughput ramp is free to grow again model=tags/wd-vit-tagger-v3 gpu=CPU
2026-09-17T06:15:34.564396Z DEBUG panoptikon::inferio::ledger: refitted the memory cost model model=tags/wd-vit-tagger-v3 gpu=CPU slope_mb_per_unit=37.773809523809526 intercept_mb=31.619047619047592 residual_mb=8.39285714285711 samples=5 version=4
2026-09-17T06:15:34.564437Z DEBUG panoptikon::inferio::ledger: declining to fit a throughput knee: the ring's quiet buckets hold too few observations to read as a curve observations=9 min_observations=12 buckets=3 min_buckets=3
2026-09-17T06:15:34.564497Z DEBUG panoptikon::inferio::ledger: queued a calibration profile update for the store model=tags/wd-vit-tagger-v3 gpu=CPU reason="fit_changed" max_units_measured=16 fit_version=4
2026-09-17T06:15:34.564532Z DEBUG panoptikon::inferio::ledger: settled a granted window model=tags/wd-vit-tagger-v3 gpu=CPU outcome="clean" fit_samples=3 throughput_samples=2 clamped_samples=0 clamped=none ramp_step=4 deflation=0 clean_windows=6 max_units_measured=16
2026-09-17T06:15:34.564598Z DEBUG panoptikon::inferio::ledger: issued a memory grant model=tags/wd-vit-tagger-v3 gpu=CPU unit_budget=32 mb=1209 canvas_pixels=none share_mb=96008 room_mb=96008 headroom_mb=95733 external_mb=29630 reserve_mb=1024 reserve_rule="capped_default" pre_fit=false ramp_step=4 deflation=0 squeezed=false window_requests=96
2026-09-17T06:15:34.566728Z DEBUG panoptikon::inferio::http: processing local inference predict model=tags/wd-vit-tagger-v3 inputs=1
2026-09-17T06:15:34.747307Z  INFO panoptikon::inferio::worker: 2026-09-17 06:15:34,747 [DEBUG] inferio_worker_impl_0_wd_tagger: Running inference on 32 images worker=wd_tagger
2026-09-17T06:15:42.567842Z  INFO panoptikon::inferio::worker: 2026-09-17 06:15:42,567 [DEBUG] inferio_worker_impl_0_wd_tagger: Running inference on 32 images worker=wd_tagger
2026-09-17T06:15:49.985749Z  INFO panoptikon::inferio::worker: 2026-09-17 06:15:49,985 [DEBUG] inferio_worker_impl_0_wd_tagger: Running inference on 32 images worker=wd_tagger
2026-09-17T06:15:58.695213Z  INFO panoptikon::inferio::ledger: holding the throughput ramp at this rung: the ring cannot certify this rung yet model=tags/wd-vit-tagger-v3 gpu=CPU units=32 certified=false knee_binds=false
2026-09-17T06:15:58.695284Z DEBUG panoptikon::inferio::ledger: refitted the memory cost model model=tags/wd-vit-tagger-v3 gpu=CPU slope_mb_per_unit=36.774193548387096 intercept_mb=34.12903225806452 residual_mb=9.903225806451658 samples=6 version=5
2026-09-17T06:15:58.695315Z DEBUG panoptikon::inferio::ledger: declining to fit a throughput knee: the ring's quiet buckets hold too few observations to read as a curve observations=9 min_observations=12 buckets=3 min_buckets=3
2026-09-17T06:15:58.695333Z DEBUG panoptikon::inferio::ledger: queued a calibration profile update for the store model=tags/wd-vit-tagger-v3 gpu=CPU reason="fit_changed" max_units_measured=32 fit_version=5
2026-09-17T06:15:58.695361Z DEBUG panoptikon::inferio::ledger: settled a granted window model=tags/wd-vit-tagger-v3 gpu=CPU outcome="clean" fit_samples=3 throughput_samples=0 clamped_samples=0 clamped=none ramp_step=4 deflation=0 clean_windows=7 max_units_measured=32
2026-09-17T06:15:58.695419Z DEBUG panoptikon::inferio::ledger: issued a memory grant model=tags/wd-vit-tagger-v3 gpu=CPU unit_budget=32 mb=1177 canvas_pixels=none share_mb=96008 room_mb=96008 headroom_mb=95166 external_mb=29379 reserve_mb=1024 reserve_rule="capped_default" pre_fit=false ramp_step=4 deflation=0 squeezed=false window_requests=96
2026-09-17T06:15:58.699286Z DEBUG panoptikon::inferio::http: processing local inference predict model=tags/wd-vit-tagger-v3 inputs=1
2026-09-17T06:15:58.699339Z DEBUG panoptikon::inferio::http: processing local inference predict model=tags/wd-vit-tagger-v3 inputs=1
2026-09-17T06:15:58.699411Z DEBUG panoptikon::inferio::http: processing local inference predict model=tags/wd-vit-tagger-v3 inputs=1
2026-09-17T06:15:58.699482Z DEBUG panoptikon::inferio::http: processing local inference predict model=tags/wd-vit-tagger-v3 inputs=1
2026-09-17T06:15:58.699530Z DEBUG panoptikon::inferio::http: processing local inference predict model=tags/wd-vit-tagger-v3 inputs=1
2026-09-17T06:15:58.699649Z DEBUG panoptikon::inferio::http: processing local inference predict model=tags/wd-vit-tagger-v3 inputs=1
2026-09-17T06:15:58.699689Z DEBUG panoptikon::inferio::http: processing local inference predict model=tags/wd-vit-tagger-v3 inputs=1
2026-09-17T06:15:58.699782Z DEBUG panoptikon::inferio::http: processing local inference predict model=tags/wd-vit-tagger-v3 inputs=1
2026-09-17T06:15:58.699865Z DEBUG panoptikon::inferio::http: processing local inference predict model=tags/wd-vit-tagger-v3 inputs=1
2026-09-17T06:15:58.699913Z DEBUG panoptikon::inferio::http: processing local inference predict model=tags/wd-vit-tagger-v3 inputs=1
2026-09-17T06:15:58.699992Z DEBUG panoptikon::inferio::http: processing local inference predict model=tags/wd-vit-tagger-v3 inputs=1
2026-09-17T06:15:58.700029Z DEBUG panoptikon::inferio::http: processing local inference predict model=tags/wd-vit-tagger-v3 inputs=1
2026-09-17T06:15:58.700063Z DEBUG panoptikon::inferio::http: processing local inference predict model=tags/wd-vit-tagger-v3 inputs=1
2026-09-17T06:15:58.700132Z DEBUG panoptikon::inferio::http: processing local inference predict model=tags/wd-vit-tagger-v3 inputs=1
2026-09-17T06:15:58.700174Z DEBUG panoptikon::inferio::http: processing local inference predict model=tags/wd-vit-tagger-v3 inputs=1
2026-09-17T06:15:58.700265Z DEBUG panoptikon::inferio::http: processing local inference predict model=tags/wd-vit-tagger-v3 inputs=1
2026-09-17T06:15:58.700316Z DEBUG panoptikon::inferio::http: processing local inference predict model=tags/wd-vit-tagger-v3 inputs=1
2026-09-17T06:15:58.700346Z DEBUG panoptikon::inferio::http: processing local inference predict model=tags/wd-vit-tagger-v3 inputs=1
2026-09-17T06:15:58.700390Z DEBUG panoptikon::inferio::http: processing local inference predict model=tags/wd-vit-tagger-v3 inputs=1
2026-09-17T06:15:58.700748Z DEBUG panoptikon::inferio::http: processing local inference predict model=tags/wd-vit-tagger-v3 inputs=1
2026-09-17T06:15:58.700815Z DEBUG panoptikon::inferio::http: processing local inference predict model=tags/wd-vit-tagger-v3 inputs=1
2026-09-17T06:15:58.700843Z DEBUG panoptikon::inferio::http: processing local inference predict model=tags/wd-vit-tagger-v3 inputs=1
2026-09-17T06:15:58.700893Z DEBUG panoptikon::inferio::http: processing local inference predict model=tags/wd-vit-tagger-v3 inputs=1
2026-09-17T06:15:58.700962Z DEBUG panoptikon::inferio::http: processing local inference predict model=tags/wd-vit-tagger-v3 inputs=1
2026-09-17T06:15:58.701003Z DEBUG panoptikon::inferio::http: processing local inference predict model=tags/wd-vit-tagger-v3 inputs=1
2026-09-17T06:15:58.701034Z DEBUG panoptikon::inferio::http: processing local inference predict model=tags/wd-vit-tagger-v3 inputs=1
2026-09-17T06:15:58.701089Z DEBUG panoptikon::inferio::http: processing local inference predict model=tags/wd-vit-tagger-v3 inputs=1
2026-09-17T06:15:58.701119Z DEBUG panoptikon::inferio::http: processing local inference predict model=tags/wd-vit-tagger-v3 inputs=1
2026-09-17T06:15:58.701210Z DEBUG panoptikon::inferio::http: processing local inference predict model=tags/wd-vit-tagger-v3 inputs=1
2026-09-17T06:15:58.701241Z DEBUG panoptikon::inferio::http: processing local inference predict model=tags/wd-vit-tagger-v3 inputs=1
2026-09-17T06:15:58.701326Z DEBUG panoptikon::inferio::http: processing local inference predict model=tags/wd-vit-tagger-v3 inputs=1
2026-09-17T06:15:58.701368Z DEBUG panoptikon::inferio::http: processing local inference predict model=tags/wd-vit-tagger-v3 inputs=1
2026-09-17T06:15:58.701397Z DEBUG panoptikon::inferio::http: processing local inference predict model=tags/wd-vit-tagger-v3 inputs=1
2026-09-17T06:15:58.741916Z DEBUG panoptikon::inferio::http: processing local inference predict model=tags/wd-vit-tagger-v3 inputs=1
2026-09-17T06:15:58.741962Z DEBUG panoptikon::inferio::http: processing local inference predict model=tags/wd-vit-tagger-v3 inputs=1
2026-09-17T06:15:58.742017Z DEBUG panoptikon::inferio::http: processing local inference predict model=tags/wd-vit-tagger-v3 inputs=1
2026-09-17T06:15:58.742080Z DEBUG panoptikon::inferio::http: processing local inference predict model=tags/wd-vit-tagger-v3 inputs=1
2026-09-17T06:15:58.742159Z DEBUG panoptikon::inferio::http: processing local inference predict model=tags/wd-vit-tagger-v3 inputs=1
2026-09-17T06:15:58.742212Z DEBUG panoptikon::inferio::http: processing local inference predict model=tags/wd-vit-tagger-v3 inputs=1
2026-09-17T06:15:58.742251Z DEBUG panoptikon::inferio::http: processing local inference predict model=tags/wd-vit-tagger-v3 inputs=1
2026-09-17T06:15:58.742288Z DEBUG panoptikon::inferio::http: processing local inference predict model=tags/wd-vit-tagger-v3 inputs=1
2026-09-17T06:15:58.910886Z  INFO panoptikon::inferio::worker: 2026-09-17 06:15:58,910 [DEBUG] inferio_worker_impl_0_wd_tagger: Running inference on 32 images worker=wd_tagger
2026-09-17T06:16:00.295587Z  INFO panoptikon::inferio::calibration: wrote the local calibration store path=data/inferio/calibration.toml profiles=1
2026-09-17T06:16:06.374378Z  INFO panoptikon::inferio::worker: 2026-09-17 06:16:06,374 [DEBUG] inferio_worker_impl_0_wd_tagger: Running inference on 32 images worker=wd_tagger
2026-09-17T06:16:13.020334Z  INFO panoptikon::inferio::worker: 2026-09-17 06:16:13,020 [DEBUG] inferio_worker_impl_0_wd_tagger: Running inference on 32 images worker=wd_tagger
2026-09-17T06:16:21.045016Z DEBUG panoptikon::inferio::ledger: refitted the memory cost model model=tags/wd-vit-tagger-v3 gpu=CPU slope_mb_per_unit=36.87096774193548 intercept_mb=33.6451612903226 residual_mb=9.516129032258064 samples=6 version=6
2026-09-17T06:16:21.045053Z DEBUG panoptikon::inferio::ledger: declining to fit a throughput knee: the ring's quiet buckets hold too few observations to read as a curve observations=9 min_observations=12 buckets=3 min_buckets=3
2026-09-17T06:16:21.045101Z DEBUG panoptikon::inferio::ledger: queued a calibration profile update for the store model=tags/wd-vit-tagger-v3 gpu=CPU reason="fit_changed" max_units_measured=32 fit_version=6
2026-09-17T06:16:21.045154Z DEBUG panoptikon::inferio::ledger: settled a granted window model=tags/wd-vit-tagger-v3 gpu=CPU outcome="clean" fit_samples=3 throughput_samples=1 clamped_samples=0 clamped=none ramp_step=4 deflation=0 clean_windows=8 max_units_measured=32
2026-09-17T06:16:21.045299Z DEBUG panoptikon::inferio::ledger: issued a memory grant model=tags/wd-vit-tagger-v3 gpu=CPU unit_budget=32 mb=1180 canvas_pixels=none share_mb=96008 room_mb=96008 headroom_mb=95164 external_mb=29534 reserve_mb=1024 reserve_rule="capped_default" pre_fit=false ramp_step=4 deflation=0 squeezed=false window_requests=96
2026-09-17T06:16:21.050186Z DEBUG panoptikon::inferio::http: processing local inference predict model=tags/wd-vit-tagger-v3 inputs=1
2026-09-17T06:16:21.050308Z DEBUG panoptikon::inferio::http: processing local inference predict model=tags/wd-vit-tagger-v3 inputs=1
2026-09-17T06:16:21.050353Z DEBUG panoptikon::inferio::http: processing local inference predict model=tags/wd-vit-tagger-v3 inputs=1
2026-09-17T06:16:21.050466Z DEBUG panoptikon::inferio::http: processing local inference predict model=tags/wd-vit-tagger-v3 inputs=1
2026-09-17T06:16:21.050569Z DEBUG panoptikon::inferio::http: processing local inference predict model=tags/wd-vit-tagger-v3 inputs=1
2026-09-17T06:16:21.050649Z DEBUG panoptikon::inferio::http: processing local inference predict model=tags/wd-vit-tagger-v3 inputs=1
2026-09-17T06:16:21.050698Z DEBUG panoptikon::inferio::http: processing local inference predict model=tags/wd-vit-tagger-v3 inputs=1
2026-09-17T06:16:21.050813Z DEBUG panoptikon::inferio::http: processing local inference predict model=tags/wd-vit-tagger-v3 inputs=1
2026-09-17T06:16:21.050934Z DEBUG panoptikon::inferio::http: processing local inference predict model=tags/wd-vit-tagger-v3 inputs=1
2026-09-17T06:16:21.051008Z DEBUG panoptikon::inferio::http: processing local inference predict model=tags/wd-vit-tagger-v3 inputs=1
2026-09-17T06:16:21.051066Z DEBUG panoptikon::inferio::http: processing local inference predict model=tags/wd-vit-tagger-v3 inputs=1
2026-09-17T06:16:21.051190Z DEBUG panoptikon::inferio::http: processing local inference predict model=tags/wd-vit-tagger-v3 inputs=1
2026-09-17T06:16:21.051313Z DEBUG panoptikon::inferio::http: processing local inference predict model=tags/wd-vit-tagger-v3 inputs=1
2026-09-17T06:16:21.051447Z DEBUG panoptikon::inferio::http: processing local inference predict model=tags/wd-vit-tagger-v3 inputs=1
2026-09-17T06:16:21.051511Z DEBUG panoptikon::inferio::http: processing local inference predict model=tags/wd-vit-tagger-v3 inputs=1
2026-09-17T06:16:21.051580Z DEBUG panoptikon::inferio::http: processing local inference predict model=tags/wd-vit-tagger-v3 inputs=1
2026-09-17T06:16:21.051726Z DEBUG panoptikon::inferio::http: processing local inference predict model=tags/wd-vit-tagger-v3 inputs=1
2026-09-17T06:16:21.051798Z DEBUG panoptikon::inferio::http: processing local inference predict model=tags/wd-vit-tagger-v3 inputs=1
2026-09-17T06:16:21.051908Z DEBUG panoptikon::inferio::http: processing local inference predict model=tags/wd-vit-tagger-v3 inputs=1
2026-09-17T06:16:21.052003Z DEBUG panoptikon::inferio::http: processing local inference predict model=tags/wd-vit-tagger-v3 inputs=1
2026-09-17T06:16:21.052076Z DEBUG panoptikon::inferio::http: processing local inference predict model=tags/wd-vit-tagger-v3 inputs=1
2026-09-17T06:16:21.052176Z DEBUG panoptikon::inferio::http: processing local inference predict model=tags/wd-vit-tagger-v3 inputs=1
2026-09-17T06:16:21.052258Z DEBUG panoptikon::inferio::http: processing local inference predict model=tags/wd-vit-tagger-v3 inputs=1
2026-09-17T06:16:21.052300Z DEBUG panoptikon::inferio::http: processing local inference predict model=tags/wd-vit-tagger-v3 inputs=1
2026-09-17T06:16:21.052408Z DEBUG panoptikon::inferio::http: processing local inference predict model=tags/wd-vit-tagger-v3 inputs=1
2026-09-17T06:16:21.052456Z DEBUG panoptikon::inferio::http: processing local inference predict model=tags/wd-vit-tagger-v3 inputs=1
2026-09-17T06:16:21.052559Z DEBUG panoptikon::inferio::http: processing local inference predict model=tags/wd-vit-tagger-v3 inputs=1
2026-09-17T06:16:21.052599Z DEBUG panoptikon::inferio::http: processing local inference predict model=tags/wd-vit-tagger-v3 inputs=1
2026-09-17T06:16:21.052640Z DEBUG panoptikon::inferio::http: processing local inference predict model=tags/wd-vit-tagger-v3 inputs=1
2026-09-17T06:16:21.052731Z DEBUG panoptikon::inferio::http: processing local inference predict model=tags/wd-vit-tagger-v3 inputs=1
2026-09-17T06:16:21.052780Z DEBUG panoptikon::inferio::http: processing local inference predict model=tags/wd-vit-tagger-v3 inputs=1
2026-09-17T06:16:21.052861Z DEBUG panoptikon::inferio::http: processing local inference predict model=tags/wd-vit-tagger-v3 inputs=1
2026-09-17T06:16:21.052922Z DEBUG panoptikon::inferio::http: processing local inference predict model=tags/wd-vit-tagger-v3 inputs=1
2026-09-17T06:16:21.052975Z DEBUG panoptikon::inferio::http: processing local inference predict model=tags/wd-vit-tagger-v3 inputs=1
2026-09-17T06:16:21.053041Z DEBUG panoptikon::inferio::http: processing local inference predict model=tags/wd-vit-tagger-v3 inputs=1
2026-09-17T06:16:21.053086Z DEBUG panoptikon::inferio::http: processing local inference predict model=tags/wd-vit-tagger-v3 inputs=1
2026-09-17T06:16:21.053158Z DEBUG panoptikon::inferio::http: processing local inference predict model=tags/wd-vit-tagger-v3 inputs=1
2026-09-17T06:16:21.053199Z DEBUG panoptikon::inferio::http: processing local inference predict model=tags/wd-vit-tagger-v3 inputs=1
2026-09-17T06:16:21.053256Z DEBUG panoptikon::inferio::http: processing local inference predict model=tags/wd-vit-tagger-v3 inputs=1
2026-09-17T06:16:21.053349Z DEBUG panoptikon::inferio::http: processing local inference predict model=tags/wd-vit-tagger-v3 inputs=1
2026-09-17T06:16:21.053402Z DEBUG panoptikon::inferio::http: processing local inference predict model=tags/wd-vit-tagger-v3 inputs=1
2026-09-17T06:16:21.053438Z DEBUG panoptikon::inferio::http: processing local inference predict model=tags/wd-vit-tagger-v3 inputs=1
2026-09-17T06:16:21.053513Z DEBUG panoptikon::inferio::http: processing local inference predict model=tags/wd-vit-tagger-v3 inputs=1
2026-09-17T06:16:21.053564Z DEBUG panoptikon::inferio::http: processing local inference predict model=tags/wd-vit-tagger-v3 inputs=1
2026-09-17T06:16:21.053635Z DEBUG panoptikon::inferio::http: processing local inference predict model=tags/wd-vit-tagger-v3 inputs=1
2026-09-17T06:16:21.053687Z DEBUG panoptikon::inferio::http: processing local inference predict model=tags/wd-vit-tagger-v3 inputs=1
2026-09-17T06:16:21.053730Z DEBUG panoptikon::inferio::http: processing local inference predict model=tags/wd-vit-tagger-v3 inputs=1
2026-09-17T06:16:21.053823Z DEBUG panoptikon::inferio::http: processing local inference predict model=tags/wd-vit-tagger-v3 inputs=1
2026-09-17T06:16:21.053873Z DEBUG panoptikon::inferio::http: processing local inference predict model=tags/wd-vit-tagger-v3 inputs=1
2026-09-17T06:16:21.053986Z DEBUG panoptikon::inferio::http: processing local inference predict model=tags/wd-vit-tagger-v3 inputs=1
2026-09-17T06:16:21.054047Z DEBUG panoptikon::inferio::http: processing local inference predict model=tags/wd-vit-tagger-v3 inputs=1
2026-09-17T06:16:21.054088Z DEBUG panoptikon::inferio::http: processing local inference predict model=tags/wd-vit-tagger-v3 inputs=1
2026-09-17T06:16:21.054157Z DEBUG panoptikon::inferio::http: processing local inference predict model=tags/wd-vit-tagger-v3 inputs=1
2026-09-17T06:16:21.054208Z DEBUG panoptikon::inferio::http: processing local inference predict model=tags/wd-vit-tagger-v3 inputs=1
2026-09-17T06:16:21.054252Z DEBUG panoptikon::inferio::http: processing local inference predict model=tags/wd-vit-tagger-v3 inputs=1
2026-09-17T06:16:21.088990Z DEBUG panoptikon::inferio::http: processing local inference predict model=tags/wd-vit-tagger-v3 inputs=1
2026-09-17T06:16:21.089039Z DEBUG panoptikon::inferio::http: processing local inference predict model=tags/wd-vit-tagger-v3 inputs=1
2026-09-17T06:16:21.089115Z DEBUG panoptikon::inferio::http: processing local inference predict model=tags/wd-vit-tagger-v3 inputs=1
2026-09-17T06:16:21.089166Z DEBUG panoptikon::inferio::http: processing local inference predict model=tags/wd-vit-tagger-v3 inputs=1
2026-09-17T06:16:21.089200Z DEBUG panoptikon::inferio::http: processing local inference predict model=tags/wd-vit-tagger-v3 inputs=1
2026-09-17T06:16:21.089288Z DEBUG panoptikon::inferio::http: processing local inference predict model=tags/wd-vit-tagger-v3 inputs=1
2026-09-17T06:16:21.089332Z DEBUG panoptikon::inferio::http: processing local inference predict model=tags/wd-vit-tagger-v3 inputs=1
2026-09-17T06:16:21.089422Z DEBUG panoptikon::inferio::http: processing local inference predict model=tags/wd-vit-tagger-v3 inputs=1
2026-09-17T06:16:21.089463Z DEBUG panoptikon::inferio::http: processing local inference predict model=tags/wd-vit-tagger-v3 inputs=1
2026-09-17T06:16:21.092103Z DEBUG panoptikon::inferio::http: processing local inference predict model=tags/wd-vit-tagger-v3 inputs=1
2026-09-17T06:16:21.092260Z DEBUG panoptikon::inferio::http: processing local inference predict model=tags/wd-vit-tagger-v3 inputs=1
2026-09-17T06:16:21.092446Z DEBUG panoptikon::inferio::http: processing local inference predict model=tags/wd-vit-tagger-v3 inputs=1
2026-09-17T06:16:21.092565Z DEBUG panoptikon::inferio::http: processing local inference predict model=tags/wd-vit-tagger-v3 inputs=1
2026-09-17T06:16:21.092649Z DEBUG panoptikon::inferio::http: processing local inference predict model=tags/wd-vit-tagger-v3 inputs=1
2026-09-17T06:16:21.092731Z DEBUG panoptikon::inferio::http: processing local inference predict model=tags/wd-vit-tagger-v3 inputs=1
2026-09-17T06:16:21.092770Z DEBUG panoptikon::inferio::http: processing local inference predict model=tags/wd-vit-tagger-v3 inputs=1
2026-09-17T06:16:21.092856Z DEBUG panoptikon::inferio::http: processing local inference predict model=tags/wd-vit-tagger-v3 inputs=1
2026-09-17T06:16:21.092913Z DEBUG panoptikon::inferio::http: processing local inference predict model=tags/wd-vit-tagger-v3 inputs=1
2026-09-17T06:16:21.092963Z DEBUG panoptikon::inferio::http: processing local inference predict model=tags/wd-vit-tagger-v3 inputs=1
2026-09-17T06:16:21.093021Z DEBUG panoptikon::inferio::http: processing local inference predict model=tags/wd-vit-tagger-v3 inputs=1
2026-09-17T06:16:21.093077Z DEBUG panoptikon::inferio::http: processing local inference predict model=tags/wd-vit-tagger-v3 inputs=1
2026-09-17T06:16:21.093107Z DEBUG panoptikon::inferio::http: processing local inference predict model=tags/wd-vit-tagger-v3 inputs=1
2026-09-17T06:16:21.093152Z DEBUG panoptikon::inferio::http: processing local inference predict model=tags/wd-vit-tagger-v3 inputs=1
2026-09-17T06:16:21.093184Z DEBUG panoptikon::inferio::http: processing local inference predict model=tags/wd-vit-tagger-v3 inputs=1
2026-09-17T06:16:21.093235Z DEBUG panoptikon::inferio::http: processing local inference predict model=tags/wd-vit-tagger-v3 inputs=1
2026-09-17T06:16:21.093297Z DEBUG panoptikon::inferio::http: processing local inference predict model=tags/wd-vit-tagger-v3 inputs=1
2026-09-17T06:16:21.093345Z DEBUG panoptikon::inferio::http: processing local inference predict model=tags/wd-vit-tagger-v3 inputs=1
2026-09-17T06:16:21.093405Z DEBUG panoptikon::inferio::http: processing local inference predict model=tags/wd-vit-tagger-v3 inputs=1
2026-09-17T06:16:21.093460Z DEBUG panoptikon::inferio::http: processing local inference predict model=tags/wd-vit-tagger-v3 inputs=1
2026-09-17T06:16:21.093500Z DEBUG panoptikon::inferio::http: processing local inference predict model=tags/wd-vit-tagger-v3 inputs=1
2026-09-17T06:16:21.093548Z DEBUG panoptikon::inferio::http: processing local inference predict model=tags/wd-vit-tagger-v3 inputs=1
2026-09-17T06:16:21.093597Z DEBUG panoptikon::inferio::http: processing local inference predict model=tags/wd-vit-tagger-v3 inputs=1
2026-09-17T06:16:21.093632Z DEBUG panoptikon::inferio::http: processing local inference predict model=tags/wd-vit-tagger-v3 inputs=1
2026-09-17T06:16:21.093686Z DEBUG panoptikon::inferio::http: processing local inference predict model=tags/wd-vit-tagger-v3 inputs=1
2026-09-17T06:16:21.093728Z DEBUG panoptikon::inferio::http: processing local inference predict model=tags/wd-vit-tagger-v3 inputs=1
2026-09-17T06:16:21.093770Z DEBUG panoptikon::inferio::http: processing local inference predict model=tags/wd-vit-tagger-v3 inputs=1
2026-09-17T06:16:21.093811Z DEBUG panoptikon::inferio::http: processing local inference predict model=tags/wd-vit-tagger-v3 inputs=1
2026-09-17T06:16:21.093855Z DEBUG panoptikon::inferio::http: processing local inference predict model=tags/wd-vit-tagger-v3 inputs=1
2026-09-17T06:16:21.093910Z DEBUG panoptikon::inferio::http: processing local inference predict model=tags/wd-vit-tagger-v3 inputs=1
2026-09-17T06:16:21.093950Z DEBUG panoptikon::inferio::http: processing local inference predict model=tags/wd-vit-tagger-v3 inputs=1
2026-09-17T06:16:21.093991Z DEBUG panoptikon::inferio::http: processing local inference predict model=tags/wd-vit-tagger-v3 inputs=1
2026-09-17T06:16:21.317924Z  INFO panoptikon::inferio::worker: 2026-09-17 06:16:21,317 [DEBUG] inferio_worker_impl_0_wd_tagger: Running inference on 32 images worker=wd_tagger
2026-09-17T06:16:29.019960Z  INFO panoptikon::inferio::worker: 2026-09-17 06:16:29,019 [DEBUG] inferio_worker_impl_0_wd_tagger: Running inference on 32 images worker=wd_tagger
2026-09-17T06:16:30.297352Z  INFO panoptikon::inferio::calibration: wrote the local calibration store path=data/inferio/calibration.toml profiles=1
2026-09-17T06:16:36.268372Z  INFO panoptikon::inferio::worker: 2026-09-17 06:16:36,267 [DEBUG] inferio_worker_impl_0_wd_tagger: Running inference on 32 images worker=wd_tagger
2026-09-17T06:16:44.058774Z DEBUG panoptikon::inferio::ledger: refitted the memory cost model model=tags/wd-vit-tagger-v3 gpu=CPU slope_mb_per_unit=36.774193548387096 intercept_mb=34.12903225806452 residual_mb=9.903225806451658 samples=6 version=7
2026-09-17T06:16:44.058813Z DEBUG panoptikon::inferio::ledger: fitted a throughput knee; batches larger than this are no longer admitted however much memory is free model=tags/wd-vit-tagger-v3 gpu=CPU knee_units=15 previous=None observations=17
2026-09-17T06:16:44.058831Z DEBUG panoptikon::inferio::ledger: queued a calibration profile update for the store model=tags/wd-vit-tagger-v3 gpu=CPU reason="fit_changed" max_units_measured=32 fit_version=7
2026-09-17T06:16:44.058858Z DEBUG panoptikon::inferio::ledger: settled a granted window model=tags/wd-vit-tagger-v3 gpu=CPU outcome="clean" fit_samples=3 throughput_samples=3 clamped_samples=0 clamped=none ramp_step=4 deflation=0 clean_windows=9 max_units_measured=32
2026-09-17T06:16:44.058978Z DEBUG panoptikon::inferio::ledger: issued a memory grant model=tags/wd-vit-tagger-v3 gpu=CPU unit_budget=15 mb=552 canvas_pixels=none share_mb=95890 room_mb=95890 headroom_mb=95046 external_mb=31257 reserve_mb=1024 reserve_rule="capped_default" pre_fit=false ramp_step=4 deflation=0 squeezed=false window_requests=45
2026-09-17T06:16:44.063711Z DEBUG panoptikon::inferio::http: processing local inference predict model=tags/wd-vit-tagger-v3 inputs=1
2026-09-17T06:16:44.063829Z DEBUG panoptikon::inferio::http: processing local inference predict model=tags/wd-vit-tagger-v3 inputs=1
2026-09-17T06:16:44.063884Z DEBUG panoptikon::inferio::http: processing local inference predict model=tags/wd-vit-tagger-v3 inputs=1
2026-09-17T06:16:44.063994Z DEBUG panoptikon::inferio::http: processing local inference predict model=tags/wd-vit-tagger-v3 inputs=1
2026-09-17T06:16:44.064062Z DEBUG panoptikon::inferio::http: processing local inference predict model=tags/wd-vit-tagger-v3 inputs=1
2026-09-17T06:16:44.064124Z DEBUG panoptikon::inferio::http: processing local inference predict model=tags/wd-vit-tagger-v3 inputs=1
2026-09-17T06:16:44.064188Z DEBUG panoptikon::inferio::http: processing local inference predict model=tags/wd-vit-tagger-v3 inputs=1
2026-09-17T06:16:44.064238Z DEBUG panoptikon::inferio::http: processing local inference predict model=tags/wd-vit-tagger-v3 inputs=1
2026-09-17T06:16:44.064329Z DEBUG panoptikon::inferio::http: processing local inference predict model=tags/wd-vit-tagger-v3 inputs=1
2026-09-17T06:16:44.064390Z DEBUG panoptikon::inferio::http: processing local inference predict model=tags/wd-vit-tagger-v3 inputs=1
2026-09-17T06:16:44.064440Z DEBUG panoptikon::inferio::http: processing local inference predict model=tags/wd-vit-tagger-v3 inputs=1
2026-09-17T06:16:44.064521Z DEBUG panoptikon::inferio::http: processing local inference predict model=tags/wd-vit-tagger-v3 inputs=1
2026-09-17T06:16:44.064568Z DEBUG panoptikon::inferio::http: processing local inference predict model=tags/wd-vit-tagger-v3 inputs=1
2026-09-17T06:16:44.064614Z DEBUG panoptikon::inferio::http: processing local inference predict model=tags/wd-vit-tagger-v3 inputs=1
2026-09-17T06:16:44.064669Z DEBUG panoptikon::inferio::http: processing local inference predict model=tags/wd-vit-tagger-v3 inputs=1
2026-09-17T06:16:44.064723Z DEBUG panoptikon::inferio::http: processing local inference predict model=tags/wd-vit-tagger-v3 inputs=1
2026-09-17T06:16:44.064761Z DEBUG panoptikon::inferio::http: processing local inference predict model=tags/wd-vit-tagger-v3 inputs=1
2026-09-17T06:16:44.064836Z DEBUG panoptikon::inferio::http: processing local inference predict model=tags/wd-vit-tagger-v3 inputs=1
2026-09-17T06:16:44.064873Z DEBUG panoptikon::inferio::http: processing local inference predict model=tags/wd-vit-tagger-v3 inputs=1
2026-09-17T06:16:44.064930Z DEBUG panoptikon::inferio::http: processing local inference predict model=tags/wd-vit-tagger-v3 inputs=1
2026-09-17T06:16:44.064968Z DEBUG panoptikon::inferio::http: processing local inference predict model=tags/wd-vit-tagger-v3 inputs=1
2026-09-17T06:16:44.065022Z DEBUG panoptikon::inferio::http: processing local inference predict model=tags/wd-vit-tagger-v3 inputs=1
2026-09-17T06:16:44.065080Z DEBUG panoptikon::inferio::http: processing local inference predict model=tags/wd-vit-tagger-v3 inputs=1
2026-09-17T06:16:44.065118Z DEBUG panoptikon::inferio::http: processing local inference predict model=tags/wd-vit-tagger-v3 inputs=1
2026-09-17T06:16:44.065168Z DEBUG panoptikon::inferio::http: processing local inference predict model=tags/wd-vit-tagger-v3 inputs=1
2026-09-17T06:16:44.065216Z DEBUG panoptikon::inferio::http: processing local inference predict model=tags/wd-vit-tagger-v3 inputs=1
2026-09-17T06:16:44.065260Z DEBUG panoptikon::inferio::http: processing local inference predict model=tags/wd-vit-tagger-v3 inputs=1
2026-09-17T06:16:44.065303Z DEBUG panoptikon::inferio::http: processing local inference predict model=tags/wd-vit-tagger-v3 inputs=1
2026-09-17T06:16:44.065346Z DEBUG panoptikon::inferio::http: processing local inference predict model=tags/wd-vit-tagger-v3 inputs=1
2026-09-17T06:16:44.065483Z DEBUG panoptikon::inferio::http: processing local inference predict model=tags/wd-vit-tagger-v3 inputs=1
2026-09-17T06:16:44.065529Z DEBUG panoptikon::inferio::http: processing local inference predict model=tags/wd-vit-tagger-v3 inputs=1
2026-09-17T06:16:44.065579Z DEBUG panoptikon::inferio::http: processing local inference predict model=tags/wd-vit-tagger-v3 inputs=1
2026-09-17T06:16:44.065616Z DEBUG panoptikon::inferio::http: processing local inference predict model=tags/wd-vit-tagger-v3 inputs=1
2026-09-17T06:16:44.065659Z DEBUG panoptikon::inferio::http: processing local inference predict model=tags/wd-vit-tagger-v3 inputs=1
2026-09-17T06:16:44.065701Z DEBUG panoptikon::inferio::http: processing local inference predict model=tags/wd-vit-tagger-v3 inputs=1
2026-09-17T06:16:44.065758Z DEBUG panoptikon::inferio::http: processing local inference predict model=tags/wd-vit-tagger-v3 inputs=1
2026-09-17T06:16:44.065799Z DEBUG panoptikon::inferio::http: processing local inference predict model=tags/wd-vit-tagger-v3 inputs=1
2026-09-17T06:16:44.065914Z DEBUG panoptikon::inferio::http: processing local inference predict model=tags/wd-vit-tagger-v3 inputs=1
2026-09-17T06:16:44.065947Z DEBUG panoptikon::inferio::http: processing local inference predict model=tags/wd-vit-tagger-v3 inputs=1
2026-09-17T06:16:44.065987Z DEBUG panoptikon::inferio::http: processing local inference predict model=tags/wd-vit-tagger-v3 inputs=1
2026-09-17T06:16:44.066058Z DEBUG panoptikon::inferio::http: processing local inference predict model=tags/wd-vit-tagger-v3 inputs=1
2026-09-17T06:16:44.066146Z DEBUG panoptikon::inferio::http: processing local inference predict model=tags/wd-vit-tagger-v3 inputs=1
2026-09-17T06:16:44.066303Z DEBUG panoptikon::inferio::http: processing local inference predict model=tags/wd-vit-tagger-v3 inputs=1
2026-09-17T06:16:44.066443Z DEBUG panoptikon::inferio::http: processing local inference predict model=tags/wd-vit-tagger-v3 inputs=1
2026-09-17T06:16:44.066490Z DEBUG panoptikon::inferio::http: processing local inference predict model=tags/wd-vit-tagger-v3 inputs=1
2026-09-17T06:16:44.066529Z DEBUG panoptikon::inferio::http: processing local inference predict model=tags/wd-vit-tagger-v3 inputs=1
2026-09-17T06:16:44.066566Z DEBUG panoptikon::inferio::http: processing local inference predict model=tags/wd-vit-tagger-v3 inputs=1
2026-09-17T06:16:44.066632Z DEBUG panoptikon::inferio::http: processing local inference predict model=tags/wd-vit-tagger-v3 inputs=1
2026-09-17T06:16:44.066671Z DEBUG panoptikon::inferio::http: processing local inference predict model=tags/wd-vit-tagger-v3 inputs=1
2026-09-17T06:16:44.066772Z DEBUG panoptikon::inferio::http: processing local inference predict model=tags/wd-vit-tagger-v3 inputs=1
2026-09-17T06:16:44.066812Z DEBUG panoptikon::inferio::http: processing local inference predict model=tags/wd-vit-tagger-v3 inputs=1
2026-09-17T06:16:44.066861Z DEBUG panoptikon::inferio::http: processing local inference predict model=tags/wd-vit-tagger-v3 inputs=1
2026-09-17T06:16:44.066899Z DEBUG panoptikon::inferio::http: processing local inference predict model=tags/wd-vit-tagger-v3 inputs=1
2026-09-17T06:16:44.066938Z DEBUG panoptikon::inferio::http: processing local inference predict model=tags/wd-vit-tagger-v3 inputs=1
2026-09-17T06:16:44.066982Z DEBUG panoptikon::inferio::http: processing local inference predict model=tags/wd-vit-tagger-v3 inputs=1
2026-09-17T06:16:44.067051Z DEBUG panoptikon::inferio::http: processing local inference predict model=tags/wd-vit-tagger-v3 inputs=1
2026-09-17T06:16:44.067091Z DEBUG panoptikon::inferio::http: processing local inference predict model=tags/wd-vit-tagger-v3 inputs=1
2026-09-17T06:16:44.067176Z DEBUG panoptikon::inferio::http: processing local inference predict model=tags/wd-vit-tagger-v3 inputs=1
2026-09-17T06:16:44.067279Z DEBUG panoptikon::inferio::http: processing local inference predict model=tags/wd-vit-tagger-v3 inputs=1
2026-09-17T06:16:44.067437Z DEBUG panoptikon::inferio::http: processing local inference predict model=tags/wd-vit-tagger-v3 inputs=1
2026-09-17T06:16:44.067494Z DEBUG panoptikon::inferio::http: processing local inference predict model=tags/wd-vit-tagger-v3 inputs=1
2026-09-17T06:16:44.067518Z DEBUG panoptikon::inferio::http: processing local inference predict model=tags/wd-vit-tagger-v3 inputs=1
2026-09-17T06:16:44.067550Z DEBUG panoptikon::inferio::http: processing local inference predict model=tags/wd-vit-tagger-v3 inputs=1
2026-09-17T06:16:44.067587Z DEBUG panoptikon::inferio::http: processing local inference predict model=tags/wd-vit-tagger-v3 inputs=1
2026-09-17T06:16:44.067665Z DEBUG panoptikon::inferio::http: processing local inference predict model=tags/wd-vit-tagger-v3 inputs=1
2026-09-17T06:16:44.067701Z DEBUG panoptikon::inferio::http: processing local inference predict model=tags/wd-vit-tagger-v3 inputs=1
2026-09-17T06:16:44.067773Z DEBUG panoptikon::inferio::http: processing local inference predict model=tags/wd-vit-tagger-v3 inputs=1
2026-09-17T06:16:44.067889Z DEBUG panoptikon::inferio::http: processing local inference predict model=tags/wd-vit-tagger-v3 inputs=1
2026-09-17T06:16:44.067935Z DEBUG panoptikon::inferio::http: processing local inference predict model=tags/wd-vit-tagger-v3 inputs=1
2026-09-17T06:16:44.068172Z DEBUG panoptikon::inferio::http: processing local inference predict model=tags/wd-vit-tagger-v3 inputs=1
2026-09-17T06:16:44.068211Z DEBUG panoptikon::inferio::http: processing local inference predict model=tags/wd-vit-tagger-v3 inputs=1
2026-09-17T06:16:44.068259Z DEBUG panoptikon::inferio::http: processing local inference predict model=tags/wd-vit-tagger-v3 inputs=1
2026-09-17T06:16:44.068298Z DEBUG panoptikon::inferio::http: processing local inference predict model=tags/wd-vit-tagger-v3 inputs=1
2026-09-17T06:16:44.068340Z DEBUG panoptikon::inferio::http: processing local inference predict model=tags/wd-vit-tagger-v3 inputs=1
2026-09-17T06:16:44.068399Z DEBUG panoptikon::inferio::http: processing local inference predict model=tags/wd-vit-tagger-v3 inputs=1
2026-09-17T06:16:44.068449Z DEBUG panoptikon::inferio::http: processing local inference predict model=tags/wd-vit-tagger-v3 inputs=1
2026-09-17T06:16:44.068509Z DEBUG panoptikon::inferio::http: processing local inference predict model=tags/wd-vit-tagger-v3 inputs=1
2026-09-17T06:16:44.068637Z DEBUG panoptikon::inferio::http: processing local inference predict model=tags/wd-vit-tagger-v3 inputs=1
2026-09-17T06:16:44.068676Z DEBUG panoptikon::inferio::http: processing local inference predict model=tags/wd-vit-tagger-v3 inputs=1
2026-09-17T06:16:44.068727Z DEBUG panoptikon::inferio::http: processing local inference predict model=tags/wd-vit-tagger-v3 inputs=1
2026-09-17T06:16:44.068765Z DEBUG panoptikon::inferio::http: processing local inference predict model=tags/wd-vit-tagger-v3 inputs=1
2026-09-17T06:16:44.073025Z  INFO panoptikon::inferio::worker: 2026-09-17 06:16:44,072 [DEBUG] inferio_worker.packing: this window's 552 MiB grant is below 80% of the 1082 MiB of releasable slack in the 1897 MiB pool (1/2 consecutive windows before releasing it) worker=wd_tagger
2026-09-17T06:16:44.186844Z  INFO panoptikon::inferio::worker: 2026-09-17 06:16:44,186 [DEBUG] inferio_worker_impl_0_wd_tagger: Running inference on 15 images worker=wd_tagger
2026-09-17T06:16:47.029598Z  INFO panoptikon::inferio::worker: 2026-09-17 06:16:47,029 [DEBUG] inferio_worker_impl_0_wd_tagger: Running inference on 15 images worker=wd_tagger
2026-09-17T06:16:49.234019Z  INFO panoptikon::inferio::worker: 2026-09-17 06:16:49,233 [DEBUG] inferio_worker_impl_0_wd_tagger: Running inference on 15 images worker=wd_tagger
2026-09-17T06:16:52.688337Z DEBUG panoptikon::inferio::ledger: refitted the memory cost model model=tags/wd-vit-tagger-v3 gpu=CPU slope_mb_per_unit=37.142857142857146 intercept_mb=40.71428571428571 residual_mb=16.85714285714286 samples=7 version=8
2026-09-17T06:16:52.688383Z DEBUG panoptikon::inferio::ledger: queued a calibration profile update for the store model=tags/wd-vit-tagger-v3 gpu=CPU reason="fit_changed" max_units_measured=32 fit_version=8
2026-09-17T06:16:52.688414Z DEBUG panoptikon::inferio::ledger: settled a granted window model=tags/wd-vit-tagger-v3 gpu=CPU outcome="clean" fit_samples=3 throughput_samples=3 clamped_samples=0 clamped=none ramp_step=4 deflation=0 clean_windows=10 max_units_measured=32
2026-09-17T06:16:52.688502Z DEBUG panoptikon::inferio::ledger: issued a memory grant model=tags/wd-vit-tagger-v3 gpu=CPU unit_budget=15 mb=558 canvas_pixels=none share_mb=96008 room_mb=96008 headroom_mb=95164 external_mb=29559 reserve_mb=1024 reserve_rule="capped_default" pre_fit=false ramp_step=4 deflation=0 squeezed=false window_requests=45
2026-09-17T06:16:52.807960Z  INFO panoptikon::inferio::worker: 2026-09-17 06:16:52,807 [DEBUG] inferio_worker_impl_0_wd_tagger: Running inference on 15 images worker=wd_tagger
2026-09-17T06:16:55.280664Z  INFO panoptikon::inferio::worker: 2026-09-17 06:16:55,280 [DEBUG] inferio_worker_impl_0_wd_tagger: Running inference on 15 images worker=wd_tagger
2026-09-17T06:16:57.383445Z  INFO panoptikon::inferio::worker: 2026-09-17 06:16:57,383 [DEBUG] inferio_worker.packing: retiring the throughput comparator after 8 non-comparable batches worker=wd_tagger
2026-09-17T06:16:57.479600Z  INFO panoptikon::inferio::worker: 2026-09-17 06:16:57,479 [DEBUG] inferio_worker_impl_0_wd_tagger: Running inference on 15 images worker=wd_tagger
2026-09-17T06:17:00.299989Z  INFO panoptikon::inferio::calibration: wrote the local calibration store path=data/inferio/calibration.toml profiles=1
2026-09-17T06:17:00.683213Z DEBUG panoptikon::inferio::ledger: settled a granted window model=tags/wd-vit-tagger-v3 gpu=CPU outcome="clean" fit_samples=3 throughput_samples=3 clamped_samples=0 clamped=none ramp_step=4 deflation=0 clean_windows=11 max_units_measured=32
2026-09-17T06:17:00.683310Z DEBUG panoptikon::inferio::ledger: issued a memory grant model=tags/wd-vit-tagger-v3 gpu=CPU unit_budget=15 mb=558 canvas_pixels=none share_mb=96008 room_mb=96008 headroom_mb=95164 external_mb=29629 reserve_mb=1024 reserve_rule="capped_default" pre_fit=false ramp_step=4 deflation=0 squeezed=false window_requests=45
2026-09-17T06:17:00.686165Z DEBUG panoptikon::inferio::http: processing local inference predict model=tags/wd-vit-tagger-v3 inputs=1
2026-09-17T06:17:00.686236Z DEBUG panoptikon::inferio::http: processing local inference predict model=tags/wd-vit-tagger-v3 inputs=1
2026-09-17T06:17:00.686281Z DEBUG panoptikon::inferio::http: processing local inference predict model=tags/wd-vit-tagger-v3 inputs=1
2026-09-17T06:17:00.692278Z  INFO panoptikon::inferio::worker: 2026-09-17 06:17:00,692 [DEBUG] inferio_worker.packing: this window's 558 MiB grant is below 80% of the 1082 MiB of releasable slack in the 1897 MiB pool (1/2 consecutive windows before releasing it) worker=wd_tagger
2026-09-17T06:17:00.782884Z  INFO panoptikon::inferio::worker: 2026-09-17 06:17:00,782 [DEBUG] inferio_worker_impl_0_wd_tagger: Running inference on 15 images worker=wd_tagger
2026-09-17T06:17:02.971085Z  INFO panoptikon::inferio::worker: 2026-09-17 06:17:02,970 [DEBUG] inferio_worker_impl_0_wd_tagger: Running inference on 15 images worker=wd_tagger
2026-09-17T06:17:05.125601Z  INFO panoptikon::inferio::worker: 2026-09-17 06:17:05,125 [DEBUG] inferio_worker_impl_0_wd_tagger: Running inference on 15 images worker=wd_tagger
2026-09-17T06:17:08.153029Z DEBUG panoptikon::inferio::ledger: settled a granted window model=tags/wd-vit-tagger-v3 gpu=CPU outcome="clean" fit_samples=3 throughput_samples=3 clamped_samples=0 clamped=none ramp_step=4 deflation=0 clean_windows=12 max_units_measured=32
2026-09-17T06:17:08.153125Z DEBUG panoptikon::inferio::ledger: issued a memory grant model=tags/wd-vit-tagger-v3 gpu=CPU unit_budget=15 mb=558 canvas_pixels=none share_mb=96008 room_mb=96008 headroom_mb=95164 external_mb=30438 reserve_mb=1024 reserve_rule="capped_default" pre_fit=false ramp_step=4 deflation=0 squeezed=false window_requests=45
2026-09-17T06:17:08.154577Z DEBUG panoptikon::inferio::http: processing local inference predict model=tags/wd-vit-tagger-v3 inputs=1
2026-09-17T06:17:08.155088Z DEBUG panoptikon::inferio::http: processing local inference predict model=tags/wd-vit-tagger-v3 inputs=1
2026-09-17T06:17:08.155143Z DEBUG panoptikon::inferio::http: processing local inference predict model=tags/wd-vit-tagger-v3 inputs=1
2026-09-17T06:17:08.155246Z DEBUG panoptikon::inferio::http: processing local inference predict model=tags/wd-vit-tagger-v3 inputs=1
2026-09-17T06:17:08.155295Z DEBUG panoptikon::inferio::http: processing local inference predict model=tags/wd-vit-tagger-v3 inputs=1
2026-09-17T06:17:08.155339Z DEBUG panoptikon::inferio::http: processing local inference predict model=tags/wd-vit-tagger-v3 inputs=1
2026-09-17T06:17:08.155389Z DEBUG panoptikon::inferio::http: processing local inference predict model=tags/wd-vit-tagger-v3 inputs=1
2026-09-17T06:17:08.155432Z DEBUG panoptikon::inferio::http: processing local inference predict model=tags/wd-vit-tagger-v3 inputs=1
2026-09-17T06:17:08.155469Z DEBUG panoptikon::inferio::http: processing local inference predict model=tags/wd-vit-tagger-v3 inputs=1
2026-09-17T06:17:08.155653Z DEBUG panoptikon::inferio::http: processing local inference predict model=tags/wd-vit-tagger-v3 inputs=1
2026-09-17T06:17:08.155686Z DEBUG panoptikon::inferio::http: processing local inference predict model=tags/wd-vit-tagger-v3 inputs=1
2026-09-17T06:17:08.155818Z DEBUG panoptikon::inferio::http: processing local inference predict model=tags/wd-vit-tagger-v3 inputs=1
2026-09-17T06:17:08.155847Z DEBUG panoptikon::inferio::http: processing local inference predict model=tags/wd-vit-tagger-v3 inputs=1
2026-09-17T06:17:08.155894Z DEBUG panoptikon::inferio::http: processing local inference predict model=tags/wd-vit-tagger-v3 inputs=1
2026-09-17T06:17:08.155971Z DEBUG panoptikon::inferio::http: processing local inference predict model=tags/wd-vit-tagger-v3 inputs=1
2026-09-17T06:17:08.156013Z DEBUG panoptikon::inferio::http: processing local inference predict model=tags/wd-vit-tagger-v3 inputs=1
2026-09-17T06:17:08.156070Z DEBUG panoptikon::inferio::http: processing local inference predict model=tags/wd-vit-tagger-v3 inputs=1
2026-09-17T06:17:08.156095Z DEBUG panoptikon::inferio::http: processing local inference predict model=tags/wd-vit-tagger-v3 inputs=1
2026-09-17T06:17:08.156193Z DEBUG panoptikon::inferio::http: processing local inference predict model=tags/wd-vit-tagger-v3 inputs=1
2026-09-17T06:17:08.156442Z DEBUG panoptikon::inferio::http: processing local inference predict model=tags/wd-vit-tagger-v3 inputs=1
2026-09-17T06:17:08.156480Z DEBUG panoptikon::inferio::http: processing local inference predict model=tags/wd-vit-tagger-v3 inputs=1
2026-09-17T06:17:08.156520Z DEBUG panoptikon::inferio::http: processing local inference predict model=tags/wd-vit-tagger-v3 inputs=1
2026-09-17T06:17:08.156561Z DEBUG panoptikon::inferio::http: processing local inference predict model=tags/wd-vit-tagger-v3 inputs=1
2026-09-17T06:17:08.156595Z DEBUG panoptikon::inferio::http: processing local inference predict model=tags/wd-vit-tagger-v3 inputs=1
2026-09-17T06:17:08.156629Z DEBUG panoptikon::inferio::http: processing local inference predict model=tags/wd-vit-tagger-v3 inputs=1
2026-09-17T06:17:08.156671Z DEBUG panoptikon::inferio::http: processing local inference predict model=tags/wd-vit-tagger-v3 inputs=1
2026-09-17T06:17:08.156712Z DEBUG panoptikon::inferio::http: processing local inference predict model=tags/wd-vit-tagger-v3 inputs=1
2026-09-17T06:17:08.156752Z DEBUG panoptikon::inferio::http: processing local inference predict model=tags/wd-vit-tagger-v3 inputs=1
2026-09-17T06:17:08.156837Z DEBUG panoptikon::inferio::http: processing local inference predict model=tags/wd-vit-tagger-v3 inputs=1
2026-09-17T06:17:08.156861Z DEBUG panoptikon::inferio::http: processing local inference predict model=tags/wd-vit-tagger-v3 inputs=1
2026-09-17T06:17:08.156942Z DEBUG panoptikon::inferio::http: processing local inference predict model=tags/wd-vit-tagger-v3 inputs=1
2026-09-17T06:17:08.157082Z DEBUG panoptikon::inferio::http: processing local inference predict model=tags/wd-vit-tagger-v3 inputs=1
2026-09-17T06:17:08.157122Z DEBUG panoptikon::inferio::http: processing local inference predict model=tags/wd-vit-tagger-v3 inputs=1
2026-09-17T06:17:08.157170Z DEBUG panoptikon::inferio::http: processing local inference predict model=tags/wd-vit-tagger-v3 inputs=1
2026-09-17T06:17:08.157222Z DEBUG panoptikon::inferio::http: processing local inference predict model=tags/wd-vit-tagger-v3 inputs=1
2026-09-17T06:17:08.157312Z DEBUG panoptikon::inferio::http: processing local inference predict model=tags/wd-vit-tagger-v3 inputs=1
2026-09-17T06:17:08.157368Z DEBUG panoptikon::inferio::http: processing local inference predict model=tags/wd-vit-tagger-v3 inputs=1
2026-09-17T06:17:08.157400Z DEBUG panoptikon::inferio::http: processing local inference predict model=tags/wd-vit-tagger-v3 inputs=1
2026-09-17T06:17:08.157640Z DEBUG panoptikon::inferio::http: processing local inference predict model=tags/wd-vit-tagger-v3 inputs=1
2026-09-17T06:17:08.157662Z DEBUG panoptikon::inferio::http: processing local inference predict model=tags/wd-vit-tagger-v3 inputs=1
2026-09-17T06:17:08.157744Z DEBUG panoptikon::inferio::http: processing local inference predict model=tags/wd-vit-tagger-v3 inputs=1
2026-09-17T06:17:08.157820Z DEBUG panoptikon::inferio::http: processing local inference predict model=tags/wd-vit-tagger-v3 inputs=1
2026-09-17T06:17:08.157999Z DEBUG panoptikon::inferio::http: processing local inference predict model=tags/wd-vit-tagger-v3 inputs=1
2026-09-17T06:17:08.158059Z DEBUG panoptikon::inferio::http: processing local inference predict model=tags/wd-vit-tagger-v3 inputs=1
2026-09-17T06:17:08.158082Z DEBUG panoptikon::inferio::http: processing local inference predict model=tags/wd-vit-tagger-v3 inputs=1
2026-09-17T06:17:08.256343Z  INFO panoptikon::inferio::worker: 2026-09-17 06:17:08,256 [DEBUG] inferio_worker_impl_0_wd_tagger: Running inference on 15 images worker=wd_tagger
2026-09-17T06:17:10.452829Z  INFO panoptikon::inferio::worker: 2026-09-17 06:17:10,452 [DEBUG] inferio_worker_impl_0_wd_tagger: Running inference on 15 images worker=wd_tagger
2026-09-17T06:17:12.605748Z  INFO panoptikon::inferio::worker: 2026-09-17 06:17:12,605 [DEBUG] inferio_worker_impl_0_wd_tagger: Running inference on 15 images worker=wd_tagger
2026-09-17T06:17:15.610207Z DEBUG panoptikon::inferio::ledger: settled a granted window model=tags/wd-vit-tagger-v3 gpu=CPU outcome="clean" fit_samples=3 throughput_samples=3 clamped_samples=0 clamped=none ramp_step=4 deflation=0 clean_windows=13 max_units_measured=32
2026-09-17T06:17:15.610301Z DEBUG panoptikon::inferio::ledger: issued a memory grant model=tags/wd-vit-tagger-v3 gpu=CPU unit_budget=15 mb=558 canvas_pixels=none share_mb=91897 room_mb=91897 headroom_mb=91053 external_mb=35250 reserve_mb=1024 reserve_rule="capped_default" pre_fit=false ramp_step=4 deflation=0 squeezed=false window_requests=45
2026-09-17T06:17:15.611855Z DEBUG panoptikon::inferio::http: processing local inference predict model=tags/wd-vit-tagger-v3 inputs=1
2026-09-17T06:17:15.611922Z DEBUG panoptikon::inferio::http: processing local inference predict model=tags/wd-vit-tagger-v3 inputs=1
2026-09-17T06:17:15.611967Z DEBUG panoptikon::inferio::http: processing local inference predict model=tags/wd-vit-tagger-v3 inputs=1
2026-09-17T06:17:15.612147Z DEBUG panoptikon::inferio::http: processing local inference predict model=tags/wd-vit-tagger-v3 inputs=1
2026-09-17T06:17:15.612215Z DEBUG panoptikon::inferio::http: processing local inference predict model=tags/wd-vit-tagger-v3 inputs=1
2026-09-17T06:17:15.612262Z DEBUG panoptikon::inferio::http: processing local inference predict model=tags/wd-vit-tagger-v3 inputs=1
2026-09-17T06:17:15.612296Z DEBUG panoptikon::inferio::http: processing local inference predict model=tags/wd-vit-tagger-v3 inputs=1
2026-09-17T06:17:15.612490Z DEBUG panoptikon::inferio::http: processing local inference predict model=tags/wd-vit-tagger-v3 inputs=1
2026-09-17T06:17:15.612627Z DEBUG panoptikon::inferio::http: processing local inference predict model=tags/wd-vit-tagger-v3 inputs=1
2026-09-17T06:17:15.612786Z DEBUG panoptikon::inferio::http: processing local inference predict model=tags/wd-vit-tagger-v3 inputs=1
2026-09-17T06:17:15.612817Z DEBUG panoptikon::inferio::http: processing local inference predict model=tags/wd-vit-tagger-v3 inputs=1
2026-09-17T06:17:15.612893Z DEBUG panoptikon::inferio::http: processing local inference predict model=tags/wd-vit-tagger-v3 inputs=1
2026-09-17T06:17:15.612940Z DEBUG panoptikon::inferio::http: processing local inference predict model=tags/wd-vit-tagger-v3 inputs=1
2026-09-17T06:17:15.613060Z DEBUG panoptikon::inferio::http: processing local inference predict model=tags/wd-vit-tagger-v3 inputs=1
2026-09-17T06:17:15.613157Z DEBUG panoptikon::inferio::http: processing local inference predict model=tags/wd-vit-tagger-v3 inputs=1
2026-09-17T06:17:15.613294Z DEBUG panoptikon::inferio::http: processing local inference predict model=tags/wd-vit-tagger-v3 inputs=1
2026-09-17T06:17:15.613343Z DEBUG panoptikon::inferio::http: processing local inference predict model=tags/wd-vit-tagger-v3 inputs=1
2026-09-17T06:17:15.613407Z DEBUG panoptikon::inferio::http: processing local inference predict model=tags/wd-vit-tagger-v3 inputs=1
2026-09-17T06:17:15.613448Z DEBUG panoptikon::inferio::http: processing local inference predict model=tags/wd-vit-tagger-v3 inputs=1
2026-09-17T06:17:15.613489Z DEBUG panoptikon::inferio::http: processing local inference predict model=tags/wd-vit-tagger-v3 inputs=1
2026-09-17T06:17:15.613524Z DEBUG panoptikon::inferio::http: processing local inference predict model=tags/wd-vit-tagger-v3 inputs=1
2026-09-17T06:17:15.613557Z DEBUG panoptikon::inferio::http: processing local inference predict model=tags/wd-vit-tagger-v3 inputs=1
2026-09-17T06:17:15.613731Z DEBUG panoptikon::inferio::http: processing local inference predict model=tags/wd-vit-tagger-v3 inputs=1
2026-09-17T06:17:15.613782Z DEBUG panoptikon::inferio::http: processing local inference predict model=tags/wd-vit-tagger-v3 inputs=1
2026-09-17T06:17:15.613810Z DEBUG panoptikon::inferio::http: processing local inference predict model=tags/wd-vit-tagger-v3 inputs=1
2026-09-17T06:17:15.613857Z DEBUG panoptikon::inferio::http: processing local inference predict model=tags/wd-vit-tagger-v3 inputs=1
2026-09-17T06:17:15.614005Z DEBUG panoptikon::inferio::http: processing local inference predict model=tags/wd-vit-tagger-v3 inputs=1
2026-09-17T06:17:15.614037Z DEBUG panoptikon::inferio::http: processing local inference predict model=tags/wd-vit-tagger-v3 inputs=1
2026-09-17T06:17:15.614154Z DEBUG panoptikon::inferio::http: processing local inference predict model=tags/wd-vit-tagger-v3 inputs=1
2026-09-17T06:17:15.614222Z DEBUG panoptikon::inferio::http: processing local inference predict model=tags/wd-vit-tagger-v3 inputs=1
2026-09-17T06:17:15.614247Z DEBUG panoptikon::inferio::http: processing local inference predict model=tags/wd-vit-tagger-v3 inputs=1
2026-09-17T06:17:15.614285Z DEBUG panoptikon::inferio::http: processing local inference predict model=tags/wd-vit-tagger-v3 inputs=1
2026-09-17T06:17:15.614310Z DEBUG panoptikon::inferio::http: processing local inference predict model=tags/wd-vit-tagger-v3 inputs=1
2026-09-17T06:17:15.614376Z DEBUG panoptikon::inferio::http: processing local inference predict model=tags/wd-vit-tagger-v3 inputs=1
2026-09-17T06:17:15.614408Z DEBUG panoptikon::inferio::http: processing local inference predict model=tags/wd-vit-tagger-v3 inputs=1
2026-09-17T06:17:15.614453Z DEBUG panoptikon::inferio::http: processing local inference predict model=tags/wd-vit-tagger-v3 inputs=1
2026-09-17T06:17:15.614493Z DEBUG panoptikon::inferio::http: processing local inference predict model=tags/wd-vit-tagger-v3 inputs=1
2026-09-17T06:17:15.614574Z DEBUG panoptikon::inferio::http: processing local inference predict model=tags/wd-vit-tagger-v3 inputs=1
2026-09-17T06:17:15.614689Z DEBUG panoptikon::inferio::http: processing local inference predict model=tags/wd-vit-tagger-v3 inputs=1
2026-09-17T06:17:15.614722Z DEBUG panoptikon::inferio::http: processing local inference predict model=tags/wd-vit-tagger-v3 inputs=1
2026-09-17T06:17:15.614763Z DEBUG panoptikon::inferio::http: processing local inference predict model=tags/wd-vit-tagger-v3 inputs=1
2026-09-17T06:17:15.614788Z DEBUG panoptikon::inferio::http: processing local inference predict model=tags/wd-vit-tagger-v3 inputs=1
2026-09-17T06:17:15.614853Z DEBUG panoptikon::inferio::http: processing local inference predict model=tags/wd-vit-tagger-v3 inputs=1
2026-09-17T06:17:15.614938Z DEBUG panoptikon::inferio::http: processing local inference predict model=tags/wd-vit-tagger-v3 inputs=1
2026-09-17T06:17:15.614975Z DEBUG panoptikon::inferio::http: processing local inference predict model=tags/wd-vit-tagger-v3 inputs=1
2026-09-17T06:17:15.618784Z  INFO panoptikon::inferio::worker: 2026-09-17 06:17:15,618 [DEBUG] inferio_worker.packing: this window's 558 MiB grant is below 80% of the 1082 MiB of releasable slack in the 1897 MiB pool (1/2 consecutive windows before releasing it) worker=wd_tagger
2026-09-17T06:17:15.702997Z  INFO panoptikon::inferio::worker: 2026-09-17 06:17:15,702 [DEBUG] inferio_worker_impl_0_wd_tagger: Running inference on 15 images worker=wd_tagger
2026-09-17T06:17:18.979616Z  INFO panoptikon::inferio::worker: 2026-09-17 06:17:18,979 [DEBUG] inferio_worker_impl_0_wd_tagger: Running inference on 15 images worker=wd_tagger
2026-09-17T06:17:21.230176Z  INFO panoptikon::inferio::worker: 2026-09-17 06:17:21,229 [DEBUG] inferio_worker_impl_0_wd_tagger: Running inference on 15 images worker=wd_tagger
2026-09-17T06:17:24.537276Z DEBUG panoptikon::inferio::ledger: settled a granted window model=tags/wd-vit-tagger-v3 gpu=CPU outcome="clean" fit_samples=3 throughput_samples=3 clamped_samples=0 clamped=none ramp_step=4 deflation=0 clean_windows=14 max_units_measured=32
2026-09-17T06:17:24.537345Z DEBUG panoptikon::inferio::ledger: issued a memory grant model=tags/wd-vit-tagger-v3 gpu=CPU unit_budget=15 mb=558 canvas_pixels=none share_mb=96008 room_mb=96008 headroom_mb=95164 external_mb=29518 reserve_mb=1024 reserve_rule="capped_default" pre_fit=false ramp_step=4 deflation=0 squeezed=false window_requests=45
2026-09-17T06:17:24.538537Z DEBUG panoptikon::inferio::http: processing local inference predict model=tags/wd-vit-tagger-v3 inputs=1
2026-09-17T06:17:24.538870Z DEBUG panoptikon::inferio::http: processing local inference predict model=tags/wd-vit-tagger-v3 inputs=1
2026-09-17T06:17:24.539076Z DEBUG panoptikon::inferio::http: processing local inference predict model=tags/wd-vit-tagger-v3 inputs=1
2026-09-17T06:17:24.539117Z DEBUG panoptikon::inferio::http: processing local inference predict model=tags/wd-vit-tagger-v3 inputs=1
2026-09-17T06:17:24.539152Z DEBUG panoptikon::inferio::http: processing local inference predict model=tags/wd-vit-tagger-v3 inputs=1
2026-09-17T06:17:24.539190Z DEBUG panoptikon::inferio::http: processing local inference predict model=tags/wd-vit-tagger-v3 inputs=1
2026-09-17T06:17:24.539345Z DEBUG panoptikon::inferio::http: processing local inference predict model=tags/wd-vit-tagger-v3 inputs=1
2026-09-17T06:17:24.539377Z DEBUG panoptikon::inferio::http: processing local inference predict model=tags/wd-vit-tagger-v3 inputs=1
2026-09-17T06:17:24.539409Z DEBUG panoptikon::inferio::http: processing local inference predict model=tags/wd-vit-tagger-v3 inputs=1
2026-09-17T06:17:24.539502Z DEBUG panoptikon::inferio::http: processing local inference predict model=tags/wd-vit-tagger-v3 inputs=1
2026-09-17T06:17:24.539524Z DEBUG panoptikon::inferio::http: processing local inference predict model=tags/wd-vit-tagger-v3 inputs=1
2026-09-17T06:17:24.539558Z DEBUG panoptikon::inferio::http: processing local inference predict model=tags/wd-vit-tagger-v3 inputs=1
2026-09-17T06:17:24.539585Z DEBUG panoptikon::inferio::http: processing local inference predict model=tags/wd-vit-tagger-v3 inputs=1
2026-09-17T06:17:24.539614Z DEBUG panoptikon::inferio::http: processing local inference predict model=tags/wd-vit-tagger-v3 inputs=1
2026-09-17T06:17:24.539762Z DEBUG panoptikon::inferio::http: processing local inference predict model=tags/wd-vit-tagger-v3 inputs=1
2026-09-17T06:17:24.539883Z DEBUG panoptikon::inferio::http: processing local inference predict model=tags/wd-vit-tagger-v3 inputs=1
2026-09-17T06:17:24.539963Z DEBUG panoptikon::inferio::http: processing local inference predict model=tags/wd-vit-tagger-v3 inputs=1
2026-09-17T06:17:24.540004Z DEBUG panoptikon::inferio::http: processing local inference predict model=tags/wd-vit-tagger-v3 inputs=1
2026-09-17T06:17:24.540076Z DEBUG panoptikon::inferio::http: processing local inference predict model=tags/wd-vit-tagger-v3 inputs=1
2026-09-17T06:17:24.540143Z DEBUG panoptikon::inferio::http: processing local inference predict model=tags/wd-vit-tagger-v3 inputs=1
2026-09-17T06:17:24.540187Z DEBUG panoptikon::inferio::http: processing local inference predict model=tags/wd-vit-tagger-v3 inputs=1
2026-09-17T06:17:24.540222Z DEBUG panoptikon::inferio::http: processing local inference predict model=tags/wd-vit-tagger-v3 inputs=1
2026-09-17T06:17:24.540248Z DEBUG panoptikon::inferio::http: processing local inference predict model=tags/wd-vit-tagger-v3 inputs=1
2026-09-17T06:17:24.540290Z DEBUG panoptikon::inferio::http: processing local inference predict model=tags/wd-vit-tagger-v3 inputs=1
2026-09-17T06:17:24.540347Z DEBUG panoptikon::inferio::http: processing local inference predict model=tags/wd-vit-tagger-v3 inputs=1
2026-09-17T06:17:24.540395Z DEBUG panoptikon::inferio::http: processing local inference predict model=tags/wd-vit-tagger-v3 inputs=1
2026-09-17T06:17:24.540424Z DEBUG panoptikon::inferio::http: processing local inference predict model=tags/wd-vit-tagger-v3 inputs=1
2026-09-17T06:17:24.540447Z DEBUG panoptikon::inferio::http: processing local inference predict model=tags/wd-vit-tagger-v3 inputs=1
2026-09-17T06:17:24.540572Z DEBUG panoptikon::inferio::http: processing local inference predict model=tags/wd-vit-tagger-v3 inputs=1
2026-09-17T06:17:24.540607Z DEBUG panoptikon::inferio::http: processing local inference predict model=tags/wd-vit-tagger-v3 inputs=1
2026-09-17T06:17:24.540715Z DEBUG panoptikon::inferio::http: processing local inference predict model=tags/wd-vit-tagger-v3 inputs=1
2026-09-17T06:17:24.540744Z DEBUG panoptikon::inferio::http: processing local inference predict model=tags/wd-vit-tagger-v3 inputs=1
2026-09-17T06:17:24.540844Z DEBUG panoptikon::inferio::http: processing local inference predict model=tags/wd-vit-tagger-v3 inputs=1
2026-09-17T06:17:24.540870Z DEBUG panoptikon::inferio::http: processing local inference predict model=tags/wd-vit-tagger-v3 inputs=1
2026-09-17T06:17:24.540892Z DEBUG panoptikon::inferio::http: processing local inference predict model=tags/wd-vit-tagger-v3 inputs=1
2026-09-17T06:17:24.540916Z DEBUG panoptikon::inferio::http: processing local inference predict model=tags/wd-vit-tagger-v3 inputs=1
2026-09-17T06:17:24.540948Z DEBUG panoptikon::inferio::http: processing local inference predict model=tags/wd-vit-tagger-v3 inputs=1
2026-09-17T06:17:24.540977Z DEBUG panoptikon::inferio::http: processing local inference predict model=tags/wd-vit-tagger-v3 inputs=1
2026-09-17T06:17:24.541096Z DEBUG panoptikon::inferio::http: processing local inference predict model=tags/wd-vit-tagger-v3 inputs=1
2026-09-17T06:17:24.541132Z DEBUG panoptikon::inferio::http: processing local inference predict model=tags/wd-vit-tagger-v3 inputs=1
2026-09-17T06:17:24.541239Z DEBUG panoptikon::inferio::http: processing local inference predict model=tags/wd-vit-tagger-v3 inputs=1
2026-09-17T06:17:24.541387Z DEBUG panoptikon::inferio::http: processing local inference predict model=tags/wd-vit-tagger-v3 inputs=1
2026-09-17T06:17:24.541417Z DEBUG panoptikon::inferio::http: processing local inference predict model=tags/wd-vit-tagger-v3 inputs=1
2026-09-17T06:17:24.541496Z DEBUG panoptikon::inferio::http: processing local inference predict model=tags/wd-vit-tagger-v3 inputs=1
2026-09-17T06:17:24.541556Z DEBUG panoptikon::inferio::http: processing local inference predict model=tags/wd-vit-tagger-v3 inputs=1
2026-09-17T06:17:24.643988Z  INFO panoptikon::inferio::worker: 2026-09-17 06:17:24,643 [DEBUG] inferio_worker_impl_0_wd_tagger: Running inference on 15 images worker=wd_tagger
2026-09-17T06:17:27.201189Z  INFO panoptikon::inferio::worker: 2026-09-17 06:17:27,200 [DEBUG] inferio_worker_impl_0_wd_tagger: Running inference on 15 images worker=wd_tagger
2026-09-17T06:17:30.376283Z  INFO panoptikon::inferio::worker: 2026-09-17 06:17:30,376 [DEBUG] inferio_worker_impl_0_wd_tagger: Running inference on 15 images worker=wd_tagger
2026-09-17T06:17:33.760616Z DEBUG panoptikon::inferio::ledger: settled a granted window model=tags/wd-vit-tagger-v3 gpu=CPU outcome="clean" fit_samples=3 throughput_samples=3 clamped_samples=0 clamped=none ramp_step=4 deflation=0 clean_windows=15 max_units_measured=32
2026-09-17T06:17:33.760689Z DEBUG panoptikon::inferio::ledger: issued a memory grant model=tags/wd-vit-tagger-v3 gpu=CPU unit_budget=15 mb=558 canvas_pixels=none share_mb=96008 room_mb=96008 headroom_mb=95164 external_mb=29197 reserve_mb=1024 reserve_rule="capped_default" pre_fit=false ramp_step=4 deflation=0 squeezed=false window_requests=45
2026-09-17T06:17:33.761713Z DEBUG panoptikon::inferio::http: processing local inference predict model=tags/wd-vit-tagger-v3 inputs=1
2026-09-17T06:17:33.761820Z DEBUG panoptikon::inferio::http: processing local inference predict model=tags/wd-vit-tagger-v3 inputs=1
2026-09-17T06:17:33.762293Z DEBUG panoptikon::inferio::http: processing local inference predict model=tags/wd-vit-tagger-v3 inputs=1
2026-09-17T06:17:33.762793Z DEBUG panoptikon::inferio::http: processing local inference predict model=tags/wd-vit-tagger-v3 inputs=1
2026-09-17T06:17:33.762853Z DEBUG panoptikon::inferio::http: processing local inference predict model=tags/wd-vit-tagger-v3 inputs=1
2026-09-17T06:17:33.762892Z DEBUG panoptikon::inferio::http: processing local inference predict model=tags/wd-vit-tagger-v3 inputs=1
2026-09-17T06:17:33.762949Z DEBUG panoptikon::inferio::http: processing local inference predict model=tags/wd-vit-tagger-v3 inputs=1
2026-09-17T06:17:33.762993Z DEBUG panoptikon::inferio::http: processing local inference predict model=tags/wd-vit-tagger-v3 inputs=1
2026-09-17T06:17:33.763041Z DEBUG panoptikon::inferio::http: processing local inference predict model=tags/wd-vit-tagger-v3 inputs=1
2026-09-17T06:17:33.763069Z DEBUG panoptikon::inferio::http: processing local inference predict model=tags/wd-vit-tagger-v3 inputs=1
2026-09-17T06:17:33.763107Z DEBUG panoptikon::inferio::http: processing local inference predict model=tags/wd-vit-tagger-v3 inputs=1
2026-09-17T06:17:33.763146Z DEBUG panoptikon::inferio::http: processing local inference predict model=tags/wd-vit-tagger-v3 inputs=1
2026-09-17T06:17:33.763353Z DEBUG panoptikon::inferio::http: processing local inference predict model=tags/wd-vit-tagger-v3 inputs=1
2026-09-17T06:17:33.763393Z DEBUG panoptikon::inferio::http: processing local inference predict model=tags/wd-vit-tagger-v3 inputs=1
2026-09-17T06:17:33.763422Z DEBUG panoptikon::inferio::http: processing local inference predict model=tags/wd-vit-tagger-v3 inputs=1
2026-09-17T06:17:33.763451Z DEBUG panoptikon::inferio::http: processing local inference predict model=tags/wd-vit-tagger-v3 inputs=1
2026-09-17T06:17:33.763477Z DEBUG panoptikon::inferio::http: processing local inference predict model=tags/wd-vit-tagger-v3 inputs=1
2026-09-17T06:17:33.763610Z DEBUG panoptikon::inferio::http: processing local inference predict model=tags/wd-vit-tagger-v3 inputs=1
2026-09-17T06:17:33.763635Z DEBUG panoptikon::inferio::http: processing local inference predict model=tags/wd-vit-tagger-v3 inputs=1
2026-09-17T06:17:33.763705Z DEBUG panoptikon::inferio::http: processing local inference predict model=tags/wd-vit-tagger-v3 inputs=1
2026-09-17T06:17:33.763738Z DEBUG panoptikon::inferio::http: processing local inference predict model=tags/wd-vit-tagger-v3 inputs=1
2026-09-17T06:17:33.763828Z DEBUG panoptikon::inferio::http: processing local inference predict model=tags/wd-vit-tagger-v3 inputs=1
2026-09-17T06:17:33.763886Z DEBUG panoptikon::inferio::http: processing local inference predict model=tags/wd-vit-tagger-v3 inputs=1
2026-09-17T06:17:33.763927Z DEBUG panoptikon::inferio::http: processing local inference predict model=tags/wd-vit-tagger-v3 inputs=1
2026-09-17T06:17:33.763953Z DEBUG panoptikon::inferio::http: processing local inference predict model=tags/wd-vit-tagger-v3 inputs=1
2026-09-17T06:17:33.764121Z DEBUG panoptikon::inferio::http: processing local inference predict model=tags/wd-vit-tagger-v3 inputs=1
2026-09-17T06:17:33.764175Z DEBUG panoptikon::inferio::http: processing local inference predict model=tags/wd-vit-tagger-v3 inputs=1
2026-09-17T06:17:33.764218Z DEBUG panoptikon::inferio::http: processing local inference predict model=tags/wd-vit-tagger-v3 inputs=1
2026-09-17T06:17:33.764507Z DEBUG panoptikon::inferio::http: processing local inference predict model=tags/wd-vit-tagger-v3 inputs=1
2026-09-17T06:17:33.764582Z DEBUG panoptikon::inferio::http: processing local inference predict model=tags/wd-vit-tagger-v3 inputs=1
2026-09-17T06:17:33.764623Z DEBUG panoptikon::inferio::http: processing local inference predict model=tags/wd-vit-tagger-v3 inputs=1
2026-09-17T06:17:33.764664Z DEBUG panoptikon::inferio::http: processing local inference predict model=tags/wd-vit-tagger-v3 inputs=1
2026-09-17T06:17:33.764703Z DEBUG panoptikon::inferio::http: processing local inference predict model=tags/wd-vit-tagger-v3 inputs=1
2026-09-17T06:17:33.764754Z DEBUG panoptikon::inferio::http: processing local inference predict model=tags/wd-vit-tagger-v3 inputs=1
2026-09-17T06:17:33.764794Z DEBUG panoptikon::inferio::http: processing local inference predict model=tags/wd-vit-tagger-v3 inputs=1
2026-09-17T06:17:33.764819Z DEBUG panoptikon::inferio::http: processing local inference predict model=tags/wd-vit-tagger-v3 inputs=1
2026-09-17T06:17:33.764932Z DEBUG panoptikon::inferio::http: processing local inference predict model=tags/wd-vit-tagger-v3 inputs=1
2026-09-17T06:17:33.764969Z DEBUG panoptikon::inferio::http: processing local inference predict model=tags/wd-vit-tagger-v3 inputs=1
2026-09-17T06:17:33.765005Z DEBUG panoptikon::inferio::http: processing local inference predict model=tags/wd-vit-tagger-v3 inputs=1
2026-09-17T06:17:33.765207Z DEBUG panoptikon::inferio::http: processing local inference predict model=tags/wd-vit-tagger-v3 inputs=1
2026-09-17T06:17:33.765235Z DEBUG panoptikon::inferio::http: processing local inference predict model=tags/wd-vit-tagger-v3 inputs=1
2026-09-17T06:17:33.765275Z DEBUG panoptikon::inferio::http: processing local inference predict model=tags/wd-vit-tagger-v3 inputs=1
2026-09-17T06:17:33.765614Z DEBUG panoptikon::inferio::http: processing local inference predict model=tags/wd-vit-tagger-v3 inputs=1
2026-09-17T06:17:33.765646Z DEBUG panoptikon::inferio::http: processing local inference predict model=tags/wd-vit-tagger-v3 inputs=1
2026-09-17T06:17:33.765677Z DEBUG panoptikon::inferio::http: processing local inference predict model=tags/wd-vit-tagger-v3 inputs=1
2026-09-17T06:17:33.769472Z  INFO panoptikon::inferio::worker: 2026-09-17 06:17:33,769 [DEBUG] inferio_worker.packing: this window's 558 MiB grant is below 80% of the 1082 MiB of releasable slack in the 1897 MiB pool (1/2 consecutive windows before releasing it) worker=wd_tagger
2026-09-17T06:17:33.856973Z  INFO panoptikon::inferio::worker: 2026-09-17 06:17:33,856 [DEBUG] inferio_worker_impl_0_wd_tagger: Running inference on 15 images worker=wd_tagger
2026-09-17T06:17:36.240835Z  INFO panoptikon::inferio::worker: 2026-09-17 06:17:36,240 [DEBUG] inferio_worker_impl_0_wd_tagger: Running inference on 15 images worker=wd_tagger
2026-09-17T06:17:39.590298Z  INFO panoptikon::inferio::worker: 2026-09-17 06:17:39,590 [DEBUG] inferio_worker_impl_0_wd_tagger: Running inference on 15 images worker=wd_tagger
2026-09-17T06:17:41.812071Z DEBUG panoptikon::inferio::ledger: settled a granted window model=tags/wd-vit-tagger-v3 gpu=CPU outcome="clean" fit_samples=3 throughput_samples=3 clamped_samples=0 clamped=none ramp_step=4 deflation=0 clean_windows=16 max_units_measured=32
2026-09-17T06:17:41.812146Z DEBUG panoptikon::inferio::ledger: issued a memory grant model=tags/wd-vit-tagger-v3 gpu=CPU unit_budget=15 mb=558 canvas_pixels=none share_mb=96008 room_mb=96008 headroom_mb=95164 external_mb=29163 reserve_mb=1024 reserve_rule="capped_default" pre_fit=false ramp_step=4 deflation=0 squeezed=false window_requests=45
2026-09-17T06:17:41.813741Z DEBUG panoptikon::inferio::http: processing local inference predict model=tags/wd-vit-tagger-v3 inputs=1
2026-09-17T06:17:41.813910Z DEBUG panoptikon::inferio::http: processing local inference predict model=tags/wd-vit-tagger-v3 inputs=1
2026-09-17T06:17:41.814193Z DEBUG panoptikon::inferio::http: processing local inference predict model=tags/wd-vit-tagger-v3 inputs=1
2026-09-17T06:17:41.814261Z DEBUG panoptikon::inferio::http: processing local inference predict model=tags/wd-vit-tagger-v3 inputs=1
2026-09-17T06:17:41.814684Z DEBUG panoptikon::inferio::http: processing local inference predict model=tags/wd-vit-tagger-v3 inputs=1
2026-09-17T06:17:41.814721Z DEBUG panoptikon::inferio::http: processing local inference predict model=tags/wd-vit-tagger-v3 inputs=1
2026-09-17T06:17:41.814750Z DEBUG panoptikon::inferio::http: processing local inference predict model=tags/wd-vit-tagger-v3 inputs=1
2026-09-17T06:17:41.814796Z DEBUG panoptikon::inferio::http: processing local inference predict model=tags/wd-vit-tagger-v3 inputs=1
2026-09-17T06:17:41.814823Z DEBUG panoptikon::inferio::http: processing local inference predict model=tags/wd-vit-tagger-v3 inputs=1
2026-09-17T06:17:41.814931Z DEBUG panoptikon::inferio::http: processing local inference predict model=tags/wd-vit-tagger-v3 inputs=1
2026-09-17T06:17:41.814966Z DEBUG panoptikon::inferio::http: processing local inference predict model=tags/wd-vit-tagger-v3 inputs=1
2026-09-17T06:17:41.815003Z DEBUG panoptikon::inferio::http: processing local inference predict model=tags/wd-vit-tagger-v3 inputs=1
2026-09-17T06:17:41.815080Z DEBUG panoptikon::inferio::http: processing local inference predict model=tags/wd-vit-tagger-v3 inputs=1
2026-09-17T06:17:41.815328Z DEBUG panoptikon::inferio::http: processing local inference predict model=tags/wd-vit-tagger-v3 inputs=1
2026-09-17T06:17:41.815489Z DEBUG panoptikon::inferio::http: processing local inference predict model=tags/wd-vit-tagger-v3 inputs=1
2026-09-17T06:17:41.815524Z DEBUG panoptikon::inferio::http: processing local inference predict model=tags/wd-vit-tagger-v3 inputs=1
2026-09-17T06:17:41.815553Z DEBUG panoptikon::inferio::http: processing local inference predict model=tags/wd-vit-tagger-v3 inputs=1
2026-09-17T06:17:41.815602Z DEBUG panoptikon::inferio::http: processing local inference predict model=tags/wd-vit-tagger-v3 inputs=1
2026-09-17T06:17:41.815634Z DEBUG panoptikon::inferio::http: processing local inference predict model=tags/wd-vit-tagger-v3 inputs=1
2026-09-17T06:17:41.815663Z DEBUG panoptikon::inferio::http: processing local inference predict model=tags/wd-vit-tagger-v3 inputs=1
2026-09-17T06:17:41.815704Z DEBUG panoptikon::inferio::http: processing local inference predict model=tags/wd-vit-tagger-v3 inputs=1
2026-09-17T06:17:41.815729Z DEBUG panoptikon::inferio::http: processing local inference predict model=tags/wd-vit-tagger-v3 inputs=1
2026-09-17T06:17:41.815875Z DEBUG panoptikon::inferio::http: processing local inference predict model=tags/wd-vit-tagger-v3 inputs=1
2026-09-17T06:17:41.815959Z DEBUG panoptikon::inferio::http: processing local inference predict model=tags/wd-vit-tagger-v3 inputs=1
2026-09-17T06:17:41.815996Z DEBUG panoptikon::inferio::http: processing local inference predict model=tags/wd-vit-tagger-v3 inputs=1
2026-09-17T06:17:41.816037Z DEBUG panoptikon::inferio::http: processing local inference predict model=tags/wd-vit-tagger-v3 inputs=1
2026-09-17T06:17:41.816076Z DEBUG panoptikon::inferio::http: processing local inference predict model=tags/wd-vit-tagger-v3 inputs=1
2026-09-17T06:17:41.816114Z DEBUG panoptikon::inferio::http: processing local inference predict model=tags/wd-vit-tagger-v3 inputs=1
2026-09-17T06:17:41.816149Z DEBUG panoptikon::inferio::http: processing local inference predict model=tags/wd-vit-tagger-v3 inputs=1
2026-09-17T06:17:41.816434Z DEBUG panoptikon::inferio::http: processing local inference predict model=tags/wd-vit-tagger-v3 inputs=1
2026-09-17T06:17:41.816470Z DEBUG panoptikon::inferio::http: processing local inference predict model=tags/wd-vit-tagger-v3 inputs=1
2026-09-17T06:17:41.816502Z DEBUG panoptikon::inferio::http: processing local inference predict model=tags/wd-vit-tagger-v3 inputs=1
2026-09-17T06:17:41.816534Z DEBUG panoptikon::inferio::http: processing local inference predict model=tags/wd-vit-tagger-v3 inputs=1
2026-09-17T06:17:41.816565Z DEBUG panoptikon::inferio::http: processing local inference predict model=tags/wd-vit-tagger-v3 inputs=1
2026-09-17T06:17:41.816595Z DEBUG panoptikon::inferio::http: processing local inference predict model=tags/wd-vit-tagger-v3 inputs=1
2026-09-17T06:17:41.816630Z DEBUG panoptikon::inferio::http: processing local inference predict model=tags/wd-vit-tagger-v3 inputs=1
2026-09-17T06:17:41.816667Z DEBUG panoptikon::inferio::http: processing local inference predict model=tags/wd-vit-tagger-v3 inputs=1
2026-09-17T06:17:41.816703Z DEBUG panoptikon::inferio::http: processing local inference predict model=tags/wd-vit-tagger-v3 inputs=1
2026-09-17T06:17:41.816735Z DEBUG panoptikon::inferio::http: processing local inference predict model=tags/wd-vit-tagger-v3 inputs=1
2026-09-17T06:17:41.816770Z DEBUG panoptikon::inferio::http: processing local inference predict model=tags/wd-vit-tagger-v3 inputs=1
2026-09-17T06:17:41.816801Z DEBUG panoptikon::inferio::http: processing local inference predict model=tags/wd-vit-tagger-v3 inputs=1
2026-09-17T06:17:41.816836Z DEBUG panoptikon::inferio::http: processing local inference predict model=tags/wd-vit-tagger-v3 inputs=1
2026-09-17T06:17:41.816878Z DEBUG panoptikon::inferio::http: processing local inference predict model=tags/wd-vit-tagger-v3 inputs=1
2026-09-17T06:17:41.816905Z DEBUG panoptikon::inferio::http: processing local inference predict model=tags/wd-vit-tagger-v3 inputs=1
2026-09-17T06:17:41.816936Z DEBUG panoptikon::inferio::http: processing local inference predict model=tags/wd-vit-tagger-v3 inputs=1
2026-09-17T06:17:41.913595Z  INFO panoptikon::inferio::worker: 2026-09-17 06:17:41,913 [DEBUG] inferio_worker_impl_0_wd_tagger: Running inference on 15 images worker=wd_tagger
2026-09-17T06:17:44.175912Z  INFO panoptikon::inferio::worker: 2026-09-17 06:17:44,175 [DEBUG] inferio_worker_impl_0_wd_tagger: Running inference on 15 images worker=wd_tagger
2026-09-17T06:17:48.372055Z  INFO panoptikon::inferio::worker: 2026-09-17 06:17:48,371 [DEBUG] inferio_worker_impl_0_wd_tagger: Running inference on 15 images worker=wd_tagger
2026-09-17T06:17:51.498347Z DEBUG panoptikon::inferio::ledger: settled a granted window model=tags/wd-vit-tagger-v3 gpu=CPU outcome="clean" fit_samples=3 throughput_samples=3 clamped_samples=0 clamped=none ramp_step=4 deflation=0 clean_windows=17 max_units_measured=32
2026-09-17T06:17:51.498403Z DEBUG panoptikon::inferio::ledger: issued a memory grant model=tags/wd-vit-tagger-v3 gpu=CPU unit_budget=15 mb=558 canvas_pixels=none share_mb=96008 room_mb=96008 headroom_mb=95164 external_mb=29123 reserve_mb=1024 reserve_rule="capped_default" pre_fit=false ramp_step=4 deflation=0 squeezed=false window_requests=45
2026-09-17T06:17:51.499569Z DEBUG panoptikon::inferio::http: processing local inference predict model=tags/wd-vit-tagger-v3 inputs=1
2026-09-17T06:17:51.500126Z DEBUG panoptikon::inferio::http: processing local inference predict model=tags/wd-vit-tagger-v3 inputs=1
2026-09-17T06:17:51.500231Z DEBUG panoptikon::inferio::http: processing local inference predict model=tags/wd-vit-tagger-v3 inputs=1
2026-09-17T06:17:51.500458Z DEBUG panoptikon::inferio::http: processing local inference predict model=tags/wd-vit-tagger-v3 inputs=1
2026-09-17T06:17:51.500491Z DEBUG panoptikon::inferio::http: processing local inference predict model=tags/wd-vit-tagger-v3 inputs=1
2026-09-17T06:17:51.500525Z DEBUG panoptikon::inferio::http: processing local inference predict model=tags/wd-vit-tagger-v3 inputs=1
2026-09-17T06:17:51.500577Z DEBUG panoptikon::inferio::http: processing local inference predict model=tags/wd-vit-tagger-v3 inputs=1
2026-09-17T06:17:51.500612Z DEBUG panoptikon::inferio::http: processing local inference predict model=tags/wd-vit-tagger-v3 inputs=1
2026-09-17T06:17:51.500655Z DEBUG panoptikon::inferio::http: processing local inference predict model=tags/wd-vit-tagger-v3 inputs=1
2026-09-17T06:17:51.500680Z DEBUG panoptikon::inferio::http: processing local inference predict model=tags/wd-vit-tagger-v3 inputs=1
2026-09-17T06:17:51.500733Z DEBUG panoptikon::inferio::http: processing local inference predict model=tags/wd-vit-tagger-v3 inputs=1
2026-09-17T06:17:51.500799Z DEBUG panoptikon::inferio::http: processing local inference predict model=tags/wd-vit-tagger-v3 inputs=1
2026-09-17T06:17:51.500838Z DEBUG panoptikon::inferio::http: processing local inference predict model=tags/wd-vit-tagger-v3 inputs=1
2026-09-17T06:17:51.500865Z DEBUG panoptikon::inferio::http: processing local inference predict model=tags/wd-vit-tagger-v3 inputs=1
2026-09-17T06:17:51.501063Z DEBUG panoptikon::inferio::http: processing local inference predict model=tags/wd-vit-tagger-v3 inputs=1
2026-09-17T06:17:51.501120Z DEBUG panoptikon::inferio::http: processing local inference predict model=tags/wd-vit-tagger-v3 inputs=1
2026-09-17T06:17:51.501206Z DEBUG panoptikon::inferio::http: processing local inference predict model=tags/wd-vit-tagger-v3 inputs=1
2026-09-17T06:17:51.501266Z DEBUG panoptikon::inferio::http: processing local inference predict model=tags/wd-vit-tagger-v3 inputs=1
2026-09-17T06:17:51.501347Z DEBUG panoptikon::inferio::http: processing local inference predict model=tags/wd-vit-tagger-v3 inputs=1
2026-09-17T06:17:51.501381Z DEBUG panoptikon::inferio::http: processing local inference predict model=tags/wd-vit-tagger-v3 inputs=1
2026-09-17T06:17:51.501422Z DEBUG panoptikon::inferio::http: processing local inference predict model=tags/wd-vit-tagger-v3 inputs=1
2026-09-17T06:17:51.501451Z DEBUG panoptikon::inferio::http: processing local inference predict model=tags/wd-vit-tagger-v3 inputs=1
2026-09-17T06:17:51.501478Z DEBUG panoptikon::inferio::http: processing local inference predict model=tags/wd-vit-tagger-v3 inputs=1
2026-09-17T06:17:51.501587Z DEBUG panoptikon::inferio::http: processing local inference predict model=tags/wd-vit-tagger-v3 inputs=1
2026-09-17T06:17:51.501613Z DEBUG panoptikon::inferio::http: processing local inference predict model=tags/wd-vit-tagger-v3 inputs=1
2026-09-17T06:17:51.501692Z DEBUG panoptikon::inferio::http: processing local inference predict model=tags/wd-vit-tagger-v3 inputs=1
2026-09-17T06:17:51.501774Z DEBUG panoptikon::inferio::http: processing local inference predict model=tags/wd-vit-tagger-v3 inputs=1
2026-09-17T06:17:51.501809Z DEBUG panoptikon::inferio::http: processing local inference predict model=tags/wd-vit-tagger-v3 inputs=1
2026-09-17T06:17:51.501861Z DEBUG panoptikon::inferio::http: processing local inference predict model=tags/wd-vit-tagger-v3 inputs=1
2026-09-17T06:17:51.501972Z DEBUG panoptikon::inferio::http: processing local inference predict model=tags/wd-vit-tagger-v3 inputs=1
2026-09-17T06:17:51.502010Z DEBUG panoptikon::inferio::http: processing local inference predict model=tags/wd-vit-tagger-v3 inputs=1
2026-09-17T06:17:51.502053Z DEBUG panoptikon::inferio::http: processing local inference predict model=tags/wd-vit-tagger-v3 inputs=1
2026-09-17T06:17:51.502087Z DEBUG panoptikon::inferio::http: processing local inference predict model=tags/wd-vit-tagger-v3 inputs=1
2026-09-17T06:17:51.502140Z DEBUG panoptikon::inferio::http: processing local inference predict model=tags/wd-vit-tagger-v3 inputs=1
2026-09-17T06:17:51.502181Z DEBUG panoptikon::inferio::http: processing local inference predict model=tags/wd-vit-tagger-v3 inputs=1
2026-09-17T06:17:51.502373Z DEBUG panoptikon::inferio::http: processing local inference predict model=tags/wd-vit-tagger-v3 inputs=1
2026-09-17T06:17:51.502413Z DEBUG panoptikon::inferio::http: processing local inference predict model=tags/wd-vit-tagger-v3 inputs=1
2026-09-17T06:17:51.502444Z DEBUG panoptikon::inferio::http: processing local inference predict model=tags/wd-vit-tagger-v3 inputs=1
2026-09-17T06:17:51.502467Z DEBUG panoptikon::inferio::http: processing local inference predict model=tags/wd-vit-tagger-v3 inputs=1
2026-09-17T06:17:51.502497Z DEBUG panoptikon::inferio::http: processing local inference predict model=tags/wd-vit-tagger-v3 inputs=1
2026-09-17T06:17:51.502813Z DEBUG panoptikon::inferio::http: processing local inference predict model=tags/wd-vit-tagger-v3 inputs=1
2026-09-17T06:17:51.502865Z DEBUG panoptikon::inferio::http: processing local inference predict model=tags/wd-vit-tagger-v3 inputs=1
2026-09-17T06:17:51.502895Z DEBUG panoptikon::inferio::http: processing local inference predict model=tags/wd-vit-tagger-v3 inputs=1
2026-09-17T06:17:51.502930Z DEBUG panoptikon::inferio::http: processing local inference predict model=tags/wd-vit-tagger-v3 inputs=1
2026-09-17T06:17:51.502957Z DEBUG panoptikon::inferio::http: processing local inference predict model=tags/wd-vit-tagger-v3 inputs=1
2026-09-17T06:17:51.506066Z  INFO panoptikon::inferio::worker: 2026-09-17 06:17:51,505 [DEBUG] inferio_worker.packing: this window's 558 MiB grant is below 80% of the 1082 MiB of releasable slack in the 1897 MiB pool (1/2 consecutive windows before releasing it) worker=wd_tagger
2026-09-17T06:17:51.601651Z  INFO panoptikon::inferio::worker: 2026-09-17 06:17:51,601 [DEBUG] inferio_worker_impl_0_wd_tagger: Running inference on 15 images worker=wd_tagger
2026-09-17T06:17:55.469046Z  INFO panoptikon::inferio::worker: 2026-09-17 06:17:55,468 [DEBUG] inferio_worker_impl_0_wd_tagger: Running inference on 15 images worker=wd_tagger
2026-09-17T06:17:58.730011Z  INFO panoptikon::inferio::worker: 2026-09-17 06:17:58,729 [DEBUG] inferio_worker_impl_0_wd_tagger: Running inference on 15 images worker=wd_tagger
2026-09-17T06:18:01.238665Z DEBUG panoptikon::inferio::ledger: settled a granted window model=tags/wd-vit-tagger-v3 gpu=CPU outcome="clean" fit_samples=3 throughput_samples=3 clamped_samples=0 clamped=none ramp_step=4 deflation=0 clean_windows=18 max_units_measured=32
2026-09-17T06:18:01.238739Z DEBUG panoptikon::inferio::ledger: issued a memory grant model=tags/wd-vit-tagger-v3 gpu=CPU unit_budget=15 mb=558 canvas_pixels=none share_mb=93213 room_mb=93213 headroom_mb=92369 external_mb=33934 reserve_mb=1024 reserve_rule="capped_default" pre_fit=false ramp_step=4 deflation=0 squeezed=false window_requests=45
2026-09-17T06:18:01.239902Z DEBUG panoptikon::inferio::http: processing local inference predict model=tags/wd-vit-tagger-v3 inputs=1
2026-09-17T06:18:01.240000Z DEBUG panoptikon::inferio::http: processing local inference predict model=tags/wd-vit-tagger-v3 inputs=1
2026-09-17T06:18:01.240252Z DEBUG panoptikon::inferio::http: processing local inference predict model=tags/wd-vit-tagger-v3 inputs=1
2026-09-17T06:18:01.240286Z DEBUG panoptikon::inferio::http: processing local inference predict model=tags/wd-vit-tagger-v3 inputs=1
2026-09-17T06:18:01.240390Z DEBUG panoptikon::inferio::http: processing local inference predict model=tags/wd-vit-tagger-v3 inputs=1
2026-09-17T06:18:01.240428Z DEBUG panoptikon::inferio::http: processing local inference predict model=tags/wd-vit-tagger-v3 inputs=1
2026-09-17T06:18:01.240759Z DEBUG panoptikon::inferio::http: processing local inference predict model=tags/wd-vit-tagger-v3 inputs=1
2026-09-17T06:18:01.240800Z DEBUG panoptikon::inferio::http: processing local inference predict model=tags/wd-vit-tagger-v3 inputs=1
2026-09-17T06:18:01.240958Z DEBUG panoptikon::inferio::http: processing local inference predict model=tags/wd-vit-tagger-v3 inputs=1
2026-09-17T06:18:01.240982Z DEBUG panoptikon::inferio::http: processing local inference predict model=tags/wd-vit-tagger-v3 inputs=1
2026-09-17T06:18:01.241012Z DEBUG panoptikon::inferio::http: processing local inference predict model=tags/wd-vit-tagger-v3 inputs=1
2026-09-17T06:18:01.241039Z DEBUG panoptikon::inferio::http: processing local inference predict model=tags/wd-vit-tagger-v3 inputs=1
2026-09-17T06:18:01.241064Z DEBUG panoptikon::inferio::http: processing local inference predict model=tags/wd-vit-tagger-v3 inputs=1
2026-09-17T06:18:01.241085Z DEBUG panoptikon::inferio::http: processing local inference predict model=tags/wd-vit-tagger-v3 inputs=1
2026-09-17T06:18:01.241152Z DEBUG panoptikon::inferio::http: processing local inference predict model=tags/wd-vit-tagger-v3 inputs=1
2026-09-17T06:18:01.241191Z DEBUG panoptikon::inferio::http: processing local inference predict model=tags/wd-vit-tagger-v3 inputs=1
2026-09-17T06:18:01.241213Z DEBUG panoptikon::inferio::http: processing local inference predict model=tags/wd-vit-tagger-v3 inputs=1
2026-09-17T06:18:01.241244Z DEBUG panoptikon::inferio::http: processing local inference predict model=tags/wd-vit-tagger-v3 inputs=1
2026-09-17T06:18:01.241274Z DEBUG panoptikon::inferio::http: processing local inference predict model=tags/wd-vit-tagger-v3 inputs=1
2026-09-17T06:18:01.241304Z DEBUG panoptikon::inferio::http: processing local inference predict model=tags/wd-vit-tagger-v3 inputs=1
2026-09-17T06:18:01.241387Z DEBUG panoptikon::inferio::http: processing local inference predict model=tags/wd-vit-tagger-v3 inputs=1
2026-09-17T06:18:01.241446Z DEBUG panoptikon::inferio::http: processing local inference predict model=tags/wd-vit-tagger-v3 inputs=1
2026-09-17T06:18:01.241473Z DEBUG panoptikon::inferio::http: processing local inference predict model=tags/wd-vit-tagger-v3 inputs=1
2026-09-17T06:18:01.241508Z DEBUG panoptikon::inferio::http: processing local inference predict model=tags/wd-vit-tagger-v3 inputs=1
2026-09-17T06:18:01.241656Z DEBUG panoptikon::inferio::http: processing local inference predict model=tags/wd-vit-tagger-v3 inputs=1
2026-09-17T06:18:01.241838Z DEBUG panoptikon::inferio::http: processing local inference predict model=tags/wd-vit-tagger-v3 inputs=1
2026-09-17T06:18:01.241900Z DEBUG panoptikon::inferio::http: processing local inference predict model=tags/wd-vit-tagger-v3 inputs=1
2026-09-17T06:18:01.241965Z DEBUG panoptikon::inferio::http: processing local inference predict model=tags/wd-vit-tagger-v3 inputs=1
2026-09-17T06:18:01.242001Z DEBUG panoptikon::inferio::http: processing local inference predict model=tags/wd-vit-tagger-v3 inputs=1
2026-09-17T06:18:01.242033Z DEBUG panoptikon::inferio::http: processing local inference predict model=tags/wd-vit-tagger-v3 inputs=1
2026-09-17T06:18:01.242069Z DEBUG panoptikon::inferio::http: processing local inference predict model=tags/wd-vit-tagger-v3 inputs=1
2026-09-17T06:18:01.242110Z DEBUG panoptikon::inferio::http: processing local inference predict model=tags/wd-vit-tagger-v3 inputs=1
2026-09-17T06:18:01.242157Z DEBUG panoptikon::inferio::http: processing local inference predict model=tags/wd-vit-tagger-v3 inputs=1
2026-09-17T06:18:01.242186Z DEBUG panoptikon::inferio::http: processing local inference predict model=tags/wd-vit-tagger-v3 inputs=1
2026-09-17T06:18:01.242213Z DEBUG panoptikon::inferio::http: processing local inference predict model=tags/wd-vit-tagger-v3 inputs=1
2026-09-17T06:18:01.242241Z DEBUG panoptikon::inferio::http: processing local inference predict model=tags/wd-vit-tagger-v3 inputs=1
2026-09-17T06:18:01.242278Z DEBUG panoptikon::inferio::http: processing local inference predict model=tags/wd-vit-tagger-v3 inputs=1
2026-09-17T06:18:01.242310Z DEBUG panoptikon::inferio::http: processing local inference predict model=tags/wd-vit-tagger-v3 inputs=1
2026-09-17T06:18:01.242341Z DEBUG panoptikon::inferio::http: processing local inference predict model=tags/wd-vit-tagger-v3 inputs=1
2026-09-17T06:18:01.242374Z DEBUG panoptikon::inferio::http: processing local inference predict model=tags/wd-vit-tagger-v3 inputs=1
2026-09-17T06:18:01.242410Z DEBUG panoptikon::inferio::http: processing local inference predict model=tags/wd-vit-tagger-v3 inputs=1
2026-09-17T06:18:01.242440Z DEBUG panoptikon::inferio::http: processing local inference predict model=tags/wd-vit-tagger-v3 inputs=1
2026-09-17T06:18:01.242467Z DEBUG panoptikon::inferio::http: processing local inference predict model=tags/wd-vit-tagger-v3 inputs=1
2026-09-17T06:18:01.242494Z DEBUG panoptikon::inferio::http: processing local inference predict model=tags/wd-vit-tagger-v3 inputs=1
2026-09-17T06:18:01.242521Z DEBUG panoptikon::inferio::http: processing local inference predict model=tags/wd-vit-tagger-v3 inputs=1
2026-09-17T06:18:01.372008Z  INFO panoptikon::inferio::worker: 2026-09-17 06:18:01,371 [DEBUG] inferio_worker_impl_0_wd_tagger: Running inference on 15 images worker=wd_tagger
2026-09-17T06:18:04.766811Z  INFO panoptikon::inferio::worker: 2026-09-17 06:18:04,766 [DEBUG] inferio_worker_impl_0_wd_tagger: Running inference on 15 images worker=wd_tagger
2026-09-17T06:18:07.112425Z  INFO panoptikon::inferio::worker: 2026-09-17 06:18:07,112 [DEBUG] inferio_worker_impl_0_wd_tagger: Running inference on 15 images worker=wd_tagger
2026-09-17T06:18:10.300271Z DEBUG panoptikon::inferio::ledger: settled a granted window model=tags/wd-vit-tagger-v3 gpu=CPU outcome="clean" fit_samples=3 throughput_samples=3 clamped_samples=0 clamped=none ramp_step=4 deflation=0 clean_windows=19 max_units_measured=32
2026-09-17T06:18:10.300379Z DEBUG panoptikon::inferio::ledger: issued a memory grant model=tags/wd-vit-tagger-v3 gpu=CPU unit_budget=15 mb=558 canvas_pixels=none share_mb=96008 room_mb=96008 headroom_mb=95164 external_mb=29413 reserve_mb=1024 reserve_rule="capped_default" pre_fit=false ramp_step=4 deflation=0 squeezed=false window_requests=45
2026-09-17T06:18:10.302374Z DEBUG panoptikon::inferio::http: processing local inference predict model=tags/wd-vit-tagger-v3 inputs=1
2026-09-17T06:18:10.302458Z DEBUG panoptikon::inferio::http: processing local inference predict model=tags/wd-vit-tagger-v3 inputs=1
2026-09-17T06:18:10.302608Z DEBUG panoptikon::inferio::http: processing local inference predict model=tags/wd-vit-tagger-v3 inputs=1
2026-09-17T06:18:10.302637Z DEBUG panoptikon::inferio::http: processing local inference predict model=tags/wd-vit-tagger-v3 inputs=1
2026-09-17T06:18:10.302670Z DEBUG panoptikon::inferio::http: processing local inference predict model=tags/wd-vit-tagger-v3 inputs=1
2026-09-17T06:18:10.302700Z DEBUG panoptikon::inferio::http: processing local inference predict model=tags/wd-vit-tagger-v3 inputs=1
2026-09-17T06:18:10.302735Z DEBUG panoptikon::inferio::http: processing local inference predict model=tags/wd-vit-tagger-v3 inputs=1
2026-09-17T06:18:10.303121Z DEBUG panoptikon::inferio::http: processing local inference predict model=tags/wd-vit-tagger-v3 inputs=1
2026-09-17T06:18:10.303255Z DEBUG panoptikon::inferio::http: processing local inference predict model=tags/wd-vit-tagger-v3 inputs=1
2026-09-17T06:18:10.303294Z DEBUG panoptikon::inferio::http: processing local inference predict model=tags/wd-vit-tagger-v3 inputs=1
2026-09-17T06:18:10.303336Z DEBUG panoptikon::inferio::http: processing local inference predict model=tags/wd-vit-tagger-v3 inputs=1
2026-09-17T06:18:10.303486Z DEBUG panoptikon::inferio::http: processing local inference predict model=tags/wd-vit-tagger-v3 inputs=1
2026-09-17T06:18:10.303516Z DEBUG panoptikon::inferio::http: processing local inference predict model=tags/wd-vit-tagger-v3 inputs=1
2026-09-17T06:18:10.303580Z DEBUG panoptikon::inferio::http: processing local inference predict model=tags/wd-vit-tagger-v3 inputs=1
2026-09-17T06:18:10.303658Z DEBUG panoptikon::inferio::http: processing local inference predict model=tags/wd-vit-tagger-v3 inputs=1
2026-09-17T06:18:10.303695Z DEBUG panoptikon::inferio::http: processing local inference predict model=tags/wd-vit-tagger-v3 inputs=1
2026-09-17T06:18:10.303736Z DEBUG panoptikon::inferio::http: processing local inference predict model=tags/wd-vit-tagger-v3 inputs=1
2026-09-17T06:18:10.303779Z DEBUG panoptikon::inferio::http: processing local inference predict model=tags/wd-vit-tagger-v3 inputs=1
2026-09-17T06:18:10.303822Z DEBUG panoptikon::inferio::http: processing local inference predict model=tags/wd-vit-tagger-v3 inputs=1
2026-09-17T06:18:10.303942Z DEBUG panoptikon::inferio::http: processing local inference predict model=tags/wd-vit-tagger-v3 inputs=1
2026-09-17T06:18:10.303977Z DEBUG panoptikon::inferio::http: processing local inference predict model=tags/wd-vit-tagger-v3 inputs=1
2026-09-17T06:18:10.304056Z DEBUG panoptikon::inferio::http: processing local inference predict model=tags/wd-vit-tagger-v3 inputs=1
2026-09-17T06:18:10.304092Z DEBUG panoptikon::inferio::http: processing local inference predict model=tags/wd-vit-tagger-v3 inputs=1
2026-09-17T06:18:10.304144Z DEBUG panoptikon::inferio::http: processing local inference predict model=tags/wd-vit-tagger-v3 inputs=1
2026-09-17T06:18:10.304196Z DEBUG panoptikon::inferio::http: processing local inference predict model=tags/wd-vit-tagger-v3 inputs=1
2026-09-17T06:18:10.304346Z DEBUG panoptikon::inferio::http: processing local inference predict model=tags/wd-vit-tagger-v3 inputs=1
2026-09-17T06:18:10.304366Z DEBUG panoptikon::inferio::http: processing local inference predict model=tags/wd-vit-tagger-v3 inputs=1
2026-09-17T06:18:10.304487Z DEBUG panoptikon::inferio::http: processing local inference predict model=tags/wd-vit-tagger-v3 inputs=1
2026-09-17T06:18:10.304528Z DEBUG panoptikon::inferio::http: processing local inference predict model=tags/wd-vit-tagger-v3 inputs=1
2026-09-17T06:18:10.304568Z DEBUG panoptikon::inferio::http: processing local inference predict model=tags/wd-vit-tagger-v3 inputs=1
2026-09-17T06:18:10.304661Z DEBUG panoptikon::inferio::http: processing local inference predict model=tags/wd-vit-tagger-v3 inputs=1
2026-09-17T06:18:10.304695Z DEBUG panoptikon::inferio::http: processing local inference predict model=tags/wd-vit-tagger-v3 inputs=1
2026-09-17T06:18:10.304806Z DEBUG panoptikon::inferio::http: processing local inference predict model=tags/wd-vit-tagger-v3 inputs=1
2026-09-17T06:18:10.304846Z DEBUG panoptikon::inferio::http: processing local inference predict model=tags/wd-vit-tagger-v3 inputs=1
2026-09-17T06:18:10.304879Z DEBUG panoptikon::inferio::http: processing local inference predict model=tags/wd-vit-tagger-v3 inputs=1
2026-09-17T06:18:10.304916Z DEBUG panoptikon::inferio::http: processing local inference predict model=tags/wd-vit-tagger-v3 inputs=1
2026-09-17T06:18:10.304965Z DEBUG panoptikon::inferio::http: processing local inference predict model=tags/wd-vit-tagger-v3 inputs=1
2026-09-17T06:18:10.305007Z DEBUG panoptikon::inferio::http: processing local inference predict model=tags/wd-vit-tagger-v3 inputs=1
2026-09-17T06:18:10.305045Z DEBUG panoptikon::inferio::http: processing local inference predict model=tags/wd-vit-tagger-v3 inputs=1
2026-09-17T06:18:10.305074Z DEBUG panoptikon::inferio::http: processing local inference predict model=tags/wd-vit-tagger-v3 inputs=1
2026-09-17T06:18:10.305201Z DEBUG panoptikon::inferio::http: processing local inference predict model=tags/wd-vit-tagger-v3 inputs=1
2026-09-17T06:18:10.305235Z DEBUG panoptikon::inferio::http: processing local inference predict model=tags/wd-vit-tagger-v3 inputs=1
2026-09-17T06:18:10.305531Z DEBUG panoptikon::inferio::http: processing local inference predict model=tags/wd-vit-tagger-v3 inputs=1
2026-09-17T06:18:10.305561Z DEBUG panoptikon::inferio::http: processing local inference predict model=tags/wd-vit-tagger-v3 inputs=1
2026-09-17T06:18:10.305586Z DEBUG panoptikon::inferio::http: processing local inference predict model=tags/wd-vit-tagger-v3 inputs=1
2026-09-17T06:18:10.309622Z  INFO panoptikon::inferio::worker: 2026-09-17 06:18:10,309 [DEBUG] inferio_worker.packing: this window's 558 MiB grant is below 80% of the 1082 MiB of releasable slack in the 1897 MiB pool (1/2 consecutive windows before releasing it) worker=wd_tagger
2026-09-17T06:18:10.431004Z  INFO panoptikon::inferio::worker: 2026-09-17 06:18:10,430 [DEBUG] inferio_worker_impl_0_wd_tagger: Running inference on 15 images worker=wd_tagger
2026-09-17T06:18:13.940324Z  INFO panoptikon::inferio::worker: 2026-09-17 06:18:13,940 [DEBUG] inferio_worker_impl_0_wd_tagger: Running inference on 15 images worker=wd_tagger
2026-09-17T06:18:16.756170Z  INFO panoptikon::inferio::worker: 2026-09-17 06:18:16,755 [DEBUG] inferio_worker_impl_0_wd_tagger: Running inference on 15 images worker=wd_tagger
2026-09-17T06:18:19.649277Z DEBUG panoptikon::inferio::ledger: settled a granted window model=tags/wd-vit-tagger-v3 gpu=CPU outcome="clean" fit_samples=3 throughput_samples=3 clamped_samples=0 clamped=none ramp_step=4 deflation=0 clean_windows=20 max_units_measured=32
2026-09-17T06:18:19.649348Z DEBUG panoptikon::inferio::ledger: issued a memory grant model=tags/wd-vit-tagger-v3 gpu=CPU unit_budget=15 mb=558 canvas_pixels=none share_mb=96008 room_mb=96008 headroom_mb=95164 external_mb=29525 reserve_mb=1024 reserve_rule="capped_default" pre_fit=false ramp_step=4 deflation=0 squeezed=false window_requests=45
2026-09-17T06:18:19.650663Z DEBUG panoptikon::inferio::http: processing local inference predict model=tags/wd-vit-tagger-v3 inputs=1
2026-09-17T06:18:19.651154Z DEBUG panoptikon::inferio::http: processing local inference predict model=tags/wd-vit-tagger-v3 inputs=1
2026-09-17T06:18:19.651224Z DEBUG panoptikon::inferio::http: processing local inference predict model=tags/wd-vit-tagger-v3 inputs=1
2026-09-17T06:18:19.651395Z DEBUG panoptikon::inferio::http: processing local inference predict model=tags/wd-vit-tagger-v3 inputs=1
2026-09-17T06:18:19.651527Z DEBUG panoptikon::inferio::http: processing local inference predict model=tags/wd-vit-tagger-v3 inputs=1
2026-09-17T06:18:19.651579Z DEBUG panoptikon::inferio::http: processing local inference predict model=tags/wd-vit-tagger-v3 inputs=1
2026-09-17T06:18:19.651815Z DEBUG panoptikon::inferio::http: processing local inference predict model=tags/wd-vit-tagger-v3 inputs=1
2026-09-17T06:18:19.651878Z DEBUG panoptikon::inferio::http: processing local inference predict model=tags/wd-vit-tagger-v3 inputs=1
2026-09-17T06:18:19.651966Z DEBUG panoptikon::inferio::http: processing local inference predict model=tags/wd-vit-tagger-v3 inputs=1
2026-09-17T06:18:19.652008Z DEBUG panoptikon::inferio::http: processing local inference predict model=tags/wd-vit-tagger-v3 inputs=1
2026-09-17T06:18:19.652094Z DEBUG panoptikon::inferio::http: processing local inference predict model=tags/wd-vit-tagger-v3 inputs=1
2026-09-17T06:18:19.652183Z DEBUG panoptikon::inferio::http: processing local inference predict model=tags/wd-vit-tagger-v3 inputs=1
2026-09-17T06:18:19.652233Z DEBUG panoptikon::inferio::http: processing local inference predict model=tags/wd-vit-tagger-v3 inputs=1
2026-09-17T06:18:19.652355Z DEBUG panoptikon::inferio::http: processing local inference predict model=tags/wd-vit-tagger-v3 inputs=1
2026-09-17T06:18:19.652388Z DEBUG panoptikon::inferio::http: processing local inference predict model=tags/wd-vit-tagger-v3 inputs=1
2026-09-17T06:18:19.652428Z DEBUG panoptikon::inferio::http: processing local inference predict model=tags/wd-vit-tagger-v3 inputs=1
2026-09-17T06:18:19.652472Z DEBUG panoptikon::inferio::http: processing local inference predict model=tags/wd-vit-tagger-v3 inputs=1
2026-09-17T06:18:19.652507Z DEBUG panoptikon::inferio::http: processing local inference predict model=tags/wd-vit-tagger-v3 inputs=1
2026-09-17T06:18:19.652548Z DEBUG panoptikon::inferio::http: processing local inference predict model=tags/wd-vit-tagger-v3 inputs=1
2026-09-17T06:18:19.652581Z DEBUG panoptikon::inferio::http: processing local inference predict model=tags/wd-vit-tagger-v3 inputs=1
2026-09-17T06:18:19.652629Z DEBUG panoptikon::inferio::http: processing local inference predict model=tags/wd-vit-tagger-v3 inputs=1
2026-09-17T06:18:19.652678Z DEBUG panoptikon::inferio::http: processing local inference predict model=tags/wd-vit-tagger-v3 inputs=1
2026-09-17T06:18:19.652727Z DEBUG panoptikon::inferio::http: processing local inference predict model=tags/wd-vit-tagger-v3 inputs=1
2026-09-17T06:18:19.652756Z DEBUG panoptikon::inferio::http: processing local inference predict model=tags/wd-vit-tagger-v3 inputs=1
2026-09-17T06:18:19.652792Z DEBUG panoptikon::inferio::http: processing local inference predict model=tags/wd-vit-tagger-v3 inputs=1
2026-09-17T06:18:19.652837Z DEBUG panoptikon::inferio::http: processing local inference predict model=tags/wd-vit-tagger-v3 inputs=1
2026-09-17T06:18:19.652870Z DEBUG panoptikon::inferio::http: processing local inference predict model=tags/wd-vit-tagger-v3 inputs=1
2026-09-17T06:18:19.652963Z DEBUG panoptikon::inferio::http: processing local inference predict model=tags/wd-vit-tagger-v3 inputs=1
2026-09-17T06:18:19.653023Z DEBUG panoptikon::inferio::http: processing local inference predict model=tags/wd-vit-tagger-v3 inputs=1
2026-09-17T06:18:19.653054Z DEBUG panoptikon::inferio::http: processing local inference predict model=tags/wd-vit-tagger-v3 inputs=1
2026-09-17T06:18:19.653089Z DEBUG panoptikon::inferio::http: processing local inference predict model=tags/wd-vit-tagger-v3 inputs=1
2026-09-17T06:18:19.653133Z DEBUG panoptikon::inferio::http: processing local inference predict model=tags/wd-vit-tagger-v3 inputs=1
2026-09-17T06:18:19.653253Z DEBUG panoptikon::inferio::http: processing local inference predict model=tags/wd-vit-tagger-v3 inputs=1
2026-09-17T06:18:19.653348Z DEBUG panoptikon::inferio::http: processing local inference predict model=tags/wd-vit-tagger-v3 inputs=1
2026-09-17T06:18:19.653386Z DEBUG panoptikon::inferio::http: processing local inference predict model=tags/wd-vit-tagger-v3 inputs=1
2026-09-17T06:18:19.653419Z DEBUG panoptikon::inferio::http: processing local inference predict model=tags/wd-vit-tagger-v3 inputs=1
2026-09-17T06:18:19.653448Z DEBUG panoptikon::inferio::http: processing local inference predict model=tags/wd-vit-tagger-v3 inputs=1
2026-09-17T06:18:19.653477Z DEBUG panoptikon::inferio::http: processing local inference predict model=tags/wd-vit-tagger-v3 inputs=1
2026-09-17T06:18:19.653511Z DEBUG panoptikon::inferio::http: processing local inference predict model=tags/wd-vit-tagger-v3 inputs=1
2026-09-17T06:18:19.653546Z DEBUG panoptikon::inferio::http: processing local inference predict model=tags/wd-vit-tagger-v3 inputs=1
2026-09-17T06:18:19.653575Z DEBUG panoptikon::inferio::http: processing local inference predict model=tags/wd-vit-tagger-v3 inputs=1
2026-09-17T06:18:19.653672Z DEBUG panoptikon::inferio::http: processing local inference predict model=tags/wd-vit-tagger-v3 inputs=1
2026-09-17T06:18:19.653856Z DEBUG panoptikon::inferio::http: processing local inference predict model=tags/wd-vit-tagger-v3 inputs=1
2026-09-17T06:18:19.653892Z DEBUG panoptikon::inferio::http: processing local inference predict model=tags/wd-vit-tagger-v3 inputs=1
2026-09-17T06:18:19.653940Z DEBUG panoptikon::inferio::http: processing local inference predict model=tags/wd-vit-tagger-v3 inputs=1
2026-09-17T06:18:19.753653Z  INFO panoptikon::inferio::worker: 2026-09-17 06:18:19,753 [DEBUG] inferio_worker_impl_0_wd_tagger: Running inference on 15 images worker=wd_tagger
2026-09-17T06:18:22.576506Z  INFO panoptikon::inferio::worker: 2026-09-17 06:18:22,576 [DEBUG] inferio_worker_impl_0_wd_tagger: Running inference on 15 images worker=wd_tagger
2026-09-17T06:18:25.985542Z  INFO panoptikon::inferio::worker: 2026-09-17 06:18:25,985 [DEBUG] inferio_worker_impl_0_wd_tagger: Running inference on 15 images worker=wd_tagger
2026-09-17T06:18:28.500185Z DEBUG panoptikon::inferio::ledger: declining to fit a throughput knee: this knee last expired and was widened, and the ring has not yet seen enough of the wider size to put it back bucket=3 observed_floor=1 observed_top=5 anchor=32 observations=53
2026-09-17T06:18:28.500215Z  INFO panoptikon::inferio::ledger: this model has run cleanly at its throughput knee for long enough, with memory to spare, that the knee is worth re-testing; widening the cap by one batch-size step. A knee is a brake, not a ceiling: if the curve really does flatten here, the next fit from honest samples puts it back model=tags/wd-vit-tagger-v3 gpu=CPU knee_units_before=15 knee_units_after=31 clean_windows_at_the_knee=12 last_grant_units=15
2026-09-17T06:18:28.500236Z DEBUG panoptikon::inferio::ledger: settled a granted window model=tags/wd-vit-tagger-v3 gpu=CPU outcome="clean" fit_samples=3 throughput_samples=3 clamped_samples=0 clamped=none ramp_step=4 deflation=0 clean_windows=21 max_units_measured=32
2026-09-17T06:18:28.501784Z DEBUG panoptikon::inferio::http: processing local inference predict model=tags/wd-vit-tagger-v3 inputs=1
2026-09-17T06:18:28.501827Z DEBUG panoptikon::inferio::http: processing local inference predict model=tags/wd-vit-tagger-v3 inputs=1
2026-09-17T06:18:28.502109Z DEBUG panoptikon::inferio::http: processing local inference predict model=tags/wd-vit-tagger-v3 inputs=1
2026-09-17T06:18:28.502238Z DEBUG panoptikon::inferio::http: processing local inference predict model=tags/wd-vit-tagger-v3 inputs=1
2026-09-17T06:18:28.502266Z DEBUG panoptikon::inferio::http: processing local inference predict model=tags/wd-vit-tagger-v3 inputs=1
2026-09-17T06:18:28.502302Z DEBUG panoptikon::inferio::http: processing local inference predict model=tags/wd-vit-tagger-v3 inputs=1
2026-09-17T06:18:28.502331Z DEBUG panoptikon::inferio::http: processing local inference predict model=tags/wd-vit-tagger-v3 inputs=1
2026-09-17T06:18:28.502360Z DEBUG panoptikon::inferio::http: processing local inference predict model=tags/wd-vit-tagger-v3 inputs=1
2026-09-17T06:18:28.502394Z DEBUG panoptikon::inferio::http: processing local inference predict model=tags/wd-vit-tagger-v3 inputs=1
2026-09-17T06:18:28.502521Z DEBUG panoptikon::inferio::http: processing local inference predict model=tags/wd-vit-tagger-v3 inputs=1
2026-09-17T06:18:28.502561Z DEBUG panoptikon::inferio::http: processing local inference predict model=tags/wd-vit-tagger-v3 inputs=1
2026-09-17T06:18:28.502666Z DEBUG panoptikon::inferio::http: processing local inference predict model=tags/wd-vit-tagger-v3 inputs=1
2026-09-17T06:18:28.502870Z DEBUG panoptikon::inferio::http: processing local inference predict model=tags/wd-vit-tagger-v3 inputs=1
2026-09-17T06:18:28.502896Z DEBUG panoptikon::inferio::http: processing local inference predict model=tags/wd-vit-tagger-v3 inputs=1
2026-09-17T06:18:28.502914Z DEBUG panoptikon::inferio::http: processing local inference predict model=tags/wd-vit-tagger-v3 inputs=1
2026-09-17T06:18:28.502954Z DEBUG panoptikon::inferio::http: processing local inference predict model=tags/wd-vit-tagger-v3 inputs=1
2026-09-17T06:18:28.503005Z DEBUG panoptikon::inferio::http: processing local inference predict model=tags/wd-vit-tagger-v3 inputs=1
2026-09-17T06:18:28.503039Z DEBUG panoptikon::inferio::http: processing local inference predict model=tags/wd-vit-tagger-v3 inputs=1
2026-09-17T06:18:28.503070Z DEBUG panoptikon::inferio::http: processing local inference predict model=tags/wd-vit-tagger-v3 inputs=1
2026-09-17T06:18:28.503093Z DEBUG panoptikon::inferio::http: processing local inference predict model=tags/wd-vit-tagger-v3 inputs=1
2026-09-17T06:18:28.503115Z DEBUG panoptikon::inferio::http: processing local inference predict model=tags/wd-vit-tagger-v3 inputs=1
2026-09-17T06:18:28.503150Z DEBUG panoptikon::inferio::http: processing local inference predict model=tags/wd-vit-tagger-v3 inputs=1
2026-09-17T06:18:28.503169Z DEBUG panoptikon::inferio::http: processing local inference predict model=tags/wd-vit-tagger-v3 inputs=1
2026-09-17T06:18:28.503207Z DEBUG panoptikon::inferio::http: processing local inference predict model=tags/wd-vit-tagger-v3 inputs=1
2026-09-17T06:18:28.503232Z DEBUG panoptikon::inferio::http: processing local inference predict model=tags/wd-vit-tagger-v3 inputs=1
2026-09-17T06:18:28.503263Z DEBUG panoptikon::inferio::http: processing local inference predict model=tags/wd-vit-tagger-v3 inputs=1
2026-09-17T06:18:28.503288Z DEBUG panoptikon::inferio::http: processing local inference predict model=tags/wd-vit-tagger-v3 inputs=1
2026-09-17T06:18:28.503353Z DEBUG panoptikon::inferio::http: processing local inference predict model=tags/wd-vit-tagger-v3 inputs=1
2026-09-17T06:18:28.503378Z DEBUG panoptikon::inferio::http: processing local inference predict model=tags/wd-vit-tagger-v3 inputs=1
2026-09-17T06:18:28.503419Z DEBUG panoptikon::inferio::http: processing local inference predict model=tags/wd-vit-tagger-v3 inputs=1
2026-09-17T06:18:28.503452Z DEBUG panoptikon::inferio::http: processing local inference predict model=tags/wd-vit-tagger-v3 inputs=1
2026-09-17T06:18:28.503487Z DEBUG panoptikon::inferio::http: processing local inference predict model=tags/wd-vit-tagger-v3 inputs=1
2026-09-17T06:18:28.503607Z DEBUG panoptikon::inferio::http: processing local inference predict model=tags/wd-vit-tagger-v3 inputs=1
2026-09-17T06:18:28.503700Z DEBUG panoptikon::inferio::http: processing local inference predict model=tags/wd-vit-tagger-v3 inputs=1
2026-09-17T06:18:28.503720Z DEBUG panoptikon::inferio::http: processing local inference predict model=tags/wd-vit-tagger-v3 inputs=1
2026-09-17T06:18:28.503798Z DEBUG panoptikon::inferio::http: processing local inference predict model=tags/wd-vit-tagger-v3 inputs=1
2026-09-17T06:18:28.503817Z DEBUG panoptikon::inferio::http: processing local inference predict model=tags/wd-vit-tagger-v3 inputs=1
2026-09-17T06:18:28.503844Z DEBUG panoptikon::inferio::http: processing local inference predict model=tags/wd-vit-tagger-v3 inputs=1
2026-09-17T06:18:28.503875Z DEBUG panoptikon::inferio::http: processing local inference predict model=tags/wd-vit-tagger-v3 inputs=1
2026-09-17T06:18:28.504026Z DEBUG panoptikon::inferio::http: processing local inference predict model=tags/wd-vit-tagger-v3 inputs=1
2026-09-17T06:18:28.504045Z DEBUG panoptikon::inferio::http: processing local inference predict model=tags/wd-vit-tagger-v3 inputs=1
2026-09-17T06:18:28.504148Z DEBUG panoptikon::inferio::http: processing local inference predict model=tags/wd-vit-tagger-v3 inputs=1
2026-09-17T06:18:28.504230Z DEBUG panoptikon::inferio::http: processing local inference predict model=tags/wd-vit-tagger-v3 inputs=1
2026-09-17T06:18:28.504253Z DEBUG panoptikon::inferio::http: processing local inference predict model=tags/wd-vit-tagger-v3 inputs=1
2026-09-17T06:18:28.504275Z DEBUG panoptikon::inferio::http: processing local inference predict model=tags/wd-vit-tagger-v3 inputs=1
2026-09-17T06:18:28.507335Z DEBUG panoptikon::inferio::ledger: issued a memory grant model=tags/wd-vit-tagger-v3 gpu=CPU unit_budget=31 mb=1152 canvas_pixels=none share_mb=96008 room_mb=96008 headroom_mb=95164 external_mb=29257 reserve_mb=1024 reserve_rule="capped_default" pre_fit=false ramp_step=4 deflation=0 squeezed=false window_requests=90
2026-09-17T06:18:28.730284Z  INFO panoptikon::inferio::worker: 2026-09-17 06:18:28,730 [DEBUG] inferio_worker_impl_0_wd_tagger: Running inference on 31 images worker=wd_tagger
2026-09-17T06:18:35.874899Z  INFO panoptikon::inferio::worker: 2026-09-17 06:18:35,874 [DEBUG] inferio_worker_impl_0_wd_tagger: Running inference on 31 images worker=wd_tagger
2026-09-17T06:18:43.713793Z  INFO panoptikon::inferio::worker: 2026-09-17 06:18:43,713 [DEBUG] inferio_worker_impl_0_wd_tagger: Running inference on 28 images worker=wd_tagger
2026-09-17T06:18:50.070523Z DEBUG panoptikon::inferio::ledger: refitted the memory cost model model=tags/wd-vit-tagger-v3 gpu=CPU slope_mb_per_unit=36.426392572944295 intercept_mb=42.14721485411141 residual_mb=11.030503978779848 samples=9 version=9
2026-09-17T06:18:50.070570Z DEBUG panoptikon::inferio::ledger: fitted a throughput knee; batches larger than this are no longer admitted however much memory is free model=tags/wd-vit-tagger-v3 gpu=CPU knee_units=15 previous=Some(31) observations=56
2026-09-17T06:18:50.070591Z DEBUG panoptikon::inferio::ledger: queued a calibration profile update for the store model=tags/wd-vit-tagger-v3 gpu=CPU reason="fit_changed" max_units_measured=32 fit_version=9
2026-09-17T06:18:50.070618Z DEBUG panoptikon::inferio::ledger: settled a granted window model=tags/wd-vit-tagger-v3 gpu=CPU outcome="clean" fit_samples=3 throughput_samples=3 clamped_samples=0 clamped=none ramp_step=4 deflation=0 clean_windows=22 max_units_measured=32
2026-09-17T06:18:50.072442Z  INFO panoptikon::inferio::calibration: wrote the local calibration store path=data/inferio/calibration.toml profiles=1
2026-09-17T06:18:50.076019Z DEBUG panoptikon::inferio::http: processing local inference predict model=tags/wd-vit-tagger-v3 inputs=1
2026-09-17T06:18:50.076069Z DEBUG panoptikon::inferio::http: processing local inference predict model=tags/wd-vit-tagger-v3 inputs=1
2026-09-17T06:18:50.076374Z DEBUG panoptikon::inferio::http: processing local inference predict model=tags/wd-vit-tagger-v3 inputs=1
2026-09-17T06:18:50.076417Z DEBUG panoptikon::inferio::http: processing local inference predict model=tags/wd-vit-tagger-v3 inputs=1
2026-09-17T06:18:50.076451Z DEBUG panoptikon::inferio::http: processing local inference predict model=tags/wd-vit-tagger-v3 inputs=1
2026-09-17T06:18:50.076494Z DEBUG panoptikon::inferio::http: processing local inference predict model=tags/wd-vit-tagger-v3 inputs=1
2026-09-17T06:18:50.076564Z DEBUG panoptikon::inferio::http: processing local inference predict model=tags/wd-vit-tagger-v3 inputs=1
2026-09-17T06:18:50.076611Z DEBUG panoptikon::inferio::http: processing local inference predict model=tags/wd-vit-tagger-v3 inputs=1
2026-09-17T06:18:50.076681Z DEBUG panoptikon::inferio::http: processing local inference predict model=tags/wd-vit-tagger-v3 inputs=1
2026-09-17T06:18:50.077177Z DEBUG panoptikon::inferio::http: processing local inference predict model=tags/wd-vit-tagger-v3 inputs=1
2026-09-17T06:18:50.077334Z DEBUG panoptikon::inferio::http: processing local inference predict model=tags/wd-vit-tagger-v3 inputs=1
2026-09-17T06:18:50.077380Z DEBUG panoptikon::inferio::http: processing local inference predict model=tags/wd-vit-tagger-v3 inputs=1
2026-09-17T06:18:50.077423Z DEBUG panoptikon::inferio::http: processing local inference predict model=tags/wd-vit-tagger-v3 inputs=1
2026-09-17T06:18:50.077462Z DEBUG panoptikon::inferio::http: processing local inference predict model=tags/wd-vit-tagger-v3 inputs=1
2026-09-17T06:18:50.077492Z DEBUG panoptikon::inferio::http: processing local inference predict model=tags/wd-vit-tagger-v3 inputs=1
2026-09-17T06:18:50.077537Z DEBUG panoptikon::inferio::http: processing local inference predict model=tags/wd-vit-tagger-v3 inputs=1
2026-09-17T06:18:50.077591Z DEBUG panoptikon::inferio::http: processing local inference predict model=tags/wd-vit-tagger-v3 inputs=1
2026-09-17T06:18:50.077621Z DEBUG panoptikon::inferio::http: processing local inference predict model=tags/wd-vit-tagger-v3 inputs=1
2026-09-17T06:18:50.077683Z DEBUG panoptikon::inferio::http: processing local inference predict model=tags/wd-vit-tagger-v3 inputs=1
2026-09-17T06:18:50.078418Z DEBUG panoptikon::inferio::http: processing local inference predict model=tags/wd-vit-tagger-v3 inputs=1
2026-09-17T06:18:50.078454Z DEBUG panoptikon::inferio::http: processing local inference predict model=tags/wd-vit-tagger-v3 inputs=1
2026-09-17T06:18:50.078483Z DEBUG panoptikon::inferio::http: processing local inference predict model=tags/wd-vit-tagger-v3 inputs=1
2026-09-17T06:18:50.078521Z DEBUG panoptikon::inferio::http: processing local inference predict model=tags/wd-vit-tagger-v3 inputs=1
2026-09-17T06:18:50.078568Z DEBUG panoptikon::inferio::http: processing local inference predict model=tags/wd-vit-tagger-v3 inputs=1
2026-09-17T06:18:50.078614Z DEBUG panoptikon::inferio::http: processing local inference predict model=tags/wd-vit-tagger-v3 inputs=1
2026-09-17T06:18:50.078654Z DEBUG panoptikon::inferio::http: processing local inference predict model=tags/wd-vit-tagger-v3 inputs=1
2026-09-17T06:18:50.078690Z DEBUG panoptikon::inferio::http: processing local inference predict model=tags/wd-vit-tagger-v3 inputs=1
2026-09-17T06:18:50.078746Z DEBUG panoptikon::inferio::http: processing local inference predict model=tags/wd-vit-tagger-v3 inputs=1
2026-09-17T06:18:50.078791Z DEBUG panoptikon::inferio::http: processing local inference predict model=tags/wd-vit-tagger-v3 inputs=1
2026-09-17T06:18:50.078845Z DEBUG panoptikon::inferio::http: processing local inference predict model=tags/wd-vit-tagger-v3 inputs=1
2026-09-17T06:18:50.078880Z DEBUG panoptikon::inferio::http: processing local inference predict model=tags/wd-vit-tagger-v3 inputs=1
2026-09-17T06:18:50.078913Z DEBUG panoptikon::inferio::http: processing local inference predict model=tags/wd-vit-tagger-v3 inputs=1
2026-09-17T06:18:50.078958Z DEBUG panoptikon::inferio::http: processing local inference predict model=tags/wd-vit-tagger-v3 inputs=1
2026-09-17T06:18:50.079001Z DEBUG panoptikon::inferio::http: processing local inference predict model=tags/wd-vit-tagger-v3 inputs=1
2026-09-17T06:18:50.079043Z DEBUG panoptikon::inferio::http: processing local inference predict model=tags/wd-vit-tagger-v3 inputs=1
2026-09-17T06:18:50.079091Z DEBUG panoptikon::inferio::http: processing local inference predict model=tags/wd-vit-tagger-v3 inputs=1
2026-09-17T06:18:50.079109Z DEBUG panoptikon::inferio::http: processing local inference predict model=tags/wd-vit-tagger-v3 inputs=1
2026-09-17T06:18:50.079166Z DEBUG panoptikon::inferio::http: processing local inference predict model=tags/wd-vit-tagger-v3 inputs=1
2026-09-17T06:18:50.079196Z DEBUG panoptikon::inferio::http: processing local inference predict model=tags/wd-vit-tagger-v3 inputs=1
2026-09-17T06:18:50.079227Z DEBUG panoptikon::inferio::http: processing local inference predict model=tags/wd-vit-tagger-v3 inputs=1
2026-09-17T06:18:50.079270Z DEBUG panoptikon::inferio::http: processing local inference predict model=tags/wd-vit-tagger-v3 inputs=1
2026-09-17T06:18:50.079305Z DEBUG panoptikon::inferio::http: processing local inference predict model=tags/wd-vit-tagger-v3 inputs=1
2026-09-17T06:18:50.079336Z DEBUG panoptikon::inferio::http: processing local inference predict model=tags/wd-vit-tagger-v3 inputs=1
2026-09-17T06:18:50.079369Z DEBUG panoptikon::inferio::http: processing local inference predict model=tags/wd-vit-tagger-v3 inputs=1
2026-09-17T06:18:50.079412Z DEBUG panoptikon::inferio::http: processing local inference predict model=tags/wd-vit-tagger-v3 inputs=1
2026-09-17T06:18:50.079448Z DEBUG panoptikon::inferio::http: processing local inference predict model=tags/wd-vit-tagger-v3 inputs=1
2026-09-17T06:18:50.079501Z DEBUG panoptikon::inferio::http: processing local inference predict model=tags/wd-vit-tagger-v3 inputs=1
2026-09-17T06:18:50.079539Z DEBUG panoptikon::inferio::http: processing local inference predict model=tags/wd-vit-tagger-v3 inputs=1
2026-09-17T06:18:50.079591Z DEBUG panoptikon::inferio::http: processing local inference predict model=tags/wd-vit-tagger-v3 inputs=1
2026-09-17T06:18:50.079616Z DEBUG panoptikon::inferio::http: processing local inference predict model=tags/wd-vit-tagger-v3 inputs=1
2026-09-17T06:18:50.079653Z DEBUG panoptikon::inferio::http: processing local inference predict model=tags/wd-vit-tagger-v3 inputs=1
2026-09-17T06:18:50.079682Z DEBUG panoptikon::inferio::ledger: issued a memory grant model=tags/wd-vit-tagger-v3 gpu=CPU unit_budget=15 mb=547 canvas_pixels=none share_mb=96008 room_mb=96008 headroom_mb=95164 external_mb=29594 reserve_mb=1024 reserve_rule="capped_default" pre_fit=false ramp_step=4 deflation=0 squeezed=false window_requests=45
2026-09-17T06:18:50.079727Z DEBUG panoptikon::inferio::http: processing local inference predict model=tags/wd-vit-tagger-v3 inputs=1
2026-09-17T06:18:50.079881Z DEBUG panoptikon::inferio::http: processing local inference predict model=tags/wd-vit-tagger-v3 inputs=1
2026-09-17T06:18:50.079949Z DEBUG panoptikon::inferio::http: processing local inference predict model=tags/wd-vit-tagger-v3 inputs=1
2026-09-17T06:18:50.080091Z DEBUG panoptikon::inferio::http: processing local inference predict model=tags/wd-vit-tagger-v3 inputs=1
2026-09-17T06:18:50.080222Z DEBUG panoptikon::inferio::http: processing local inference predict model=tags/wd-vit-tagger-v3 inputs=1
2026-09-17T06:18:50.080242Z DEBUG panoptikon::inferio::http: processing local inference predict model=tags/wd-vit-tagger-v3 inputs=1
2026-09-17T06:18:50.080453Z DEBUG panoptikon::inferio::http: processing local inference predict model=tags/wd-vit-tagger-v3 inputs=1
2026-09-17T06:18:50.080527Z DEBUG panoptikon::inferio::http: processing local inference predict model=tags/wd-vit-tagger-v3 inputs=1
2026-09-17T06:18:50.080634Z DEBUG panoptikon::inferio::http: processing local inference predict model=tags/wd-vit-tagger-v3 inputs=1
2026-09-17T06:18:50.080848Z DEBUG panoptikon::inferio::http: processing local inference predict model=tags/wd-vit-tagger-v3 inputs=1
2026-09-17T06:18:50.080970Z DEBUG panoptikon::inferio::http: processing local inference predict model=tags/wd-vit-tagger-v3 inputs=1
2026-09-17T06:18:50.081019Z DEBUG panoptikon::inferio::http: processing local inference predict model=tags/wd-vit-tagger-v3 inputs=1
2026-09-17T06:18:50.081057Z DEBUG panoptikon::inferio::http: processing local inference predict model=tags/wd-vit-tagger-v3 inputs=1
2026-09-17T06:18:50.081170Z DEBUG panoptikon::inferio::http: processing local inference predict model=tags/wd-vit-tagger-v3 inputs=1
2026-09-17T06:18:50.081279Z DEBUG panoptikon::inferio::http: processing local inference predict model=tags/wd-vit-tagger-v3 inputs=1
2026-09-17T06:18:50.081336Z DEBUG panoptikon::inferio::http: processing local inference predict model=tags/wd-vit-tagger-v3 inputs=1
2026-09-17T06:18:50.081393Z DEBUG panoptikon::inferio::http: processing local inference predict model=tags/wd-vit-tagger-v3 inputs=1
2026-09-17T06:18:50.081448Z DEBUG panoptikon::inferio::http: processing local inference predict model=tags/wd-vit-tagger-v3 inputs=1
2026-09-17T06:18:50.081501Z DEBUG panoptikon::inferio::http: processing local inference predict model=tags/wd-vit-tagger-v3 inputs=1
2026-09-17T06:18:50.081545Z DEBUG panoptikon::inferio::http: processing local inference predict model=tags/wd-vit-tagger-v3 inputs=1
2026-09-17T06:18:50.081614Z DEBUG panoptikon::inferio::http: processing local inference predict model=tags/wd-vit-tagger-v3 inputs=1
2026-09-17T06:18:50.081676Z DEBUG panoptikon::inferio::http: processing local inference predict model=tags/wd-vit-tagger-v3 inputs=1
2026-09-17T06:18:50.081747Z DEBUG panoptikon::inferio::http: processing local inference predict model=tags/wd-vit-tagger-v3 inputs=1
2026-09-17T06:18:50.081799Z DEBUG panoptikon::inferio::http: processing local inference predict model=tags/wd-vit-tagger-v3 inputs=1
2026-09-17T06:18:50.081839Z DEBUG panoptikon::inferio::http: processing local inference predict model=tags/wd-vit-tagger-v3 inputs=1
2026-09-17T06:18:50.081892Z DEBUG panoptikon::inferio::http: processing local inference predict model=tags/wd-vit-tagger-v3 inputs=1
2026-09-17T06:18:50.081950Z DEBUG panoptikon::inferio::http: processing local inference predict model=tags/wd-vit-tagger-v3 inputs=1
2026-09-17T06:18:50.082040Z DEBUG panoptikon::inferio::http: processing local inference predict model=tags/wd-vit-tagger-v3 inputs=1
2026-09-17T06:18:50.082105Z DEBUG panoptikon::inferio::http: processing local inference predict model=tags/wd-vit-tagger-v3 inputs=1
2026-09-17T06:18:50.082153Z DEBUG panoptikon::inferio::http: processing local inference predict model=tags/wd-vit-tagger-v3 inputs=1
2026-09-17T06:18:50.082203Z DEBUG panoptikon::inferio::http: processing local inference predict model=tags/wd-vit-tagger-v3 inputs=1
2026-09-17T06:18:50.082255Z DEBUG panoptikon::inferio::http: processing local inference predict model=tags/wd-vit-tagger-v3 inputs=1
2026-09-17T06:18:50.082293Z DEBUG panoptikon::inferio::http: processing local inference predict model=tags/wd-vit-tagger-v3 inputs=1
2026-09-17T06:18:50.082349Z DEBUG panoptikon::inferio::http: processing local inference predict model=tags/wd-vit-tagger-v3 inputs=1
2026-09-17T06:18:50.082408Z DEBUG panoptikon::inferio::http: processing local inference predict model=tags/wd-vit-tagger-v3 inputs=1
2026-09-17T06:18:50.082474Z DEBUG panoptikon::inferio::http: processing local inference predict model=tags/wd-vit-tagger-v3 inputs=1
2026-09-17T06:18:50.082528Z DEBUG panoptikon::inferio::http: processing local inference predict model=tags/wd-vit-tagger-v3 inputs=1
2026-09-17T06:18:50.082560Z DEBUG panoptikon::inferio::http: processing local inference predict model=tags/wd-vit-tagger-v3 inputs=1
2026-09-17T06:18:50.082615Z DEBUG panoptikon::inferio::http: processing local inference predict model=tags/wd-vit-tagger-v3 inputs=1
2026-09-17T06:18:50.082688Z DEBUG panoptikon::inferio::http: processing local inference predict model=tags/wd-vit-tagger-v3 inputs=1
2026-09-17T06:18:50.082761Z DEBUG panoptikon::inferio::http: processing local inference predict model=tags/wd-vit-tagger-v3 inputs=1
2026-09-17T06:18:50.082801Z DEBUG panoptikon::inferio::http: processing local inference predict model=tags/wd-vit-tagger-v3 inputs=1
2026-09-17T06:18:50.082863Z DEBUG panoptikon::inferio::http: processing local inference predict model=tags/wd-vit-tagger-v3 inputs=1
2026-09-17T06:18:50.082997Z DEBUG panoptikon::inferio::http: processing local inference predict model=tags/wd-vit-tagger-v3 inputs=1
2026-09-17T06:18:50.083029Z DEBUG panoptikon::inferio::http: processing local inference predict model=tags/wd-vit-tagger-v3 inputs=1
2026-09-17T06:18:50.083068Z DEBUG panoptikon::inferio::http: processing local inference predict model=tags/wd-vit-tagger-v3 inputs=1
2026-09-17T06:18:50.083113Z DEBUG panoptikon::inferio::http: processing local inference predict model=tags/wd-vit-tagger-v3 inputs=1
2026-09-17T06:18:50.083153Z DEBUG panoptikon::inferio::http: processing local inference predict model=tags/wd-vit-tagger-v3 inputs=1
2026-09-17T06:18:50.083203Z DEBUG panoptikon::inferio::http: processing local inference predict model=tags/wd-vit-tagger-v3 inputs=1
2026-09-17T06:18:50.083257Z DEBUG panoptikon::inferio::http: processing local inference predict model=tags/wd-vit-tagger-v3 inputs=1
2026-09-17T06:18:50.083288Z DEBUG panoptikon::inferio::http: processing local inference predict model=tags/wd-vit-tagger-v3 inputs=1
2026-09-17T06:18:50.083340Z DEBUG panoptikon::inferio::http: processing local inference predict model=tags/wd-vit-tagger-v3 inputs=1
2026-09-17T06:18:50.083390Z DEBUG panoptikon::inferio::http: processing local inference predict model=tags/wd-vit-tagger-v3 inputs=1
2026-09-17T06:18:50.083442Z DEBUG panoptikon::inferio::http: processing local inference predict model=tags/wd-vit-tagger-v3 inputs=1
2026-09-17T06:18:50.083469Z DEBUG panoptikon::inferio::http: processing local inference predict model=tags/wd-vit-tagger-v3 inputs=1
2026-09-17T06:18:50.083520Z DEBUG panoptikon::inferio::http: processing local inference predict model=tags/wd-vit-tagger-v3 inputs=1
2026-09-17T06:18:50.083565Z DEBUG panoptikon::inferio::http: processing local inference predict model=tags/wd-vit-tagger-v3 inputs=1
2026-09-17T06:18:50.083618Z DEBUG panoptikon::inferio::http: processing local inference predict model=tags/wd-vit-tagger-v3 inputs=1
2026-09-17T06:18:50.083671Z DEBUG panoptikon::inferio::http: processing local inference predict model=tags/wd-vit-tagger-v3 inputs=1
2026-09-17T06:18:50.083720Z DEBUG panoptikon::inferio::http: processing local inference predict model=tags/wd-vit-tagger-v3 inputs=1
2026-09-17T06:18:50.083763Z DEBUG panoptikon::inferio::http: processing local inference predict model=tags/wd-vit-tagger-v3 inputs=1
2026-09-17T06:18:50.083807Z DEBUG panoptikon::inferio::http: processing local inference predict model=tags/wd-vit-tagger-v3 inputs=1
2026-09-17T06:18:50.083857Z DEBUG panoptikon::inferio::http: processing local inference predict model=tags/wd-vit-tagger-v3 inputs=1
2026-09-17T06:18:50.083920Z DEBUG panoptikon::inferio::http: processing local inference predict model=tags/wd-vit-tagger-v3 inputs=1
2026-09-17T06:18:50.083967Z DEBUG panoptikon::inferio::http: processing local inference predict model=tags/wd-vit-tagger-v3 inputs=1
2026-09-17T06:18:50.084019Z DEBUG panoptikon::inferio::http: processing local inference predict model=tags/wd-vit-tagger-v3 inputs=1
2026-09-17T06:18:50.084077Z DEBUG panoptikon::inferio::http: processing local inference predict model=tags/wd-vit-tagger-v3 inputs=1
2026-09-17T06:18:50.084129Z DEBUG panoptikon::inferio::http: processing local inference predict model=tags/wd-vit-tagger-v3 inputs=1
2026-09-17T06:18:50.084185Z DEBUG panoptikon::inferio::http: processing local inference predict model=tags/wd-vit-tagger-v3 inputs=1
2026-09-17T06:18:50.084237Z DEBUG panoptikon::inferio::http: processing local inference predict model=tags/wd-vit-tagger-v3 inputs=1
2026-09-17T06:18:50.084303Z DEBUG panoptikon::inferio::http: processing local inference predict model=tags/wd-vit-tagger-v3 inputs=1
2026-09-17T06:18:50.084363Z DEBUG panoptikon::inferio::http: processing local inference predict model=tags/wd-vit-tagger-v3 inputs=1
2026-09-17T06:18:50.084419Z DEBUG panoptikon::inferio::http: processing local inference predict model=tags/wd-vit-tagger-v3 inputs=1
2026-09-17T06:18:50.084476Z DEBUG panoptikon::inferio::http: processing local inference predict model=tags/wd-vit-tagger-v3 inputs=1
2026-09-17T06:18:50.084538Z DEBUG panoptikon::inferio::http: processing local inference predict model=tags/wd-vit-tagger-v3 inputs=1
2026-09-17T06:18:50.084600Z DEBUG panoptikon::inferio::http: processing local inference predict model=tags/wd-vit-tagger-v3 inputs=1
2026-09-17T06:18:50.084641Z DEBUG panoptikon::inferio::http: processing local inference predict model=tags/wd-vit-tagger-v3 inputs=1
2026-09-17T06:18:50.084683Z DEBUG panoptikon::inferio::http: processing local inference predict model=tags/wd-vit-tagger-v3 inputs=1
2026-09-17T06:18:50.084734Z DEBUG panoptikon::inferio::http: processing local inference predict model=tags/wd-vit-tagger-v3 inputs=1
2026-09-17T06:18:50.084799Z DEBUG panoptikon::inferio::http: processing local inference predict model=tags/wd-vit-tagger-v3 inputs=1
2026-09-17T06:18:50.084846Z DEBUG panoptikon::inferio::http: processing local inference predict model=tags/wd-vit-tagger-v3 inputs=1
2026-09-17T06:18:50.084902Z DEBUG panoptikon::inferio::http: processing local inference predict model=tags/wd-vit-tagger-v3 inputs=1
2026-09-17T06:18:50.084948Z DEBUG panoptikon::inferio::http: processing local inference predict model=tags/wd-vit-tagger-v3 inputs=1
2026-09-17T06:18:50.084994Z DEBUG panoptikon::inferio::http: processing local inference predict model=tags/wd-vit-tagger-v3 inputs=1
2026-09-17T06:18:50.085033Z DEBUG panoptikon::inferio::http: processing local inference predict model=tags/wd-vit-tagger-v3 inputs=1
2026-09-17T06:18:50.085139Z DEBUG panoptikon::inferio::http: processing local inference predict model=tags/wd-vit-tagger-v3 inputs=1
2026-09-17T06:18:50.085192Z DEBUG panoptikon::inferio::http: processing local inference predict model=tags/wd-vit-tagger-v3 inputs=1
2026-09-17T06:18:50.085238Z DEBUG panoptikon::inferio::http: processing local inference predict model=tags/wd-vit-tagger-v3 inputs=1
2026-09-17T06:18:50.085285Z DEBUG panoptikon::inferio::http: processing local inference predict model=tags/wd-vit-tagger-v3 inputs=1
2026-09-17T06:18:50.085330Z DEBUG panoptikon::inferio::http: processing local inference predict model=tags/wd-vit-tagger-v3 inputs=1
2026-09-17T06:18:50.085378Z DEBUG panoptikon::inferio::http: processing local inference predict model=tags/wd-vit-tagger-v3 inputs=1
2026-09-17T06:18:50.085418Z DEBUG panoptikon::inferio::http: processing local inference predict model=tags/wd-vit-tagger-v3 inputs=1
2026-09-17T06:18:50.085454Z DEBUG panoptikon::inferio::http: processing local inference predict model=tags/wd-vit-tagger-v3 inputs=1
2026-09-17T06:18:50.085505Z DEBUG panoptikon::inferio::http: processing local inference predict model=tags/wd-vit-tagger-v3 inputs=1
2026-09-17T06:18:50.085546Z DEBUG panoptikon::inferio::http: processing local inference predict model=tags/wd-vit-tagger-v3 inputs=1
2026-09-17T06:18:50.085596Z DEBUG panoptikon::inferio::http: processing local inference predict model=tags/wd-vit-tagger-v3 inputs=1
2026-09-17T06:18:50.085631Z DEBUG panoptikon::inferio::http: processing local inference predict model=tags/wd-vit-tagger-v3 inputs=1
2026-09-17T06:18:50.085674Z DEBUG panoptikon::inferio::http: processing local inference predict model=tags/wd-vit-tagger-v3 inputs=1
2026-09-17T06:18:50.085730Z DEBUG panoptikon::inferio::http: processing local inference predict model=tags/wd-vit-tagger-v3 inputs=1
2026-09-17T06:18:50.085779Z DEBUG panoptikon::inferio::http: processing local inference predict model=tags/wd-vit-tagger-v3 inputs=1
2026-09-17T06:18:50.085824Z DEBUG panoptikon::inferio::http: processing local inference predict model=tags/wd-vit-tagger-v3 inputs=1
2026-09-17T06:18:50.085883Z DEBUG panoptikon::inferio::http: processing local inference predict model=tags/wd-vit-tagger-v3 inputs=1
2026-09-17T06:18:50.085917Z DEBUG panoptikon::inferio::http: processing local inference predict model=tags/wd-vit-tagger-v3 inputs=1
2026-09-17T06:18:50.085977Z DEBUG panoptikon::inferio::http: processing local inference predict model=tags/wd-vit-tagger-v3 inputs=1
2026-09-17T06:18:50.086067Z DEBUG panoptikon::inferio::http: processing local inference predict model=tags/wd-vit-tagger-v3 inputs=1
2026-09-17T06:18:50.086462Z DEBUG panoptikon::inferio::http: processing local inference predict model=tags/wd-vit-tagger-v3 inputs=1
2026-09-17T06:18:50.086508Z DEBUG panoptikon::inferio::http: processing local inference predict model=tags/wd-vit-tagger-v3 inputs=1
2026-09-17T06:18:50.086546Z DEBUG panoptikon::inferio::http: processing local inference predict model=tags/wd-vit-tagger-v3 inputs=1
2026-09-17T06:18:50.086586Z DEBUG panoptikon::inferio::http: processing local inference predict model=tags/wd-vit-tagger-v3 inputs=1
2026-09-17T06:18:50.086630Z DEBUG panoptikon::inferio::http: processing local inference predict model=tags/wd-vit-tagger-v3 inputs=1
2026-09-17T06:18:50.086664Z DEBUG panoptikon::inferio::http: processing local inference predict model=tags/wd-vit-tagger-v3 inputs=1
2026-09-17T06:18:50.086717Z DEBUG panoptikon::inferio::http: processing local inference predict model=tags/wd-vit-tagger-v3 inputs=1
2026-09-17T06:18:50.086764Z DEBUG panoptikon::inferio::http: processing local inference predict model=tags/wd-vit-tagger-v3 inputs=1
2026-09-17T06:18:50.086807Z DEBUG panoptikon::inferio::http: processing local inference predict model=tags/wd-vit-tagger-v3 inputs=1
2026-09-17T06:18:50.086847Z DEBUG panoptikon::inferio::http: processing local inference predict model=tags/wd-vit-tagger-v3 inputs=1
2026-09-17T06:18:50.087003Z DEBUG panoptikon::inferio::http: processing local inference predict model=tags/wd-vit-tagger-v3 inputs=1
2026-09-17T06:18:50.087090Z DEBUG panoptikon::inferio::http: processing local inference predict model=tags/wd-vit-tagger-v3 inputs=1
2026-09-17T06:18:50.087502Z DEBUG panoptikon::inferio::http: processing local inference predict model=tags/wd-vit-tagger-v3 inputs=1
2026-09-17T06:18:50.087542Z DEBUG panoptikon::inferio::http: processing local inference predict model=tags/wd-vit-tagger-v3 inputs=1
2026-09-17T06:18:50.087741Z DEBUG panoptikon::inferio::http: processing local inference predict model=tags/wd-vit-tagger-v3 inputs=1
2026-09-17T06:18:50.087847Z DEBUG panoptikon::inferio::http: processing local inference predict model=tags/wd-vit-tagger-v3 inputs=1
2026-09-17T06:18:50.087952Z DEBUG panoptikon::inferio::http: processing local inference predict model=tags/wd-vit-tagger-v3 inputs=1
2026-09-17T06:18:50.088058Z DEBUG panoptikon::inferio::http: processing local inference predict model=tags/wd-vit-tagger-v3 inputs=1
2026-09-17T06:18:50.088166Z DEBUG panoptikon::inferio::http: processing local inference predict model=tags/wd-vit-tagger-v3 inputs=1
2026-09-17T06:18:50.088440Z DEBUG panoptikon::inferio::http: processing local inference predict model=tags/wd-vit-tagger-v3 inputs=1
2026-09-17T06:18:50.088908Z DEBUG panoptikon::inferio::http: processing local inference predict model=tags/wd-vit-tagger-v3 inputs=1
2026-09-17T06:18:50.088945Z DEBUG panoptikon::inferio::http: processing local inference predict model=tags/wd-vit-tagger-v3 inputs=1
2026-09-17T06:18:50.089000Z DEBUG panoptikon::inferio::http: processing local inference predict model=tags/wd-vit-tagger-v3 inputs=1
2026-09-17T06:18:50.089047Z DEBUG panoptikon::inferio::http: processing local inference predict model=tags/wd-vit-tagger-v3 inputs=1
2026-09-17T06:18:50.089104Z DEBUG panoptikon::inferio::http: processing local inference predict model=tags/wd-vit-tagger-v3 inputs=1
2026-09-17T06:18:50.089172Z DEBUG panoptikon::inferio::http: processing local inference predict model=tags/wd-vit-tagger-v3 inputs=1
2026-09-17T06:18:50.089629Z DEBUG panoptikon::inferio::http: processing local inference predict model=tags/wd-vit-tagger-v3 inputs=1
2026-09-17T06:18:50.089675Z DEBUG panoptikon::inferio::http: processing local inference predict model=tags/wd-vit-tagger-v3 inputs=1
2026-09-17T06:18:50.089718Z DEBUG panoptikon::inferio::http: processing local inference predict model=tags/wd-vit-tagger-v3 inputs=1
2026-09-17T06:18:50.089763Z DEBUG panoptikon::inferio::http: processing local inference predict model=tags/wd-vit-tagger-v3 inputs=1
2026-09-17T06:18:50.091544Z  INFO panoptikon::inferio::worker: 2026-09-17 06:18:50,091 [DEBUG] inferio_worker.packing: this window's 547 MiB grant is below 80% of the 1080 MiB of releasable slack in the 1897 MiB pool (1/2 consecutive windows before releasing it) worker=wd_tagger
2026-09-17T06:18:50.230913Z  INFO panoptikon::inferio::worker: 2026-09-17 06:18:50,230 [DEBUG] inferio_worker_impl_0_wd_tagger: Running inference on 15 images worker=wd_tagger
2026-09-17T06:18:53.169758Z  INFO panoptikon::inferio::worker: 2026-09-17 06:18:53,169 [DEBUG] inferio_worker_impl_0_wd_tagger: Running inference on 15 images worker=wd_tagger
2026-09-17T06:18:56.081449Z  INFO panoptikon::inferio::worker: 2026-09-17 06:18:56,081 [DEBUG] inferio_worker_impl_0_wd_tagger: Running inference on 15 images worker=wd_tagger
2026-09-17T06:18:58.200660Z DEBUG panoptikon::inferio::ledger: settled a granted window model=tags/wd-vit-tagger-v3 gpu=CPU outcome="clean" fit_samples=3 throughput_samples=3 clamped_samples=0 clamped=none ramp_step=4 deflation=0 clean_windows=23 max_units_measured=32
2026-09-17T06:18:58.200738Z DEBUG panoptikon::inferio::ledger: issued a memory grant model=tags/wd-vit-tagger-v3 gpu=CPU unit_budget=15 mb=547 canvas_pixels=none share_mb=96008 room_mb=96008 headroom_mb=95164 external_mb=29402 reserve_mb=1024 reserve_rule="capped_default" pre_fit=false ramp_step=4 deflation=0 squeezed=false window_requests=45
2026-09-17T06:18:58.201886Z DEBUG panoptikon::inferio::http: processing local inference predict model=tags/wd-vit-tagger-v3 inputs=1
2026-09-17T06:18:58.288771Z  INFO panoptikon::inferio::worker: 2026-09-17 06:18:58,288 [DEBUG] inferio_worker_impl_0_wd_tagger: Running inference on 15 images worker=wd_tagger
2026-09-17T06:19:00.399174Z  INFO panoptikon::inferio::worker: 2026-09-17 06:19:00,398 [DEBUG] inferio_worker_impl_0_wd_tagger: Running inference on 15 images worker=wd_tagger
2026-09-17T06:19:03.498402Z  INFO panoptikon::inferio::worker: 2026-09-17 06:19:03,498 [DEBUG] inferio_worker_impl_0_wd_tagger: Running inference on 15 images worker=wd_tagger
2026-09-17T06:19:06.328359Z DEBUG panoptikon::inferio::ledger: settled a granted window model=tags/wd-vit-tagger-v3 gpu=CPU outcome="clean" fit_samples=3 throughput_samples=3 clamped_samples=0 clamped=none ramp_step=4 deflation=0 clean_windows=24 max_units_measured=32
2026-09-17T06:19:06.328431Z DEBUG panoptikon::inferio::ledger: issued a memory grant model=tags/wd-vit-tagger-v3 gpu=CPU unit_budget=15 mb=547 canvas_pixels=none share_mb=96008 room_mb=96008 headroom_mb=95164 external_mb=29473 reserve_mb=1024 reserve_rule="capped_default" pre_fit=false ramp_step=4 deflation=0 squeezed=false window_requests=45
2026-09-17T06:19:06.335444Z  INFO panoptikon::inferio::worker: 2026-09-17 06:19:06,335 [DEBUG] inferio_worker.packing: this window's 547 MiB grant is below 80% of the 1080 MiB of releasable slack in the 1897 MiB pool (1/2 consecutive windows before releasing it) worker=wd_tagger
2026-09-17T06:19:06.419316Z  INFO panoptikon::inferio::worker: 2026-09-17 06:19:06,419 [DEBUG] inferio_worker_impl_0_wd_tagger: Running inference on 15 images worker=wd_tagger
2026-09-17T06:19:08.629583Z  INFO panoptikon::inferio::worker: 2026-09-17 06:19:08,629 [DEBUG] inferio_worker_impl_0_wd_tagger: Running inference on 15 images worker=wd_tagger
2026-09-17T06:19:11.747342Z  INFO panoptikon::inferio::worker: 2026-09-17 06:19:11,747 [DEBUG] inferio_worker_impl_0_wd_tagger: Running inference on 15 images worker=wd_tagger
2026-09-17T06:19:14.617535Z DEBUG panoptikon::inferio::ledger: refitted the memory cost model model=tags/wd-vit-tagger-v3 gpu=CPU slope_mb_per_unit=36.36520376175548 intercept_mb=42.26959247648904 residual_mb=11.887147335423265 samples=9 version=10
2026-09-17T06:19:14.617580Z DEBUG panoptikon::inferio::ledger: queued a calibration profile update for the store model=tags/wd-vit-tagger-v3 gpu=CPU reason="fit_changed" max_units_measured=32 fit_version=10
2026-09-17T06:19:14.617604Z DEBUG panoptikon::inferio::ledger: settled a granted window model=tags/wd-vit-tagger-v3 gpu=CPU outcome="clean" fit_samples=3 throughput_samples=3 clamped_samples=0 clamped=none ramp_step=4 deflation=0 clean_windows=25 max_units_measured=32
2026-09-17T06:19:14.617680Z DEBUG panoptikon::inferio::ledger: issued a memory grant model=tags/wd-vit-tagger-v3 gpu=CPU unit_budget=15 mb=546 canvas_pixels=none share_mb=96008 room_mb=96008 headroom_mb=95164 external_mb=29291 reserve_mb=1024 reserve_rule="capped_default" pre_fit=false ramp_step=4 deflation=0 squeezed=false window_requests=45
2026-09-17T06:19:14.620001Z DEBUG panoptikon::inferio::http: processing local inference predict model=tags/wd-vit-tagger-v3 inputs=1
2026-09-17T06:19:14.620265Z DEBUG panoptikon::inferio::http: processing local inference predict model=tags/wd-vit-tagger-v3 inputs=1
2026-09-17T06:19:14.620446Z DEBUG panoptikon::inferio::http: processing local inference predict model=tags/wd-vit-tagger-v3 inputs=1
2026-09-17T06:19:14.620572Z DEBUG panoptikon::inferio::http: processing local inference predict model=tags/wd-vit-tagger-v3 inputs=1
2026-09-17T06:19:14.620701Z DEBUG panoptikon::inferio::http: processing local inference predict model=tags/wd-vit-tagger-v3 inputs=1
2026-09-17T06:19:14.620758Z DEBUG panoptikon::inferio::http: processing local inference predict model=tags/wd-vit-tagger-v3 inputs=1
2026-09-17T06:19:14.620810Z DEBUG panoptikon::inferio::http: processing local inference predict model=tags/wd-vit-tagger-v3 inputs=1
2026-09-17T06:19:14.620875Z DEBUG panoptikon::inferio::http: processing local inference predict model=tags/wd-vit-tagger-v3 inputs=1
2026-09-17T06:19:14.621253Z DEBUG panoptikon::inferio::http: processing local inference predict model=tags/wd-vit-tagger-v3 inputs=1
2026-09-17T06:19:14.621291Z DEBUG panoptikon::inferio::http: processing local inference predict model=tags/wd-vit-tagger-v3 inputs=1
2026-09-17T06:19:14.621331Z DEBUG panoptikon::inferio::http: processing local inference predict model=tags/wd-vit-tagger-v3 inputs=1
2026-09-17T06:19:14.621442Z DEBUG panoptikon::inferio::http: processing local inference predict model=tags/wd-vit-tagger-v3 inputs=1
2026-09-17T06:19:14.621505Z DEBUG panoptikon::inferio::http: processing local inference predict model=tags/wd-vit-tagger-v3 inputs=1
2026-09-17T06:19:14.621542Z DEBUG panoptikon::inferio::http: processing local inference predict model=tags/wd-vit-tagger-v3 inputs=1
2026-09-17T06:19:14.621655Z DEBUG panoptikon::inferio::http: processing local inference predict model=tags/wd-vit-tagger-v3 inputs=1
2026-09-17T06:19:14.621735Z DEBUG panoptikon::inferio::http: processing local inference predict model=tags/wd-vit-tagger-v3 inputs=1
2026-09-17T06:19:14.621839Z DEBUG panoptikon::inferio::http: processing local inference predict model=tags/wd-vit-tagger-v3 inputs=1
2026-09-17T06:19:14.621860Z DEBUG panoptikon::inferio::http: processing local inference predict model=tags/wd-vit-tagger-v3 inputs=1
2026-09-17T06:19:14.621901Z DEBUG panoptikon::inferio::http: processing local inference predict model=tags/wd-vit-tagger-v3 inputs=1
2026-09-17T06:19:14.621936Z DEBUG panoptikon::inferio::http: processing local inference predict model=tags/wd-vit-tagger-v3 inputs=1
2026-09-17T06:19:14.621977Z DEBUG panoptikon::inferio::http: processing local inference predict model=tags/wd-vit-tagger-v3 inputs=1
2026-09-17T06:19:14.622008Z DEBUG panoptikon::inferio::http: processing local inference predict model=tags/wd-vit-tagger-v3 inputs=1
2026-09-17T06:19:14.622114Z DEBUG panoptikon::inferio::http: processing local inference predict model=tags/wd-vit-tagger-v3 inputs=1
2026-09-17T06:19:14.622145Z DEBUG panoptikon::inferio::http: processing local inference predict model=tags/wd-vit-tagger-v3 inputs=1
2026-09-17T06:19:14.622181Z DEBUG panoptikon::inferio::http: processing local inference predict model=tags/wd-vit-tagger-v3 inputs=1
2026-09-17T06:19:14.622212Z DEBUG panoptikon::inferio::http: processing local inference predict model=tags/wd-vit-tagger-v3 inputs=1
2026-09-17T06:19:14.622240Z DEBUG panoptikon::inferio::http: processing local inference predict model=tags/wd-vit-tagger-v3 inputs=1
2026-09-17T06:19:14.622373Z DEBUG panoptikon::inferio::http: processing local inference predict model=tags/wd-vit-tagger-v3 inputs=1
2026-09-17T06:19:14.622448Z DEBUG panoptikon::inferio::http: processing local inference predict model=tags/wd-vit-tagger-v3 inputs=1
2026-09-17T06:19:14.622493Z DEBUG panoptikon::inferio::http: processing local inference predict model=tags/wd-vit-tagger-v3 inputs=1
2026-09-17T06:19:14.622517Z DEBUG panoptikon::inferio::http: processing local inference predict model=tags/wd-vit-tagger-v3 inputs=1
2026-09-17T06:19:14.622542Z DEBUG panoptikon::inferio::http: processing local inference predict model=tags/wd-vit-tagger-v3 inputs=1
2026-09-17T06:19:14.622578Z DEBUG panoptikon::inferio::http: processing local inference predict model=tags/wd-vit-tagger-v3 inputs=1
2026-09-17T06:19:14.622610Z DEBUG panoptikon::inferio::http: processing local inference predict model=tags/wd-vit-tagger-v3 inputs=1
2026-09-17T06:19:14.622639Z DEBUG panoptikon::inferio::http: processing local inference predict model=tags/wd-vit-tagger-v3 inputs=1
2026-09-17T06:19:14.622675Z DEBUG panoptikon::inferio::http: processing local inference predict model=tags/wd-vit-tagger-v3 inputs=1
2026-09-17T06:19:14.622791Z DEBUG panoptikon::inferio::http: processing local inference predict model=tags/wd-vit-tagger-v3 inputs=1
2026-09-17T06:19:14.622834Z DEBUG panoptikon::inferio::http: processing local inference predict model=tags/wd-vit-tagger-v3 inputs=1
2026-09-17T06:19:14.711385Z  INFO panoptikon::inferio::worker: 2026-09-17 06:19:14,711 [DEBUG] inferio_worker_impl_0_wd_tagger: Running inference on 15 images worker=wd_tagger
2026-09-17T06:19:17.380840Z  INFO panoptikon::inferio::worker: 2026-09-17 06:19:17,380 [DEBUG] inferio_worker_impl_0_wd_tagger: Running inference on 15 images worker=wd_tagger
2026-09-17T06:19:20.073714Z  INFO panoptikon::inferio::calibration: wrote the local calibration store path=data/inferio/calibration.toml profiles=1
2026-09-17T06:19:21.509759Z  INFO panoptikon::inferio::worker: 2026-09-17 06:19:21,509 [DEBUG] inferio_worker_impl_0_wd_tagger: Running inference on 15 images worker=wd_tagger
2026-09-17T06:19:24.223572Z DEBUG panoptikon::inferio::ledger: refitted the memory cost model model=tags/wd-vit-tagger-v3 gpu=CPU slope_mb_per_unit=36.426392572944295 intercept_mb=42.14721485411141 residual_mb=11.030503978779848 samples=9 version=11
2026-09-17T06:19:24.223618Z DEBUG panoptikon::inferio::ledger: queued a calibration profile update for the store model=tags/wd-vit-tagger-v3 gpu=CPU reason="fit_changed" max_units_measured=32 fit_version=11
2026-09-17T06:19:24.223639Z DEBUG panoptikon::inferio::ledger: settled a granted window model=tags/wd-vit-tagger-v3 gpu=CPU outcome="clean" fit_samples=3 throughput_samples=3 clamped_samples=0 clamped=none ramp_step=4 deflation=0 clean_windows=26 max_units_measured=32
2026-09-17T06:19:24.223710Z DEBUG panoptikon::inferio::ledger: issued a memory grant model=tags/wd-vit-tagger-v3 gpu=CPU unit_budget=15 mb=547 canvas_pixels=none share_mb=96008 room_mb=96008 headroom_mb=95164 external_mb=29432 reserve_mb=1024 reserve_rule="capped_default" pre_fit=false ramp_step=4 deflation=0 squeezed=false window_requests=45
2026-09-17T06:19:24.225125Z DEBUG panoptikon::inferio::http: processing local inference predict model=tags/wd-vit-tagger-v3 inputs=1
2026-09-17T06:19:24.225548Z DEBUG panoptikon::inferio::http: processing local inference predict model=tags/wd-vit-tagger-v3 inputs=1
2026-09-17T06:19:24.225680Z DEBUG panoptikon::inferio::http: processing local inference predict model=tags/wd-vit-tagger-v3 inputs=1
2026-09-17T06:19:24.225819Z DEBUG panoptikon::inferio::http: processing local inference predict model=tags/wd-vit-tagger-v3 inputs=1
2026-09-17T06:19:24.225911Z DEBUG panoptikon::inferio::http: processing local inference predict model=tags/wd-vit-tagger-v3 inputs=1
2026-09-17T06:19:24.225953Z DEBUG panoptikon::inferio::http: processing local inference predict model=tags/wd-vit-tagger-v3 inputs=1
2026-09-17T06:19:24.225977Z DEBUG panoptikon::inferio::http: processing local inference predict model=tags/wd-vit-tagger-v3 inputs=1
2026-09-17T06:19:24.226128Z DEBUG panoptikon::inferio::http: processing local inference predict model=tags/wd-vit-tagger-v3 inputs=1
2026-09-17T06:19:24.226354Z DEBUG panoptikon::inferio::http: processing local inference predict model=tags/wd-vit-tagger-v3 inputs=1
2026-09-17T06:19:24.226458Z DEBUG panoptikon::inferio::http: processing local inference predict model=tags/wd-vit-tagger-v3 inputs=1
2026-09-17T06:19:24.226588Z DEBUG panoptikon::inferio::http: processing local inference predict model=tags/wd-vit-tagger-v3 inputs=1
2026-09-17T06:19:24.227167Z DEBUG panoptikon::inferio::http: processing local inference predict model=tags/wd-vit-tagger-v3 inputs=1
2026-09-17T06:19:24.227207Z DEBUG panoptikon::inferio::http: processing local inference predict model=tags/wd-vit-tagger-v3 inputs=1
2026-09-17T06:19:24.227258Z DEBUG panoptikon::inferio::http: processing local inference predict model=tags/wd-vit-tagger-v3 inputs=1
2026-09-17T06:19:24.227306Z DEBUG panoptikon::inferio::http: processing local inference predict model=tags/wd-vit-tagger-v3 inputs=1
2026-09-17T06:19:24.227435Z DEBUG panoptikon::inferio::http: processing local inference predict model=tags/wd-vit-tagger-v3 inputs=1
2026-09-17T06:19:24.227483Z DEBUG panoptikon::inferio::http: processing local inference predict model=tags/wd-vit-tagger-v3 inputs=1
2026-09-17T06:19:24.227525Z DEBUG panoptikon::inferio::http: processing local inference predict model=tags/wd-vit-tagger-v3 inputs=1
2026-09-17T06:19:24.227571Z DEBUG panoptikon::inferio::http: processing local inference predict model=tags/wd-vit-tagger-v3 inputs=1
2026-09-17T06:19:24.227607Z DEBUG panoptikon::inferio::http: processing local inference predict model=tags/wd-vit-tagger-v3 inputs=1
2026-09-17T06:19:24.227631Z DEBUG panoptikon::inferio::http: processing local inference predict model=tags/wd-vit-tagger-v3 inputs=1
2026-09-17T06:19:24.227678Z DEBUG panoptikon::inferio::http: processing local inference predict model=tags/wd-vit-tagger-v3 inputs=1
2026-09-17T06:19:24.227716Z DEBUG panoptikon::inferio::http: processing local inference predict model=tags/wd-vit-tagger-v3 inputs=1
2026-09-17T06:19:24.227892Z DEBUG panoptikon::inferio::http: processing local inference predict model=tags/wd-vit-tagger-v3 inputs=1
2026-09-17T06:19:24.227924Z DEBUG panoptikon::inferio::http: processing local inference predict model=tags/wd-vit-tagger-v3 inputs=1
2026-09-17T06:19:24.227951Z DEBUG panoptikon::inferio::http: processing local inference predict model=tags/wd-vit-tagger-v3 inputs=1
2026-09-17T06:19:24.227998Z DEBUG panoptikon::inferio::http: processing local inference predict model=tags/wd-vit-tagger-v3 inputs=1
2026-09-17T06:19:24.228034Z DEBUG panoptikon::inferio::http: processing local inference predict model=tags/wd-vit-tagger-v3 inputs=1
2026-09-17T06:19:24.228073Z DEBUG panoptikon::inferio::http: processing local inference predict model=tags/wd-vit-tagger-v3 inputs=1
2026-09-17T06:19:24.228106Z DEBUG panoptikon::inferio::http: processing local inference predict model=tags/wd-vit-tagger-v3 inputs=1
2026-09-17T06:19:24.228133Z DEBUG panoptikon::inferio::http: processing local inference predict model=tags/wd-vit-tagger-v3 inputs=1
2026-09-17T06:19:24.228166Z DEBUG panoptikon::inferio::http: processing local inference predict model=tags/wd-vit-tagger-v3 inputs=1
2026-09-17T06:19:24.228204Z DEBUG panoptikon::inferio::http: processing local inference predict model=tags/wd-vit-tagger-v3 inputs=1
2026-09-17T06:19:24.228242Z DEBUG panoptikon::inferio::http: processing local inference predict model=tags/wd-vit-tagger-v3 inputs=1
2026-09-17T06:19:24.228283Z DEBUG panoptikon::inferio::http: processing local inference predict model=tags/wd-vit-tagger-v3 inputs=1
2026-09-17T06:19:24.228317Z DEBUG panoptikon::inferio::http: processing local inference predict model=tags/wd-vit-tagger-v3 inputs=1
2026-09-17T06:19:24.228361Z DEBUG panoptikon::inferio::http: processing local inference predict model=tags/wd-vit-tagger-v3 inputs=1
2026-09-17T06:19:24.228376Z DEBUG panoptikon::inferio::http: processing local inference predict model=tags/wd-vit-tagger-v3 inputs=1
2026-09-17T06:19:24.228523Z DEBUG panoptikon::inferio::http: processing local inference predict model=tags/wd-vit-tagger-v3 inputs=1
2026-09-17T06:19:24.228550Z DEBUG panoptikon::inferio::http: processing local inference predict model=tags/wd-vit-tagger-v3 inputs=1
2026-09-17T06:19:24.228571Z DEBUG panoptikon::inferio::http: processing local inference predict model=tags/wd-vit-tagger-v3 inputs=1
2026-09-17T06:19:24.228614Z DEBUG panoptikon::inferio::http: processing local inference predict model=tags/wd-vit-tagger-v3 inputs=1
2026-09-17T06:19:24.228646Z DEBUG panoptikon::inferio::http: processing local inference predict model=tags/wd-vit-tagger-v3 inputs=1
2026-09-17T06:19:24.228685Z DEBUG panoptikon::inferio::http: processing local inference predict model=tags/wd-vit-tagger-v3 inputs=1
2026-09-17T06:19:24.228720Z DEBUG panoptikon::inferio::http: processing local inference predict model=tags/wd-vit-tagger-v3 inputs=1
2026-09-17T06:19:24.231544Z  INFO panoptikon::inferio::worker: 2026-09-17 06:19:24,231 [DEBUG] inferio_worker.packing: this window's 547 MiB grant is below 80% of the 1080 MiB of releasable slack in the 1897 MiB pool (1/2 consecutive windows before releasing it) worker=wd_tagger
2026-09-17T06:19:24.314123Z  INFO panoptikon::inferio::worker: 2026-09-17 06:19:24,313 [DEBUG] inferio_worker_impl_0_wd_tagger: Running inference on 15 images worker=wd_tagger
2026-09-17T06:19:27.271466Z  INFO panoptikon::inferio::worker: 2026-09-17 06:19:27,271 [DEBUG] inferio_worker_impl_0_wd_tagger: Running inference on 15 images worker=wd_tagger
2026-09-17T06:19:29.418425Z  INFO panoptikon::inferio::worker: 2026-09-17 06:19:29,418 [DEBUG] inferio_worker_impl_0_wd_tagger: Running inference on 15 images worker=wd_tagger
2026-09-17T06:19:31.459780Z DEBUG panoptikon::inferio::ledger: settled a granted window model=tags/wd-vit-tagger-v3 gpu=CPU outcome="clean" fit_samples=3 throughput_samples=3 clamped_samples=0 clamped=none ramp_step=4 deflation=0 clean_windows=27 max_units_measured=32
2026-09-17T06:19:31.459854Z DEBUG panoptikon::inferio::ledger: issued a memory grant model=tags/wd-vit-tagger-v3 gpu=CPU unit_budget=15 mb=547 canvas_pixels=none share_mb=96008 room_mb=96008 headroom_mb=95164 external_mb=29250 reserve_mb=1024 reserve_rule="capped_default" pre_fit=false ramp_step=4 deflation=0 squeezed=false window_requests=45
2026-09-17T06:19:31.461538Z DEBUG panoptikon::inferio::http: processing local inference predict model=tags/wd-vit-tagger-v3 inputs=1
2026-09-17T06:19:31.461667Z DEBUG panoptikon::inferio::http: processing local inference predict model=tags/wd-vit-tagger-v3 inputs=1
2026-09-17T06:19:31.461746Z DEBUG panoptikon::inferio::http: processing local inference predict model=tags/wd-vit-tagger-v3 inputs=1
2026-09-17T06:19:31.461788Z DEBUG panoptikon::inferio::http: processing local inference predict model=tags/wd-vit-tagger-v3 inputs=1
2026-09-17T06:19:31.461837Z DEBUG panoptikon::inferio::http: processing local inference predict model=tags/wd-vit-tagger-v3 inputs=1
2026-09-17T06:19:31.461881Z DEBUG panoptikon::inferio::http: processing local inference predict model=tags/wd-vit-tagger-v3 inputs=1
2026-09-17T06:19:31.462038Z DEBUG panoptikon::inferio::http: processing local inference predict model=tags/wd-vit-tagger-v3 inputs=1
2026-09-17T06:19:31.462097Z DEBUG panoptikon::inferio::http: processing local inference predict model=tags/wd-vit-tagger-v3 inputs=1
2026-09-17T06:19:31.462265Z DEBUG panoptikon::inferio::http: processing local inference predict model=tags/wd-vit-tagger-v3 inputs=1
2026-09-17T06:19:31.462355Z DEBUG panoptikon::inferio::http: processing local inference predict model=tags/wd-vit-tagger-v3 inputs=1
2026-09-17T06:19:31.462462Z DEBUG panoptikon::inferio::http: processing local inference predict model=tags/wd-vit-tagger-v3 inputs=1
2026-09-17T06:19:31.462503Z DEBUG panoptikon::inferio::http: processing local inference predict model=tags/wd-vit-tagger-v3 inputs=1
2026-09-17T06:19:31.462726Z DEBUG panoptikon::inferio::http: processing local inference predict model=tags/wd-vit-tagger-v3 inputs=1
2026-09-17T06:19:31.462766Z DEBUG panoptikon::inferio::http: processing local inference predict model=tags/wd-vit-tagger-v3 inputs=1
2026-09-17T06:19:31.462798Z DEBUG panoptikon::inferio::http: processing local inference predict model=tags/wd-vit-tagger-v3 inputs=1
2026-09-17T06:19:31.462832Z DEBUG panoptikon::inferio::http: processing local inference predict model=tags/wd-vit-tagger-v3 inputs=1
2026-09-17T06:19:31.462875Z DEBUG panoptikon::inferio::http: processing local inference predict model=tags/wd-vit-tagger-v3 inputs=1
2026-09-17T06:19:31.462907Z DEBUG panoptikon::inferio::http: processing local inference predict model=tags/wd-vit-tagger-v3 inputs=1
2026-09-17T06:19:31.462964Z DEBUG panoptikon::inferio::http: processing local inference predict model=tags/wd-vit-tagger-v3 inputs=1
2026-09-17T06:19:31.462996Z DEBUG panoptikon::inferio::http: processing local inference predict model=tags/wd-vit-tagger-v3 inputs=1
2026-09-17T06:19:31.463035Z DEBUG panoptikon::inferio::http: processing local inference predict model=tags/wd-vit-tagger-v3 inputs=1
2026-09-17T06:19:31.463064Z DEBUG panoptikon::inferio::http: processing local inference predict model=tags/wd-vit-tagger-v3 inputs=1
2026-09-17T06:19:31.463103Z DEBUG panoptikon::inferio::http: processing local inference predict model=tags/wd-vit-tagger-v3 inputs=1
2026-09-17T06:19:31.463144Z DEBUG panoptikon::inferio::http: processing local inference predict model=tags/wd-vit-tagger-v3 inputs=1
2026-09-17T06:19:31.463217Z DEBUG panoptikon::inferio::http: processing local inference predict model=tags/wd-vit-tagger-v3 inputs=1
2026-09-17T06:19:31.463311Z DEBUG panoptikon::inferio::http: processing local inference predict model=tags/wd-vit-tagger-v3 inputs=1
2026-09-17T06:19:31.463475Z DEBUG panoptikon::inferio::http: processing local inference predict model=tags/wd-vit-tagger-v3 inputs=1
2026-09-17T06:19:31.463498Z DEBUG panoptikon::inferio::http: processing local inference predict model=tags/wd-vit-tagger-v3 inputs=1
2026-09-17T06:19:31.463552Z DEBUG panoptikon::inferio::http: processing local inference predict model=tags/wd-vit-tagger-v3 inputs=1
2026-09-17T06:19:31.463629Z DEBUG panoptikon::inferio::http: processing local inference predict model=tags/wd-vit-tagger-v3 inputs=1
2026-09-17T06:19:31.463668Z DEBUG panoptikon::inferio::http: processing local inference predict model=tags/wd-vit-tagger-v3 inputs=1
2026-09-17T06:19:31.463903Z DEBUG panoptikon::inferio::http: processing local inference predict model=tags/wd-vit-tagger-v3 inputs=1
2026-09-17T06:19:31.463948Z DEBUG panoptikon::inferio::http: processing local inference predict model=tags/wd-vit-tagger-v3 inputs=1
2026-09-17T06:19:31.463979Z DEBUG panoptikon::inferio::http: processing local inference predict model=tags/wd-vit-tagger-v3 inputs=1
2026-09-17T06:19:31.464002Z DEBUG panoptikon::inferio::http: processing local inference predict model=tags/wd-vit-tagger-v3 inputs=1
2026-09-17T06:19:31.464032Z DEBUG panoptikon::inferio::http: processing local inference predict model=tags/wd-vit-tagger-v3 inputs=1
2026-09-17T06:19:31.464064Z DEBUG panoptikon::inferio::http: processing local inference predict model=tags/wd-vit-tagger-v3 inputs=1
2026-09-17T06:19:31.464109Z DEBUG panoptikon::inferio::http: processing local inference predict model=tags/wd-vit-tagger-v3 inputs=1
2026-09-17T06:19:31.464136Z DEBUG panoptikon::inferio::http: processing local inference predict model=tags/wd-vit-tagger-v3 inputs=1
2026-09-17T06:19:31.464247Z DEBUG panoptikon::inferio::http: processing local inference predict model=tags/wd-vit-tagger-v3 inputs=1
2026-09-17T06:19:31.464286Z DEBUG panoptikon::inferio::http: processing local inference predict model=tags/wd-vit-tagger-v3 inputs=1
2026-09-17T06:19:31.464434Z DEBUG panoptikon::inferio::http: processing local inference predict model=tags/wd-vit-tagger-v3 inputs=1
2026-09-17T06:19:31.464485Z DEBUG panoptikon::inferio::http: processing local inference predict model=tags/wd-vit-tagger-v3 inputs=1
2026-09-17T06:19:31.464567Z DEBUG panoptikon::inferio::http: processing local inference predict model=tags/wd-vit-tagger-v3 inputs=1
2026-09-17T06:19:31.464604Z DEBUG panoptikon::inferio::http: processing local inference predict model=tags/wd-vit-tagger-v3 inputs=1
2026-09-17T06:19:31.548616Z  INFO panoptikon::inferio::worker: 2026-09-17 06:19:31,548 [DEBUG] inferio_worker_impl_0_wd_tagger: Running inference on 15 images worker=wd_tagger
2026-09-17T06:19:34.761165Z  INFO panoptikon::inferio::worker: 2026-09-17 06:19:34,760 [DEBUG] inferio_worker_impl_0_wd_tagger: Running inference on 15 images worker=wd_tagger
2026-09-17T06:19:38.079962Z  INFO panoptikon::inferio::worker: 2026-09-17 06:19:38,079 [DEBUG] inferio_worker_impl_0_wd_tagger: Running inference on 15 images worker=wd_tagger
2026-09-17T06:19:40.645077Z DEBUG panoptikon::inferio::ledger: settled a granted window model=tags/wd-vit-tagger-v3 gpu=CPU outcome="clean" fit_samples=3 throughput_samples=3 clamped_samples=0 clamped=none ramp_step=4 deflation=0 clean_windows=28 max_units_measured=32
2026-09-17T06:19:40.645187Z DEBUG panoptikon::inferio::ledger: issued a memory grant model=tags/wd-vit-tagger-v3 gpu=CPU unit_budget=15 mb=547 canvas_pixels=none share_mb=93673 room_mb=93673 headroom_mb=92829 external_mb=33474 reserve_mb=1024 reserve_rule="capped_default" pre_fit=false ramp_step=4 deflation=0 squeezed=false window_requests=45
2026-09-17T06:19:40.646949Z DEBUG panoptikon::inferio::http: processing local inference predict model=tags/wd-vit-tagger-v3 inputs=1
2026-09-17T06:19:40.647018Z DEBUG panoptikon::inferio::http: processing local inference predict model=tags/wd-vit-tagger-v3 inputs=1
2026-09-17T06:19:40.647208Z DEBUG panoptikon::inferio::http: processing local inference predict model=tags/wd-vit-tagger-v3 inputs=1
2026-09-17T06:19:40.647497Z DEBUG panoptikon::inferio::http: processing local inference predict model=tags/wd-vit-tagger-v3 inputs=1
2026-09-17T06:19:40.647621Z DEBUG panoptikon::inferio::http: processing local inference predict model=tags/wd-vit-tagger-v3 inputs=1
2026-09-17T06:19:40.647660Z DEBUG panoptikon::inferio::http: processing local inference predict model=tags/wd-vit-tagger-v3 inputs=1
2026-09-17T06:19:40.647705Z DEBUG panoptikon::inferio::http: processing local inference predict model=tags/wd-vit-tagger-v3 inputs=1
2026-09-17T06:19:40.647741Z DEBUG panoptikon::inferio::http: processing local inference predict model=tags/wd-vit-tagger-v3 inputs=1
2026-09-17T06:19:40.647842Z DEBUG panoptikon::inferio::http: processing local inference predict model=tags/wd-vit-tagger-v3 inputs=1
2026-09-17T06:19:40.647928Z DEBUG panoptikon::inferio::http: processing local inference predict model=tags/wd-vit-tagger-v3 inputs=1
2026-09-17T06:19:40.647978Z DEBUG panoptikon::inferio::http: processing local inference predict model=tags/wd-vit-tagger-v3 inputs=1
2026-09-17T06:19:40.648024Z DEBUG panoptikon::inferio::http: processing local inference predict model=tags/wd-vit-tagger-v3 inputs=1
2026-09-17T06:19:40.648067Z DEBUG panoptikon::inferio::http: processing local inference predict model=tags/wd-vit-tagger-v3 inputs=1
2026-09-17T06:19:40.648110Z DEBUG panoptikon::inferio::http: processing local inference predict model=tags/wd-vit-tagger-v3 inputs=1
2026-09-17T06:19:40.648164Z DEBUG panoptikon::inferio::http: processing local inference predict model=tags/wd-vit-tagger-v3 inputs=1
2026-09-17T06:19:40.648198Z DEBUG panoptikon::inferio::http: processing local inference predict model=tags/wd-vit-tagger-v3 inputs=1
2026-09-17T06:19:40.648416Z DEBUG panoptikon::inferio::http: processing local inference predict model=tags/wd-vit-tagger-v3 inputs=1
2026-09-17T06:19:40.648450Z DEBUG panoptikon::inferio::http: processing local inference predict model=tags/wd-vit-tagger-v3 inputs=1
2026-09-17T06:19:40.648496Z DEBUG panoptikon::inferio::http: processing local inference predict model=tags/wd-vit-tagger-v3 inputs=1
2026-09-17T06:19:40.648569Z DEBUG panoptikon::inferio::http: processing local inference predict model=tags/wd-vit-tagger-v3 inputs=1
2026-09-17T06:19:40.648607Z DEBUG panoptikon::inferio::http: processing local inference predict model=tags/wd-vit-tagger-v3 inputs=1
2026-09-17T06:19:40.648670Z DEBUG panoptikon::inferio::http: processing local inference predict model=tags/wd-vit-tagger-v3 inputs=1
2026-09-17T06:19:40.648784Z DEBUG panoptikon::inferio::http: processing local inference predict model=tags/wd-vit-tagger-v3 inputs=1
2026-09-17T06:19:40.648824Z DEBUG panoptikon::inferio::http: processing local inference predict model=tags/wd-vit-tagger-v3 inputs=1
2026-09-17T06:19:40.648854Z DEBUG panoptikon::inferio::http: processing local inference predict model=tags/wd-vit-tagger-v3 inputs=1
2026-09-17T06:19:40.648898Z DEBUG panoptikon::inferio::http: processing local inference predict model=tags/wd-vit-tagger-v3 inputs=1
2026-09-17T06:19:40.648939Z DEBUG panoptikon::inferio::http: processing local inference predict model=tags/wd-vit-tagger-v3 inputs=1
2026-09-17T06:19:40.649142Z DEBUG panoptikon::inferio::http: processing local inference predict model=tags/wd-vit-tagger-v3 inputs=1
2026-09-17T06:19:40.649181Z DEBUG panoptikon::inferio::http: processing local inference predict model=tags/wd-vit-tagger-v3 inputs=1
2026-09-17T06:19:40.649253Z DEBUG panoptikon::inferio::http: processing local inference predict model=tags/wd-vit-tagger-v3 inputs=1
2026-09-17T06:19:40.649295Z DEBUG panoptikon::inferio::http: processing local inference predict model=tags/wd-vit-tagger-v3 inputs=1
2026-09-17T06:19:40.649328Z DEBUG panoptikon::inferio::http: processing local inference predict model=tags/wd-vit-tagger-v3 inputs=1
2026-09-17T06:19:40.649368Z DEBUG panoptikon::inferio::http: processing local inference predict model=tags/wd-vit-tagger-v3 inputs=1
2026-09-17T06:19:40.649396Z DEBUG panoptikon::inferio::http: processing local inference predict model=tags/wd-vit-tagger-v3 inputs=1
2026-09-17T06:19:40.649438Z DEBUG panoptikon::inferio::http: processing local inference predict model=tags/wd-vit-tagger-v3 inputs=1
2026-09-17T06:19:40.649602Z DEBUG panoptikon::inferio::http: processing local inference predict model=tags/wd-vit-tagger-v3 inputs=1
2026-09-17T06:19:40.649638Z DEBUG panoptikon::inferio::http: processing local inference predict model=tags/wd-vit-tagger-v3 inputs=1
2026-09-17T06:19:40.649698Z DEBUG panoptikon::inferio::http: processing local inference predict model=tags/wd-vit-tagger-v3 inputs=1
2026-09-17T06:19:40.649737Z DEBUG panoptikon::inferio::http: processing local inference predict model=tags/wd-vit-tagger-v3 inputs=1
2026-09-17T06:19:40.649789Z DEBUG panoptikon::inferio::http: processing local inference predict model=tags/wd-vit-tagger-v3 inputs=1
2026-09-17T06:19:40.649822Z DEBUG panoptikon::inferio::http: processing local inference predict model=tags/wd-vit-tagger-v3 inputs=1
2026-09-17T06:19:40.649897Z DEBUG panoptikon::inferio::http: processing local inference predict model=tags/wd-vit-tagger-v3 inputs=1
2026-09-17T06:19:40.649929Z DEBUG panoptikon::inferio::http: processing local inference predict model=tags/wd-vit-tagger-v3 inputs=1
2026-09-17T06:19:40.649958Z DEBUG panoptikon::inferio::http: processing local inference predict model=tags/wd-vit-tagger-v3 inputs=1
2026-09-17T06:19:40.649987Z DEBUG panoptikon::inferio::http: processing local inference predict model=tags/wd-vit-tagger-v3 inputs=1
2026-09-17T06:19:40.654415Z  INFO panoptikon::inferio::worker: 2026-09-17 06:19:40,654 [DEBUG] inferio_worker.packing: this window's 547 MiB grant is below 80% of the 1082 MiB of releasable slack in the 1897 MiB pool (1/2 consecutive windows before releasing it) worker=wd_tagger
2026-09-17T06:19:40.790757Z  INFO panoptikon::inferio::worker: 2026-09-17 06:19:40,790 [DEBUG] inferio_worker_impl_0_wd_tagger: Running inference on 15 images worker=wd_tagger
2026-09-17T06:19:44.781089Z  INFO panoptikon::inferio::worker: 2026-09-17 06:19:44,780 [DEBUG] inferio_worker_impl_0_wd_tagger: Running inference on 15 images worker=wd_tagger
2026-09-17T06:19:47.604842Z  INFO panoptikon::inferio::worker: 2026-09-17 06:19:47,604 [DEBUG] inferio_worker_impl_0_wd_tagger: Running inference on 15 images worker=wd_tagger
2026-09-17T06:19:50.075211Z  INFO panoptikon::inferio::calibration: wrote the local calibration store path=data/inferio/calibration.toml profiles=1
2026-09-17T06:19:51.094783Z DEBUG panoptikon::inferio::ledger: settled a granted window model=tags/wd-vit-tagger-v3 gpu=CPU outcome="clean" fit_samples=3 throughput_samples=3 clamped_samples=0 clamped=none ramp_step=4 deflation=0 clean_windows=29 max_units_measured=32
2026-09-17T06:19:51.094886Z DEBUG panoptikon::inferio::ledger: issued a memory grant model=tags/wd-vit-tagger-v3 gpu=CPU unit_budget=15 mb=547 canvas_pixels=none share_mb=96008 room_mb=96008 headroom_mb=95164 external_mb=29240 reserve_mb=1024 reserve_rule="capped_default" pre_fit=false ramp_step=4 deflation=0 squeezed=false window_requests=45
2026-09-17T06:19:51.096100Z DEBUG panoptikon::inferio::http: processing local inference predict model=tags/wd-vit-tagger-v3 inputs=1
2026-09-17T06:19:51.096394Z DEBUG panoptikon::inferio::http: processing local inference predict model=tags/wd-vit-tagger-v3 inputs=1
2026-09-17T06:19:51.096743Z DEBUG panoptikon::inferio::http: processing local inference predict model=tags/wd-vit-tagger-v3 inputs=1
2026-09-17T06:19:51.097076Z DEBUG panoptikon::inferio::http: processing local inference predict model=tags/wd-vit-tagger-v3 inputs=1
2026-09-17T06:19:51.097296Z DEBUG panoptikon::inferio::http: processing local inference predict model=tags/wd-vit-tagger-v3 inputs=1
2026-09-17T06:19:51.097411Z DEBUG panoptikon::inferio::http: processing local inference predict model=tags/wd-vit-tagger-v3 inputs=1
2026-09-17T06:19:51.097641Z DEBUG panoptikon::inferio::http: processing local inference predict model=tags/wd-vit-tagger-v3 inputs=1
2026-09-17T06:19:51.097690Z DEBUG panoptikon::inferio::http: processing local inference predict model=tags/wd-vit-tagger-v3 inputs=1
2026-09-17T06:19:51.097747Z DEBUG panoptikon::inferio::http: processing local inference predict model=tags/wd-vit-tagger-v3 inputs=1
2026-09-17T06:19:51.097778Z DEBUG panoptikon::inferio::http: processing local inference predict model=tags/wd-vit-tagger-v3 inputs=1
2026-09-17T06:19:51.097857Z DEBUG panoptikon::inferio::http: processing local inference predict model=tags/wd-vit-tagger-v3 inputs=1
2026-09-17T06:19:51.097919Z DEBUG panoptikon::inferio::http: processing local inference predict model=tags/wd-vit-tagger-v3 inputs=1
2026-09-17T06:19:51.097969Z DEBUG panoptikon::inferio::http: processing local inference predict model=tags/wd-vit-tagger-v3 inputs=1
2026-09-17T06:19:51.098020Z DEBUG panoptikon::inferio::http: processing local inference predict model=tags/wd-vit-tagger-v3 inputs=1
2026-09-17T06:19:51.098078Z DEBUG panoptikon::inferio::http: processing local inference predict model=tags/wd-vit-tagger-v3 inputs=1
2026-09-17T06:19:51.098210Z DEBUG panoptikon::inferio::http: processing local inference predict model=tags/wd-vit-tagger-v3 inputs=1
2026-09-17T06:19:51.098337Z DEBUG panoptikon::inferio::http: processing local inference predict model=tags/wd-vit-tagger-v3 inputs=1
2026-09-17T06:19:51.098518Z DEBUG panoptikon::inferio::http: processing local inference predict model=tags/wd-vit-tagger-v3 inputs=1
2026-09-17T06:19:51.098570Z DEBUG panoptikon::inferio::http: processing local inference predict model=tags/wd-vit-tagger-v3 inputs=1
2026-09-17T06:19:51.098763Z DEBUG panoptikon::inferio::http: processing local inference predict model=tags/wd-vit-tagger-v3 inputs=1
2026-09-17T06:19:51.098821Z DEBUG panoptikon::inferio::http: processing local inference predict model=tags/wd-vit-tagger-v3 inputs=1
2026-09-17T06:19:51.098853Z DEBUG panoptikon::inferio::http: processing local inference predict model=tags/wd-vit-tagger-v3 inputs=1
2026-09-17T06:19:51.098880Z DEBUG panoptikon::inferio::http: processing local inference predict model=tags/wd-vit-tagger-v3 inputs=1
2026-09-17T06:19:51.098912Z DEBUG panoptikon::inferio::http: processing local inference predict model=tags/wd-vit-tagger-v3 inputs=1
2026-09-17T06:19:51.099056Z DEBUG panoptikon::inferio::http: processing local inference predict model=tags/wd-vit-tagger-v3 inputs=1
2026-09-17T06:19:51.099086Z DEBUG panoptikon::inferio::http: processing local inference predict model=tags/wd-vit-tagger-v3 inputs=1
2026-09-17T06:19:51.099126Z DEBUG panoptikon::inferio::http: processing local inference predict model=tags/wd-vit-tagger-v3 inputs=1
2026-09-17T06:19:51.099224Z DEBUG panoptikon::inferio::http: processing local inference predict model=tags/wd-vit-tagger-v3 inputs=1
2026-09-17T06:19:51.099281Z DEBUG panoptikon::inferio::http: processing local inference predict model=tags/wd-vit-tagger-v3 inputs=1
2026-09-17T06:19:51.099330Z DEBUG panoptikon::inferio::http: processing local inference predict model=tags/wd-vit-tagger-v3 inputs=1
2026-09-17T06:19:51.099373Z DEBUG panoptikon::inferio::http: processing local inference predict model=tags/wd-vit-tagger-v3 inputs=1
2026-09-17T06:19:51.099412Z DEBUG panoptikon::inferio::http: processing local inference predict model=tags/wd-vit-tagger-v3 inputs=1
2026-09-17T06:19:51.099460Z DEBUG panoptikon::inferio::http: processing local inference predict model=tags/wd-vit-tagger-v3 inputs=1
2026-09-17T06:19:51.099502Z DEBUG panoptikon::inferio::http: processing local inference predict model=tags/wd-vit-tagger-v3 inputs=1
2026-09-17T06:19:51.099534Z DEBUG panoptikon::inferio::http: processing local inference predict model=tags/wd-vit-tagger-v3 inputs=1
2026-09-17T06:19:51.099654Z DEBUG panoptikon::inferio::http: processing local inference predict model=tags/wd-vit-tagger-v3 inputs=1
2026-09-17T06:19:51.099677Z DEBUG panoptikon::inferio::http: processing local inference predict model=tags/wd-vit-tagger-v3 inputs=1
2026-09-17T06:19:51.099817Z DEBUG panoptikon::inferio::http: processing local inference predict model=tags/wd-vit-tagger-v3 inputs=1
2026-09-17T06:19:51.099859Z DEBUG panoptikon::inferio::http: processing local inference predict model=tags/wd-vit-tagger-v3 inputs=1
2026-09-17T06:19:51.099892Z DEBUG panoptikon::inferio::http: processing local inference predict model=tags/wd-vit-tagger-v3 inputs=1
2026-09-17T06:19:51.099932Z DEBUG panoptikon::inferio::http: processing local inference predict model=tags/wd-vit-tagger-v3 inputs=1
2026-09-17T06:19:51.099988Z DEBUG panoptikon::inferio::http: processing local inference predict model=tags/wd-vit-tagger-v3 inputs=1
2026-09-17T06:19:51.100077Z DEBUG panoptikon::inferio::http: processing local inference predict model=tags/wd-vit-tagger-v3 inputs=1
2026-09-17T06:19:51.100373Z DEBUG panoptikon::inferio::http: processing local inference predict model=tags/wd-vit-tagger-v3 inputs=1
2026-09-17T06:19:51.100480Z DEBUG panoptikon::inferio::http: processing local inference predict model=tags/wd-vit-tagger-v3 inputs=1
2026-09-17T06:19:51.230627Z  INFO panoptikon::inferio::worker: 2026-09-17 06:19:51,230 [DEBUG] inferio_worker_impl_0_wd_tagger: Running inference on 15 images worker=wd_tagger
2026-09-17T06:19:55.525127Z  INFO panoptikon::inferio::worker: 2026-09-17 06:19:55,524 [DEBUG] inferio_worker_impl_0_wd_tagger: Running inference on 15 images worker=wd_tagger
2026-09-17T06:19:59.602958Z  INFO panoptikon::inferio::worker: 2026-09-17 06:19:59,602 [DEBUG] inferio_worker_impl_0_wd_tagger: Running inference on 15 images worker=wd_tagger
2026-09-17T06:20:01.832921Z DEBUG panoptikon::inferio::ledger: settled a granted window model=tags/wd-vit-tagger-v3 gpu=CPU outcome="clean" fit_samples=3 throughput_samples=3 clamped_samples=0 clamped=none ramp_step=4 deflation=0 clean_windows=30 max_units_measured=32
2026-09-17T06:20:01.832997Z DEBUG panoptikon::inferio::ledger: issued a memory grant model=tags/wd-vit-tagger-v3 gpu=CPU unit_budget=15 mb=547 canvas_pixels=none share_mb=96008 room_mb=96008 headroom_mb=95164 external_mb=29417 reserve_mb=1024 reserve_rule="capped_default" pre_fit=false ramp_step=4 deflation=0 squeezed=false window_requests=45
2026-09-17T06:20:01.834517Z DEBUG panoptikon::inferio::http: processing local inference predict model=tags/wd-vit-tagger-v3 inputs=1
2026-09-17T06:20:01.834576Z DEBUG panoptikon::inferio::http: processing local inference predict model=tags/wd-vit-tagger-v3 inputs=1
2026-09-17T06:20:01.834690Z DEBUG panoptikon::inferio::http: processing local inference predict model=tags/wd-vit-tagger-v3 inputs=1
2026-09-17T06:20:01.834787Z DEBUG panoptikon::inferio::http: processing local inference predict model=tags/wd-vit-tagger-v3 inputs=1
2026-09-17T06:20:01.834955Z DEBUG panoptikon::inferio::http: processing local inference predict model=tags/wd-vit-tagger-v3 inputs=1
2026-09-17T06:20:01.835021Z DEBUG panoptikon::inferio::http: processing local inference predict model=tags/wd-vit-tagger-v3 inputs=1
2026-09-17T06:20:01.835141Z DEBUG panoptikon::inferio::http: processing local inference predict model=tags/wd-vit-tagger-v3 inputs=1
2026-09-17T06:20:01.835177Z DEBUG panoptikon::inferio::http: processing local inference predict model=tags/wd-vit-tagger-v3 inputs=1
2026-09-17T06:20:01.835417Z DEBUG panoptikon::inferio::http: processing local inference predict model=tags/wd-vit-tagger-v3 inputs=1
2026-09-17T06:20:01.835453Z DEBUG panoptikon::inferio::http: processing local inference predict model=tags/wd-vit-tagger-v3 inputs=1
2026-09-17T06:20:01.835480Z DEBUG panoptikon::inferio::http: processing local inference predict model=tags/wd-vit-tagger-v3 inputs=1
2026-09-17T06:20:01.835575Z DEBUG panoptikon::inferio::http: processing local inference predict model=tags/wd-vit-tagger-v3 inputs=1
2026-09-17T06:20:01.835670Z DEBUG panoptikon::inferio::http: processing local inference predict model=tags/wd-vit-tagger-v3 inputs=1
2026-09-17T06:20:01.835702Z DEBUG panoptikon::inferio::http: processing local inference predict model=tags/wd-vit-tagger-v3 inputs=1
2026-09-17T06:20:01.835733Z DEBUG panoptikon::inferio::http: processing local inference predict model=tags/wd-vit-tagger-v3 inputs=1
2026-09-17T06:20:01.835801Z DEBUG panoptikon::inferio::http: processing local inference predict model=tags/wd-vit-tagger-v3 inputs=1
2026-09-17T06:20:01.835828Z DEBUG panoptikon::inferio::http: processing local inference predict model=tags/wd-vit-tagger-v3 inputs=1
2026-09-17T06:20:01.835864Z DEBUG panoptikon::inferio::http: processing local inference predict model=tags/wd-vit-tagger-v3 inputs=1
2026-09-17T06:20:01.835890Z DEBUG panoptikon::inferio::http: processing local inference predict model=tags/wd-vit-tagger-v3 inputs=1
2026-09-17T06:20:01.835923Z DEBUG panoptikon::inferio::http: processing local inference predict model=tags/wd-vit-tagger-v3 inputs=1
2026-09-17T06:20:01.835950Z DEBUG panoptikon::inferio::http: processing local inference predict model=tags/wd-vit-tagger-v3 inputs=1
2026-09-17T06:20:01.835978Z DEBUG panoptikon::inferio::http: processing local inference predict model=tags/wd-vit-tagger-v3 inputs=1
2026-09-17T06:20:01.836015Z DEBUG panoptikon::inferio::http: processing local inference predict model=tags/wd-vit-tagger-v3 inputs=1
2026-09-17T06:20:01.836055Z DEBUG panoptikon::inferio::http: processing local inference predict model=tags/wd-vit-tagger-v3 inputs=1
2026-09-17T06:20:01.836084Z DEBUG panoptikon::inferio::http: processing local inference predict model=tags/wd-vit-tagger-v3 inputs=1
2026-09-17T06:20:01.836125Z DEBUG panoptikon::inferio::http: processing local inference predict model=tags/wd-vit-tagger-v3 inputs=1
2026-09-17T06:20:01.836152Z DEBUG panoptikon::inferio::http: processing local inference predict model=tags/wd-vit-tagger-v3 inputs=1
2026-09-17T06:20:01.836178Z DEBUG panoptikon::inferio::http: processing local inference predict model=tags/wd-vit-tagger-v3 inputs=1
2026-09-17T06:20:01.836281Z DEBUG panoptikon::inferio::http: processing local inference predict model=tags/wd-vit-tagger-v3 inputs=1
2026-09-17T06:20:01.836312Z DEBUG panoptikon::inferio::http: processing local inference predict model=tags/wd-vit-tagger-v3 inputs=1
2026-09-17T06:20:01.836347Z DEBUG panoptikon::inferio::http: processing local inference predict model=tags/wd-vit-tagger-v3 inputs=1
2026-09-17T06:20:01.836383Z DEBUG panoptikon::inferio::http: processing local inference predict model=tags/wd-vit-tagger-v3 inputs=1
2026-09-17T06:20:01.836419Z DEBUG panoptikon::inferio::http: processing local inference predict model=tags/wd-vit-tagger-v3 inputs=1
2026-09-17T06:20:01.836569Z DEBUG panoptikon::inferio::http: processing local inference predict model=tags/wd-vit-tagger-v3 inputs=1
2026-09-17T06:20:01.836605Z DEBUG panoptikon::inferio::http: processing local inference predict model=tags/wd-vit-tagger-v3 inputs=1
2026-09-17T06:20:01.836640Z DEBUG panoptikon::inferio::http: processing local inference predict model=tags/wd-vit-tagger-v3 inputs=1
2026-09-17T06:20:01.836691Z DEBUG panoptikon::inferio::http: processing local inference predict model=tags/wd-vit-tagger-v3 inputs=1
2026-09-17T06:20:01.836716Z DEBUG panoptikon::inferio::http: processing local inference predict model=tags/wd-vit-tagger-v3 inputs=1
2026-09-17T06:20:01.836751Z DEBUG panoptikon::inferio::http: processing local inference predict model=tags/wd-vit-tagger-v3 inputs=1
2026-09-17T06:20:01.836781Z DEBUG panoptikon::inferio::http: processing local inference predict model=tags/wd-vit-tagger-v3 inputs=1
2026-09-17T06:20:01.836819Z DEBUG panoptikon::inferio::http: processing local inference predict model=tags/wd-vit-tagger-v3 inputs=1
2026-09-17T06:20:01.836847Z DEBUG panoptikon::inferio::http: processing local inference predict model=tags/wd-vit-tagger-v3 inputs=1
2026-09-17T06:20:01.836882Z DEBUG panoptikon::inferio::http: processing local inference predict model=tags/wd-vit-tagger-v3 inputs=1
2026-09-17T06:20:01.836915Z DEBUG panoptikon::inferio::http: processing local inference predict model=tags/wd-vit-tagger-v3 inputs=1
2026-09-17T06:20:01.836997Z DEBUG panoptikon::inferio::http: processing local inference predict model=tags/wd-vit-tagger-v3 inputs=1
2026-09-17T06:20:01.839564Z  INFO panoptikon::inferio::worker: 2026-09-17 06:20:01,839 [DEBUG] inferio_worker.packing: this window's 547 MiB grant is below 80% of the 1082 MiB of releasable slack in the 1897 MiB pool (1/2 consecutive windows before releasing it) worker=wd_tagger
2026-09-17T06:20:01.917290Z  INFO panoptikon::inferio::worker: 2026-09-17 06:20:01,917 [DEBUG] inferio_worker_impl_0_wd_tagger: Running inference on 15 images worker=wd_tagger
2026-09-17T06:20:04.917744Z  INFO panoptikon::inferio::worker: 2026-09-17 06:20:04,917 [DEBUG] inferio_worker_impl_0_wd_tagger: Running inference on 15 images worker=wd_tagger
2026-09-17T06:20:08.018056Z  INFO panoptikon::inferio::worker: 2026-09-17 06:20:08,017 [DEBUG] inferio_worker_impl_0_wd_tagger: Running inference on 15 images worker=wd_tagger
2026-09-17T06:20:10.179421Z DEBUG panoptikon::inferio::ledger: settled a granted window model=tags/wd-vit-tagger-v3 gpu=CPU outcome="clean" fit_samples=3 throughput_samples=3 clamped_samples=0 clamped=none ramp_step=4 deflation=0 clean_windows=31 max_units_measured=32
2026-09-17T06:20:10.179510Z DEBUG panoptikon::inferio::ledger: issued a memory grant model=tags/wd-vit-tagger-v3 gpu=CPU unit_budget=15 mb=547 canvas_pixels=none share_mb=96008 room_mb=96008 headroom_mb=95164 external_mb=29225 reserve_mb=1024 reserve_rule="capped_default" pre_fit=false ramp_step=4 deflation=0 squeezed=false window_requests=45
2026-09-17T06:20:10.180461Z DEBUG panoptikon::inferio::http: processing local inference predict model=tags/wd-vit-tagger-v3 inputs=1
2026-09-17T06:20:10.180611Z DEBUG panoptikon::inferio::http: processing local inference predict model=tags/wd-vit-tagger-v3 inputs=1
2026-09-17T06:20:10.180938Z DEBUG panoptikon::inferio::http: processing local inference predict model=tags/wd-vit-tagger-v3 inputs=1
2026-09-17T06:20:10.180979Z DEBUG panoptikon::inferio::http: processing local inference predict model=tags/wd-vit-tagger-v3 inputs=1
2026-09-17T06:20:10.181016Z DEBUG panoptikon::inferio::http: processing local inference predict model=tags/wd-vit-tagger-v3 inputs=1
2026-09-17T06:20:10.181094Z DEBUG panoptikon::inferio::http: processing local inference predict model=tags/wd-vit-tagger-v3 inputs=1
2026-09-17T06:20:10.181142Z DEBUG panoptikon::inferio::http: processing local inference predict model=tags/wd-vit-tagger-v3 inputs=1
2026-09-17T06:20:10.181227Z DEBUG panoptikon::inferio::http: processing local inference predict model=tags/wd-vit-tagger-v3 inputs=1
2026-09-17T06:20:10.181407Z DEBUG panoptikon::inferio::http: processing local inference predict model=tags/wd-vit-tagger-v3 inputs=1
2026-09-17T06:20:10.181606Z DEBUG panoptikon::inferio::http: processing local inference predict model=tags/wd-vit-tagger-v3 inputs=1
2026-09-17T06:20:10.181690Z DEBUG panoptikon::inferio::http: processing local inference predict model=tags/wd-vit-tagger-v3 inputs=1
2026-09-17T06:20:10.181729Z DEBUG panoptikon::inferio::http: processing local inference predict model=tags/wd-vit-tagger-v3 inputs=1
2026-09-17T06:20:10.181766Z DEBUG panoptikon::inferio::http: processing local inference predict model=tags/wd-vit-tagger-v3 inputs=1
2026-09-17T06:20:10.181918Z DEBUG panoptikon::inferio::http: processing local inference predict model=tags/wd-vit-tagger-v3 inputs=1
2026-09-17T06:20:10.182001Z DEBUG panoptikon::inferio::http: processing local inference predict model=tags/wd-vit-tagger-v3 inputs=1
2026-09-17T06:20:10.182026Z DEBUG panoptikon::inferio::http: processing local inference predict model=tags/wd-vit-tagger-v3 inputs=1
2026-09-17T06:20:10.182059Z DEBUG panoptikon::inferio::http: processing local inference predict model=tags/wd-vit-tagger-v3 inputs=1
2026-09-17T06:20:10.182089Z DEBUG panoptikon::inferio::http: processing local inference predict model=tags/wd-vit-tagger-v3 inputs=1
2026-09-17T06:20:10.182115Z DEBUG panoptikon::inferio::http: processing local inference predict model=tags/wd-vit-tagger-v3 inputs=1
2026-09-17T06:20:10.182167Z DEBUG panoptikon::inferio::http: processing local inference predict model=tags/wd-vit-tagger-v3 inputs=1
2026-09-17T06:20:10.182197Z DEBUG panoptikon::inferio::http: processing local inference predict model=tags/wd-vit-tagger-v3 inputs=1
2026-09-17T06:20:10.182226Z DEBUG panoptikon::inferio::http: processing local inference predict model=tags/wd-vit-tagger-v3 inputs=1
2026-09-17T06:20:10.182330Z DEBUG panoptikon::inferio::http: processing local inference predict model=tags/wd-vit-tagger-v3 inputs=1
2026-09-17T06:20:10.182358Z DEBUG panoptikon::inferio::http: processing local inference predict model=tags/wd-vit-tagger-v3 inputs=1
2026-09-17T06:20:10.182383Z DEBUG panoptikon::inferio::http: processing local inference predict model=tags/wd-vit-tagger-v3 inputs=1
2026-09-17T06:20:10.182407Z DEBUG panoptikon::inferio::http: processing local inference predict model=tags/wd-vit-tagger-v3 inputs=1
2026-09-17T06:20:10.182435Z DEBUG panoptikon::inferio::http: processing local inference predict model=tags/wd-vit-tagger-v3 inputs=1
2026-09-17T06:20:10.182461Z DEBUG panoptikon::inferio::http: processing local inference predict model=tags/wd-vit-tagger-v3 inputs=1
2026-09-17T06:20:10.182486Z DEBUG panoptikon::inferio::http: processing local inference predict model=tags/wd-vit-tagger-v3 inputs=1
2026-09-17T06:20:10.182551Z DEBUG panoptikon::inferio::http: processing local inference predict model=tags/wd-vit-tagger-v3 inputs=1
2026-09-17T06:20:10.182622Z DEBUG panoptikon::inferio::http: processing local inference predict model=tags/wd-vit-tagger-v3 inputs=1
2026-09-17T06:20:10.182645Z DEBUG panoptikon::inferio::http: processing local inference predict model=tags/wd-vit-tagger-v3 inputs=1
2026-09-17T06:20:10.182669Z DEBUG panoptikon::inferio::http: processing local inference predict model=tags/wd-vit-tagger-v3 inputs=1
2026-09-17T06:20:10.182709Z DEBUG panoptikon::inferio::http: processing local inference predict model=tags/wd-vit-tagger-v3 inputs=1
2026-09-17T06:20:10.182894Z DEBUG panoptikon::inferio::http: processing local inference predict model=tags/wd-vit-tagger-v3 inputs=1
2026-09-17T06:20:10.182927Z DEBUG panoptikon::inferio::http: processing local inference predict model=tags/wd-vit-tagger-v3 inputs=1
2026-09-17T06:20:10.182961Z DEBUG panoptikon::inferio::http: processing local inference predict model=tags/wd-vit-tagger-v3 inputs=1
2026-09-17T06:20:10.182983Z DEBUG panoptikon::inferio::http: processing local inference predict model=tags/wd-vit-tagger-v3 inputs=1
2026-09-17T06:20:10.183016Z DEBUG panoptikon::inferio::http: processing local inference predict model=tags/wd-vit-tagger-v3 inputs=1
2026-09-17T06:20:10.183040Z DEBUG panoptikon::inferio::http: processing local inference predict model=tags/wd-vit-tagger-v3 inputs=1
2026-09-17T06:20:10.183074Z DEBUG panoptikon::inferio::http: processing local inference predict model=tags/wd-vit-tagger-v3 inputs=1
2026-09-17T06:20:10.183100Z DEBUG panoptikon::inferio::http: processing local inference predict model=tags/wd-vit-tagger-v3 inputs=1
2026-09-17T06:20:10.183127Z DEBUG panoptikon::inferio::http: processing local inference predict model=tags/wd-vit-tagger-v3 inputs=1
2026-09-17T06:20:10.183154Z DEBUG panoptikon::inferio::http: processing local inference predict model=tags/wd-vit-tagger-v3 inputs=1
2026-09-17T06:20:10.183186Z DEBUG panoptikon::inferio::http: processing local inference predict model=tags/wd-vit-tagger-v3 inputs=1
2026-09-17T06:20:10.266083Z  INFO panoptikon::inferio::worker: 2026-09-17 06:20:10,265 [DEBUG] inferio_worker_impl_0_wd_tagger: Running inference on 15 images worker=wd_tagger
2026-09-17T06:20:14.192629Z  INFO panoptikon::inferio::worker: 2026-09-17 06:20:14,192 [DEBUG] inferio_worker_impl_0_wd_tagger: Running inference on 15 images worker=wd_tagger
2026-09-17T06:20:18.738344Z  INFO panoptikon::inferio::worker: 2026-09-17 06:20:18,737 [DEBUG] inferio_worker_impl_0_wd_tagger: Running inference on 15 images worker=wd_tagger
2026-09-17T06:20:23.329527Z DEBUG panoptikon::inferio::ledger: settled a granted window model=tags/wd-vit-tagger-v3 gpu=CPU outcome="clean" fit_samples=3 throughput_samples=3 clamped_samples=0 clamped=none ramp_step=4 deflation=0 clean_windows=32 max_units_measured=32
2026-09-17T06:20:23.329714Z DEBUG panoptikon::inferio::ledger: issued a memory grant model=tags/wd-vit-tagger-v3 gpu=CPU unit_budget=15 mb=547 canvas_pixels=none share_mb=96008 room_mb=96008 headroom_mb=95164 external_mb=29242 reserve_mb=1024 reserve_rule="capped_default" pre_fit=false ramp_step=4 deflation=0 squeezed=false window_requests=45
2026-09-17T06:20:23.331630Z DEBUG panoptikon::inferio::http: processing local inference predict model=tags/wd-vit-tagger-v3 inputs=1
2026-09-17T06:20:23.331684Z DEBUG panoptikon::inferio::http: processing local inference predict model=tags/wd-vit-tagger-v3 inputs=1
2026-09-17T06:20:23.332147Z DEBUG panoptikon::inferio::http: processing local inference predict model=tags/wd-vit-tagger-v3 inputs=1
2026-09-17T06:20:23.332284Z DEBUG panoptikon::inferio::http: processing local inference predict model=tags/wd-vit-tagger-v3 inputs=1
2026-09-17T06:20:23.332395Z DEBUG panoptikon::inferio::http: processing local inference predict model=tags/wd-vit-tagger-v3 inputs=1
2026-09-17T06:20:23.332442Z DEBUG panoptikon::inferio::http: processing local inference predict model=tags/wd-vit-tagger-v3 inputs=1
2026-09-17T06:20:23.332495Z DEBUG panoptikon::inferio::http: processing local inference predict model=tags/wd-vit-tagger-v3 inputs=1
2026-09-17T06:20:23.332534Z DEBUG panoptikon::inferio::http: processing local inference predict model=tags/wd-vit-tagger-v3 inputs=1
2026-09-17T06:20:23.332595Z DEBUG panoptikon::inferio::http: processing local inference predict model=tags/wd-vit-tagger-v3 inputs=1
2026-09-17T06:20:23.332650Z DEBUG panoptikon::inferio::http: processing local inference predict model=tags/wd-vit-tagger-v3 inputs=1
2026-09-17T06:20:23.332712Z DEBUG panoptikon::inferio::http: processing local inference predict model=tags/wd-vit-tagger-v3 inputs=1
2026-09-17T06:20:23.332753Z DEBUG panoptikon::inferio::http: processing local inference predict model=tags/wd-vit-tagger-v3 inputs=1
2026-09-17T06:20:23.333140Z DEBUG panoptikon::inferio::http: processing local inference predict model=tags/wd-vit-tagger-v3 inputs=1
2026-09-17T06:20:23.333200Z DEBUG panoptikon::inferio::http: processing local inference predict model=tags/wd-vit-tagger-v3 inputs=1
2026-09-17T06:20:23.333233Z DEBUG panoptikon::inferio::http: processing local inference predict model=tags/wd-vit-tagger-v3 inputs=1
2026-09-17T06:20:23.333283Z DEBUG panoptikon::inferio::http: processing local inference predict model=tags/wd-vit-tagger-v3 inputs=1
2026-09-17T06:20:23.333336Z DEBUG panoptikon::inferio::http: processing local inference predict model=tags/wd-vit-tagger-v3 inputs=1
2026-09-17T06:20:23.333388Z DEBUG panoptikon::inferio::http: processing local inference predict model=tags/wd-vit-tagger-v3 inputs=1
2026-09-17T06:20:23.333443Z DEBUG panoptikon::inferio::http: processing local inference predict model=tags/wd-vit-tagger-v3 inputs=1
2026-09-17T06:20:23.333501Z DEBUG panoptikon::inferio::http: processing local inference predict model=tags/wd-vit-tagger-v3 inputs=1
2026-09-17T06:20:23.333537Z DEBUG panoptikon::inferio::http: processing local inference predict model=tags/wd-vit-tagger-v3 inputs=1
2026-09-17T06:20:23.333588Z DEBUG panoptikon::inferio::http: processing local inference predict model=tags/wd-vit-tagger-v3 inputs=1
2026-09-17T06:20:23.333643Z DEBUG panoptikon::inferio::http: processing local inference predict model=tags/wd-vit-tagger-v3 inputs=1
2026-09-17T06:20:23.333758Z DEBUG panoptikon::inferio::http: processing local inference predict model=tags/wd-vit-tagger-v3 inputs=1
2026-09-17T06:20:23.333799Z DEBUG panoptikon::inferio::http: processing local inference predict model=tags/wd-vit-tagger-v3 inputs=1
2026-09-17T06:20:23.333848Z DEBUG panoptikon::inferio::http: processing local inference predict model=tags/wd-vit-tagger-v3 inputs=1
2026-09-17T06:20:23.333911Z DEBUG panoptikon::inferio::http: processing local inference predict model=tags/wd-vit-tagger-v3 inputs=1
2026-09-17T06:20:23.333983Z DEBUG panoptikon::inferio::http: processing local inference predict model=tags/wd-vit-tagger-v3 inputs=1
2026-09-17T06:20:23.334025Z DEBUG panoptikon::inferio::http: processing local inference predict model=tags/wd-vit-tagger-v3 inputs=1
2026-09-17T06:20:23.334070Z DEBUG panoptikon::inferio::http: processing local inference predict model=tags/wd-vit-tagger-v3 inputs=1
2026-09-17T06:20:23.334202Z DEBUG panoptikon::inferio::http: processing local inference predict model=tags/wd-vit-tagger-v3 inputs=1
2026-09-17T06:20:23.334249Z DEBUG panoptikon::inferio::http: processing local inference predict model=tags/wd-vit-tagger-v3 inputs=1
2026-09-17T06:20:23.334376Z DEBUG panoptikon::inferio::http: processing local inference predict model=tags/wd-vit-tagger-v3 inputs=1
2026-09-17T06:20:23.334415Z DEBUG panoptikon::inferio::http: processing local inference predict model=tags/wd-vit-tagger-v3 inputs=1
2026-09-17T06:20:23.334563Z DEBUG panoptikon::inferio::http: processing local inference predict model=tags/wd-vit-tagger-v3 inputs=1
2026-09-17T06:20:23.334713Z DEBUG panoptikon::inferio::http: processing local inference predict model=tags/wd-vit-tagger-v3 inputs=1
2026-09-17T06:20:23.334769Z DEBUG panoptikon::inferio::http: processing local inference predict model=tags/wd-vit-tagger-v3 inputs=1
2026-09-17T06:20:23.334807Z DEBUG panoptikon::inferio::http: processing local inference predict model=tags/wd-vit-tagger-v3 inputs=1
2026-09-17T06:20:23.335001Z DEBUG panoptikon::inferio::http: processing local inference predict model=tags/wd-vit-tagger-v3 inputs=1
2026-09-17T06:20:23.335035Z DEBUG panoptikon::inferio::http: processing local inference predict model=tags/wd-vit-tagger-v3 inputs=1
2026-09-17T06:20:23.335108Z DEBUG panoptikon::inferio::http: processing local inference predict model=tags/wd-vit-tagger-v3 inputs=1
2026-09-17T06:20:23.335160Z DEBUG panoptikon::inferio::http: processing local inference predict model=tags/wd-vit-tagger-v3 inputs=1
2026-09-17T06:20:23.335197Z DEBUG panoptikon::inferio::http: processing local inference predict model=tags/wd-vit-tagger-v3 inputs=1
2026-09-17T06:20:23.335244Z DEBUG panoptikon::inferio::http: processing local inference predict model=tags/wd-vit-tagger-v3 inputs=1
2026-09-17T06:20:23.335286Z DEBUG panoptikon::inferio::http: processing local inference predict model=tags/wd-vit-tagger-v3 inputs=1
2026-09-17T06:20:23.339388Z  INFO panoptikon::inferio::worker: 2026-09-17 06:20:23,339 [DEBUG] inferio_worker.packing: this window's 547 MiB grant is below 80% of the 1082 MiB of releasable slack in the 1897 MiB pool (1/2 consecutive windows before releasing it) worker=wd_tagger
2026-09-17T06:20:23.468948Z  INFO panoptikon::inferio::worker: 2026-09-17 06:20:23,468 [DEBUG] inferio_worker_impl_0_wd_tagger: Running inference on 15 images worker=wd_tagger
2026-09-17T06:20:26.187613Z  INFO panoptikon::inferio::worker: 2026-09-17 06:20:26,187 [DEBUG] inferio_worker_impl_0_wd_tagger: Running inference on 15 images worker=wd_tagger
2026-09-17T06:20:29.496966Z  INFO panoptikon::inferio::worker: 2026-09-17 06:20:29,496 [DEBUG] inferio_worker_impl_0_wd_tagger: Running inference on 15 images worker=wd_tagger
2026-09-17T06:20:31.699343Z  INFO panoptikon::inferio::ledger: this model has run cleanly at its throughput knee for long enough, with memory to spare, that the knee is worth re-testing; widening the cap by one batch-size step. A knee is a brake, not a ceiling: if the curve really does flatten here, the next fit from honest samples puts it back model=tags/wd-vit-tagger-v3 gpu=CPU knee_units_before=15 knee_units_after=31 clean_windows_at_the_knee=12 last_grant_units=15
2026-09-17T06:20:31.699390Z DEBUG panoptikon::inferio::ledger: settled a granted window model=tags/wd-vit-tagger-v3 gpu=CPU outcome="clean" fit_samples=3 throughput_samples=3 clamped_samples=0 clamped=none ramp_step=4 deflation=0 clean_windows=33 max_units_measured=32
2026-09-17T06:20:31.701222Z DEBUG panoptikon::inferio::http: processing local inference predict model=tags/wd-vit-tagger-v3 inputs=1
2026-09-17T06:20:31.701320Z DEBUG panoptikon::inferio::http: processing local inference predict model=tags/wd-vit-tagger-v3 inputs=1
2026-09-17T06:20:31.701429Z DEBUG panoptikon::inferio::http: processing local inference predict model=tags/wd-vit-tagger-v3 inputs=1
2026-09-17T06:20:31.701665Z DEBUG panoptikon::inferio::http: processing local inference predict model=tags/wd-vit-tagger-v3 inputs=1
2026-09-17T06:20:31.701776Z DEBUG panoptikon::inferio::http: processing local inference predict model=tags/wd-vit-tagger-v3 inputs=1
2026-09-17T06:20:31.701842Z DEBUG panoptikon::inferio::http: processing local inference predict model=tags/wd-vit-tagger-v3 inputs=1
2026-09-17T06:20:31.701901Z DEBUG panoptikon::inferio::http: processing local inference predict model=tags/wd-vit-tagger-v3 inputs=1
2026-09-17T06:20:31.701968Z DEBUG panoptikon::inferio::http: processing local inference predict model=tags/wd-vit-tagger-v3 inputs=1
2026-09-17T06:20:31.702009Z DEBUG panoptikon::inferio::http: processing local inference predict model=tags/wd-vit-tagger-v3 inputs=1
2026-09-17T06:20:31.702045Z DEBUG panoptikon::inferio::http: processing local inference predict model=tags/wd-vit-tagger-v3 inputs=1
2026-09-17T06:20:31.702212Z DEBUG panoptikon::inferio::http: processing local inference predict model=tags/wd-vit-tagger-v3 inputs=1
2026-09-17T06:20:31.702254Z DEBUG panoptikon::inferio::http: processing local inference predict model=tags/wd-vit-tagger-v3 inputs=1
2026-09-17T06:20:31.702285Z DEBUG panoptikon::inferio::http: processing local inference predict model=tags/wd-vit-tagger-v3 inputs=1
2026-09-17T06:20:31.702446Z DEBUG panoptikon::inferio::http: processing local inference predict model=tags/wd-vit-tagger-v3 inputs=1
2026-09-17T06:20:31.702508Z DEBUG panoptikon::inferio::http: processing local inference predict model=tags/wd-vit-tagger-v3 inputs=1
2026-09-17T06:20:31.702551Z DEBUG panoptikon::inferio::http: processing local inference predict model=tags/wd-vit-tagger-v3 inputs=1
2026-09-17T06:20:31.702587Z DEBUG panoptikon::inferio::http: processing local inference predict model=tags/wd-vit-tagger-v3 inputs=1
2026-09-17T06:20:31.702621Z DEBUG panoptikon::inferio::http: processing local inference predict model=tags/wd-vit-tagger-v3 inputs=1
2026-09-17T06:20:31.702648Z DEBUG panoptikon::inferio::http: processing local inference predict model=tags/wd-vit-tagger-v3 inputs=1
2026-09-17T06:20:31.702681Z DEBUG panoptikon::inferio::http: processing local inference predict model=tags/wd-vit-tagger-v3 inputs=1
2026-09-17T06:20:31.702726Z DEBUG panoptikon::inferio::http: processing local inference predict model=tags/wd-vit-tagger-v3 inputs=1
2026-09-17T06:20:31.702762Z DEBUG panoptikon::inferio::http: processing local inference predict model=tags/wd-vit-tagger-v3 inputs=1
2026-09-17T06:20:31.702793Z DEBUG panoptikon::inferio::http: processing local inference predict model=tags/wd-vit-tagger-v3 inputs=1
2026-09-17T06:20:31.702830Z DEBUG panoptikon::inferio::http: processing local inference predict model=tags/wd-vit-tagger-v3 inputs=1
2026-09-17T06:20:31.702949Z DEBUG panoptikon::inferio::http: processing local inference predict model=tags/wd-vit-tagger-v3 inputs=1
2026-09-17T06:20:31.702979Z DEBUG panoptikon::inferio::http: processing local inference predict model=tags/wd-vit-tagger-v3 inputs=1
2026-09-17T06:20:31.703017Z DEBUG panoptikon::inferio::http: processing local inference predict model=tags/wd-vit-tagger-v3 inputs=1
2026-09-17T06:20:31.703050Z DEBUG panoptikon::inferio::http: processing local inference predict model=tags/wd-vit-tagger-v3 inputs=1
2026-09-17T06:20:31.703100Z DEBUG panoptikon::inferio::http: processing local inference predict model=tags/wd-vit-tagger-v3 inputs=1
2026-09-17T06:20:31.703154Z DEBUG panoptikon::inferio::http: processing local inference predict model=tags/wd-vit-tagger-v3 inputs=1
2026-09-17T06:20:31.703190Z DEBUG panoptikon::inferio::http: processing local inference predict model=tags/wd-vit-tagger-v3 inputs=1
2026-09-17T06:20:31.703233Z DEBUG panoptikon::inferio::http: processing local inference predict model=tags/wd-vit-tagger-v3 inputs=1
2026-09-17T06:20:31.703275Z DEBUG panoptikon::inferio::http: processing local inference predict model=tags/wd-vit-tagger-v3 inputs=1
2026-09-17T06:20:31.703338Z DEBUG panoptikon::inferio::http: processing local inference predict model=tags/wd-vit-tagger-v3 inputs=1
2026-09-17T06:20:31.703401Z DEBUG panoptikon::inferio::http: processing local inference predict model=tags/wd-vit-tagger-v3 inputs=1
2026-09-17T06:20:31.703459Z DEBUG panoptikon::inferio::http: processing local inference predict model=tags/wd-vit-tagger-v3 inputs=1
2026-09-17T06:20:31.703676Z DEBUG panoptikon::inferio::http: processing local inference predict model=tags/wd-vit-tagger-v3 inputs=1
2026-09-17T06:20:31.703710Z DEBUG panoptikon::inferio::http: processing local inference predict model=tags/wd-vit-tagger-v3 inputs=1
2026-09-17T06:20:31.703745Z DEBUG panoptikon::inferio::http: processing local inference predict model=tags/wd-vit-tagger-v3 inputs=1
2026-09-17T06:20:31.703780Z DEBUG panoptikon::inferio::http: processing local inference predict model=tags/wd-vit-tagger-v3 inputs=1
2026-09-17T06:20:31.703807Z DEBUG panoptikon::inferio::http: processing local inference predict model=tags/wd-vit-tagger-v3 inputs=1
2026-09-17T06:20:31.703838Z DEBUG panoptikon::inferio::http: processing local inference predict model=tags/wd-vit-tagger-v3 inputs=1
2026-09-17T06:20:31.703867Z DEBUG panoptikon::inferio::http: processing local inference predict model=tags/wd-vit-tagger-v3 inputs=1
2026-09-17T06:20:31.703894Z DEBUG panoptikon::inferio::http: processing local inference predict model=tags/wd-vit-tagger-v3 inputs=1
2026-09-17T06:20:31.703926Z DEBUG panoptikon::inferio::http: processing local inference predict model=tags/wd-vit-tagger-v3 inputs=1
2026-09-17T06:20:31.707889Z DEBUG panoptikon::inferio::ledger: issued a memory grant model=tags/wd-vit-tagger-v3 gpu=CPU unit_budget=31 mb=1130 canvas_pixels=none share_mb=96008 room_mb=96008 headroom_mb=95164 external_mb=29254 reserve_mb=1024 reserve_rule="capped_default" pre_fit=false ramp_step=4 deflation=0 squeezed=false window_requests=90
2026-09-17T06:20:31.904820Z  INFO panoptikon::inferio::worker: 2026-09-17 06:20:31,904 [DEBUG] inferio_worker_impl_0_wd_tagger: Running inference on 31 images worker=wd_tagger
2026-09-17T06:20:39.452893Z  INFO panoptikon::inferio::worker: 2026-09-17 06:20:39,452 [DEBUG] inferio_worker_impl_0_wd_tagger: Running inference on 31 images worker=wd_tagger
2026-09-17T06:20:46.613964Z  INFO panoptikon::inferio::worker: 2026-09-17 06:20:46,613 [DEBUG] inferio_worker_impl_0_wd_tagger: Running inference on 28 images worker=wd_tagger
2026-09-17T06:20:52.012538Z DEBUG panoptikon::inferio::ledger: refitted the memory cost model model=tags/wd-vit-tagger-v3 gpu=CPU slope_mb_per_unit=36.44363395225464 intercept_mb=42.11273209549071 residual_mb=10.789124668434965 samples=9 version=12
2026-09-17T06:20:52.012592Z DEBUG panoptikon::inferio::ledger: queued a calibration profile update for the store model=tags/wd-vit-tagger-v3 gpu=CPU reason="fit_changed" max_units_measured=32 fit_version=12
2026-09-17T06:20:52.012630Z DEBUG panoptikon::inferio::ledger: settled a granted window model=tags/wd-vit-tagger-v3 gpu=CPU outcome="clean" fit_samples=3 throughput_samples=3 clamped_samples=0 clamped=none ramp_step=4 deflation=0 clean_windows=34 max_units_measured=32
2026-09-17T06:20:52.014688Z  INFO panoptikon::inferio::calibration: wrote the local calibration store path=data/inferio/calibration.toml profiles=1
2026-09-17T06:20:52.017304Z DEBUG panoptikon::inferio::http: processing local inference predict model=tags/wd-vit-tagger-v3 inputs=1
2026-09-17T06:20:52.017369Z DEBUG panoptikon::inferio::http: processing local inference predict model=tags/wd-vit-tagger-v3 inputs=1
2026-09-17T06:20:52.017721Z DEBUG panoptikon::inferio::http: processing local inference predict model=tags/wd-vit-tagger-v3 inputs=1
2026-09-17T06:20:52.017767Z DEBUG panoptikon::inferio::http: processing local inference predict model=tags/wd-vit-tagger-v3 inputs=1
2026-09-17T06:20:52.017860Z DEBUG panoptikon::inferio::http: processing local inference predict model=tags/wd-vit-tagger-v3 inputs=1
2026-09-17T06:20:52.017916Z DEBUG panoptikon::inferio::http: processing local inference predict model=tags/wd-vit-tagger-v3 inputs=1
2026-09-17T06:20:52.018061Z DEBUG panoptikon::inferio::http: processing local inference predict model=tags/wd-vit-tagger-v3 inputs=1
2026-09-17T06:20:52.018123Z DEBUG panoptikon::inferio::http: processing local inference predict model=tags/wd-vit-tagger-v3 inputs=1
2026-09-17T06:20:52.018176Z DEBUG panoptikon::inferio::http: processing local inference predict model=tags/wd-vit-tagger-v3 inputs=1
2026-09-17T06:20:52.018204Z DEBUG panoptikon::inferio::http: processing local inference predict model=tags/wd-vit-tagger-v3 inputs=1
2026-09-17T06:20:52.018246Z DEBUG panoptikon::inferio::http: processing local inference predict model=tags/wd-vit-tagger-v3 inputs=1
2026-09-17T06:20:52.018302Z DEBUG panoptikon::inferio::http: processing local inference predict model=tags/wd-vit-tagger-v3 inputs=1
2026-09-17T06:20:52.018339Z DEBUG panoptikon::inferio::http: processing local inference predict model=tags/wd-vit-tagger-v3 inputs=1
2026-09-17T06:20:52.018385Z DEBUG panoptikon::inferio::http: processing local inference predict model=tags/wd-vit-tagger-v3 inputs=1
2026-09-17T06:20:52.018434Z DEBUG panoptikon::inferio::http: processing local inference predict model=tags/wd-vit-tagger-v3 inputs=1
2026-09-17T06:20:52.018472Z DEBUG panoptikon::inferio::http: processing local inference predict model=tags/wd-vit-tagger-v3 inputs=1
2026-09-17T06:20:52.018529Z DEBUG panoptikon::inferio::http: processing local inference predict model=tags/wd-vit-tagger-v3 inputs=1
2026-09-17T06:20:52.018566Z DEBUG panoptikon::inferio::http: processing local inference predict model=tags/wd-vit-tagger-v3 inputs=1
2026-09-17T06:20:52.018613Z DEBUG panoptikon::inferio::http: processing local inference predict model=tags/wd-vit-tagger-v3 inputs=1
2026-09-17T06:20:52.018666Z DEBUG panoptikon::inferio::http: processing local inference predict model=tags/wd-vit-tagger-v3 inputs=1
2026-09-17T06:20:52.018717Z DEBUG panoptikon::inferio::http: processing local inference predict model=tags/wd-vit-tagger-v3 inputs=1
2026-09-17T06:20:52.018761Z DEBUG panoptikon::inferio::http: processing local inference predict model=tags/wd-vit-tagger-v3 inputs=1
2026-09-17T06:20:52.018799Z DEBUG panoptikon::inferio::http: processing local inference predict model=tags/wd-vit-tagger-v3 inputs=1
2026-09-17T06:20:52.018856Z DEBUG panoptikon::inferio::http: processing local inference predict model=tags/wd-vit-tagger-v3 inputs=1
2026-09-17T06:20:52.018888Z DEBUG panoptikon::inferio::http: processing local inference predict model=tags/wd-vit-tagger-v3 inputs=1
2026-09-17T06:20:52.018937Z DEBUG panoptikon::inferio::http: processing local inference predict model=tags/wd-vit-tagger-v3 inputs=1
2026-09-17T06:20:52.018979Z DEBUG panoptikon::inferio::http: processing local inference predict model=tags/wd-vit-tagger-v3 inputs=1
2026-09-17T06:20:52.019036Z DEBUG panoptikon::inferio::http: processing local inference predict model=tags/wd-vit-tagger-v3 inputs=1
2026-09-17T06:20:52.019092Z DEBUG panoptikon::inferio::http: processing local inference predict model=tags/wd-vit-tagger-v3 inputs=1
2026-09-17T06:20:52.019132Z DEBUG panoptikon::inferio::http: processing local inference predict model=tags/wd-vit-tagger-v3 inputs=1
2026-09-17T06:20:52.019184Z DEBUG panoptikon::inferio::http: processing local inference predict model=tags/wd-vit-tagger-v3 inputs=1
2026-09-17T06:20:52.019213Z DEBUG panoptikon::inferio::http: processing local inference predict model=tags/wd-vit-tagger-v3 inputs=1
2026-09-17T06:20:52.019258Z DEBUG panoptikon::inferio::http: processing local inference predict model=tags/wd-vit-tagger-v3 inputs=1
2026-09-17T06:20:52.019290Z DEBUG panoptikon::inferio::http: processing local inference predict model=tags/wd-vit-tagger-v3 inputs=1
2026-09-17T06:20:52.019334Z DEBUG panoptikon::inferio::http: processing local inference predict model=tags/wd-vit-tagger-v3 inputs=1
2026-09-17T06:20:52.019382Z DEBUG panoptikon::inferio::http: processing local inference predict model=tags/wd-vit-tagger-v3 inputs=1
2026-09-17T06:20:52.019435Z DEBUG panoptikon::inferio::http: processing local inference predict model=tags/wd-vit-tagger-v3 inputs=1
2026-09-17T06:20:52.019466Z DEBUG panoptikon::inferio::http: processing local inference predict model=tags/wd-vit-tagger-v3 inputs=1
2026-09-17T06:20:52.019617Z DEBUG panoptikon::inferio::http: processing local inference predict model=tags/wd-vit-tagger-v3 inputs=1
2026-09-17T06:20:52.019680Z DEBUG panoptikon::inferio::http: processing local inference predict model=tags/wd-vit-tagger-v3 inputs=1
2026-09-17T06:20:52.019731Z DEBUG panoptikon::inferio::http: processing local inference predict model=tags/wd-vit-tagger-v3 inputs=1
2026-09-17T06:20:52.019779Z DEBUG panoptikon::inferio::http: processing local inference predict model=tags/wd-vit-tagger-v3 inputs=1
2026-09-17T06:20:52.019818Z DEBUG panoptikon::inferio::http: processing local inference predict model=tags/wd-vit-tagger-v3 inputs=1
2026-09-17T06:20:52.019858Z DEBUG panoptikon::inferio::http: processing local inference predict model=tags/wd-vit-tagger-v3 inputs=1
2026-09-17T06:20:52.019893Z DEBUG panoptikon::inferio::http: processing local inference predict model=tags/wd-vit-tagger-v3 inputs=1
2026-09-17T06:20:52.019935Z DEBUG panoptikon::inferio::http: processing local inference predict model=tags/wd-vit-tagger-v3 inputs=1
2026-09-17T06:20:52.019988Z DEBUG panoptikon::inferio::http: processing local inference predict model=tags/wd-vit-tagger-v3 inputs=1
2026-09-17T06:20:52.020013Z DEBUG panoptikon::inferio::http: processing local inference predict model=tags/wd-vit-tagger-v3 inputs=1
2026-09-17T06:20:52.020065Z DEBUG panoptikon::inferio::http: processing local inference predict model=tags/wd-vit-tagger-v3 inputs=1
2026-09-17T06:20:52.020121Z DEBUG panoptikon::inferio::http: processing local inference predict model=tags/wd-vit-tagger-v3 inputs=1
2026-09-17T06:20:52.020185Z DEBUG panoptikon::inferio::http: processing local inference predict model=tags/wd-vit-tagger-v3 inputs=1
2026-09-17T06:20:52.020224Z DEBUG panoptikon::inferio::http: processing local inference predict model=tags/wd-vit-tagger-v3 inputs=1
2026-09-17T06:20:52.020259Z DEBUG panoptikon::inferio::http: processing local inference predict model=tags/wd-vit-tagger-v3 inputs=1
2026-09-17T06:20:52.020314Z DEBUG panoptikon::inferio::http: processing local inference predict model=tags/wd-vit-tagger-v3 inputs=1
2026-09-17T06:20:52.020359Z DEBUG panoptikon::inferio::http: processing local inference predict model=tags/wd-vit-tagger-v3 inputs=1
2026-09-17T06:20:52.020407Z DEBUG panoptikon::inferio::http: processing local inference predict model=tags/wd-vit-tagger-v3 inputs=1
2026-09-17T06:20:52.020466Z DEBUG panoptikon::inferio::http: processing local inference predict model=tags/wd-vit-tagger-v3 inputs=1
2026-09-17T06:20:52.020501Z DEBUG panoptikon::inferio::http: processing local inference predict model=tags/wd-vit-tagger-v3 inputs=1
2026-09-17T06:20:52.020548Z DEBUG panoptikon::inferio::http: processing local inference predict model=tags/wd-vit-tagger-v3 inputs=1
2026-09-17T06:20:52.020576Z DEBUG panoptikon::inferio::http: processing local inference predict model=tags/wd-vit-tagger-v3 inputs=1
2026-09-17T06:20:52.020619Z DEBUG panoptikon::inferio::http: processing local inference predict model=tags/wd-vit-tagger-v3 inputs=1
2026-09-17T06:20:52.020653Z DEBUG panoptikon::inferio::http: processing local inference predict model=tags/wd-vit-tagger-v3 inputs=1
2026-09-17T06:20:52.020700Z DEBUG panoptikon::inferio::http: processing local inference predict model=tags/wd-vit-tagger-v3 inputs=1
2026-09-17T06:20:52.020750Z DEBUG panoptikon::inferio::http: processing local inference predict model=tags/wd-vit-tagger-v3 inputs=1
2026-09-17T06:20:52.020791Z DEBUG panoptikon::inferio::http: processing local inference predict model=tags/wd-vit-tagger-v3 inputs=1
2026-09-17T06:20:52.020827Z DEBUG panoptikon::inferio::http: processing local inference predict model=tags/wd-vit-tagger-v3 inputs=1
2026-09-17T06:20:52.020865Z DEBUG panoptikon::inferio::http: processing local inference predict model=tags/wd-vit-tagger-v3 inputs=1
2026-09-17T06:20:52.020912Z DEBUG panoptikon::inferio::http: processing local inference predict model=tags/wd-vit-tagger-v3 inputs=1
2026-09-17T06:20:52.020943Z DEBUG panoptikon::inferio::http: processing local inference predict model=tags/wd-vit-tagger-v3 inputs=1
2026-09-17T06:20:52.020976Z DEBUG panoptikon::inferio::http: processing local inference predict model=tags/wd-vit-tagger-v3 inputs=1
2026-09-17T06:20:52.021003Z DEBUG panoptikon::inferio::http: processing local inference predict model=tags/wd-vit-tagger-v3 inputs=1
2026-09-17T06:20:52.021040Z DEBUG panoptikon::inferio::http: processing local inference predict model=tags/wd-vit-tagger-v3 inputs=1
2026-09-17T06:20:52.021094Z DEBUG panoptikon::inferio::http: processing local inference predict model=tags/wd-vit-tagger-v3 inputs=1
2026-09-17T06:20:52.021150Z DEBUG panoptikon::inferio::http: processing local inference predict model=tags/wd-vit-tagger-v3 inputs=1
2026-09-17T06:20:52.021197Z DEBUG panoptikon::inferio::http: processing local inference predict model=tags/wd-vit-tagger-v3 inputs=1
2026-09-17T06:20:52.021247Z DEBUG panoptikon::inferio::http: processing local inference predict model=tags/wd-vit-tagger-v3 inputs=1
2026-09-17T06:20:52.021280Z DEBUG panoptikon::inferio::http: processing local inference predict model=tags/wd-vit-tagger-v3 inputs=1
2026-09-17T06:20:52.021307Z DEBUG panoptikon::inferio::http: processing local inference predict model=tags/wd-vit-tagger-v3 inputs=1
2026-09-17T06:20:52.021332Z DEBUG panoptikon::inferio::http: processing local inference predict model=tags/wd-vit-tagger-v3 inputs=1
2026-09-17T06:20:52.021370Z DEBUG panoptikon::inferio::http: processing local inference predict model=tags/wd-vit-tagger-v3 inputs=1
2026-09-17T06:20:52.021408Z DEBUG panoptikon::inferio::http: processing local inference predict model=tags/wd-vit-tagger-v3 inputs=1
2026-09-17T06:20:52.021454Z DEBUG panoptikon::inferio::http: processing local inference predict model=tags/wd-vit-tagger-v3 inputs=1
2026-09-17T06:20:52.021515Z DEBUG panoptikon::inferio::http: processing local inference predict model=tags/wd-vit-tagger-v3 inputs=1
2026-09-17T06:20:52.021543Z DEBUG panoptikon::inferio::http: processing local inference predict model=tags/wd-vit-tagger-v3 inputs=1
2026-09-17T06:20:52.021589Z DEBUG panoptikon::inferio::http: processing local inference predict model=tags/wd-vit-tagger-v3 inputs=1
2026-09-17T06:20:52.021615Z DEBUG panoptikon::inferio::http: processing local inference predict model=tags/wd-vit-tagger-v3 inputs=1
2026-09-17T06:20:52.021647Z DEBUG panoptikon::inferio::http: processing local inference predict model=tags/wd-vit-tagger-v3 inputs=1
2026-09-17T06:20:52.021698Z DEBUG panoptikon::inferio::http: processing local inference predict model=tags/wd-vit-tagger-v3 inputs=1
2026-09-17T06:20:52.021734Z DEBUG panoptikon::inferio::http: processing local inference predict model=tags/wd-vit-tagger-v3 inputs=1
2026-09-17T06:20:52.021772Z DEBUG panoptikon::inferio::http: processing local inference predict model=tags/wd-vit-tagger-v3 inputs=1
2026-09-17T06:20:52.021813Z DEBUG panoptikon::inferio::http: processing local inference predict model=tags/wd-vit-tagger-v3 inputs=1
2026-09-17T06:20:52.021853Z DEBUG panoptikon::inferio::http: processing local inference predict model=tags/wd-vit-tagger-v3 inputs=1
2026-09-17T06:20:52.021897Z DEBUG panoptikon::inferio::http: processing local inference predict model=tags/wd-vit-tagger-v3 inputs=1
2026-09-17T06:20:52.021946Z DEBUG panoptikon::inferio::http: processing local inference predict model=tags/wd-vit-tagger-v3 inputs=1
2026-09-17T06:20:52.021972Z DEBUG panoptikon::inferio::ledger: issued a memory grant model=tags/wd-vit-tagger-v3 gpu=CPU unit_budget=31 mb=1130 canvas_pixels=none share_mb=96008 room_mb=96008 headroom_mb=95164 external_mb=29735 reserve_mb=1024 reserve_rule="capped_default" pre_fit=false ramp_step=4 deflation=0 squeezed=false window_requests=93
2026-09-17T06:20:52.022007Z DEBUG panoptikon::inferio::http: processing local inference predict model=tags/wd-vit-tagger-v3 inputs=1
2026-09-17T06:20:52.022064Z DEBUG panoptikon::inferio::http: processing local inference predict model=tags/wd-vit-tagger-v3 inputs=1
2026-09-17T06:20:52.022103Z DEBUG panoptikon::inferio::http: processing local inference predict model=tags/wd-vit-tagger-v3 inputs=1
2026-09-17T06:20:52.022155Z DEBUG panoptikon::inferio::http: processing local inference predict model=tags/wd-vit-tagger-v3 inputs=1
2026-09-17T06:20:52.022185Z DEBUG panoptikon::inferio::http: processing local inference predict model=tags/wd-vit-tagger-v3 inputs=1
2026-09-17T06:20:52.022227Z DEBUG panoptikon::inferio::http: processing local inference predict model=tags/wd-vit-tagger-v3 inputs=1
2026-09-17T06:20:52.022284Z DEBUG panoptikon::inferio::http: processing local inference predict model=tags/wd-vit-tagger-v3 inputs=1
2026-09-17T06:20:52.022306Z DEBUG panoptikon::inferio::http: processing local inference predict model=tags/wd-vit-tagger-v3 inputs=1
2026-09-17T06:20:52.022344Z DEBUG panoptikon::inferio::http: processing local inference predict model=tags/wd-vit-tagger-v3 inputs=1
2026-09-17T06:20:52.022383Z DEBUG panoptikon::inferio::http: processing local inference predict model=tags/wd-vit-tagger-v3 inputs=1
2026-09-17T06:20:52.022417Z DEBUG panoptikon::inferio::http: processing local inference predict model=tags/wd-vit-tagger-v3 inputs=1
2026-09-17T06:20:52.022456Z DEBUG panoptikon::inferio::http: processing local inference predict model=tags/wd-vit-tagger-v3 inputs=1
2026-09-17T06:20:52.022485Z DEBUG panoptikon::inferio::http: processing local inference predict model=tags/wd-vit-tagger-v3 inputs=1
2026-09-17T06:20:52.022516Z DEBUG panoptikon::inferio::http: processing local inference predict model=tags/wd-vit-tagger-v3 inputs=1
2026-09-17T06:20:52.022556Z DEBUG panoptikon::inferio::http: processing local inference predict model=tags/wd-vit-tagger-v3 inputs=1
2026-09-17T06:20:52.022613Z DEBUG panoptikon::inferio::http: processing local inference predict model=tags/wd-vit-tagger-v3 inputs=1
2026-09-17T06:20:52.022640Z DEBUG panoptikon::inferio::http: processing local inference predict model=tags/wd-vit-tagger-v3 inputs=1
2026-09-17T06:20:52.022684Z DEBUG panoptikon::inferio::http: processing local inference predict model=tags/wd-vit-tagger-v3 inputs=1
2026-09-17T06:20:52.022726Z DEBUG panoptikon::inferio::http: processing local inference predict model=tags/wd-vit-tagger-v3 inputs=1
2026-09-17T06:20:52.022763Z DEBUG panoptikon::inferio::http: processing local inference predict model=tags/wd-vit-tagger-v3 inputs=1
2026-09-17T06:20:52.022803Z DEBUG panoptikon::inferio::http: processing local inference predict model=tags/wd-vit-tagger-v3 inputs=1
2026-09-17T06:20:52.022845Z DEBUG panoptikon::inferio::http: processing local inference predict model=tags/wd-vit-tagger-v3 inputs=1
2026-09-17T06:20:52.022882Z DEBUG panoptikon::inferio::http: processing local inference predict model=tags/wd-vit-tagger-v3 inputs=1
2026-09-17T06:20:52.022907Z DEBUG panoptikon::inferio::http: processing local inference predict model=tags/wd-vit-tagger-v3 inputs=1
2026-09-17T06:20:52.022959Z DEBUG panoptikon::inferio::http: processing local inference predict model=tags/wd-vit-tagger-v3 inputs=1
2026-09-17T06:20:52.023001Z DEBUG panoptikon::inferio::http: processing local inference predict model=tags/wd-vit-tagger-v3 inputs=1
2026-09-17T06:20:52.023047Z DEBUG panoptikon::inferio::http: processing local inference predict model=tags/wd-vit-tagger-v3 inputs=1
2026-09-17T06:20:52.023077Z DEBUG panoptikon::inferio::http: processing local inference predict model=tags/wd-vit-tagger-v3 inputs=1
2026-09-17T06:20:52.023122Z DEBUG panoptikon::inferio::http: processing local inference predict model=tags/wd-vit-tagger-v3 inputs=1
2026-09-17T06:20:52.023157Z DEBUG panoptikon::inferio::http: processing local inference predict model=tags/wd-vit-tagger-v3 inputs=1
2026-09-17T06:20:52.023190Z DEBUG panoptikon::inferio::http: processing local inference predict model=tags/wd-vit-tagger-v3 inputs=1
2026-09-17T06:20:52.023223Z DEBUG panoptikon::inferio::http: processing local inference predict model=tags/wd-vit-tagger-v3 inputs=1
2026-09-17T06:20:52.023269Z DEBUG panoptikon::inferio::http: processing local inference predict model=tags/wd-vit-tagger-v3 inputs=1
2026-09-17T06:20:52.023303Z DEBUG panoptikon::inferio::http: processing local inference predict model=tags/wd-vit-tagger-v3 inputs=1
2026-09-17T06:20:52.023339Z DEBUG panoptikon::inferio::http: processing local inference predict model=tags/wd-vit-tagger-v3 inputs=1
2026-09-17T06:20:52.023378Z DEBUG panoptikon::inferio::http: processing local inference predict model=tags/wd-vit-tagger-v3 inputs=1
2026-09-17T06:20:52.023412Z DEBUG panoptikon::inferio::http: processing local inference predict model=tags/wd-vit-tagger-v3 inputs=1
2026-09-17T06:20:52.023450Z DEBUG panoptikon::inferio::http: processing local inference predict model=tags/wd-vit-tagger-v3 inputs=1
2026-09-17T06:20:52.023507Z DEBUG panoptikon::inferio::http: processing local inference predict model=tags/wd-vit-tagger-v3 inputs=1
2026-09-17T06:20:52.023552Z DEBUG panoptikon::inferio::http: processing local inference predict model=tags/wd-vit-tagger-v3 inputs=1
2026-09-17T06:20:52.023592Z DEBUG panoptikon::inferio::http: processing local inference predict model=tags/wd-vit-tagger-v3 inputs=1
2026-09-17T06:20:52.023623Z DEBUG panoptikon::inferio::http: processing local inference predict model=tags/wd-vit-tagger-v3 inputs=1
2026-09-17T06:20:52.023672Z DEBUG panoptikon::inferio::http: processing local inference predict model=tags/wd-vit-tagger-v3 inputs=1
2026-09-17T06:20:52.023719Z DEBUG panoptikon::inferio::http: processing local inference predict model=tags/wd-vit-tagger-v3 inputs=1
2026-09-17T06:20:52.023750Z DEBUG panoptikon::inferio::http: processing local inference predict model=tags/wd-vit-tagger-v3 inputs=1
2026-09-17T06:20:52.023794Z DEBUG panoptikon::inferio::http: processing local inference predict model=tags/wd-vit-tagger-v3 inputs=1
2026-09-17T06:20:52.023838Z DEBUG panoptikon::inferio::http: processing local inference predict model=tags/wd-vit-tagger-v3 inputs=1
2026-09-17T06:20:52.023992Z DEBUG panoptikon::inferio::http: processing local inference predict model=tags/wd-vit-tagger-v3 inputs=1
2026-09-17T06:20:52.024028Z DEBUG panoptikon::inferio::http: processing local inference predict model=tags/wd-vit-tagger-v3 inputs=1
2026-09-17T06:20:52.024074Z DEBUG panoptikon::inferio::http: processing local inference predict model=tags/wd-vit-tagger-v3 inputs=1
2026-09-17T06:20:52.024111Z DEBUG panoptikon::inferio::http: processing local inference predict model=tags/wd-vit-tagger-v3 inputs=1
2026-09-17T06:20:52.024144Z DEBUG panoptikon::inferio::http: processing local inference predict model=tags/wd-vit-tagger-v3 inputs=1
2026-09-17T06:20:52.024187Z DEBUG panoptikon::inferio::http: processing local inference predict model=tags/wd-vit-tagger-v3 inputs=1
2026-09-17T06:20:52.024225Z DEBUG panoptikon::inferio::http: processing local inference predict model=tags/wd-vit-tagger-v3 inputs=1
2026-09-17T06:20:52.024261Z DEBUG panoptikon::inferio::http: processing local inference predict model=tags/wd-vit-tagger-v3 inputs=1
2026-09-17T06:20:52.024311Z DEBUG panoptikon::inferio::http: processing local inference predict model=tags/wd-vit-tagger-v3 inputs=1
2026-09-17T06:20:52.024335Z DEBUG panoptikon::inferio::http: processing local inference predict model=tags/wd-vit-tagger-v3 inputs=1
2026-09-17T06:20:52.024376Z DEBUG panoptikon::inferio::http: processing local inference predict model=tags/wd-vit-tagger-v3 inputs=1
2026-09-17T06:20:52.024409Z DEBUG panoptikon::inferio::http: processing local inference predict model=tags/wd-vit-tagger-v3 inputs=1
2026-09-17T06:20:52.024445Z DEBUG panoptikon::inferio::http: processing local inference predict model=tags/wd-vit-tagger-v3 inputs=1
2026-09-17T06:20:52.024499Z DEBUG panoptikon::inferio::http: processing local inference predict model=tags/wd-vit-tagger-v3 inputs=1
2026-09-17T06:20:52.024538Z DEBUG panoptikon::inferio::http: processing local inference predict model=tags/wd-vit-tagger-v3 inputs=1
2026-09-17T06:20:52.024590Z DEBUG panoptikon::inferio::http: processing local inference predict model=tags/wd-vit-tagger-v3 inputs=1
2026-09-17T06:20:52.024628Z DEBUG panoptikon::inferio::http: processing local inference predict model=tags/wd-vit-tagger-v3 inputs=1
2026-09-17T06:20:52.024668Z DEBUG panoptikon::inferio::http: processing local inference predict model=tags/wd-vit-tagger-v3 inputs=1
2026-09-17T06:20:52.024703Z DEBUG panoptikon::inferio::http: processing local inference predict model=tags/wd-vit-tagger-v3 inputs=1
2026-09-17T06:20:52.024747Z DEBUG panoptikon::inferio::http: processing local inference predict model=tags/wd-vit-tagger-v3 inputs=1
2026-09-17T06:20:52.024783Z DEBUG panoptikon::inferio::http: processing local inference predict model=tags/wd-vit-tagger-v3 inputs=1
2026-09-17T06:20:52.024834Z DEBUG panoptikon::inferio::http: processing local inference predict model=tags/wd-vit-tagger-v3 inputs=1
2026-09-17T06:20:52.024865Z DEBUG panoptikon::inferio::http: processing local inference predict model=tags/wd-vit-tagger-v3 inputs=1
2026-09-17T06:20:52.024902Z DEBUG panoptikon::inferio::http: processing local inference predict model=tags/wd-vit-tagger-v3 inputs=1
2026-09-17T06:20:52.024976Z DEBUG panoptikon::inferio::http: processing local inference predict model=tags/wd-vit-tagger-v3 inputs=1
2026-09-17T06:20:52.025028Z DEBUG panoptikon::inferio::http: processing local inference predict model=tags/wd-vit-tagger-v3 inputs=1
2026-09-17T06:20:52.025111Z DEBUG panoptikon::inferio::http: processing local inference predict model=tags/wd-vit-tagger-v3 inputs=1
2026-09-17T06:20:52.025154Z DEBUG panoptikon::inferio::http: processing local inference predict model=tags/wd-vit-tagger-v3 inputs=1
2026-09-17T06:20:52.025184Z DEBUG panoptikon::inferio::http: processing local inference predict model=tags/wd-vit-tagger-v3 inputs=1
2026-09-17T06:20:52.025234Z DEBUG panoptikon::inferio::http: processing local inference predict model=tags/wd-vit-tagger-v3 inputs=1
2026-09-17T06:20:52.025255Z DEBUG panoptikon::inferio::http: processing local inference predict model=tags/wd-vit-tagger-v3 inputs=1
2026-09-17T06:20:52.025296Z DEBUG panoptikon::inferio::http: processing local inference predict model=tags/wd-vit-tagger-v3 inputs=1
2026-09-17T06:20:52.025342Z DEBUG panoptikon::inferio::http: processing local inference predict model=tags/wd-vit-tagger-v3 inputs=1
2026-09-17T06:20:52.025405Z DEBUG panoptikon::inferio::http: processing local inference predict model=tags/wd-vit-tagger-v3 inputs=1
2026-09-17T06:20:52.025440Z DEBUG panoptikon::inferio::http: processing local inference predict model=tags/wd-vit-tagger-v3 inputs=1
2026-09-17T06:20:52.025480Z DEBUG panoptikon::inferio::http: processing local inference predict model=tags/wd-vit-tagger-v3 inputs=1
2026-09-17T06:20:52.025526Z DEBUG panoptikon::inferio::http: processing local inference predict model=tags/wd-vit-tagger-v3 inputs=1
2026-09-17T06:20:52.025733Z DEBUG panoptikon::inferio::http: processing local inference predict model=tags/wd-vit-tagger-v3 inputs=1
2026-09-17T06:20:52.025768Z DEBUG panoptikon::inferio::http: processing local inference predict model=tags/wd-vit-tagger-v3 inputs=1
2026-09-17T06:20:52.025808Z DEBUG panoptikon::inferio::http: processing local inference predict model=tags/wd-vit-tagger-v3 inputs=1
2026-09-17T06:20:52.025860Z DEBUG panoptikon::inferio::http: processing local inference predict model=tags/wd-vit-tagger-v3 inputs=1
2026-09-17T06:20:52.025893Z DEBUG panoptikon::inferio::http: processing local inference predict model=tags/wd-vit-tagger-v3 inputs=1
2026-09-17T06:20:52.025941Z DEBUG panoptikon::inferio::http: processing local inference predict model=tags/wd-vit-tagger-v3 inputs=1
2026-09-17T06:20:52.025991Z DEBUG panoptikon::inferio::http: processing local inference predict model=tags/wd-vit-tagger-v3 inputs=1
2026-09-17T06:20:52.026180Z DEBUG panoptikon::inferio::http: processing local inference predict model=tags/wd-vit-tagger-v3 inputs=1
2026-09-17T06:20:52.298133Z  INFO panoptikon::inferio::worker: 2026-09-17 06:20:52,297 [DEBUG] inferio_worker_impl_0_wd_tagger: Running inference on 31 images worker=wd_tagger
2026-09-17T06:21:00.220420Z  INFO panoptikon::inferio::worker: 2026-09-17 06:21:00,220 [DEBUG] inferio_worker_impl_0_wd_tagger: Running inference on 31 images worker=wd_tagger
2026-09-17T06:21:07.859550Z  INFO panoptikon::inferio::worker: 2026-09-17 06:21:07,859 [DEBUG] inferio_worker_impl_0_wd_tagger: Running inference on 31 images worker=wd_tagger
2026-09-17T06:21:17.183213Z DEBUG panoptikon::inferio::ledger: refitted the memory cost model model=tags/wd-vit-tagger-v3 gpu=CPU slope_mb_per_unit=36.478116710875334 intercept_mb=42.04376657824933 residual_mb=10.306366047745314 samples=9 version=13
2026-09-17T06:21:17.183281Z DEBUG panoptikon::inferio::ledger: queued a calibration profile update for the store model=tags/wd-vit-tagger-v3 gpu=CPU reason="fit_changed" max_units_measured=32 fit_version=13
2026-09-17T06:21:17.183330Z DEBUG panoptikon::inferio::ledger: settled a granted window model=tags/wd-vit-tagger-v3 gpu=CPU outcome="clean" fit_samples=3 throughput_samples=3 clamped_samples=0 clamped=none ramp_step=4 deflation=0 clean_windows=35 max_units_measured=32
2026-09-17T06:21:17.183649Z DEBUG panoptikon::inferio::ledger: issued a memory grant model=tags/wd-vit-tagger-v3 gpu=CPU unit_budget=31 mb=1131 canvas_pixels=none share_mb=96008 room_mb=96008 headroom_mb=95164 external_mb=29854 reserve_mb=1024 reserve_rule="capped_default" pre_fit=false ramp_step=4 deflation=0 squeezed=false window_requests=93
2026-09-17T06:21:17.187629Z DEBUG panoptikon::inferio::http: processing local inference predict model=tags/wd-vit-tagger-v3 inputs=1
2026-09-17T06:21:17.188913Z DEBUG panoptikon::inferio::http: processing local inference predict model=tags/wd-vit-tagger-v3 inputs=1
2026-09-17T06:21:17.189078Z DEBUG panoptikon::inferio::http: processing local inference predict model=tags/wd-vit-tagger-v3 inputs=1
2026-09-17T06:21:17.189262Z DEBUG panoptikon::inferio::http: processing local inference predict model=tags/wd-vit-tagger-v3 inputs=1
2026-09-17T06:21:17.189380Z DEBUG panoptikon::inferio::http: processing local inference predict model=tags/wd-vit-tagger-v3 inputs=1
2026-09-17T06:21:17.189450Z DEBUG panoptikon::inferio::http: processing local inference predict model=tags/wd-vit-tagger-v3 inputs=1
2026-09-17T06:21:17.189517Z DEBUG panoptikon::inferio::http: processing local inference predict model=tags/wd-vit-tagger-v3 inputs=1
2026-09-17T06:21:17.189578Z DEBUG panoptikon::inferio::http: processing local inference predict model=tags/wd-vit-tagger-v3 inputs=1
2026-09-17T06:21:17.189639Z DEBUG panoptikon::inferio::http: processing local inference predict model=tags/wd-vit-tagger-v3 inputs=1
2026-09-17T06:21:17.189690Z DEBUG panoptikon::inferio::http: processing local inference predict model=tags/wd-vit-tagger-v3 inputs=1
2026-09-17T06:21:17.189844Z DEBUG panoptikon::inferio::http: processing local inference predict model=tags/wd-vit-tagger-v3 inputs=1
2026-09-17T06:21:17.189887Z DEBUG panoptikon::inferio::http: processing local inference predict model=tags/wd-vit-tagger-v3 inputs=1
2026-09-17T06:21:17.190039Z DEBUG panoptikon::inferio::http: processing local inference predict model=tags/wd-vit-tagger-v3 inputs=1
2026-09-17T06:21:17.190105Z DEBUG panoptikon::inferio::http: processing local inference predict model=tags/wd-vit-tagger-v3 inputs=1
2026-09-17T06:21:17.190216Z DEBUG panoptikon::inferio::http: processing local inference predict model=tags/wd-vit-tagger-v3 inputs=1
2026-09-17T06:21:17.190273Z DEBUG panoptikon::inferio::http: processing local inference predict model=tags/wd-vit-tagger-v3 inputs=1
2026-09-17T06:21:17.190324Z DEBUG panoptikon::inferio::http: processing local inference predict model=tags/wd-vit-tagger-v3 inputs=1
2026-09-17T06:21:17.190381Z DEBUG panoptikon::inferio::http: processing local inference predict model=tags/wd-vit-tagger-v3 inputs=1
2026-09-17T06:21:17.190471Z DEBUG panoptikon::inferio::http: processing local inference predict model=tags/wd-vit-tagger-v3 inputs=1
2026-09-17T06:21:17.190530Z DEBUG panoptikon::inferio::http: processing local inference predict model=tags/wd-vit-tagger-v3 inputs=1
2026-09-17T06:21:17.190632Z DEBUG panoptikon::inferio::http: processing local inference predict model=tags/wd-vit-tagger-v3 inputs=1
2026-09-17T06:21:17.190691Z DEBUG panoptikon::inferio::http: processing local inference predict model=tags/wd-vit-tagger-v3 inputs=1
2026-09-17T06:21:17.190788Z DEBUG panoptikon::inferio::http: processing local inference predict model=tags/wd-vit-tagger-v3 inputs=1
2026-09-17T06:21:17.190836Z DEBUG panoptikon::inferio::http: processing local inference predict model=tags/wd-vit-tagger-v3 inputs=1
2026-09-17T06:21:17.190888Z DEBUG panoptikon::inferio::http: processing local inference predict model=tags/wd-vit-tagger-v3 inputs=1
2026-09-17T06:21:17.190942Z DEBUG panoptikon::inferio::http: processing local inference predict model=tags/wd-vit-tagger-v3 inputs=1
2026-09-17T06:21:17.191004Z DEBUG panoptikon::inferio::http: processing local inference predict model=tags/wd-vit-tagger-v3 inputs=1
2026-09-17T06:21:17.191069Z DEBUG panoptikon::inferio::http: processing local inference predict model=tags/wd-vit-tagger-v3 inputs=1
2026-09-17T06:21:17.191164Z DEBUG panoptikon::inferio::http: processing local inference predict model=tags/wd-vit-tagger-v3 inputs=1
2026-09-17T06:21:17.191239Z DEBUG panoptikon::inferio::http: processing local inference predict model=tags/wd-vit-tagger-v3 inputs=1
2026-09-17T06:21:17.191324Z DEBUG panoptikon::inferio::http: processing local inference predict model=tags/wd-vit-tagger-v3 inputs=1
2026-09-17T06:21:17.191379Z DEBUG panoptikon::inferio::http: processing local inference predict model=tags/wd-vit-tagger-v3 inputs=1
2026-09-17T06:21:17.191436Z DEBUG panoptikon::inferio::http: processing local inference predict model=tags/wd-vit-tagger-v3 inputs=1
2026-09-17T06:21:17.191481Z DEBUG panoptikon::inferio::http: processing local inference predict model=tags/wd-vit-tagger-v3 inputs=1
2026-09-17T06:21:17.191531Z DEBUG panoptikon::inferio::http: processing local inference predict model=tags/wd-vit-tagger-v3 inputs=1
2026-09-17T06:21:17.191592Z DEBUG panoptikon::inferio::http: processing local inference predict model=tags/wd-vit-tagger-v3 inputs=1
2026-09-17T06:21:17.191661Z DEBUG panoptikon::inferio::http: processing local inference predict model=tags/wd-vit-tagger-v3 inputs=1
2026-09-17T06:21:17.191851Z DEBUG panoptikon::inferio::http: processing local inference predict model=tags/wd-vit-tagger-v3 inputs=1
2026-09-17T06:21:17.191995Z DEBUG panoptikon::inferio::http: processing local inference predict model=tags/wd-vit-tagger-v3 inputs=1
2026-09-17T06:21:17.192103Z DEBUG panoptikon::inferio::http: processing local inference predict model=tags/wd-vit-tagger-v3 inputs=1
2026-09-17T06:21:17.192146Z DEBUG panoptikon::inferio::http: processing local inference predict model=tags/wd-vit-tagger-v3 inputs=1
2026-09-17T06:21:17.192198Z DEBUG panoptikon::inferio::http: processing local inference predict model=tags/wd-vit-tagger-v3 inputs=1
2026-09-17T06:21:17.192254Z DEBUG panoptikon::inferio::http: processing local inference predict model=tags/wd-vit-tagger-v3 inputs=1
2026-09-17T06:21:17.192315Z DEBUG panoptikon::inferio::http: processing local inference predict model=tags/wd-vit-tagger-v3 inputs=1
2026-09-17T06:21:17.192373Z DEBUG panoptikon::inferio::http: processing local inference predict model=tags/wd-vit-tagger-v3 inputs=1
2026-09-17T06:21:17.192427Z DEBUG panoptikon::inferio::http: processing local inference predict model=tags/wd-vit-tagger-v3 inputs=1
2026-09-17T06:21:17.192477Z DEBUG panoptikon::inferio::http: processing local inference predict model=tags/wd-vit-tagger-v3 inputs=1
2026-09-17T06:21:17.192530Z DEBUG panoptikon::inferio::http: processing local inference predict model=tags/wd-vit-tagger-v3 inputs=1
2026-09-17T06:21:17.192591Z DEBUG panoptikon::inferio::http: processing local inference predict model=tags/wd-vit-tagger-v3 inputs=1
2026-09-17T06:21:17.192638Z DEBUG panoptikon::inferio::http: processing local inference predict model=tags/wd-vit-tagger-v3 inputs=1
2026-09-17T06:21:17.192698Z DEBUG panoptikon::inferio::http: processing local inference predict model=tags/wd-vit-tagger-v3 inputs=1
2026-09-17T06:21:17.192736Z DEBUG panoptikon::inferio::http: processing local inference predict model=tags/wd-vit-tagger-v3 inputs=1
2026-09-17T06:21:17.192784Z DEBUG panoptikon::inferio::http: processing local inference predict model=tags/wd-vit-tagger-v3 inputs=1
2026-09-17T06:21:17.192824Z DEBUG panoptikon::inferio::http: processing local inference predict model=tags/wd-vit-tagger-v3 inputs=1
2026-09-17T06:21:17.192864Z DEBUG panoptikon::inferio::http: processing local inference predict model=tags/wd-vit-tagger-v3 inputs=1
2026-09-17T06:21:17.192911Z DEBUG panoptikon::inferio::http: processing local inference predict model=tags/wd-vit-tagger-v3 inputs=1
2026-09-17T06:21:17.192960Z DEBUG panoptikon::inferio::http: processing local inference predict model=tags/wd-vit-tagger-v3 inputs=1
2026-09-17T06:21:17.192994Z DEBUG panoptikon::inferio::http: processing local inference predict model=tags/wd-vit-tagger-v3 inputs=1
2026-09-17T06:21:17.193038Z DEBUG panoptikon::inferio::http: processing local inference predict model=tags/wd-vit-tagger-v3 inputs=1
2026-09-17T06:21:17.193079Z DEBUG panoptikon::inferio::http: processing local inference predict model=tags/wd-vit-tagger-v3 inputs=1
2026-09-17T06:21:17.193161Z DEBUG panoptikon::inferio::http: processing local inference predict model=tags/wd-vit-tagger-v3 inputs=1
2026-09-17T06:21:17.193228Z DEBUG panoptikon::inferio::http: processing local inference predict model=tags/wd-vit-tagger-v3 inputs=1
2026-09-17T06:21:17.193278Z DEBUG panoptikon::inferio::http: processing local inference predict model=tags/wd-vit-tagger-v3 inputs=1
2026-09-17T06:21:17.193323Z DEBUG panoptikon::inferio::http: processing local inference predict model=tags/wd-vit-tagger-v3 inputs=1
2026-09-17T06:21:17.193382Z DEBUG panoptikon::inferio::http: processing local inference predict model=tags/wd-vit-tagger-v3 inputs=1
2026-09-17T06:21:17.193423Z DEBUG panoptikon::inferio::http: processing local inference predict model=tags/wd-vit-tagger-v3 inputs=1
2026-09-17T06:21:17.193464Z DEBUG panoptikon::inferio::http: processing local inference predict model=tags/wd-vit-tagger-v3 inputs=1
2026-09-17T06:21:17.193518Z DEBUG panoptikon::inferio::http: processing local inference predict model=tags/wd-vit-tagger-v3 inputs=1
2026-09-17T06:21:17.193585Z DEBUG panoptikon::inferio::http: processing local inference predict model=tags/wd-vit-tagger-v3 inputs=1
2026-09-17T06:21:17.193635Z DEBUG panoptikon::inferio::http: processing local inference predict model=tags/wd-vit-tagger-v3 inputs=1
2026-09-17T06:21:17.193672Z DEBUG panoptikon::inferio::http: processing local inference predict model=tags/wd-vit-tagger-v3 inputs=1
2026-09-17T06:21:17.193721Z DEBUG panoptikon::inferio::http: processing local inference predict model=tags/wd-vit-tagger-v3 inputs=1
2026-09-17T06:21:17.193793Z DEBUG panoptikon::inferio::http: processing local inference predict model=tags/wd-vit-tagger-v3 inputs=1
2026-09-17T06:21:17.193839Z DEBUG panoptikon::inferio::http: processing local inference predict model=tags/wd-vit-tagger-v3 inputs=1
2026-09-17T06:21:17.193886Z DEBUG panoptikon::inferio::http: processing local inference predict model=tags/wd-vit-tagger-v3 inputs=1
2026-09-17T06:21:17.194010Z DEBUG panoptikon::inferio::http: processing local inference predict model=tags/wd-vit-tagger-v3 inputs=1
2026-09-17T06:21:17.194059Z DEBUG panoptikon::inferio::http: processing local inference predict model=tags/wd-vit-tagger-v3 inputs=1
2026-09-17T06:21:17.194089Z DEBUG panoptikon::inferio::http: processing local inference predict model=tags/wd-vit-tagger-v3 inputs=1
2026-09-17T06:21:17.194138Z DEBUG panoptikon::inferio::http: processing local inference predict model=tags/wd-vit-tagger-v3 inputs=1
2026-09-17T06:21:17.194201Z DEBUG panoptikon::inferio::http: processing local inference predict model=tags/wd-vit-tagger-v3 inputs=1
2026-09-17T06:21:17.194262Z DEBUG panoptikon::inferio::http: processing local inference predict model=tags/wd-vit-tagger-v3 inputs=1
2026-09-17T06:21:17.194312Z DEBUG panoptikon::inferio::http: processing local inference predict model=tags/wd-vit-tagger-v3 inputs=1
2026-09-17T06:21:17.194366Z DEBUG panoptikon::inferio::http: processing local inference predict model=tags/wd-vit-tagger-v3 inputs=1
2026-09-17T06:21:17.194421Z DEBUG panoptikon::inferio::http: processing local inference predict model=tags/wd-vit-tagger-v3 inputs=1
2026-09-17T06:21:17.194498Z DEBUG panoptikon::inferio::http: processing local inference predict model=tags/wd-vit-tagger-v3 inputs=1
2026-09-17T06:21:17.194565Z DEBUG panoptikon::inferio::http: processing local inference predict model=tags/wd-vit-tagger-v3 inputs=1
2026-09-17T06:21:17.194608Z DEBUG panoptikon::inferio::http: processing local inference predict model=tags/wd-vit-tagger-v3 inputs=1
2026-09-17T06:21:17.194807Z DEBUG panoptikon::inferio::http: processing local inference predict model=tags/wd-vit-tagger-v3 inputs=1
2026-09-17T06:21:17.194852Z DEBUG panoptikon::inferio::http: processing local inference predict model=tags/wd-vit-tagger-v3 inputs=1
2026-09-17T06:21:17.195358Z DEBUG panoptikon::inferio::http: processing local inference predict model=tags/wd-vit-tagger-v3 inputs=1
2026-09-17T06:21:17.195412Z DEBUG panoptikon::inferio::http: processing local inference predict model=tags/wd-vit-tagger-v3 inputs=1
2026-09-17T06:21:17.195464Z DEBUG panoptikon::inferio::http: processing local inference predict model=tags/wd-vit-tagger-v3 inputs=1
2026-09-17T06:21:17.195514Z DEBUG panoptikon::inferio::http: processing local inference predict model=tags/wd-vit-tagger-v3 inputs=1
2026-09-17T06:21:17.510397Z  INFO panoptikon::inferio::worker: 2026-09-17 06:21:17,510 [DEBUG] inferio_worker_impl_0_wd_tagger: Running inference on 31 images worker=wd_tagger
2026-09-17T06:21:22.017222Z  INFO panoptikon::inferio::calibration: wrote the local calibration store path=data/inferio/calibration.toml profiles=1
2026-09-17T06:21:25.357723Z  INFO panoptikon::inferio::worker: 2026-09-17 06:21:25,357 [DEBUG] inferio_worker_impl_0_wd_tagger: Running inference on 31 images worker=wd_tagger
2026-09-17T06:21:34.022533Z  INFO panoptikon::inferio::worker: 2026-09-17 06:21:34,022 [DEBUG] inferio_worker_impl_0_wd_tagger: Running inference on 31 images worker=wd_tagger
2026-09-17T06:21:41.248820Z DEBUG panoptikon::inferio::ledger: settled a granted window model=tags/wd-vit-tagger-v3 gpu=CPU outcome="clean" fit_samples=3 throughput_samples=3 clamped_samples=0 clamped=none ramp_step=4 deflation=0 clean_windows=36 max_units_measured=32
2026-09-17T06:21:41.248937Z DEBUG panoptikon::inferio::ledger: issued a memory grant model=tags/wd-vit-tagger-v3 gpu=CPU unit_budget=31 mb=1131 canvas_pixels=none share_mb=96008 room_mb=96008 headroom_mb=95164 external_mb=30213 reserve_mb=1024 reserve_rule="capped_default" pre_fit=false ramp_step=4 deflation=0 squeezed=false window_requests=93
2026-09-17T06:21:41.253084Z DEBUG panoptikon::inferio::http: processing local inference predict model=tags/wd-vit-tagger-v3 inputs=1
2026-09-17T06:21:41.253475Z DEBUG panoptikon::inferio::http: processing local inference predict model=tags/wd-vit-tagger-v3 inputs=1
2026-09-17T06:21:41.253551Z DEBUG panoptikon::inferio::http: processing local inference predict model=tags/wd-vit-tagger-v3 inputs=1
2026-09-17T06:21:41.253714Z DEBUG panoptikon::inferio::http: processing local inference predict model=tags/wd-vit-tagger-v3 inputs=1
2026-09-17T06:21:41.253802Z DEBUG panoptikon::inferio::http: processing local inference predict model=tags/wd-vit-tagger-v3 inputs=1
2026-09-17T06:21:41.254086Z DEBUG panoptikon::inferio::http: processing local inference predict model=tags/wd-vit-tagger-v3 inputs=1
2026-09-17T06:21:41.254145Z DEBUG panoptikon::inferio::http: processing local inference predict model=tags/wd-vit-tagger-v3 inputs=1
2026-09-17T06:21:41.254206Z DEBUG panoptikon::inferio::http: processing local inference predict model=tags/wd-vit-tagger-v3 inputs=1
2026-09-17T06:21:41.254539Z DEBUG panoptikon::inferio::http: processing local inference predict model=tags/wd-vit-tagger-v3 inputs=1
2026-09-17T06:21:41.254675Z DEBUG panoptikon::inferio::http: processing local inference predict model=tags/wd-vit-tagger-v3 inputs=1
2026-09-17T06:21:41.254726Z DEBUG panoptikon::inferio::http: processing local inference predict model=tags/wd-vit-tagger-v3 inputs=1
2026-09-17T06:21:41.254791Z DEBUG panoptikon::inferio::http: processing local inference predict model=tags/wd-vit-tagger-v3 inputs=1
2026-09-17T06:21:41.254868Z DEBUG panoptikon::inferio::http: processing local inference predict model=tags/wd-vit-tagger-v3 inputs=1
2026-09-17T06:21:41.254924Z DEBUG panoptikon::inferio::http: processing local inference predict model=tags/wd-vit-tagger-v3 inputs=1
2026-09-17T06:21:41.254990Z DEBUG panoptikon::inferio::http: processing local inference predict model=tags/wd-vit-tagger-v3 inputs=1
2026-09-17T06:21:41.255036Z DEBUG panoptikon::inferio::http: processing local inference predict model=tags/wd-vit-tagger-v3 inputs=1
2026-09-17T06:21:41.255097Z DEBUG panoptikon::inferio::http: processing local inference predict model=tags/wd-vit-tagger-v3 inputs=1
2026-09-17T06:21:41.255153Z DEBUG panoptikon::inferio::http: processing local inference predict model=tags/wd-vit-tagger-v3 inputs=1
2026-09-17T06:21:41.255185Z DEBUG panoptikon::inferio::http: processing local inference predict model=tags/wd-vit-tagger-v3 inputs=1
2026-09-17T06:21:41.255255Z DEBUG panoptikon::inferio::http: processing local inference predict model=tags/wd-vit-tagger-v3 inputs=1
2026-09-17T06:21:41.255301Z DEBUG panoptikon::inferio::http: processing local inference predict model=tags/wd-vit-tagger-v3 inputs=1
2026-09-17T06:21:41.255376Z DEBUG panoptikon::inferio::http: processing local inference predict model=tags/wd-vit-tagger-v3 inputs=1
2026-09-17T06:21:41.255431Z DEBUG panoptikon::inferio::http: processing local inference predict model=tags/wd-vit-tagger-v3 inputs=1
2026-09-17T06:21:41.255481Z DEBUG panoptikon::inferio::http: processing local inference predict model=tags/wd-vit-tagger-v3 inputs=1
2026-09-17T06:21:41.255535Z DEBUG panoptikon::inferio::http: processing local inference predict model=tags/wd-vit-tagger-v3 inputs=1
2026-09-17T06:21:41.255583Z DEBUG panoptikon::inferio::http: processing local inference predict model=tags/wd-vit-tagger-v3 inputs=1
2026-09-17T06:21:41.255639Z DEBUG panoptikon::inferio::http: processing local inference predict model=tags/wd-vit-tagger-v3 inputs=1
2026-09-17T06:21:41.255687Z DEBUG panoptikon::inferio::http: processing local inference predict model=tags/wd-vit-tagger-v3 inputs=1
2026-09-17T06:21:41.255754Z DEBUG panoptikon::inferio::http: processing local inference predict model=tags/wd-vit-tagger-v3 inputs=1
2026-09-17T06:21:41.255802Z DEBUG panoptikon::inferio::http: processing local inference predict model=tags/wd-vit-tagger-v3 inputs=1
2026-09-17T06:21:41.255834Z DEBUG panoptikon::inferio::http: processing local inference predict model=tags/wd-vit-tagger-v3 inputs=1
2026-09-17T06:21:41.255903Z DEBUG panoptikon::inferio::http: processing local inference predict model=tags/wd-vit-tagger-v3 inputs=1
2026-09-17T06:21:41.255962Z DEBUG panoptikon::inferio::http: processing local inference predict model=tags/wd-vit-tagger-v3 inputs=1
2026-09-17T06:21:41.256009Z DEBUG panoptikon::inferio::http: processing local inference predict model=tags/wd-vit-tagger-v3 inputs=1
2026-09-17T06:21:41.256062Z DEBUG panoptikon::inferio::http: processing local inference predict model=tags/wd-vit-tagger-v3 inputs=1
2026-09-17T06:21:41.256149Z DEBUG panoptikon::inferio::http: processing local inference predict model=tags/wd-vit-tagger-v3 inputs=1
2026-09-17T06:21:41.256423Z DEBUG panoptikon::inferio::http: processing local inference predict model=tags/wd-vit-tagger-v3 inputs=1
2026-09-17T06:21:41.256467Z DEBUG panoptikon::inferio::http: processing local inference predict model=tags/wd-vit-tagger-v3 inputs=1
2026-09-17T06:21:41.256542Z DEBUG panoptikon::inferio::http: processing local inference predict model=tags/wd-vit-tagger-v3 inputs=1
2026-09-17T06:21:41.256588Z DEBUG panoptikon::inferio::http: processing local inference predict model=tags/wd-vit-tagger-v3 inputs=1
2026-09-17T06:21:41.256634Z DEBUG panoptikon::inferio::http: processing local inference predict model=tags/wd-vit-tagger-v3 inputs=1
2026-09-17T06:21:41.256700Z DEBUG panoptikon::inferio::http: processing local inference predict model=tags/wd-vit-tagger-v3 inputs=1
2026-09-17T06:21:41.256760Z DEBUG panoptikon::inferio::http: processing local inference predict model=tags/wd-vit-tagger-v3 inputs=1
2026-09-17T06:21:41.256806Z DEBUG panoptikon::inferio::http: processing local inference predict model=tags/wd-vit-tagger-v3 inputs=1
2026-09-17T06:21:41.256835Z DEBUG panoptikon::inferio::http: processing local inference predict model=tags/wd-vit-tagger-v3 inputs=1
2026-09-17T06:21:41.256952Z DEBUG panoptikon::inferio::http: processing local inference predict model=tags/wd-vit-tagger-v3 inputs=1
2026-09-17T06:21:41.257032Z DEBUG panoptikon::inferio::http: processing local inference predict model=tags/wd-vit-tagger-v3 inputs=1
2026-09-17T06:21:41.257108Z DEBUG panoptikon::inferio::http: processing local inference predict model=tags/wd-vit-tagger-v3 inputs=1
2026-09-17T06:21:41.257264Z DEBUG panoptikon::inferio::http: processing local inference predict model=tags/wd-vit-tagger-v3 inputs=1
2026-09-17T06:21:41.257319Z DEBUG panoptikon::inferio::http: processing local inference predict model=tags/wd-vit-tagger-v3 inputs=1
2026-09-17T06:21:41.257411Z DEBUG panoptikon::inferio::http: processing local inference predict model=tags/wd-vit-tagger-v3 inputs=1
2026-09-17T06:21:41.257471Z DEBUG panoptikon::inferio::http: processing local inference predict model=tags/wd-vit-tagger-v3 inputs=1
2026-09-17T06:21:41.257543Z DEBUG panoptikon::inferio::http: processing local inference predict model=tags/wd-vit-tagger-v3 inputs=1
2026-09-17T06:21:41.257588Z DEBUG panoptikon::inferio::http: processing local inference predict model=tags/wd-vit-tagger-v3 inputs=1
2026-09-17T06:21:41.257716Z DEBUG panoptikon::inferio::http: processing local inference predict model=tags/wd-vit-tagger-v3 inputs=1
2026-09-17T06:21:41.257771Z DEBUG panoptikon::inferio::http: processing local inference predict model=tags/wd-vit-tagger-v3 inputs=1
2026-09-17T06:21:41.257887Z DEBUG panoptikon::inferio::http: processing local inference predict model=tags/wd-vit-tagger-v3 inputs=1
2026-09-17T06:21:41.257941Z DEBUG panoptikon::inferio::http: processing local inference predict model=tags/wd-vit-tagger-v3 inputs=1
2026-09-17T06:21:41.257993Z DEBUG panoptikon::inferio::http: processing local inference predict model=tags/wd-vit-tagger-v3 inputs=1
2026-09-17T06:21:41.258037Z DEBUG panoptikon::inferio::http: processing local inference predict model=tags/wd-vit-tagger-v3 inputs=1
2026-09-17T06:21:41.258098Z DEBUG panoptikon::inferio::http: processing local inference predict model=tags/wd-vit-tagger-v3 inputs=1
2026-09-17T06:21:41.258139Z DEBUG panoptikon::inferio::http: processing local inference predict model=tags/wd-vit-tagger-v3 inputs=1
2026-09-17T06:21:41.258275Z DEBUG panoptikon::inferio::http: processing local inference predict model=tags/wd-vit-tagger-v3 inputs=1
2026-09-17T06:21:41.258317Z DEBUG panoptikon::inferio::http: processing local inference predict model=tags/wd-vit-tagger-v3 inputs=1
2026-09-17T06:21:41.258366Z DEBUG panoptikon::inferio::http: processing local inference predict model=tags/wd-vit-tagger-v3 inputs=1
2026-09-17T06:21:41.258405Z DEBUG panoptikon::inferio::http: processing local inference predict model=tags/wd-vit-tagger-v3 inputs=1
2026-09-17T06:21:41.258443Z DEBUG panoptikon::inferio::http: processing local inference predict model=tags/wd-vit-tagger-v3 inputs=1
2026-09-17T06:21:41.258512Z DEBUG panoptikon::inferio::http: processing local inference predict model=tags/wd-vit-tagger-v3 inputs=1
2026-09-17T06:21:41.258677Z DEBUG panoptikon::inferio::http: processing local inference predict model=tags/wd-vit-tagger-v3 inputs=1
2026-09-17T06:21:41.258800Z DEBUG panoptikon::inferio::http: processing local inference predict model=tags/wd-vit-tagger-v3 inputs=1
2026-09-17T06:21:41.258856Z DEBUG panoptikon::inferio::http: processing local inference predict model=tags/wd-vit-tagger-v3 inputs=1
2026-09-17T06:21:41.258944Z DEBUG panoptikon::inferio::http: processing local inference predict model=tags/wd-vit-tagger-v3 inputs=1
2026-09-17T06:21:41.259068Z DEBUG panoptikon::inferio::http: processing local inference predict model=tags/wd-vit-tagger-v3 inputs=1
2026-09-17T06:21:41.259114Z DEBUG panoptikon::inferio::http: processing local inference predict model=tags/wd-vit-tagger-v3 inputs=1
2026-09-17T06:21:41.259174Z DEBUG panoptikon::inferio::http: processing local inference predict model=tags/wd-vit-tagger-v3 inputs=1
2026-09-17T06:21:41.259234Z DEBUG panoptikon::inferio::http: processing local inference predict model=tags/wd-vit-tagger-v3 inputs=1
2026-09-17T06:21:41.259277Z DEBUG panoptikon::inferio::http: processing local inference predict model=tags/wd-vit-tagger-v3 inputs=1
2026-09-17T06:21:41.259331Z DEBUG panoptikon::inferio::http: processing local inference predict model=tags/wd-vit-tagger-v3 inputs=1
2026-09-17T06:21:41.259377Z DEBUG panoptikon::inferio::http: processing local inference predict model=tags/wd-vit-tagger-v3 inputs=1
2026-09-17T06:21:41.556767Z  INFO panoptikon::inferio::worker: 2026-09-17 06:21:41,556 [DEBUG] inferio_worker_impl_0_wd_tagger: Running inference on 31 images worker=wd_tagger
2026-09-17T06:21:50.235135Z  INFO panoptikon::inferio::worker: 2026-09-17 06:21:50,234 [DEBUG] inferio_worker_impl_0_wd_tagger: Running inference on 31 images worker=wd_tagger
2026-09-17T06:21:57.642123Z  INFO panoptikon::inferio::worker: 2026-09-17 06:21:57,641 [DEBUG] inferio_worker_impl_0_wd_tagger: Running inference on 31 images worker=wd_tagger
2026-09-17T06:22:03.443754Z DEBUG panoptikon::inferio::ledger: settled a granted window model=tags/wd-vit-tagger-v3 gpu=CPU outcome="clean" fit_samples=3 throughput_samples=3 clamped_samples=0 clamped=none ramp_step=4 deflation=0 clean_windows=37 max_units_measured=32
2026-09-17T06:22:03.446592Z DEBUG panoptikon::inferio::ledger: issued a memory grant model=tags/wd-vit-tagger-v3 gpu=CPU unit_budget=31 mb=1131 canvas_pixels=none share_mb=96008 room_mb=96008 headroom_mb=95164 external_mb=30205 reserve_mb=1024 reserve_rule="capped_default" pre_fit=false ramp_step=4 deflation=0 squeezed=false window_requests=79
2026-09-17T06:22:03.673862Z  INFO panoptikon::inferio::worker: 2026-09-17 06:22:03,673 [DEBUG] inferio_worker_impl_0_wd_tagger: Running inference on 31 images worker=wd_tagger
2026-09-17T06:22:10.531728Z  INFO panoptikon::inferio::worker: 2026-09-17 06:22:10,531 [DEBUG] inferio_worker_impl_0_wd_tagger: Running inference on 31 images worker=wd_tagger
2026-09-17T06:22:16.229716Z  INFO panoptikon::inferio::worker: 2026-09-17 06:22:16,229 [DEBUG] inferio_worker_impl_0_wd_tagger: Running inference on 17 images worker=wd_tagger
2026-09-17T06:22:20.124989Z DEBUG panoptikon::inferio::ledger: refitted the memory cost model model=tags/wd-vit-tagger-v3 gpu=CPU slope_mb_per_unit=36.57692307692308 intercept_mb=41.846153846153825 residual_mb=12.076923076923123 samples=10 version=14
2026-09-17T06:22:20.125034Z DEBUG panoptikon::inferio::ledger: queued a calibration profile update for the store model=tags/wd-vit-tagger-v3 gpu=CPU reason="fit_changed" max_units_measured=32 fit_version=14
2026-09-17T06:22:20.125076Z DEBUG panoptikon::inferio::ledger: settled a granted window model=tags/wd-vit-tagger-v3 gpu=CPU outcome="clean" fit_samples=3 throughput_samples=2 clamped_samples=0 clamped=none ramp_step=4 deflation=0 clean_windows=38 max_units_measured=32
2026-09-17T06:22:20.127499Z  INFO panoptikon::inferio::calibration: wrote the local calibration store path=data/inferio/calibration.toml profiles=1
2026-09-17T06:22:20.338031Z  INFO panoptikon::jobs::extraction: extraction job phase timing data_load_busy_secs=0.121389627 data_load_work_secs=0.8682778929999987 inference_busy_secs=440.28222326 inference_work_secs=65112.81225770592
2026-09-17T06:22:20.341922Z  INFO Actor{id="0.5" name="job-runner"}: panoptikon::jobs::queue: scheduling deferred database maintenance index_db="cal" queue_id=5 owed=wrote_data,tags_changed
2026-09-17T06:22:20.341953Z  INFO Actor{id="0.5" name="job-runner"}: panoptikon::jobs::queue: unloading batch model at job boundary setter=tags/wd-vit-tagger-v3
2026-09-17T06:22:20.342279Z DEBUG panoptikon::inferio::manager: unload requested model=tags/wd-vit-tagger-v3 cache_key=batch
2026-09-17T06:22:20.342311Z DEBUG panoptikon::inferio::manager: unloading model model=tags/wd-vit-tagger-v3
2026-09-17T06:22:20.342406Z DEBUG panoptikon::inferio::ledger: credited a departed replica's footprint back to the GPU's free reading, so its memory is not reattributed to external usage, and flagged the reading for a refresh model=tags/wd-vit-tagger-v3 gpu=CPU footprint_mb=1322 adjusted_free_mb=98267
2026-09-17T06:22:20.356957Z  INFO panoptikon::inferio::worker: 2026-09-17 06:22:20,356 [DEBUG] inferio_worker_impl_0_wd_tagger: Model SmilingWolf/wd-vit-tagger-v3 unloaded worker=wd_tagger
2026-09-17T06:22:20.356999Z  INFO panoptikon::inferio::worker: 2026-09-17 06:22:20,356 [INFO] inferio_worker: Unloaded; exiting. worker=wd_tagger
2026-09-17T06:23:02.190460Z  INFO panoptikon::shutdown: shutdown signal received; stopping gracefully (repeat the signal to force exit)
2026-09-17T06:23:02.190715Z  INFO panoptikon::shutdown: index DB writers drained writers=2
2026-09-17T06:23:02.191086Z  INFO panoptikon::shutdown: local inference workers stopped
2026-09-17T06:23:02.191501Z  INFO panoptikon::shutdown: background work stopped cleanly
2026-09-17T06:23:02.191703Z  INFO panoptikon: gateway stopped
