2026-09-17T01:31:59.348200Z  INFO panoptikon::logging: logging to file path=data/panoptikon.log
2026-09-17T01:31:59.348358Z  INFO panoptikon::rlimit: open file descriptor limit is already at its maximum soft_nofile=524288
2026-09-17T01:31:59.390579Z  INFO panoptikon::accelerator_report: accelerator backend: using CPU backend="cpu" backend_source=managed venv (setup sentinel) devices=["nvidia:NVIDIA RTX PRO 6000 Blackwell Workstation Edition (CC 12.0)", "nvidia:NVIDIA RTX PRO 6000 Blackwell Workstation Edition (CC 12.0)"]
2026-09-17T01:31:59.509460Z  INFO panoptikon::inferio::gpu: admitting batches from workers that run on the CPU against system RAM (running out of it is an OS process kill rather than a catchable allocation failure, so the device ships with a default ceiling) uuid=CPU name=CPU (128 GB) total_mb=128649 default_cap_fraction=0.75 accelerators=0
2026-09-17T01:31:59.509988Z  INFO panoptikon: serving /api/inference locally (inference_local.enabled)
2026-09-17T01:31:59.655107Z  INFO panoptikon: gateway listening endpoint=default address=127.0.0.1:17862
2026-09-17T01:31:59.655231Z  INFO panoptikon: gateway listening endpoint=test address=127.0.0.1:17863
2026-09-17T01:31:59.655360Z  INFO panoptikon: gateway listening endpoint=legacy_ui address=127.0.0.1:17859
2026-09-17T01:31:59.655391Z  INFO panoptikon: serving HTTP/1.1 and HTTP/2 cleartext max_concurrent_streams=512
2026-09-17T01:32:00.292806Z  INFO panoptikon::media_tools: media tools resolved ffmpeg=/home/admin/tmp-final-deploy/Ftags/app/python/.venv/lib/python3.12/site-packages/static_ffmpeg/bin/linux/ffmpeg ffprobe=/home/admin/tmp-final-deploy/Ftags/app/python/.venv/lib/python3.12/site-packages/static_ffmpeg/bin/linux/ffprobe
2026-09-17T01:32:00.578970Z  INFO panoptikon::media_tools::transcode::hw: no hardware H.264 encoder; the fast channel uses libx264 hwaccel="auto"
2026-09-17T01:32:00.599800Z DEBUG panoptikon::inferio_client: multiplexing inference requests over HTTP/2 cleartext endpoint=http://127.0.0.1:17862/api/inference connection_lanes=64 streams_per_lane=64 max_concurrent=256 max_concurrent_ceiling=4096
2026-09-17T01:32:00.745341Z DEBUG panoptikon::inferio::manager: resolved cost dimension model=textembed/all-MiniLM-L6-v2 unit="token" aggregation="max-times-count" epoch=2 seed_units=120000 priced=true degraded=false
2026-09-17T01:32:00.745421Z DEBUG panoptikon::inferio::ledger: probing the host for this GPU's free memory before pricing a load against it model="textembed/all-MiniLM-L6-v2" gpu="CPU" reason="no free sample: this GPU has never had a resident" sample_age_ms=None
2026-09-17T01:32:00.745604Z DEBUG panoptikon::inferio::ledger: refreshed the GPU's free memory from the host probe gpu=CPU source="ram" free_mb=86775 total_mb=128649 external_mb=41874 previous_age_ms=None recorded=true
2026-09-17T01:32:00.753990Z DEBUG panoptikon::inferio::worker: spawned an inferio worker worker=sentence_transformers inference_id="textembed/all-MiniLM-L6-v2" pid=Some(611536)
2026-09-17T01:32:03.337286Z  INFO panoptikon::inferio::worker: 2026-09-17 01:32:03,337 [INFO] inferio_worker: Resolved impl class sentence_transformers to /home/admin/tmp-final-deploy/Ftags/app/python/inferio/impl/sentence_transformers.py worker=sentence_transformers
2026-09-17T01:32:03.337361Z  INFO panoptikon::inferio::worker: 2026-09-17 01:32:03,337 [INFO] inferio_worker: Handshake ok for impl class sentence_transformers worker=sentence_transformers
2026-09-17T01:32:03.337539Z  INFO panoptikon::inferio::worker: 2026-09-17 01:32:03,337 [INFO] inferio_worker: Configured as textembed/all-MiniLM-L6-v2 worker=sentence_transformers
2026-09-17T01:32:12.659929Z  INFO panoptikon::inferio::worker: 2026-09-17 01:32:12,659 [INFO] sentence_transformers.SentenceTransformer: Load pretrained SentenceTransformer: all-MiniLM-L6-v2 worker=sentence_transformers
2026-09-17T01:32:15.002276Z DEBUG panoptikon::inferio::worker: worker reported its load footprint worker=textembed/all-MiniLM-L6-v2 base_mb=220 base_method="rss" dtype="fp32" dtype_method="inferred" gpu_name="CPU (128 GB)" gpu_arch="cpu" gpu_total_mb=128649 torch="2.7.1+cpu"
2026-09-17T01:32:15.002739Z DEBUG panoptikon::inferio::manager: pricing each input at min(raw tokens, 256), the sequence window the loaded impl, via its load report states model=textembed/all-MiniLM-L6-v2 max_tokens=256
2026-09-17T01:32:15.002774Z DEBUG panoptikon::inferio::manager: replica loaded model=textembed/all-MiniLM-L6-v2 replica=0 device="<unpinned>"
2026-09-17T01:32:15.004055Z DEBUG panoptikon::inferio::ledger: admitted a worker to a GPU's ledger model=textembed/all-MiniLM-L6-v2 gpu=CPU replica=2 base_mb=Some(220) base_method="rss" reserved_at_load_mb=Some(413) seeded_from_store=false
2026-09-17T01:32:15.162037Z DEBUG panoptikon::inferio::http: processing local inference predict model=textembed/all-MiniLM-L6-v2 inputs=1
2026-09-17T01:32:15.162448Z DEBUG panoptikon::inferio::ledger: issued a memory grant model=textembed/all-MiniLM-L6-v2 gpu=CPU unit_budget=59 mb=85553 canvas_pixels=none share_mb=85553 room_mb=85553 headroom_mb=85553 external_mb=41852 reserve_mb=1024 reserve_rule="capped_default" pre_fit=true ramp_step=0 deflation=0 squeezed=false window_requests=1
2026-09-17T01:32:15.162514Z DEBUG panoptikon::inferio::http: processing local inference predict model=textembed/all-MiniLM-L6-v2 inputs=1
2026-09-17T01:32:15.162514Z DEBUG panoptikon::inferio::http: processing local inference predict model=textembed/all-MiniLM-L6-v2 inputs=1
2026-09-17T01:32:15.162737Z DEBUG panoptikon::inferio::http: processing local inference predict model=textembed/all-MiniLM-L6-v2 inputs=1
2026-09-17T01:32:15.162756Z DEBUG panoptikon::inferio::http: processing local inference predict model=textembed/all-MiniLM-L6-v2 inputs=1
2026-09-17T01:32:15.162774Z DEBUG panoptikon::inferio::http: processing local inference predict model=textembed/all-MiniLM-L6-v2 inputs=1
2026-09-17T01:32:15.162788Z DEBUG panoptikon::inferio::http: processing local inference predict model=textembed/all-MiniLM-L6-v2 inputs=1
2026-09-17T01:32:15.163062Z DEBUG panoptikon::inferio::http: processing local inference predict model=textembed/all-MiniLM-L6-v2 inputs=1
2026-09-17T01:32:15.163100Z DEBUG panoptikon::inferio::http: processing local inference predict model=textembed/all-MiniLM-L6-v2 inputs=1
2026-09-17T01:32:15.163080Z DEBUG panoptikon::inferio::http: processing local inference predict model=textembed/all-MiniLM-L6-v2 inputs=1
2026-09-17T01:32:15.163155Z DEBUG panoptikon::inferio::http: processing local inference predict model=textembed/all-MiniLM-L6-v2 inputs=1
2026-09-17T01:32:15.163361Z DEBUG panoptikon::inferio::http: processing local inference predict model=textembed/all-MiniLM-L6-v2 inputs=1
2026-09-17T01:32:15.163412Z DEBUG panoptikon::inferio::http: processing local inference predict model=textembed/all-MiniLM-L6-v2 inputs=1
2026-09-17T01:32:15.163486Z  INFO panoptikon::inferio::worker: 2026-09-17 01:32:15,163 [INFO] inferio_worker.packing: pricing each input at min(raw tokens, 256), the sequence window the orchestrator's grant states worker=sentence_transformers
2026-09-17T01:32:15.163423Z DEBUG panoptikon::inferio::http: processing local inference predict model=textembed/all-MiniLM-L6-v2 inputs=1
2026-09-17T01:32:15.163503Z DEBUG panoptikon::inferio::http: processing local inference predict model=textembed/all-MiniLM-L6-v2 inputs=1
2026-09-17T01:32:15.163178Z DEBUG panoptikon::inferio::http: processing local inference predict model=textembed/all-MiniLM-L6-v2 inputs=1
2026-09-17T01:32:15.163416Z DEBUG panoptikon::inferio::http: processing local inference predict model=textembed/all-MiniLM-L6-v2 inputs=1
2026-09-17T01:32:15.164199Z DEBUG panoptikon::inferio::http: processing local inference predict model=textembed/all-MiniLM-L6-v2 inputs=1
2026-09-17T01:32:15.164204Z DEBUG panoptikon::inferio::http: processing local inference predict model=textembed/all-MiniLM-L6-v2 inputs=1
2026-09-17T01:32:15.164233Z DEBUG panoptikon::inferio::http: processing local inference predict model=textembed/all-MiniLM-L6-v2 inputs=1
2026-09-17T01:32:15.164330Z DEBUG panoptikon::inferio::http: processing local inference predict model=textembed/all-MiniLM-L6-v2 inputs=1
2026-09-17T01:32:15.164528Z DEBUG panoptikon::inferio::http: processing local inference predict model=textembed/all-MiniLM-L6-v2 inputs=1
2026-09-17T01:32:15.164536Z DEBUG panoptikon::inferio::http: processing local inference predict model=textembed/all-MiniLM-L6-v2 inputs=1
2026-09-17T01:32:15.164542Z DEBUG panoptikon::inferio::http: processing local inference predict model=textembed/all-MiniLM-L6-v2 inputs=1
2026-09-17T01:32:15.164580Z DEBUG panoptikon::inferio::http: processing local inference predict model=textembed/all-MiniLM-L6-v2 inputs=1
2026-09-17T01:32:15.164823Z DEBUG panoptikon::inferio::http: processing local inference predict model=textembed/all-MiniLM-L6-v2 inputs=1
2026-09-17T01:32:15.165100Z DEBUG panoptikon::inferio::http: processing local inference predict model=textembed/all-MiniLM-L6-v2 inputs=1
2026-09-17T01:32:15.165098Z DEBUG panoptikon::inferio::http: processing local inference predict model=textembed/all-MiniLM-L6-v2 inputs=1
2026-09-17T01:32:15.165135Z DEBUG panoptikon::inferio::http: processing local inference predict model=textembed/all-MiniLM-L6-v2 inputs=1
2026-09-17T01:32:15.165138Z DEBUG panoptikon::inferio::http: processing local inference predict model=textembed/all-MiniLM-L6-v2 inputs=1
2026-09-17T01:32:15.165253Z DEBUG panoptikon::inferio::http: processing local inference predict model=textembed/all-MiniLM-L6-v2 inputs=1
2026-09-17T01:32:15.165302Z DEBUG panoptikon::inferio::http: processing local inference predict model=textembed/all-MiniLM-L6-v2 inputs=1
2026-09-17T01:32:15.165185Z DEBUG panoptikon::inferio::http: processing local inference predict model=textembed/all-MiniLM-L6-v2 inputs=1
2026-09-17T01:32:15.165198Z DEBUG panoptikon::inferio::http: processing local inference predict model=textembed/all-MiniLM-L6-v2 inputs=1
2026-09-17T01:32:15.165381Z DEBUG panoptikon::inferio::http: processing local inference predict model=textembed/all-MiniLM-L6-v2 inputs=1
2026-09-17T01:32:15.165234Z DEBUG panoptikon::inferio::http: processing local inference predict model=textembed/all-MiniLM-L6-v2 inputs=1
2026-09-17T01:32:15.165150Z DEBUG panoptikon::inferio::http: processing local inference predict model=textembed/all-MiniLM-L6-v2 inputs=1
2026-09-17T01:32:15.165279Z DEBUG panoptikon::inferio::http: processing local inference predict model=textembed/all-MiniLM-L6-v2 inputs=1
2026-09-17T01:32:15.165327Z DEBUG panoptikon::inferio::http: processing local inference predict model=textembed/all-MiniLM-L6-v2 inputs=1
2026-09-17T01:32:15.165360Z DEBUG panoptikon::inferio::http: processing local inference predict model=textembed/all-MiniLM-L6-v2 inputs=1
2026-09-17T01:32:15.165206Z DEBUG panoptikon::inferio::http: processing local inference predict model=textembed/all-MiniLM-L6-v2 inputs=1
2026-09-17T01:32:15.165710Z DEBUG panoptikon::inferio::http: processing local inference predict model=textembed/all-MiniLM-L6-v2 inputs=1
2026-09-17T01:32:15.165720Z DEBUG panoptikon::inferio::http: processing local inference predict model=textembed/all-MiniLM-L6-v2 inputs=1
2026-09-17T01:32:15.165808Z DEBUG panoptikon::inferio::http: processing local inference predict model=textembed/all-MiniLM-L6-v2 inputs=1
2026-09-17T01:32:15.165895Z DEBUG panoptikon::inferio::http: processing local inference predict model=textembed/all-MiniLM-L6-v2 inputs=1
2026-09-17T01:32:15.165925Z DEBUG panoptikon::inferio::http: processing local inference predict model=textembed/all-MiniLM-L6-v2 inputs=1
2026-09-17T01:32:15.166027Z DEBUG panoptikon::inferio::http: processing local inference predict model=textembed/all-MiniLM-L6-v2 inputs=1
2026-09-17T01:32:15.165991Z DEBUG panoptikon::inferio::http: processing local inference predict model=textembed/all-MiniLM-L6-v2 inputs=1
2026-09-17T01:32:15.166145Z DEBUG panoptikon::inferio::http: processing local inference predict model=textembed/all-MiniLM-L6-v2 inputs=1
2026-09-17T01:32:15.166019Z DEBUG panoptikon::inferio::http: processing local inference predict model=textembed/all-MiniLM-L6-v2 inputs=1
2026-09-17T01:32:15.165966Z DEBUG panoptikon::inferio::http: processing local inference predict model=textembed/all-MiniLM-L6-v2 inputs=1
2026-09-17T01:32:15.166036Z DEBUG panoptikon::inferio::http: processing local inference predict model=textembed/all-MiniLM-L6-v2 inputs=1
2026-09-17T01:32:15.165993Z DEBUG panoptikon::inferio::http: processing local inference predict model=textembed/all-MiniLM-L6-v2 inputs=1
2026-09-17T01:32:15.166156Z DEBUG panoptikon::inferio::http: processing local inference predict model=textembed/all-MiniLM-L6-v2 inputs=1
2026-09-17T01:32:15.166300Z DEBUG panoptikon::inferio::http: processing local inference predict model=textembed/all-MiniLM-L6-v2 inputs=1
2026-09-17T01:32:15.167030Z DEBUG panoptikon::inferio::http: processing local inference predict model=textembed/all-MiniLM-L6-v2 inputs=1
2026-09-17T01:32:15.166374Z DEBUG panoptikon::inferio::http: processing local inference predict model=textembed/all-MiniLM-L6-v2 inputs=1
2026-09-17T01:32:15.166909Z DEBUG panoptikon::inferio::http: processing local inference predict model=textembed/all-MiniLM-L6-v2 inputs=1
2026-09-17T01:32:15.166940Z DEBUG panoptikon::inferio::http: processing local inference predict model=textembed/all-MiniLM-L6-v2 inputs=1
2026-09-17T01:32:15.166955Z DEBUG panoptikon::inferio::http: processing local inference predict model=textembed/all-MiniLM-L6-v2 inputs=1
2026-09-17T01:32:15.166967Z DEBUG panoptikon::inferio::http: processing local inference predict model=textembed/all-MiniLM-L6-v2 inputs=1
2026-09-17T01:32:15.166319Z DEBUG panoptikon::inferio::http: processing local inference predict model=textembed/all-MiniLM-L6-v2 inputs=1
2026-09-17T01:32:15.167034Z DEBUG panoptikon::inferio::http: processing local inference predict model=textembed/all-MiniLM-L6-v2 inputs=1
2026-09-17T01:32:15.167107Z DEBUG panoptikon::inferio::http: processing local inference predict model=textembed/all-MiniLM-L6-v2 inputs=1
2026-09-17T01:32:15.633362Z  INFO panoptikon::inferio::worker: Batches:   0%|          | 0/1 [00:00<?, ?it/s]Batches: 100%|██████████| 1/1 [00:00<00:00,  2.19it/s]Batches: 100%|██████████| 1/1 [00:00<00:00,  2.19it/s] worker=sentence_transformers
2026-09-17T01:32:15.635605Z DEBUG panoptikon::inferio::ledger: queued a calibration profile update for the store model=textembed/all-MiniLM-L6-v2 gpu=CPU reason="anchor_advanced" max_units_measured=0 fit_version=0
2026-09-17T01:32:15.635770Z DEBUG panoptikon::inferio::ledger: settled a granted window model=textembed/all-MiniLM-L6-v2 gpu=CPU outcome="clean" fit_samples=1 throughput_samples=0 clamped_samples=0 clamped=none ramp_step=0 deflation=0 clean_windows=1 max_units_measured=59
2026-09-17T01:32:15.635946Z DEBUG panoptikon::inferio::ledger: issued a memory grant model=textembed/all-MiniLM-L6-v2 gpu=CPU unit_budget=118 mb=85611 canvas_pixels=none share_mb=85611 room_mb=85611 headroom_mb=85561 external_mb=41794 reserve_mb=1024 reserve_rule="capped_default" pre_fit=true ramp_step=0 deflation=0 squeezed=false window_requests=8
2026-09-17T01:32:15.637689Z  INFO panoptikon::inferio::calibration: wrote the local calibration store path=data/inferio/calibration.toml profiles=2
2026-09-17T01:32:15.640964Z DEBUG panoptikon::inferio::http: processing local inference predict model=textembed/all-MiniLM-L6-v2 inputs=1
2026-09-17T01:32:15.673389Z DEBUG panoptikon::inferio::http: processing local inference predict model=textembed/all-MiniLM-L6-v2 inputs=1
2026-09-17T01:32:15.673414Z DEBUG panoptikon::inferio::http: processing local inference predict model=textembed/all-MiniLM-L6-v2 inputs=1
2026-09-17T01:32:15.673457Z DEBUG panoptikon::inferio::http: processing local inference predict model=textembed/all-MiniLM-L6-v2 inputs=1
2026-09-17T01:32:15.674408Z DEBUG panoptikon::inferio::http: processing local inference predict model=textembed/all-MiniLM-L6-v2 inputs=1
2026-09-17T01:32:15.674614Z DEBUG panoptikon::inferio::http: processing local inference predict model=textembed/all-MiniLM-L6-v2 inputs=1
2026-09-17T01:32:15.674525Z DEBUG panoptikon::inferio::http: processing local inference predict model=textembed/all-MiniLM-L6-v2 inputs=1
2026-09-17T01:32:15.674535Z DEBUG panoptikon::inferio::http: processing local inference predict model=textembed/all-MiniLM-L6-v2 inputs=1
2026-09-17T01:32:15.674545Z DEBUG panoptikon::inferio::http: processing local inference predict model=textembed/all-MiniLM-L6-v2 inputs=1
2026-09-17T01:32:15.674975Z DEBUG panoptikon::inferio::http: processing local inference predict model=textembed/all-MiniLM-L6-v2 inputs=1
2026-09-17T01:32:15.675119Z DEBUG panoptikon::inferio::http: processing local inference predict model=textembed/all-MiniLM-L6-v2 inputs=1
2026-09-17T01:32:15.674563Z DEBUG panoptikon::inferio::http: processing local inference predict model=textembed/all-MiniLM-L6-v2 inputs=1
2026-09-17T01:32:15.674580Z DEBUG panoptikon::inferio::http: processing local inference predict model=textembed/all-MiniLM-L6-v2 inputs=1
2026-09-17T01:32:15.674499Z DEBUG panoptikon::inferio::http: processing local inference predict model=textembed/all-MiniLM-L6-v2 inputs=1
2026-09-17T01:32:15.675355Z DEBUG panoptikon::inferio::http: processing local inference predict model=textembed/all-MiniLM-L6-v2 inputs=1
2026-09-17T01:32:15.674820Z DEBUG panoptikon::inferio::http: processing local inference predict model=textembed/all-MiniLM-L6-v2 inputs=1
2026-09-17T01:32:15.674826Z DEBUG panoptikon::inferio::http: processing local inference predict model=textembed/all-MiniLM-L6-v2 inputs=1
2026-09-17T01:32:15.674936Z DEBUG panoptikon::inferio::http: processing local inference predict model=textembed/all-MiniLM-L6-v2 inputs=1
2026-09-17T01:32:15.675772Z DEBUG panoptikon::inferio::http: processing local inference predict model=textembed/all-MiniLM-L6-v2 inputs=1
2026-09-17T01:32:15.675834Z DEBUG panoptikon::inferio::http: processing local inference predict model=textembed/all-MiniLM-L6-v2 inputs=1
2026-09-17T01:32:15.674963Z DEBUG panoptikon::inferio::http: processing local inference predict model=textembed/all-MiniLM-L6-v2 inputs=1
2026-09-17T01:32:15.676005Z DEBUG panoptikon::inferio::http: processing local inference predict model=textembed/all-MiniLM-L6-v2 inputs=1
2026-09-17T01:32:15.676046Z DEBUG panoptikon::inferio::http: processing local inference predict model=textembed/all-MiniLM-L6-v2 inputs=1
2026-09-17T01:32:15.675001Z DEBUG panoptikon::inferio::http: processing local inference predict model=textembed/all-MiniLM-L6-v2 inputs=1
2026-09-17T01:32:15.674553Z DEBUG panoptikon::inferio::http: processing local inference predict model=textembed/all-MiniLM-L6-v2 inputs=1
2026-09-17T01:32:15.675040Z DEBUG panoptikon::inferio::http: processing local inference predict model=textembed/all-MiniLM-L6-v2 inputs=1
2026-09-17T01:32:15.674569Z DEBUG panoptikon::inferio::http: processing local inference predict model=textembed/all-MiniLM-L6-v2 inputs=1
2026-09-17T01:32:15.674785Z DEBUG panoptikon::inferio::http: processing local inference predict model=textembed/all-MiniLM-L6-v2 inputs=1
2026-09-17T01:32:15.675383Z DEBUG panoptikon::inferio::http: processing local inference predict model=textembed/all-MiniLM-L6-v2 inputs=1
2026-09-17T01:32:15.675435Z DEBUG panoptikon::inferio::http: processing local inference predict model=textembed/all-MiniLM-L6-v2 inputs=1
2026-09-17T01:32:15.675467Z DEBUG panoptikon::inferio::http: processing local inference predict model=textembed/all-MiniLM-L6-v2 inputs=1
2026-09-17T01:32:15.675482Z DEBUG panoptikon::inferio::http: processing local inference predict model=textembed/all-MiniLM-L6-v2 inputs=1
2026-09-17T01:32:15.675534Z DEBUG panoptikon::inferio::http: processing local inference predict model=textembed/all-MiniLM-L6-v2 inputs=1
2026-09-17T01:32:15.676939Z DEBUG panoptikon::inferio::http: processing local inference predict model=textembed/all-MiniLM-L6-v2 inputs=1
2026-09-17T01:32:15.675704Z DEBUG panoptikon::inferio::http: processing local inference predict model=textembed/all-MiniLM-L6-v2 inputs=1
2026-09-17T01:32:15.674943Z DEBUG panoptikon::inferio::http: processing local inference predict model=textembed/all-MiniLM-L6-v2 inputs=1
2026-09-17T01:32:15.675802Z DEBUG panoptikon::inferio::http: processing local inference predict model=textembed/all-MiniLM-L6-v2 inputs=1
2026-09-17T01:32:15.677259Z DEBUG panoptikon::inferio::http: processing local inference predict model=textembed/all-MiniLM-L6-v2 inputs=1
2026-09-17T01:32:15.674953Z DEBUG panoptikon::inferio::http: processing local inference predict model=textembed/all-MiniLM-L6-v2 inputs=1
2026-09-17T01:32:15.674970Z DEBUG panoptikon::inferio::http: processing local inference predict model=textembed/all-MiniLM-L6-v2 inputs=1
2026-09-17T01:32:15.674985Z DEBUG panoptikon::inferio::http: processing local inference predict model=textembed/all-MiniLM-L6-v2 inputs=1
2026-09-17T01:32:15.676061Z DEBUG panoptikon::inferio::http: processing local inference predict model=textembed/all-MiniLM-L6-v2 inputs=1
2026-09-17T01:32:15.676209Z DEBUG panoptikon::inferio::http: processing local inference predict model=textembed/all-MiniLM-L6-v2 inputs=1
2026-09-17T01:32:15.676211Z DEBUG panoptikon::inferio::http: processing local inference predict model=textembed/all-MiniLM-L6-v2 inputs=1
2026-09-17T01:32:15.676230Z DEBUG panoptikon::inferio::http: processing local inference predict model=textembed/all-MiniLM-L6-v2 inputs=1
2026-09-17T01:32:15.676623Z DEBUG panoptikon::inferio::http: processing local inference predict model=textembed/all-MiniLM-L6-v2 inputs=1
2026-09-17T01:32:15.676691Z DEBUG panoptikon::inferio::http: processing local inference predict model=textembed/all-MiniLM-L6-v2 inputs=1
2026-09-17T01:32:15.676699Z DEBUG panoptikon::inferio::http: processing local inference predict model=textembed/all-MiniLM-L6-v2 inputs=1
2026-09-17T01:32:15.676700Z DEBUG panoptikon::inferio::http: processing local inference predict model=textembed/all-MiniLM-L6-v2 inputs=1
2026-09-17T01:32:15.676708Z DEBUG panoptikon::inferio::http: processing local inference predict model=textembed/all-MiniLM-L6-v2 inputs=1
2026-09-17T01:32:15.676742Z DEBUG panoptikon::inferio::http: processing local inference predict model=textembed/all-MiniLM-L6-v2 inputs=1
2026-09-17T01:32:15.676788Z DEBUG panoptikon::inferio::http: processing local inference predict model=textembed/all-MiniLM-L6-v2 inputs=1
2026-09-17T01:32:15.676799Z DEBUG panoptikon::inferio::http: processing local inference predict model=textembed/all-MiniLM-L6-v2 inputs=1
2026-09-17T01:32:15.676873Z DEBUG panoptikon::inferio::http: processing local inference predict model=textembed/all-MiniLM-L6-v2 inputs=1
2026-09-17T01:32:15.675567Z DEBUG panoptikon::inferio::http: processing local inference predict model=textembed/all-MiniLM-L6-v2 inputs=1
2026-09-17T01:32:15.677012Z DEBUG panoptikon::inferio::http: processing local inference predict model=textembed/all-MiniLM-L6-v2 inputs=1
2026-09-17T01:32:15.677014Z DEBUG panoptikon::inferio::http: processing local inference predict model=textembed/all-MiniLM-L6-v2 inputs=1
2026-09-17T01:32:15.677106Z DEBUG panoptikon::inferio::http: processing local inference predict model=textembed/all-MiniLM-L6-v2 inputs=1
2026-09-17T01:32:15.677140Z DEBUG panoptikon::inferio::http: processing local inference predict model=textembed/all-MiniLM-L6-v2 inputs=1
2026-09-17T01:32:15.677143Z DEBUG panoptikon::inferio::http: processing local inference predict model=textembed/all-MiniLM-L6-v2 inputs=1
2026-09-17T01:32:15.677307Z DEBUG panoptikon::inferio::http: processing local inference predict model=textembed/all-MiniLM-L6-v2 inputs=1
2026-09-17T01:32:15.675823Z DEBUG panoptikon::inferio::http: processing local inference predict model=textembed/all-MiniLM-L6-v2 inputs=1
2026-09-17T01:32:15.677434Z DEBUG panoptikon::inferio::http: processing local inference predict model=textembed/all-MiniLM-L6-v2 inputs=1
2026-09-17T01:32:15.677457Z DEBUG panoptikon::inferio::http: processing local inference predict model=textembed/all-MiniLM-L6-v2 inputs=1
2026-09-17T01:32:15.677518Z DEBUG panoptikon::inferio::http: processing local inference predict model=textembed/all-MiniLM-L6-v2 inputs=1
2026-09-17T01:32:15.693907Z DEBUG panoptikon::inferio::http: processing local inference predict model=textembed/all-MiniLM-L6-v2 inputs=1
2026-09-17T01:32:15.693928Z DEBUG panoptikon::inferio::http: processing local inference predict model=textembed/all-MiniLM-L6-v2 inputs=1
2026-09-17T01:32:15.693934Z DEBUG panoptikon::inferio::http: processing local inference predict model=textembed/all-MiniLM-L6-v2 inputs=1
2026-09-17T01:32:15.693981Z DEBUG panoptikon::inferio::http: processing local inference predict model=textembed/all-MiniLM-L6-v2 inputs=1
2026-09-17T01:32:15.693987Z DEBUG panoptikon::inferio::http: processing local inference predict model=textembed/all-MiniLM-L6-v2 inputs=1
2026-09-17T01:32:15.694460Z DEBUG panoptikon::inferio::http: processing local inference predict model=textembed/all-MiniLM-L6-v2 inputs=1
2026-09-17T01:32:15.694047Z DEBUG panoptikon::inferio::http: processing local inference predict model=textembed/all-MiniLM-L6-v2 inputs=1
2026-09-17T01:32:15.694071Z DEBUG panoptikon::inferio::http: processing local inference predict model=textembed/all-MiniLM-L6-v2 inputs=1
2026-09-17T01:32:15.694197Z DEBUG panoptikon::inferio::http: processing local inference predict model=textembed/all-MiniLM-L6-v2 inputs=1
2026-09-17T01:32:15.694231Z DEBUG panoptikon::inferio::http: processing local inference predict model=textembed/all-MiniLM-L6-v2 inputs=1
2026-09-17T01:32:15.694371Z DEBUG panoptikon::inferio::http: processing local inference predict model=textembed/all-MiniLM-L6-v2 inputs=1
2026-09-17T01:32:15.694034Z DEBUG panoptikon::inferio::http: processing local inference predict model=textembed/all-MiniLM-L6-v2 inputs=1
2026-09-17T01:32:15.697474Z DEBUG panoptikon::inferio::http: processing local inference predict model=textembed/all-MiniLM-L6-v2 inputs=1
2026-09-17T01:32:15.697741Z DEBUG panoptikon::inferio::http: processing local inference predict model=textembed/all-MiniLM-L6-v2 inputs=1
2026-09-17T01:32:15.697867Z DEBUG panoptikon::inferio::http: processing local inference predict model=textembed/all-MiniLM-L6-v2 inputs=1
2026-09-17T01:32:15.697939Z DEBUG panoptikon::inferio::http: processing local inference predict model=textembed/all-MiniLM-L6-v2 inputs=1
2026-09-17T01:32:15.697966Z DEBUG panoptikon::inferio::http: processing local inference predict model=textembed/all-MiniLM-L6-v2 inputs=1
2026-09-17T01:32:15.698015Z DEBUG panoptikon::inferio::http: processing local inference predict model=textembed/all-MiniLM-L6-v2 inputs=1
2026-09-17T01:32:15.698274Z DEBUG panoptikon::inferio::http: processing local inference predict model=textembed/all-MiniLM-L6-v2 inputs=1
2026-09-17T01:32:15.698294Z DEBUG panoptikon::inferio::http: processing local inference predict model=textembed/all-MiniLM-L6-v2 inputs=1
2026-09-17T01:32:15.698321Z DEBUG panoptikon::inferio::http: processing local inference predict model=textembed/all-MiniLM-L6-v2 inputs=1
2026-09-17T01:32:15.698389Z DEBUG panoptikon::inferio::http: processing local inference predict model=textembed/all-MiniLM-L6-v2 inputs=1
2026-09-17T01:32:15.698563Z DEBUG panoptikon::inferio::http: processing local inference predict model=textembed/all-MiniLM-L6-v2 inputs=1
2026-09-17T01:32:15.698415Z DEBUG panoptikon::inferio::http: processing local inference predict model=textembed/all-MiniLM-L6-v2 inputs=1
2026-09-17T01:32:15.698569Z DEBUG panoptikon::inferio::http: processing local inference predict model=textembed/all-MiniLM-L6-v2 inputs=1
2026-09-17T01:32:15.698634Z DEBUG panoptikon::inferio::http: processing local inference predict model=textembed/all-MiniLM-L6-v2 inputs=1
2026-09-17T01:32:15.698871Z DEBUG panoptikon::inferio::http: processing local inference predict model=textembed/all-MiniLM-L6-v2 inputs=1
2026-09-17T01:32:15.698936Z DEBUG panoptikon::inferio::http: processing local inference predict model=textembed/all-MiniLM-L6-v2 inputs=1
2026-09-17T01:32:15.698938Z DEBUG panoptikon::inferio::http: processing local inference predict model=textembed/all-MiniLM-L6-v2 inputs=1
2026-09-17T01:32:15.699012Z DEBUG panoptikon::inferio::http: processing local inference predict model=textembed/all-MiniLM-L6-v2 inputs=1
2026-09-17T01:32:15.698788Z DEBUG panoptikon::inferio::http: processing local inference predict model=textembed/all-MiniLM-L6-v2 inputs=1
2026-09-17T01:32:15.699130Z DEBUG panoptikon::inferio::http: processing local inference predict model=textembed/all-MiniLM-L6-v2 inputs=1
2026-09-17T01:32:15.699268Z DEBUG panoptikon::inferio::http: processing local inference predict model=textembed/all-MiniLM-L6-v2 inputs=1
2026-09-17T01:32:15.699283Z DEBUG panoptikon::inferio::http: processing local inference predict model=textembed/all-MiniLM-L6-v2 inputs=1
2026-09-17T01:32:15.699343Z DEBUG panoptikon::inferio::http: processing local inference predict model=textembed/all-MiniLM-L6-v2 inputs=1
2026-09-17T01:32:15.699451Z DEBUG panoptikon::inferio::http: processing local inference predict model=textembed/all-MiniLM-L6-v2 inputs=1
2026-09-17T01:32:15.706268Z DEBUG panoptikon::inferio::http: processing local inference predict model=textembed/all-MiniLM-L6-v2 inputs=1
2026-09-17T01:32:15.706296Z DEBUG panoptikon::inferio::http: processing local inference predict model=textembed/all-MiniLM-L6-v2 inputs=1
2026-09-17T01:32:15.699478Z DEBUG panoptikon::inferio::http: processing local inference predict model=textembed/all-MiniLM-L6-v2 inputs=1
2026-09-17T01:32:15.699164Z DEBUG panoptikon::inferio::http: processing local inference predict model=textembed/all-MiniLM-L6-v2 inputs=1
2026-09-17T01:32:15.699643Z DEBUG panoptikon::inferio::http: processing local inference predict model=textembed/all-MiniLM-L6-v2 inputs=1
2026-09-17T01:32:15.699673Z DEBUG panoptikon::inferio::http: processing local inference predict model=textembed/all-MiniLM-L6-v2 inputs=1
2026-09-17T01:32:15.699701Z DEBUG panoptikon::inferio::http: processing local inference predict model=textembed/all-MiniLM-L6-v2 inputs=1
2026-09-17T01:32:15.699713Z DEBUG panoptikon::inferio::http: processing local inference predict model=textembed/all-MiniLM-L6-v2 inputs=1
2026-09-17T01:32:15.699711Z DEBUG panoptikon::inferio::http: processing local inference predict model=textembed/all-MiniLM-L6-v2 inputs=1
2026-09-17T01:32:15.699719Z DEBUG panoptikon::inferio::http: processing local inference predict model=textembed/all-MiniLM-L6-v2 inputs=1
2026-09-17T01:32:15.699722Z DEBUG panoptikon::inferio::http: processing local inference predict model=textembed/all-MiniLM-L6-v2 inputs=1
2026-09-17T01:32:15.699754Z DEBUG panoptikon::inferio::http: processing local inference predict model=textembed/all-MiniLM-L6-v2 inputs=1
2026-09-17T01:32:15.699814Z DEBUG panoptikon::inferio::http: processing local inference predict model=textembed/all-MiniLM-L6-v2 inputs=1
2026-09-17T01:32:15.699843Z DEBUG panoptikon::inferio::http: processing local inference predict model=textembed/all-MiniLM-L6-v2 inputs=1
2026-09-17T01:32:15.699920Z DEBUG panoptikon::inferio::http: processing local inference predict model=textembed/all-MiniLM-L6-v2 inputs=1
2026-09-17T01:32:15.699927Z DEBUG panoptikon::inferio::http: processing local inference predict model=textembed/all-MiniLM-L6-v2 inputs=1
2026-09-17T01:32:15.699928Z DEBUG panoptikon::inferio::http: processing local inference predict model=textembed/all-MiniLM-L6-v2 inputs=1
2026-09-17T01:32:15.699931Z DEBUG panoptikon::inferio::http: processing local inference predict model=textembed/all-MiniLM-L6-v2 inputs=1
2026-09-17T01:32:15.699947Z DEBUG panoptikon::inferio::http: processing local inference predict model=textembed/all-MiniLM-L6-v2 inputs=1
2026-09-17T01:32:15.699966Z DEBUG panoptikon::inferio::http: processing local inference predict model=textembed/all-MiniLM-L6-v2 inputs=1
2026-09-17T01:32:15.700015Z DEBUG panoptikon::inferio::http: processing local inference predict model=textembed/all-MiniLM-L6-v2 inputs=1
2026-09-17T01:32:15.700025Z DEBUG panoptikon::inferio::http: processing local inference predict model=textembed/all-MiniLM-L6-v2 inputs=1
2026-09-17T01:32:15.700159Z DEBUG panoptikon::inferio::http: processing local inference predict model=textembed/all-MiniLM-L6-v2 inputs=1
2026-09-17T01:32:15.700187Z DEBUG panoptikon::inferio::http: processing local inference predict model=textembed/all-MiniLM-L6-v2 inputs=1
2026-09-17T01:32:15.700205Z DEBUG panoptikon::inferio::http: processing local inference predict model=textembed/all-MiniLM-L6-v2 inputs=1
2026-09-17T01:32:15.702906Z DEBUG panoptikon::inferio::http: processing local inference predict model=textembed/all-MiniLM-L6-v2 inputs=1
2026-09-17T01:32:15.703010Z DEBUG panoptikon::inferio::http: processing local inference predict model=textembed/all-MiniLM-L6-v2 inputs=1
2026-09-17T01:32:15.706362Z DEBUG panoptikon::inferio::http: processing local inference predict model=textembed/all-MiniLM-L6-v2 inputs=1
2026-09-17T01:32:15.712120Z DEBUG panoptikon::inferio::http: processing local inference predict model=textembed/all-MiniLM-L6-v2 inputs=1
2026-09-17T01:32:15.712134Z DEBUG panoptikon::inferio::http: processing local inference predict model=textembed/all-MiniLM-L6-v2 inputs=1
2026-09-17T01:32:15.712279Z DEBUG panoptikon::inferio::http: processing local inference predict model=textembed/all-MiniLM-L6-v2 inputs=1
2026-09-17T01:32:15.712947Z DEBUG panoptikon::inferio::http: processing local inference predict model=textembed/all-MiniLM-L6-v2 inputs=1
2026-09-17T01:32:15.714678Z DEBUG panoptikon::inferio::http: processing local inference predict model=textembed/all-MiniLM-L6-v2 inputs=1
2026-09-17T01:32:15.714986Z DEBUG panoptikon::inferio::http: processing local inference predict model=textembed/all-MiniLM-L6-v2 inputs=1
2026-09-17T01:32:15.715070Z DEBUG panoptikon::inferio::http: processing local inference predict model=textembed/all-MiniLM-L6-v2 inputs=1
2026-09-17T01:32:15.715259Z DEBUG panoptikon::inferio::http: processing local inference predict model=textembed/all-MiniLM-L6-v2 inputs=1
2026-09-17T01:32:15.715102Z DEBUG panoptikon::inferio::http: processing local inference predict model=textembed/all-MiniLM-L6-v2 inputs=1
2026-09-17T01:32:15.715365Z DEBUG panoptikon::inferio::http: processing local inference predict model=textembed/all-MiniLM-L6-v2 inputs=1
2026-09-17T01:32:15.715518Z DEBUG panoptikon::inferio::http: processing local inference predict model=textembed/all-MiniLM-L6-v2 inputs=1
2026-09-17T01:32:15.715585Z DEBUG panoptikon::inferio::http: processing local inference predict model=textembed/all-MiniLM-L6-v2 inputs=1
2026-09-17T01:32:15.715616Z DEBUG panoptikon::inferio::http: processing local inference predict model=textembed/all-MiniLM-L6-v2 inputs=1
2026-09-17T01:32:15.715186Z DEBUG panoptikon::inferio::http: processing local inference predict model=textembed/all-MiniLM-L6-v2 inputs=1
2026-09-17T01:32:15.715979Z DEBUG panoptikon::inferio::http: processing local inference predict model=textembed/all-MiniLM-L6-v2 inputs=1
2026-09-17T01:32:15.715675Z DEBUG panoptikon::inferio::http: processing local inference predict model=textembed/all-MiniLM-L6-v2 inputs=1
2026-09-17T01:32:15.716167Z DEBUG panoptikon::inferio::http: processing local inference predict model=textembed/all-MiniLM-L6-v2 inputs=1
2026-09-17T01:32:15.715273Z DEBUG panoptikon::inferio::http: processing local inference predict model=textembed/all-MiniLM-L6-v2 inputs=1
2026-09-17T01:32:15.716419Z DEBUG panoptikon::inferio::http: processing local inference predict model=textembed/all-MiniLM-L6-v2 inputs=1
2026-09-17T01:32:15.715773Z DEBUG panoptikon::inferio::http: processing local inference predict model=textembed/all-MiniLM-L6-v2 inputs=1
2026-09-17T01:32:15.716671Z DEBUG panoptikon::inferio::http: processing local inference predict model=textembed/all-MiniLM-L6-v2 inputs=1
2026-09-17T01:32:15.716771Z DEBUG panoptikon::inferio::http: processing local inference predict model=textembed/all-MiniLM-L6-v2 inputs=1
2026-09-17T01:32:15.716852Z DEBUG panoptikon::inferio::http: processing local inference predict model=textembed/all-MiniLM-L6-v2 inputs=1
2026-09-17T01:32:15.715885Z DEBUG panoptikon::inferio::http: processing local inference predict model=textembed/all-MiniLM-L6-v2 inputs=1
2026-09-17T01:32:15.717386Z DEBUG panoptikon::inferio::http: processing local inference predict model=textembed/all-MiniLM-L6-v2 inputs=1
2026-09-17T01:32:15.717869Z DEBUG panoptikon::inferio::http: processing local inference predict model=textembed/all-MiniLM-L6-v2 inputs=1
2026-09-17T01:32:15.717958Z DEBUG panoptikon::inferio::http: processing local inference predict model=textembed/all-MiniLM-L6-v2 inputs=1
2026-09-17T01:32:15.718038Z DEBUG panoptikon::inferio::http: processing local inference predict model=textembed/all-MiniLM-L6-v2 inputs=1
2026-09-17T01:32:15.716234Z DEBUG panoptikon::inferio::http: processing local inference predict model=textembed/all-MiniLM-L6-v2 inputs=1
2026-09-17T01:32:15.718370Z DEBUG panoptikon::inferio::http: processing local inference predict model=textembed/all-MiniLM-L6-v2 inputs=1
2026-09-17T01:32:15.715702Z DEBUG panoptikon::inferio::http: processing local inference predict model=textembed/all-MiniLM-L6-v2 inputs=1
2026-09-17T01:32:15.716355Z DEBUG panoptikon::inferio::http: processing local inference predict model=textembed/all-MiniLM-L6-v2 inputs=1
2026-09-17T01:32:15.716364Z DEBUG panoptikon::inferio::http: processing local inference predict model=textembed/all-MiniLM-L6-v2 inputs=1
2026-09-17T01:32:15.716362Z DEBUG panoptikon::inferio::http: processing local inference predict model=textembed/all-MiniLM-L6-v2 inputs=1
2026-09-17T01:32:15.716529Z DEBUG panoptikon::inferio::http: processing local inference predict model=textembed/all-MiniLM-L6-v2 inputs=1
2026-09-17T01:32:15.716552Z DEBUG panoptikon::inferio::http: processing local inference predict model=textembed/all-MiniLM-L6-v2 inputs=1
2026-09-17T01:32:15.716547Z DEBUG panoptikon::inferio::http: processing local inference predict model=textembed/all-MiniLM-L6-v2 inputs=1
2026-09-17T01:32:15.716945Z DEBUG panoptikon::inferio::http: processing local inference predict model=textembed/all-MiniLM-L6-v2 inputs=1
2026-09-17T01:32:15.715838Z DEBUG panoptikon::inferio::http: processing local inference predict model=textembed/all-MiniLM-L6-v2 inputs=1
2026-09-17T01:32:15.717034Z DEBUG panoptikon::inferio::http: processing local inference predict model=textembed/all-MiniLM-L6-v2 inputs=1
2026-09-17T01:32:15.717094Z DEBUG panoptikon::inferio::http: processing local inference predict model=textembed/all-MiniLM-L6-v2 inputs=1
2026-09-17T01:32:15.717148Z DEBUG panoptikon::inferio::http: processing local inference predict model=textembed/all-MiniLM-L6-v2 inputs=1
2026-09-17T01:32:15.717216Z DEBUG panoptikon::inferio::http: processing local inference predict model=textembed/all-MiniLM-L6-v2 inputs=1
2026-09-17T01:32:15.717269Z DEBUG panoptikon::inferio::http: processing local inference predict model=textembed/all-MiniLM-L6-v2 inputs=1
2026-09-17T01:32:15.715452Z DEBUG panoptikon::inferio::http: processing local inference predict model=textembed/all-MiniLM-L6-v2 inputs=1
2026-09-17T01:32:15.717471Z DEBUG panoptikon::inferio::http: processing local inference predict model=textembed/all-MiniLM-L6-v2 inputs=1
2026-09-17T01:32:15.717528Z DEBUG panoptikon::inferio::http: processing local inference predict model=textembed/all-MiniLM-L6-v2 inputs=1
2026-09-17T01:32:15.717598Z DEBUG panoptikon::inferio::http: processing local inference predict model=textembed/all-MiniLM-L6-v2 inputs=1
2026-09-17T01:32:15.717675Z DEBUG panoptikon::inferio::http: processing local inference predict model=textembed/all-MiniLM-L6-v2 inputs=1
2026-09-17T01:32:15.717742Z DEBUG panoptikon::inferio::http: processing local inference predict model=textembed/all-MiniLM-L6-v2 inputs=1
2026-09-17T01:32:15.715384Z DEBUG panoptikon::inferio::http: processing local inference predict model=textembed/all-MiniLM-L6-v2 inputs=1
2026-09-17T01:32:15.718127Z DEBUG panoptikon::inferio::http: processing local inference predict model=textembed/all-MiniLM-L6-v2 inputs=1
2026-09-17T01:32:15.718180Z DEBUG panoptikon::inferio::http: processing local inference predict model=textembed/all-MiniLM-L6-v2 inputs=1
2026-09-17T01:32:15.718265Z DEBUG panoptikon::inferio::http: processing local inference predict model=textembed/all-MiniLM-L6-v2 inputs=1
2026-09-17T01:32:15.718429Z DEBUG panoptikon::inferio::http: processing local inference predict model=textembed/all-MiniLM-L6-v2 inputs=1
2026-09-17T01:32:15.718458Z DEBUG panoptikon::inferio::http: processing local inference predict model=textembed/all-MiniLM-L6-v2 inputs=1
2026-09-17T01:32:15.718535Z DEBUG panoptikon::inferio::http: processing local inference predict model=textembed/all-MiniLM-L6-v2 inputs=1
2026-09-17T01:32:15.716261Z DEBUG panoptikon::inferio::http: processing local inference predict model=textembed/all-MiniLM-L6-v2 inputs=1
2026-09-17T01:32:15.718734Z DEBUG panoptikon::inferio::http: processing local inference predict model=textembed/all-MiniLM-L6-v2 inputs=1
2026-09-17T01:32:15.718802Z DEBUG panoptikon::inferio::http: processing local inference predict model=textembed/all-MiniLM-L6-v2 inputs=1
2026-09-17T01:32:15.718870Z DEBUG panoptikon::inferio::http: processing local inference predict model=textembed/all-MiniLM-L6-v2 inputs=1
2026-09-17T01:32:15.718886Z DEBUG panoptikon::inferio::http: processing local inference predict model=textembed/all-MiniLM-L6-v2 inputs=1
2026-09-17T01:32:15.718923Z DEBUG panoptikon::inferio::http: processing local inference predict model=textembed/all-MiniLM-L6-v2 inputs=1
2026-09-17T01:32:15.718939Z DEBUG panoptikon::inferio::http: processing local inference predict model=textembed/all-MiniLM-L6-v2 inputs=1
2026-09-17T01:32:15.733165Z DEBUG panoptikon::inferio::http: processing local inference predict model=textembed/all-MiniLM-L6-v2 inputs=1
2026-09-17T01:32:15.733936Z DEBUG panoptikon::inferio::http: processing local inference predict model=textembed/all-MiniLM-L6-v2 inputs=1
2026-09-17T01:32:15.734054Z DEBUG panoptikon::inferio::http: processing local inference predict model=textembed/all-MiniLM-L6-v2 inputs=1
2026-09-17T01:32:15.734064Z DEBUG panoptikon::inferio::http: processing local inference predict model=textembed/all-MiniLM-L6-v2 inputs=1
2026-09-17T01:32:15.734185Z DEBUG panoptikon::inferio::http: processing local inference predict model=textembed/all-MiniLM-L6-v2 inputs=1
2026-09-17T01:32:15.734398Z DEBUG panoptikon::inferio::http: processing local inference predict model=textembed/all-MiniLM-L6-v2 inputs=1
2026-09-17T01:32:15.734403Z DEBUG panoptikon::inferio::http: processing local inference predict model=textembed/all-MiniLM-L6-v2 inputs=1
2026-09-17T01:32:15.734527Z DEBUG panoptikon::inferio::http: processing local inference predict model=textembed/all-MiniLM-L6-v2 inputs=1
2026-09-17T01:32:15.734671Z DEBUG panoptikon::inferio::http: processing local inference predict model=textembed/all-MiniLM-L6-v2 inputs=1
2026-09-17T01:32:15.734712Z DEBUG panoptikon::inferio::http: processing local inference predict model=textembed/all-MiniLM-L6-v2 inputs=1
2026-09-17T01:32:15.735394Z DEBUG panoptikon::inferio::http: processing local inference predict model=textembed/all-MiniLM-L6-v2 inputs=1
2026-09-17T01:32:15.735462Z DEBUG panoptikon::inferio::http: processing local inference predict model=textembed/all-MiniLM-L6-v2 inputs=1
2026-09-17T01:32:15.735602Z DEBUG panoptikon::inferio::http: processing local inference predict model=textembed/all-MiniLM-L6-v2 inputs=1
2026-09-17T01:32:15.736886Z DEBUG panoptikon::inferio::http: processing local inference predict model=textembed/all-MiniLM-L6-v2 inputs=1
2026-09-17T01:32:15.739621Z DEBUG panoptikon::inferio::http: processing local inference predict model=textembed/all-MiniLM-L6-v2 inputs=1
2026-09-17T01:32:15.740158Z DEBUG panoptikon::inferio::http: processing local inference predict model=textembed/all-MiniLM-L6-v2 inputs=1
2026-09-17T01:32:15.739701Z DEBUG panoptikon::inferio::http: processing local inference predict model=textembed/all-MiniLM-L6-v2 inputs=1
2026-09-17T01:32:15.740572Z DEBUG panoptikon::inferio::http: processing local inference predict model=textembed/all-MiniLM-L6-v2 inputs=1
2026-09-17T01:32:15.740637Z DEBUG panoptikon::inferio::http: processing local inference predict model=textembed/all-MiniLM-L6-v2 inputs=1
2026-09-17T01:32:15.740855Z DEBUG panoptikon::inferio::http: processing local inference predict model=textembed/all-MiniLM-L6-v2 inputs=1
2026-09-17T01:32:15.740902Z DEBUG panoptikon::inferio::http: processing local inference predict model=textembed/all-MiniLM-L6-v2 inputs=1
2026-09-17T01:32:15.740968Z DEBUG panoptikon::inferio::http: processing local inference predict model=textembed/all-MiniLM-L6-v2 inputs=1
2026-09-17T01:32:15.739965Z DEBUG panoptikon::inferio::http: processing local inference predict model=textembed/all-MiniLM-L6-v2 inputs=1
2026-09-17T01:32:15.741594Z DEBUG panoptikon::inferio::http: processing local inference predict model=textembed/all-MiniLM-L6-v2 inputs=1
2026-09-17T01:32:15.739839Z DEBUG panoptikon::inferio::http: processing local inference predict model=textembed/all-MiniLM-L6-v2 inputs=1
2026-09-17T01:32:15.741857Z DEBUG panoptikon::inferio::http: processing local inference predict model=textembed/all-MiniLM-L6-v2 inputs=1
2026-09-17T01:32:15.741973Z DEBUG panoptikon::inferio::http: processing local inference predict model=textembed/all-MiniLM-L6-v2 inputs=1
2026-09-17T01:32:15.742608Z DEBUG panoptikon::inferio::http: processing local inference predict model=textembed/all-MiniLM-L6-v2 inputs=1
2026-09-17T01:32:15.742671Z DEBUG panoptikon::inferio::http: processing local inference predict model=textembed/all-MiniLM-L6-v2 inputs=1
2026-09-17T01:32:15.743185Z DEBUG panoptikon::inferio::http: processing local inference predict model=textembed/all-MiniLM-L6-v2 inputs=1
2026-09-17T01:32:15.743271Z DEBUG panoptikon::inferio::http: processing local inference predict model=textembed/all-MiniLM-L6-v2 inputs=1
2026-09-17T01:32:15.743423Z DEBUG panoptikon::inferio::http: processing local inference predict model=textembed/all-MiniLM-L6-v2 inputs=1
2026-09-17T01:32:15.739943Z DEBUG panoptikon::inferio::http: processing local inference predict model=textembed/all-MiniLM-L6-v2 inputs=1
2026-09-17T01:32:15.743673Z DEBUG panoptikon::inferio::http: processing local inference predict model=textembed/all-MiniLM-L6-v2 inputs=1
2026-09-17T01:32:15.741677Z DEBUG panoptikon::inferio::http: processing local inference predict model=textembed/all-MiniLM-L6-v2 inputs=1
2026-09-17T01:32:15.739908Z DEBUG panoptikon::inferio::http: processing local inference predict model=textembed/all-MiniLM-L6-v2 inputs=1
2026-09-17T01:32:15.740244Z DEBUG panoptikon::inferio::http: processing local inference predict model=textembed/all-MiniLM-L6-v2 inputs=1
2026-09-17T01:32:15.744053Z DEBUG panoptikon::inferio::http: processing local inference predict model=textembed/all-MiniLM-L6-v2 inputs=1
2026-09-17T01:32:15.742234Z DEBUG panoptikon::inferio::http: processing local inference predict model=textembed/all-MiniLM-L6-v2 inputs=1
2026-09-17T01:32:15.740485Z DEBUG panoptikon::inferio::http: processing local inference predict model=textembed/all-MiniLM-L6-v2 inputs=1
2026-09-17T01:32:15.744307Z DEBUG panoptikon::inferio::http: processing local inference predict model=textembed/all-MiniLM-L6-v2 inputs=1
2026-09-17T01:32:15.744384Z DEBUG panoptikon::inferio::http: processing local inference predict model=textembed/all-MiniLM-L6-v2 inputs=1
2026-09-17T01:32:15.744572Z DEBUG panoptikon::inferio::http: processing local inference predict model=textembed/all-MiniLM-L6-v2 inputs=1
2026-09-17T01:32:15.744630Z DEBUG panoptikon::inferio::http: processing local inference predict model=textembed/all-MiniLM-L6-v2 inputs=1
2026-09-17T01:32:15.744813Z DEBUG panoptikon::inferio::http: processing local inference predict model=textembed/all-MiniLM-L6-v2 inputs=1
2026-09-17T01:32:15.743069Z DEBUG panoptikon::inferio::http: processing local inference predict model=textembed/all-MiniLM-L6-v2 inputs=1
2026-09-17T01:32:15.740768Z DEBUG panoptikon::inferio::http: processing local inference predict model=textembed/all-MiniLM-L6-v2 inputs=1
2026-09-17T01:32:15.743487Z DEBUG panoptikon::inferio::http: processing local inference predict model=textembed/all-MiniLM-L6-v2 inputs=1
2026-09-17T01:32:15.743569Z DEBUG panoptikon::inferio::http: processing local inference predict model=textembed/all-MiniLM-L6-v2 inputs=1
2026-09-17T01:32:15.740163Z DEBUG panoptikon::inferio::http: processing local inference predict model=textembed/all-MiniLM-L6-v2 inputs=1
2026-09-17T01:32:15.743729Z DEBUG panoptikon::inferio::http: processing local inference predict model=textembed/all-MiniLM-L6-v2 inputs=1
2026-09-17T01:32:15.743765Z DEBUG panoptikon::inferio::http: processing local inference predict model=textembed/all-MiniLM-L6-v2 inputs=1
2026-09-17T01:32:15.743837Z DEBUG panoptikon::inferio::http: processing local inference predict model=textembed/all-MiniLM-L6-v2 inputs=1
2026-09-17T01:32:15.743939Z DEBUG panoptikon::inferio::http: processing local inference predict model=textembed/all-MiniLM-L6-v2 inputs=1
2026-09-17T01:32:15.743942Z DEBUG panoptikon::inferio::http: processing local inference predict model=textembed/all-MiniLM-L6-v2 inputs=1
2026-09-17T01:32:15.743957Z DEBUG panoptikon::inferio::http: processing local inference predict model=textembed/all-MiniLM-L6-v2 inputs=1
2026-09-17T01:32:15.743989Z DEBUG panoptikon::inferio::http: processing local inference predict model=textembed/all-MiniLM-L6-v2 inputs=1
2026-09-17T01:32:15.741973Z DEBUG panoptikon::inferio::http: processing local inference predict model=textembed/all-MiniLM-L6-v2 inputs=1
2026-09-17T01:32:15.744116Z DEBUG panoptikon::inferio::http: processing local inference predict model=textembed/all-MiniLM-L6-v2 inputs=1
2026-09-17T01:32:15.744163Z DEBUG panoptikon::inferio::http: processing local inference predict model=textembed/all-MiniLM-L6-v2 inputs=1
2026-09-17T01:32:15.742998Z DEBUG panoptikon::inferio::http: processing local inference predict model=textembed/all-MiniLM-L6-v2 inputs=1
2026-09-17T01:32:15.744472Z DEBUG panoptikon::inferio::http: processing local inference predict model=textembed/all-MiniLM-L6-v2 inputs=1
2026-09-17T01:32:15.740261Z DEBUG panoptikon::inferio::http: processing local inference predict model=textembed/all-MiniLM-L6-v2 inputs=1
2026-09-17T01:32:15.744924Z DEBUG panoptikon::inferio::http: processing local inference predict model=textembed/all-MiniLM-L6-v2 inputs=1
2026-09-17T01:32:15.758362Z DEBUG panoptikon::inferio::http: processing local inference predict model=textembed/all-MiniLM-L6-v2 inputs=1
2026-09-17T01:32:15.763534Z DEBUG panoptikon::inferio::http: processing local inference predict model=textembed/all-MiniLM-L6-v2 inputs=1
2026-09-17T01:32:15.763598Z DEBUG panoptikon::inferio::http: processing local inference predict model=textembed/all-MiniLM-L6-v2 inputs=1
2026-09-17T01:32:15.763795Z DEBUG panoptikon::inferio::http: processing local inference predict model=textembed/all-MiniLM-L6-v2 inputs=1
2026-09-17T01:32:15.763865Z DEBUG panoptikon::inferio::http: processing local inference predict model=textembed/all-MiniLM-L6-v2 inputs=1
2026-09-17T01:32:15.763928Z DEBUG panoptikon::inferio::http: processing local inference predict model=textembed/all-MiniLM-L6-v2 inputs=1
2026-09-17T01:32:15.771176Z DEBUG panoptikon::inferio::http: processing local inference predict model=textembed/all-MiniLM-L6-v2 inputs=1
2026-09-17T01:32:15.771260Z DEBUG panoptikon::inferio::http: processing local inference predict model=textembed/all-MiniLM-L6-v2 inputs=1
2026-09-17T01:32:15.771493Z DEBUG panoptikon::inferio::http: processing local inference predict model=textembed/all-MiniLM-L6-v2 inputs=1
2026-09-17T01:32:15.771565Z DEBUG panoptikon::inferio::http: processing local inference predict model=textembed/all-MiniLM-L6-v2 inputs=1
2026-09-17T01:32:15.771625Z DEBUG panoptikon::inferio::http: processing local inference predict model=textembed/all-MiniLM-L6-v2 inputs=1
2026-09-17T01:32:15.771833Z DEBUG panoptikon::inferio::http: processing local inference predict model=textembed/all-MiniLM-L6-v2 inputs=1
2026-09-17T01:32:15.771898Z DEBUG panoptikon::inferio::http: processing local inference predict model=textembed/all-MiniLM-L6-v2 inputs=1
2026-09-17T01:32:15.772111Z DEBUG panoptikon::inferio::http: processing local inference predict model=textembed/all-MiniLM-L6-v2 inputs=1
2026-09-17T01:32:15.772178Z DEBUG panoptikon::inferio::http: processing local inference predict model=textembed/all-MiniLM-L6-v2 inputs=1
2026-09-17T01:32:15.772240Z DEBUG panoptikon::inferio::http: processing local inference predict model=textembed/all-MiniLM-L6-v2 inputs=1
2026-09-17T01:32:15.772569Z DEBUG panoptikon::inferio::http: processing local inference predict model=textembed/all-MiniLM-L6-v2 inputs=1
2026-09-17T01:32:15.772633Z DEBUG panoptikon::inferio::http: processing local inference predict model=textembed/all-MiniLM-L6-v2 inputs=1
2026-09-17T01:32:15.772839Z DEBUG panoptikon::inferio::http: processing local inference predict model=textembed/all-MiniLM-L6-v2 inputs=1
2026-09-17T01:32:15.772931Z DEBUG panoptikon::inferio::http: processing local inference predict model=textembed/all-MiniLM-L6-v2 inputs=1
2026-09-17T01:32:15.772994Z DEBUG panoptikon::inferio::http: processing local inference predict model=textembed/all-MiniLM-L6-v2 inputs=1
2026-09-17T01:32:15.773204Z DEBUG panoptikon::inferio::http: processing local inference predict model=textembed/all-MiniLM-L6-v2 inputs=1
2026-09-17T01:32:15.773268Z DEBUG panoptikon::inferio::http: processing local inference predict model=textembed/all-MiniLM-L6-v2 inputs=1
2026-09-17T01:32:15.773473Z DEBUG panoptikon::inferio::http: processing local inference predict model=textembed/all-MiniLM-L6-v2 inputs=1
2026-09-17T01:32:15.773536Z DEBUG panoptikon::inferio::http: processing local inference predict model=textembed/all-MiniLM-L6-v2 inputs=1
2026-09-17T01:32:15.773595Z DEBUG panoptikon::inferio::http: processing local inference predict model=textembed/all-MiniLM-L6-v2 inputs=1
2026-09-17T01:32:15.773799Z DEBUG panoptikon::inferio::http: processing local inference predict model=textembed/all-MiniLM-L6-v2 inputs=1
2026-09-17T01:32:15.773915Z DEBUG panoptikon::inferio::http: processing local inference predict model=textembed/all-MiniLM-L6-v2 inputs=1
2026-09-17T01:32:15.774100Z DEBUG panoptikon::inferio::http: processing local inference predict model=textembed/all-MiniLM-L6-v2 inputs=1
2026-09-17T01:32:15.774141Z DEBUG panoptikon::inferio::http: processing local inference predict model=textembed/all-MiniLM-L6-v2 inputs=1
2026-09-17T01:32:15.774179Z DEBUG panoptikon::inferio::http: processing local inference predict model=textembed/all-MiniLM-L6-v2 inputs=1
2026-09-17T01:32:15.774355Z DEBUG panoptikon::inferio::http: processing local inference predict model=textembed/all-MiniLM-L6-v2 inputs=1
2026-09-17T01:32:15.774402Z DEBUG panoptikon::inferio::http: processing local inference predict model=textembed/all-MiniLM-L6-v2 inputs=1
2026-09-17T01:32:15.774577Z DEBUG panoptikon::inferio::http: processing local inference predict model=textembed/all-MiniLM-L6-v2 inputs=1
2026-09-17T01:32:15.774617Z DEBUG panoptikon::inferio::http: processing local inference predict model=textembed/all-MiniLM-L6-v2 inputs=1
2026-09-17T01:32:15.774654Z DEBUG panoptikon::inferio::http: processing local inference predict model=textembed/all-MiniLM-L6-v2 inputs=1
2026-09-17T01:32:15.774830Z DEBUG panoptikon::inferio::http: processing local inference predict model=textembed/all-MiniLM-L6-v2 inputs=1
2026-09-17T01:32:15.774900Z DEBUG panoptikon::inferio::http: processing local inference predict model=textembed/all-MiniLM-L6-v2 inputs=1
2026-09-17T01:32:15.775103Z DEBUG panoptikon::inferio::http: processing local inference predict model=textembed/all-MiniLM-L6-v2 inputs=1
2026-09-17T01:32:15.775167Z DEBUG panoptikon::inferio::http: processing local inference predict model=textembed/all-MiniLM-L6-v2 inputs=1
2026-09-17T01:32:15.775226Z DEBUG panoptikon::inferio::http: processing local inference predict model=textembed/all-MiniLM-L6-v2 inputs=1
2026-09-17T01:32:15.775432Z DEBUG panoptikon::inferio::http: processing local inference predict model=textembed/all-MiniLM-L6-v2 inputs=1
2026-09-17T01:32:15.775494Z DEBUG panoptikon::inferio::http: processing local inference predict model=textembed/all-MiniLM-L6-v2 inputs=1
2026-09-17T01:32:15.775701Z DEBUG panoptikon::inferio::http: processing local inference predict model=textembed/all-MiniLM-L6-v2 inputs=1
2026-09-17T01:32:15.775762Z DEBUG panoptikon::inferio::http: processing local inference predict model=textembed/all-MiniLM-L6-v2 inputs=1
2026-09-17T01:32:15.775821Z DEBUG panoptikon::inferio::http: processing local inference predict model=textembed/all-MiniLM-L6-v2 inputs=1
2026-09-17T01:32:15.776025Z DEBUG panoptikon::inferio::http: processing local inference predict model=textembed/all-MiniLM-L6-v2 inputs=1
2026-09-17T01:32:15.776093Z DEBUG panoptikon::inferio::http: processing local inference predict model=textembed/all-MiniLM-L6-v2 inputs=1
2026-09-17T01:32:15.776344Z DEBUG panoptikon::inferio::http: processing local inference predict model=textembed/all-MiniLM-L6-v2 inputs=1
2026-09-17T01:32:15.776416Z DEBUG panoptikon::inferio::http: processing local inference predict model=textembed/all-MiniLM-L6-v2 inputs=1
2026-09-17T01:32:15.776517Z DEBUG panoptikon::inferio::http: processing local inference predict model=textembed/all-MiniLM-L6-v2 inputs=1
2026-09-17T01:32:15.776284Z DEBUG panoptikon::inferio::http: processing local inference predict model=textembed/all-MiniLM-L6-v2 inputs=1
2026-09-17T01:32:15.776416Z DEBUG panoptikon::inferio::http: processing local inference predict model=textembed/all-MiniLM-L6-v2 inputs=1
2026-09-17T01:32:15.776420Z DEBUG panoptikon::inferio::http: processing local inference predict model=textembed/all-MiniLM-L6-v2 inputs=1
2026-09-17T01:32:15.776985Z DEBUG panoptikon::inferio::http: processing local inference predict model=textembed/all-MiniLM-L6-v2 inputs=1
2026-09-17T01:32:15.777020Z DEBUG panoptikon::inferio::http: processing local inference predict model=textembed/all-MiniLM-L6-v2 inputs=1
2026-09-17T01:32:15.772009Z DEBUG panoptikon::inferio::http: processing local inference predict model=textembed/all-MiniLM-L6-v2 inputs=1
2026-09-17T01:32:15.776519Z DEBUG panoptikon::inferio::http: processing local inference predict model=textembed/all-MiniLM-L6-v2 inputs=1
2026-09-17T01:32:15.776543Z DEBUG panoptikon::inferio::http: processing local inference predict model=textembed/all-MiniLM-L6-v2 inputs=1
2026-09-17T01:32:15.776781Z DEBUG panoptikon::inferio::http: processing local inference predict model=textembed/all-MiniLM-L6-v2 inputs=1
2026-09-17T01:32:15.776857Z DEBUG panoptikon::inferio::http: processing local inference predict model=textembed/all-MiniLM-L6-v2 inputs=1
2026-09-17T01:32:15.776427Z DEBUG panoptikon::inferio::http: processing local inference predict model=textembed/all-MiniLM-L6-v2 inputs=1
2026-09-17T01:32:15.777099Z DEBUG panoptikon::inferio::http: processing local inference predict model=textembed/all-MiniLM-L6-v2 inputs=1
2026-09-17T01:32:15.771946Z DEBUG panoptikon::inferio::http: processing local inference predict model=textembed/all-MiniLM-L6-v2 inputs=1
2026-09-17T01:32:15.799677Z DEBUG panoptikon::inferio::http: processing local inference predict model=textembed/all-MiniLM-L6-v2 inputs=1
2026-09-17T01:32:15.799845Z DEBUG panoptikon::inferio::http: processing local inference predict model=textembed/all-MiniLM-L6-v2 inputs=1
2026-09-17T01:32:15.799857Z DEBUG panoptikon::inferio::http: processing local inference predict model=textembed/all-MiniLM-L6-v2 inputs=1
2026-09-17T01:32:15.799870Z DEBUG panoptikon::inferio::http: processing local inference predict model=textembed/all-MiniLM-L6-v2 inputs=1
2026-09-17T01:32:15.800107Z DEBUG panoptikon::inferio::http: processing local inference predict model=textembed/all-MiniLM-L6-v2 inputs=1
2026-09-17T01:32:15.800152Z DEBUG panoptikon::inferio::http: processing local inference predict model=textembed/all-MiniLM-L6-v2 inputs=1
2026-09-17T01:32:15.800996Z DEBUG panoptikon::inferio::http: processing local inference predict model=textembed/all-MiniLM-L6-v2 inputs=1
2026-09-17T01:32:15.801326Z DEBUG panoptikon::inferio::http: processing local inference predict model=textembed/all-MiniLM-L6-v2 inputs=1
2026-09-17T01:32:15.801612Z DEBUG panoptikon::inferio::http: processing local inference predict model=textembed/all-MiniLM-L6-v2 inputs=1
2026-09-17T01:32:15.801682Z DEBUG panoptikon::inferio::http: processing local inference predict model=textembed/all-MiniLM-L6-v2 inputs=1
2026-09-17T01:32:15.801763Z DEBUG panoptikon::inferio::http: processing local inference predict model=textembed/all-MiniLM-L6-v2 inputs=1
2026-09-17T01:32:15.801929Z DEBUG panoptikon::inferio::http: processing local inference predict model=textembed/all-MiniLM-L6-v2 inputs=1
2026-09-17T01:32:15.801844Z DEBUG panoptikon::inferio::http: processing local inference predict model=textembed/all-MiniLM-L6-v2 inputs=1
2026-09-17T01:32:15.801921Z DEBUG panoptikon::inferio::http: processing local inference predict model=textembed/all-MiniLM-L6-v2 inputs=1
2026-09-17T01:32:15.802207Z DEBUG panoptikon::inferio::http: processing local inference predict model=textembed/all-MiniLM-L6-v2 inputs=1
2026-09-17T01:32:15.801788Z DEBUG panoptikon::inferio::http: processing local inference predict model=textembed/all-MiniLM-L6-v2 inputs=1
2026-09-17T01:32:15.801982Z DEBUG panoptikon::inferio::http: processing local inference predict model=textembed/all-MiniLM-L6-v2 inputs=1
2026-09-17T01:32:15.802668Z DEBUG panoptikon::inferio::http: processing local inference predict model=textembed/all-MiniLM-L6-v2 inputs=1
2026-09-17T01:32:15.802133Z DEBUG panoptikon::inferio::http: processing local inference predict model=textembed/all-MiniLM-L6-v2 inputs=1
2026-09-17T01:32:15.802168Z DEBUG panoptikon::inferio::http: processing local inference predict model=textembed/all-MiniLM-L6-v2 inputs=1
2026-09-17T01:32:15.801938Z DEBUG panoptikon::inferio::http: processing local inference predict model=textembed/all-MiniLM-L6-v2 inputs=1
2026-09-17T01:32:15.802218Z DEBUG panoptikon::inferio::http: processing local inference predict model=textembed/all-MiniLM-L6-v2 inputs=1
2026-09-17T01:32:15.802397Z DEBUG panoptikon::inferio::http: processing local inference predict model=textembed/all-MiniLM-L6-v2 inputs=1
2026-09-17T01:32:15.802545Z DEBUG panoptikon::inferio::http: processing local inference predict model=textembed/all-MiniLM-L6-v2 inputs=1
2026-09-17T01:32:15.802552Z DEBUG panoptikon::inferio::http: processing local inference predict model=textembed/all-MiniLM-L6-v2 inputs=1
2026-09-17T01:32:15.802562Z DEBUG panoptikon::inferio::http: processing local inference predict model=textembed/all-MiniLM-L6-v2 inputs=1
2026-09-17T01:32:15.802587Z DEBUG panoptikon::inferio::http: processing local inference predict model=textembed/all-MiniLM-L6-v2 inputs=1
2026-09-17T01:32:15.802617Z DEBUG panoptikon::inferio::http: processing local inference predict model=textembed/all-MiniLM-L6-v2 inputs=1
2026-09-17T01:32:15.802070Z DEBUG panoptikon::inferio::http: processing local inference predict model=textembed/all-MiniLM-L6-v2 inputs=1
2026-09-17T01:32:15.804011Z DEBUG panoptikon::inferio::http: processing local inference predict model=textembed/all-MiniLM-L6-v2 inputs=1
2026-09-17T01:32:15.803129Z DEBUG panoptikon::inferio::http: processing local inference predict model=textembed/all-MiniLM-L6-v2 inputs=1
2026-09-17T01:32:15.803522Z DEBUG panoptikon::inferio::http: processing local inference predict model=textembed/all-MiniLM-L6-v2 inputs=1
2026-09-17T01:32:15.803659Z DEBUG panoptikon::inferio::http: processing local inference predict model=textembed/all-MiniLM-L6-v2 inputs=1
2026-09-17T01:32:15.804414Z DEBUG panoptikon::inferio::http: processing local inference predict model=textembed/all-MiniLM-L6-v2 inputs=1
2026-09-17T01:32:15.803702Z DEBUG panoptikon::inferio::http: processing local inference predict model=textembed/all-MiniLM-L6-v2 inputs=1
2026-09-17T01:32:15.803705Z DEBUG panoptikon::inferio::http: processing local inference predict model=textembed/all-MiniLM-L6-v2 inputs=1
2026-09-17T01:32:15.803725Z DEBUG panoptikon::inferio::http: processing local inference predict model=textembed/all-MiniLM-L6-v2 inputs=1
2026-09-17T01:32:15.803733Z DEBUG panoptikon::inferio::http: processing local inference predict model=textembed/all-MiniLM-L6-v2 inputs=1
2026-09-17T01:32:15.803794Z DEBUG panoptikon::inferio::http: processing local inference predict model=textembed/all-MiniLM-L6-v2 inputs=1
2026-09-17T01:32:15.803815Z DEBUG panoptikon::inferio::http: processing local inference predict model=textembed/all-MiniLM-L6-v2 inputs=1
2026-09-17T01:32:15.803066Z DEBUG panoptikon::inferio::http: processing local inference predict model=textembed/all-MiniLM-L6-v2 inputs=1
2026-09-17T01:32:15.804064Z DEBUG panoptikon::inferio::http: processing local inference predict model=textembed/all-MiniLM-L6-v2 inputs=1
2026-09-17T01:32:15.804422Z DEBUG panoptikon::inferio::http: processing local inference predict model=textembed/all-MiniLM-L6-v2 inputs=1
2026-09-17T01:32:15.805425Z DEBUG panoptikon::inferio::http: processing local inference predict model=textembed/all-MiniLM-L6-v2 inputs=1
2026-09-17T01:32:15.805470Z DEBUG panoptikon::inferio::http: processing local inference predict model=textembed/all-MiniLM-L6-v2 inputs=1
2026-09-17T01:32:15.804520Z DEBUG panoptikon::inferio::http: processing local inference predict model=textembed/all-MiniLM-L6-v2 inputs=1
2026-09-17T01:32:15.804610Z DEBUG panoptikon::inferio::http: processing local inference predict model=textembed/all-MiniLM-L6-v2 inputs=1
2026-09-17T01:32:15.804645Z DEBUG panoptikon::inferio::http: processing local inference predict model=textembed/all-MiniLM-L6-v2 inputs=1
2026-09-17T01:32:15.805320Z DEBUG panoptikon::inferio::http: processing local inference predict model=textembed/all-MiniLM-L6-v2 inputs=1
2026-09-17T01:32:15.805387Z DEBUG panoptikon::inferio::http: processing local inference predict model=textembed/all-MiniLM-L6-v2 inputs=1
2026-09-17T01:32:15.804427Z DEBUG panoptikon::inferio::http: processing local inference predict model=textembed/all-MiniLM-L6-v2 inputs=1
2026-09-17T01:32:15.803663Z DEBUG panoptikon::inferio::http: processing local inference predict model=textembed/all-MiniLM-L6-v2 inputs=1
2026-09-17T01:32:15.806226Z DEBUG panoptikon::inferio::http: processing local inference predict model=textembed/all-MiniLM-L6-v2 inputs=1
2026-09-17T01:32:15.806371Z  INFO panoptikon::inferio::worker: Batches:   0%|          | 0/1 [00:00<?, ?it/s]Batches: 100%|██████████| 1/1 [00:00<00:00,  6.04it/s]Batches: 100%|██████████| 1/1 [00:00<00:00,  6.03it/s] worker=sentence_transformers
2026-09-17T01:32:15.805584Z DEBUG panoptikon::inferio::http: processing local inference predict model=textembed/all-MiniLM-L6-v2 inputs=1
2026-09-17T01:32:15.805778Z DEBUG panoptikon::inferio::http: processing local inference predict model=textembed/all-MiniLM-L6-v2 inputs=1
2026-09-17T01:32:15.805781Z DEBUG panoptikon::inferio::http: processing local inference predict model=textembed/all-MiniLM-L6-v2 inputs=1
2026-09-17T01:32:15.805797Z DEBUG panoptikon::inferio::http: processing local inference predict model=textembed/all-MiniLM-L6-v2 inputs=1
2026-09-17T01:32:15.805829Z DEBUG panoptikon::inferio::http: processing local inference predict model=textembed/all-MiniLM-L6-v2 inputs=1
2026-09-17T01:32:15.805846Z DEBUG panoptikon::inferio::http: processing local inference predict model=textembed/all-MiniLM-L6-v2 inputs=1
2026-09-17T01:32:15.805987Z DEBUG panoptikon::inferio::http: processing local inference predict model=textembed/all-MiniLM-L6-v2 inputs=1
2026-09-17T01:32:15.806067Z DEBUG panoptikon::inferio::http: processing local inference predict model=textembed/all-MiniLM-L6-v2 inputs=1
2026-09-17T01:32:15.805551Z DEBUG panoptikon::inferio::http: processing local inference predict model=textembed/all-MiniLM-L6-v2 inputs=1
2026-09-17T01:32:15.806309Z DEBUG panoptikon::inferio::http: processing local inference predict model=textembed/all-MiniLM-L6-v2 inputs=1
2026-09-17T01:32:15.805559Z DEBUG panoptikon::inferio::http: processing local inference predict model=textembed/all-MiniLM-L6-v2 inputs=1
2026-09-17T01:32:15.851624Z DEBUG panoptikon::inferio::http: processing local inference predict model=textembed/all-MiniLM-L6-v2 inputs=1
2026-09-17T01:32:15.852038Z DEBUG panoptikon::inferio::http: processing local inference predict model=textembed/all-MiniLM-L6-v2 inputs=1
2026-09-17T01:32:15.852281Z DEBUG panoptikon::inferio::http: processing local inference predict model=textembed/all-MiniLM-L6-v2 inputs=1
2026-09-17T01:32:15.852367Z DEBUG panoptikon::inferio::http: processing local inference predict model=textembed/all-MiniLM-L6-v2 inputs=1
2026-09-17T01:32:15.852450Z DEBUG panoptikon::inferio::http: processing local inference predict model=textembed/all-MiniLM-L6-v2 inputs=1
2026-09-17T01:32:15.853201Z DEBUG panoptikon::inferio::http: processing local inference predict model=textembed/all-MiniLM-L6-v2 inputs=1
2026-09-17T01:32:15.852715Z DEBUG panoptikon::inferio::http: processing local inference predict model=textembed/all-MiniLM-L6-v2 inputs=1
2026-09-17T01:32:15.852932Z DEBUG panoptikon::inferio::http: processing local inference predict model=textembed/all-MiniLM-L6-v2 inputs=1
2026-09-17T01:32:15.853080Z DEBUG panoptikon::inferio::http: processing local inference predict model=textembed/all-MiniLM-L6-v2 inputs=1
2026-09-17T01:32:15.853458Z DEBUG panoptikon::inferio::http: processing local inference predict model=textembed/all-MiniLM-L6-v2 inputs=1
2026-09-17T01:32:15.853485Z DEBUG panoptikon::inferio::http: processing local inference predict model=textembed/all-MiniLM-L6-v2 inputs=1
2026-09-17T01:32:15.853287Z DEBUG panoptikon::inferio::http: processing local inference predict model=textembed/all-MiniLM-L6-v2 inputs=1
2026-09-17T01:32:15.853675Z DEBUG panoptikon::inferio::http: processing local inference predict model=textembed/all-MiniLM-L6-v2 inputs=1
2026-09-17T01:32:15.853765Z DEBUG panoptikon::inferio::http: processing local inference predict model=textembed/all-MiniLM-L6-v2 inputs=1
2026-09-17T01:32:15.854084Z DEBUG panoptikon::inferio::http: processing local inference predict model=textembed/all-MiniLM-L6-v2 inputs=1
2026-09-17T01:32:15.854105Z DEBUG panoptikon::inferio::http: processing local inference predict model=textembed/all-MiniLM-L6-v2 inputs=1
2026-09-17T01:32:15.854259Z DEBUG panoptikon::inferio::http: processing local inference predict model=textembed/all-MiniLM-L6-v2 inputs=1
2026-09-17T01:32:15.854283Z DEBUG panoptikon::inferio::http: processing local inference predict model=textembed/all-MiniLM-L6-v2 inputs=1
2026-09-17T01:32:15.854460Z DEBUG panoptikon::inferio::http: processing local inference predict model=textembed/all-MiniLM-L6-v2 inputs=1
2026-09-17T01:32:15.854469Z DEBUG panoptikon::inferio::http: processing local inference predict model=textembed/all-MiniLM-L6-v2 inputs=1
2026-09-17T01:32:15.854508Z DEBUG panoptikon::inferio::http: processing local inference predict model=textembed/all-MiniLM-L6-v2 inputs=1
2026-09-17T01:32:15.854633Z DEBUG panoptikon::inferio::http: processing local inference predict model=textembed/all-MiniLM-L6-v2 inputs=1
2026-09-17T01:32:15.854676Z DEBUG panoptikon::inferio::http: processing local inference predict model=textembed/all-MiniLM-L6-v2 inputs=1
2026-09-17T01:32:15.854829Z DEBUG panoptikon::inferio::http: processing local inference predict model=textembed/all-MiniLM-L6-v2 inputs=1
2026-09-17T01:32:15.854855Z DEBUG panoptikon::inferio::http: processing local inference predict model=textembed/all-MiniLM-L6-v2 inputs=1
2026-09-17T01:32:15.854873Z DEBUG panoptikon::inferio::http: processing local inference predict model=textembed/all-MiniLM-L6-v2 inputs=1
2026-09-17T01:32:15.855014Z DEBUG panoptikon::inferio::http: processing local inference predict model=textembed/all-MiniLM-L6-v2 inputs=1
2026-09-17T01:32:15.855044Z DEBUG panoptikon::inferio::http: processing local inference predict model=textembed/all-MiniLM-L6-v2 inputs=1
2026-09-17T01:32:15.855198Z DEBUG panoptikon::inferio::http: processing local inference predict model=textembed/all-MiniLM-L6-v2 inputs=1
2026-09-17T01:32:15.855224Z DEBUG panoptikon::inferio::http: processing local inference predict model=textembed/all-MiniLM-L6-v2 inputs=1
2026-09-17T01:32:15.855240Z DEBUG panoptikon::inferio::http: processing local inference predict model=textembed/all-MiniLM-L6-v2 inputs=1
2026-09-17T01:32:15.855384Z DEBUG panoptikon::inferio::http: processing local inference predict model=textembed/all-MiniLM-L6-v2 inputs=1
2026-09-17T01:32:15.855506Z DEBUG panoptikon::inferio::http: processing local inference predict model=textembed/all-MiniLM-L6-v2 inputs=1
2026-09-17T01:32:15.855549Z DEBUG panoptikon::inferio::http: processing local inference predict model=textembed/all-MiniLM-L6-v2 inputs=1
2026-09-17T01:32:15.855577Z DEBUG panoptikon::inferio::http: processing local inference predict model=textembed/all-MiniLM-L6-v2 inputs=1
2026-09-17T01:32:15.855602Z DEBUG panoptikon::inferio::http: processing local inference predict model=textembed/all-MiniLM-L6-v2 inputs=1
2026-09-17T01:32:15.855742Z DEBUG panoptikon::inferio::http: processing local inference predict model=textembed/all-MiniLM-L6-v2 inputs=1
2026-09-17T01:32:15.855854Z DEBUG panoptikon::inferio::http: processing local inference predict model=textembed/all-MiniLM-L6-v2 inputs=1
2026-09-17T01:32:15.855904Z DEBUG panoptikon::inferio::http: processing local inference predict model=textembed/all-MiniLM-L6-v2 inputs=1
2026-09-17T01:32:15.855990Z DEBUG panoptikon::inferio::http: processing local inference predict model=textembed/all-MiniLM-L6-v2 inputs=1
2026-09-17T01:32:15.855995Z DEBUG panoptikon::inferio::http: processing local inference predict model=textembed/all-MiniLM-L6-v2 inputs=1
2026-09-17T01:32:15.856201Z DEBUG panoptikon::inferio::http: processing local inference predict model=textembed/all-MiniLM-L6-v2 inputs=1
2026-09-17T01:32:15.856264Z DEBUG panoptikon::inferio::http: processing local inference predict model=textembed/all-MiniLM-L6-v2 inputs=1
2026-09-17T01:32:15.856452Z DEBUG panoptikon::inferio::http: processing local inference predict model=textembed/all-MiniLM-L6-v2 inputs=1
2026-09-17T01:32:15.856464Z DEBUG panoptikon::inferio::http: processing local inference predict model=textembed/all-MiniLM-L6-v2 inputs=1
2026-09-17T01:32:15.856679Z DEBUG panoptikon::inferio::http: processing local inference predict model=textembed/all-MiniLM-L6-v2 inputs=1
2026-09-17T01:32:15.856819Z DEBUG panoptikon::inferio::http: processing local inference predict model=textembed/all-MiniLM-L6-v2 inputs=1
2026-09-17T01:32:15.856939Z DEBUG panoptikon::inferio::http: processing local inference predict model=textembed/all-MiniLM-L6-v2 inputs=1
2026-09-17T01:32:15.857103Z DEBUG panoptikon::inferio::http: processing local inference predict model=textembed/all-MiniLM-L6-v2 inputs=1
2026-09-17T01:32:15.857191Z DEBUG panoptikon::inferio::http: processing local inference predict model=textembed/all-MiniLM-L6-v2 inputs=1
2026-09-17T01:32:15.857235Z DEBUG panoptikon::inferio::http: processing local inference predict model=textembed/all-MiniLM-L6-v2 inputs=1
2026-09-17T01:32:15.857390Z DEBUG panoptikon::inferio::http: processing local inference predict model=textembed/all-MiniLM-L6-v2 inputs=1
2026-09-17T01:32:15.857564Z DEBUG panoptikon::inferio::http: processing local inference predict model=textembed/all-MiniLM-L6-v2 inputs=1
2026-09-17T01:32:15.857590Z DEBUG panoptikon::inferio::http: processing local inference predict model=textembed/all-MiniLM-L6-v2 inputs=1
2026-09-17T01:32:15.857675Z DEBUG panoptikon::inferio::http: processing local inference predict model=textembed/all-MiniLM-L6-v2 inputs=1
2026-09-17T01:32:15.857688Z DEBUG panoptikon::inferio::http: processing local inference predict model=textembed/all-MiniLM-L6-v2 inputs=1
2026-09-17T01:32:15.859608Z DEBUG panoptikon::inferio::http: processing local inference predict model=textembed/all-MiniLM-L6-v2 inputs=1
2026-09-17T01:32:15.859851Z DEBUG panoptikon::inferio::http: processing local inference predict model=textembed/all-MiniLM-L6-v2 inputs=1
2026-09-17T01:32:15.859862Z DEBUG panoptikon::inferio::http: processing local inference predict model=textembed/all-MiniLM-L6-v2 inputs=1
2026-09-17T01:32:15.859924Z DEBUG panoptikon::inferio::http: processing local inference predict model=textembed/all-MiniLM-L6-v2 inputs=1
2026-09-17T01:32:15.859954Z DEBUG panoptikon::inferio::http: processing local inference predict model=textembed/all-MiniLM-L6-v2 inputs=1
2026-09-17T01:32:15.859956Z DEBUG panoptikon::inferio::http: processing local inference predict model=textembed/all-MiniLM-L6-v2 inputs=1
2026-09-17T01:32:15.860104Z DEBUG panoptikon::inferio::http: processing local inference predict model=textembed/all-MiniLM-L6-v2 inputs=1
2026-09-17T01:32:15.860127Z DEBUG panoptikon::inferio::http: processing local inference predict model=textembed/all-MiniLM-L6-v2 inputs=1
2026-09-17T01:32:15.868187Z DEBUG panoptikon::inferio::http: processing local inference predict model=textembed/all-MiniLM-L6-v2 inputs=1
2026-09-17T01:32:15.868211Z DEBUG panoptikon::inferio::http: processing local inference predict model=textembed/all-MiniLM-L6-v2 inputs=1
2026-09-17T01:32:15.868219Z DEBUG panoptikon::inferio::http: processing local inference predict model=textembed/all-MiniLM-L6-v2 inputs=1
2026-09-17T01:32:15.868359Z DEBUG panoptikon::inferio::http: processing local inference predict model=textembed/all-MiniLM-L6-v2 inputs=1
2026-09-17T01:32:15.868618Z DEBUG panoptikon::inferio::http: processing local inference predict model=textembed/all-MiniLM-L6-v2 inputs=1
2026-09-17T01:32:15.868720Z DEBUG panoptikon::inferio::http: processing local inference predict model=textembed/all-MiniLM-L6-v2 inputs=1
2026-09-17T01:32:15.868744Z DEBUG panoptikon::inferio::http: processing local inference predict model=textembed/all-MiniLM-L6-v2 inputs=1
2026-09-17T01:32:15.868755Z DEBUG panoptikon::inferio::http: processing local inference predict model=textembed/all-MiniLM-L6-v2 inputs=1
2026-09-17T01:32:15.868991Z DEBUG panoptikon::inferio::http: processing local inference predict model=textembed/all-MiniLM-L6-v2 inputs=1
2026-09-17T01:32:15.869230Z DEBUG panoptikon::inferio::http: processing local inference predict model=textembed/all-MiniLM-L6-v2 inputs=1
2026-09-17T01:32:15.868818Z DEBUG panoptikon::inferio::http: processing local inference predict model=textembed/all-MiniLM-L6-v2 inputs=1
2026-09-17T01:32:15.869051Z DEBUG panoptikon::inferio::http: processing local inference predict model=textembed/all-MiniLM-L6-v2 inputs=1
2026-09-17T01:32:15.868927Z DEBUG panoptikon::inferio::http: processing local inference predict model=textembed/all-MiniLM-L6-v2 inputs=1
2026-09-17T01:32:15.869295Z DEBUG panoptikon::inferio::http: processing local inference predict model=textembed/all-MiniLM-L6-v2 inputs=1
2026-09-17T01:32:15.869941Z DEBUG panoptikon::inferio::http: processing local inference predict model=textembed/all-MiniLM-L6-v2 inputs=1
2026-09-17T01:32:15.870077Z DEBUG panoptikon::inferio::http: processing local inference predict model=textembed/all-MiniLM-L6-v2 inputs=1
2026-09-17T01:32:15.870145Z DEBUG panoptikon::inferio::http: processing local inference predict model=textembed/all-MiniLM-L6-v2 inputs=1
2026-09-17T01:32:15.870203Z DEBUG panoptikon::inferio::http: processing local inference predict model=textembed/all-MiniLM-L6-v2 inputs=1
2026-09-17T01:32:15.870252Z DEBUG panoptikon::inferio::http: processing local inference predict model=textembed/all-MiniLM-L6-v2 inputs=1
2026-09-17T01:32:15.876330Z  INFO panoptikon::inferio::worker: Batches:   0%|          | 0/1 [00:00<?, ?it/s]Batches: 100%|██████████| 1/1 [00:00<00:00, 16.21it/s] worker=sentence_transformers
2026-09-17T01:32:15.870319Z DEBUG panoptikon::inferio::http: processing local inference predict model=textembed/all-MiniLM-L6-v2 inputs=1
2026-09-17T01:32:15.876363Z DEBUG panoptikon::inferio::http: processing local inference predict model=textembed/all-MiniLM-L6-v2 inputs=1
2026-09-17T01:32:15.876513Z DEBUG panoptikon::inferio::http: processing local inference predict model=textembed/all-MiniLM-L6-v2 inputs=1
2026-09-17T01:32:15.879743Z DEBUG panoptikon::inferio::http: processing local inference predict model=textembed/all-MiniLM-L6-v2 inputs=1
2026-09-17T01:32:15.880198Z DEBUG panoptikon::inferio::http: processing local inference predict model=textembed/all-MiniLM-L6-v2 inputs=1
2026-09-17T01:32:15.880237Z DEBUG panoptikon::inferio::http: processing local inference predict model=textembed/all-MiniLM-L6-v2 inputs=1
2026-09-17T01:32:15.880222Z DEBUG panoptikon::inferio::http: processing local inference predict model=textembed/all-MiniLM-L6-v2 inputs=1
2026-09-17T01:32:15.880985Z DEBUG panoptikon::inferio::http: processing local inference predict model=textembed/all-MiniLM-L6-v2 inputs=1
2026-09-17T01:32:15.880896Z DEBUG panoptikon::inferio::http: processing local inference predict model=textembed/all-MiniLM-L6-v2 inputs=1
2026-09-17T01:32:15.880898Z DEBUG panoptikon::inferio::http: processing local inference predict model=textembed/all-MiniLM-L6-v2 inputs=1
2026-09-17T01:32:15.880995Z DEBUG panoptikon::inferio::http: processing local inference predict model=textembed/all-MiniLM-L6-v2 inputs=1
2026-09-17T01:32:15.880771Z DEBUG panoptikon::inferio::http: processing local inference predict model=textembed/all-MiniLM-L6-v2 inputs=1
2026-09-17T01:32:15.881067Z DEBUG panoptikon::inferio::http: processing local inference predict model=textembed/all-MiniLM-L6-v2 inputs=1
2026-09-17T01:32:15.881254Z DEBUG panoptikon::inferio::http: processing local inference predict model=textembed/all-MiniLM-L6-v2 inputs=1
2026-09-17T01:32:15.881298Z DEBUG panoptikon::inferio::http: processing local inference predict model=textembed/all-MiniLM-L6-v2 inputs=1
2026-09-17T01:32:15.881324Z DEBUG panoptikon::inferio::http: processing local inference predict model=textembed/all-MiniLM-L6-v2 inputs=1
2026-09-17T01:32:15.881430Z DEBUG panoptikon::inferio::http: processing local inference predict model=textembed/all-MiniLM-L6-v2 inputs=1
2026-09-17T01:32:15.881462Z DEBUG panoptikon::inferio::http: processing local inference predict model=textembed/all-MiniLM-L6-v2 inputs=1
2026-09-17T01:32:15.881471Z DEBUG panoptikon::inferio::http: processing local inference predict model=textembed/all-MiniLM-L6-v2 inputs=1
2026-09-17T01:32:15.881557Z DEBUG panoptikon::inferio::http: processing local inference predict model=textembed/all-MiniLM-L6-v2 inputs=1
2026-09-17T01:32:15.881593Z DEBUG panoptikon::inferio::http: processing local inference predict model=textembed/all-MiniLM-L6-v2 inputs=1
2026-09-17T01:32:15.882360Z DEBUG panoptikon::inferio::http: processing local inference predict model=textembed/all-MiniLM-L6-v2 inputs=1
2026-09-17T01:32:15.881768Z DEBUG panoptikon::inferio::http: processing local inference predict model=textembed/all-MiniLM-L6-v2 inputs=1
2026-09-17T01:32:15.882458Z DEBUG panoptikon::inferio::http: processing local inference predict model=textembed/all-MiniLM-L6-v2 inputs=1
2026-09-17T01:32:15.881794Z DEBUG panoptikon::inferio::http: processing local inference predict model=textembed/all-MiniLM-L6-v2 inputs=1
2026-09-17T01:32:15.882670Z DEBUG panoptikon::inferio::http: processing local inference predict model=textembed/all-MiniLM-L6-v2 inputs=1
2026-09-17T01:32:15.882153Z DEBUG panoptikon::inferio::http: processing local inference predict model=textembed/all-MiniLM-L6-v2 inputs=1
2026-09-17T01:32:15.882164Z DEBUG panoptikon::inferio::http: processing local inference predict model=textembed/all-MiniLM-L6-v2 inputs=1
2026-09-17T01:32:15.882229Z DEBUG panoptikon::inferio::http: processing local inference predict model=textembed/all-MiniLM-L6-v2 inputs=1
2026-09-17T01:32:15.882310Z DEBUG panoptikon::inferio::http: processing local inference predict model=textembed/all-MiniLM-L6-v2 inputs=1
2026-09-17T01:32:15.883132Z DEBUG panoptikon::inferio::http: processing local inference predict model=textembed/all-MiniLM-L6-v2 inputs=1
2026-09-17T01:32:15.881781Z DEBUG panoptikon::inferio::http: processing local inference predict model=textembed/all-MiniLM-L6-v2 inputs=1
2026-09-17T01:32:15.883441Z DEBUG panoptikon::inferio::http: processing local inference predict model=textembed/all-MiniLM-L6-v2 inputs=1
2026-09-17T01:32:15.882032Z DEBUG panoptikon::inferio::http: processing local inference predict model=textembed/all-MiniLM-L6-v2 inputs=1
2026-09-17T01:32:15.882952Z DEBUG panoptikon::inferio::http: processing local inference predict model=textembed/all-MiniLM-L6-v2 inputs=1
2026-09-17T01:32:15.882984Z DEBUG panoptikon::inferio::http: processing local inference predict model=textembed/all-MiniLM-L6-v2 inputs=1
2026-09-17T01:32:15.882991Z DEBUG panoptikon::inferio::http: processing local inference predict model=textembed/all-MiniLM-L6-v2 inputs=1
2026-09-17T01:32:15.883018Z DEBUG panoptikon::inferio::http: processing local inference predict model=textembed/all-MiniLM-L6-v2 inputs=1
2026-09-17T01:32:15.883033Z DEBUG panoptikon::inferio::http: processing local inference predict model=textembed/all-MiniLM-L6-v2 inputs=1
2026-09-17T01:32:15.883056Z DEBUG panoptikon::inferio::http: processing local inference predict model=textembed/all-MiniLM-L6-v2 inputs=1
2026-09-17T01:32:15.881609Z DEBUG panoptikon::inferio::http: processing local inference predict model=textembed/all-MiniLM-L6-v2 inputs=1
2026-09-17T01:32:15.883224Z DEBUG panoptikon::inferio::http: processing local inference predict model=textembed/all-MiniLM-L6-v2 inputs=1
2026-09-17T01:32:15.883302Z DEBUG panoptikon::inferio::http: processing local inference predict model=textembed/all-MiniLM-L6-v2 inputs=1
2026-09-17T01:32:15.883363Z DEBUG panoptikon::inferio::http: processing local inference predict model=textembed/all-MiniLM-L6-v2 inputs=1
2026-09-17T01:32:15.892964Z DEBUG panoptikon::inferio::http: processing local inference predict model=textembed/all-MiniLM-L6-v2 inputs=1
2026-09-17T01:32:15.893096Z DEBUG panoptikon::inferio::http: processing local inference predict model=textembed/all-MiniLM-L6-v2 inputs=1
2026-09-17T01:32:15.891116Z DEBUG panoptikon::inferio::http: processing local inference predict model=textembed/all-MiniLM-L6-v2 inputs=1
2026-09-17T01:32:15.893356Z DEBUG panoptikon::inferio::http: processing local inference predict model=textembed/all-MiniLM-L6-v2 inputs=1
2026-09-17T01:32:15.893426Z DEBUG panoptikon::inferio::http: processing local inference predict model=textembed/all-MiniLM-L6-v2 inputs=1
2026-09-17T01:32:15.893656Z DEBUG panoptikon::inferio::http: processing local inference predict model=textembed/all-MiniLM-L6-v2 inputs=1
2026-09-17T01:32:15.893730Z DEBUG panoptikon::inferio::http: processing local inference predict model=textembed/all-MiniLM-L6-v2 inputs=1
2026-09-17T01:32:15.893921Z DEBUG panoptikon::inferio::http: processing local inference predict model=textembed/all-MiniLM-L6-v2 inputs=1
2026-09-17T01:32:15.894014Z DEBUG panoptikon::inferio::http: processing local inference predict model=textembed/all-MiniLM-L6-v2 inputs=1
2026-09-17T01:32:15.894089Z DEBUG panoptikon::inferio::http: processing local inference predict model=textembed/all-MiniLM-L6-v2 inputs=1
2026-09-17T01:32:15.893108Z DEBUG panoptikon::inferio::http: processing local inference predict model=textembed/all-MiniLM-L6-v2 inputs=1
2026-09-17T01:32:15.894279Z DEBUG panoptikon::inferio::http: processing local inference predict model=textembed/all-MiniLM-L6-v2 inputs=1
2026-09-17T01:32:15.882536Z DEBUG panoptikon::inferio::http: processing local inference predict model=textembed/all-MiniLM-L6-v2 inputs=1
2026-09-17T01:32:15.892228Z DEBUG panoptikon::inferio::http: processing local inference predict model=textembed/all-MiniLM-L6-v2 inputs=1
2026-09-17T01:32:15.894511Z DEBUG panoptikon::inferio::http: processing local inference predict model=textembed/all-MiniLM-L6-v2 inputs=1
2026-09-17T01:32:15.894392Z DEBUG panoptikon::inferio::http: processing local inference predict model=textembed/all-MiniLM-L6-v2 inputs=1
2026-09-17T01:32:15.894704Z DEBUG panoptikon::inferio::http: processing local inference predict model=textembed/all-MiniLM-L6-v2 inputs=1
2026-09-17T01:32:15.894887Z DEBUG panoptikon::inferio::http: processing local inference predict model=textembed/all-MiniLM-L6-v2 inputs=1
2026-09-17T01:32:15.894911Z DEBUG panoptikon::inferio::http: processing local inference predict model=textembed/all-MiniLM-L6-v2 inputs=1
2026-09-17T01:32:15.894606Z DEBUG panoptikon::inferio::http: processing local inference predict model=textembed/all-MiniLM-L6-v2 inputs=1
2026-09-17T01:32:15.893463Z DEBUG panoptikon::inferio::http: processing local inference predict model=textembed/all-MiniLM-L6-v2 inputs=1
2026-09-17T01:32:15.892593Z DEBUG panoptikon::inferio::http: processing local inference predict model=textembed/all-MiniLM-L6-v2 inputs=1
2026-09-17T01:32:15.895233Z DEBUG panoptikon::inferio::http: processing local inference predict model=textembed/all-MiniLM-L6-v2 inputs=1
2026-09-17T01:32:15.894796Z DEBUG panoptikon::inferio::http: processing local inference predict model=textembed/all-MiniLM-L6-v2 inputs=1
2026-09-17T01:32:15.895049Z DEBUG panoptikon::inferio::http: processing local inference predict model=textembed/all-MiniLM-L6-v2 inputs=1
2026-09-17T01:32:15.895370Z DEBUG panoptikon::inferio::http: processing local inference predict model=textembed/all-MiniLM-L6-v2 inputs=1
2026-09-17T01:32:15.895422Z DEBUG panoptikon::inferio::http: processing local inference predict model=textembed/all-MiniLM-L6-v2 inputs=1
2026-09-17T01:32:15.895245Z DEBUG panoptikon::inferio::http: processing local inference predict model=textembed/all-MiniLM-L6-v2 inputs=1
2026-09-17T01:32:15.895010Z DEBUG panoptikon::inferio::http: processing local inference predict model=textembed/all-MiniLM-L6-v2 inputs=1
2026-09-17T01:32:15.895446Z DEBUG panoptikon::inferio::http: processing local inference predict model=textembed/all-MiniLM-L6-v2 inputs=1
2026-09-17T01:32:15.895479Z DEBUG panoptikon::inferio::http: processing local inference predict model=textembed/all-MiniLM-L6-v2 inputs=1
2026-09-17T01:32:15.895625Z DEBUG panoptikon::inferio::http: processing local inference predict model=textembed/all-MiniLM-L6-v2 inputs=1
2026-09-17T01:32:15.895643Z DEBUG panoptikon::inferio::http: processing local inference predict model=textembed/all-MiniLM-L6-v2 inputs=1
2026-09-17T01:32:15.895673Z DEBUG panoptikon::inferio::http: processing local inference predict model=textembed/all-MiniLM-L6-v2 inputs=1
2026-09-17T01:32:15.895757Z DEBUG panoptikon::inferio::http: processing local inference predict model=textembed/all-MiniLM-L6-v2 inputs=1
2026-09-17T01:32:15.895795Z DEBUG panoptikon::inferio::http: processing local inference predict model=textembed/all-MiniLM-L6-v2 inputs=1
2026-09-17T01:32:15.895822Z DEBUG panoptikon::inferio::http: processing local inference predict model=textembed/all-MiniLM-L6-v2 inputs=1
2026-09-17T01:32:15.895871Z DEBUG panoptikon::inferio::http: processing local inference predict model=textembed/all-MiniLM-L6-v2 inputs=1
2026-09-17T01:32:15.895922Z DEBUG panoptikon::inferio::http: processing local inference predict model=textembed/all-MiniLM-L6-v2 inputs=1
2026-09-17T01:32:15.895938Z DEBUG panoptikon::inferio::http: processing local inference predict model=textembed/all-MiniLM-L6-v2 inputs=1
2026-09-17T01:32:15.896034Z DEBUG panoptikon::inferio::http: processing local inference predict model=textembed/all-MiniLM-L6-v2 inputs=1
2026-09-17T01:32:15.896074Z DEBUG panoptikon::inferio::http: processing local inference predict model=textembed/all-MiniLM-L6-v2 inputs=1
2026-09-17T01:32:15.896086Z DEBUG panoptikon::inferio::http: processing local inference predict model=textembed/all-MiniLM-L6-v2 inputs=1
2026-09-17T01:32:15.896121Z DEBUG panoptikon::inferio::http: processing local inference predict model=textembed/all-MiniLM-L6-v2 inputs=1
2026-09-17T01:32:15.891652Z DEBUG panoptikon::inferio::http: processing local inference predict model=textembed/all-MiniLM-L6-v2 inputs=1
2026-09-17T01:32:15.896254Z DEBUG panoptikon::inferio::http: processing local inference predict model=textembed/all-MiniLM-L6-v2 inputs=1
2026-09-17T01:32:15.896171Z DEBUG panoptikon::inferio::http: processing local inference predict model=textembed/all-MiniLM-L6-v2 inputs=1
2026-09-17T01:32:15.895086Z DEBUG panoptikon::inferio::http: processing local inference predict model=textembed/all-MiniLM-L6-v2 inputs=1
2026-09-17T01:32:15.895981Z DEBUG panoptikon::inferio::http: processing local inference predict model=textembed/all-MiniLM-L6-v2 inputs=1
2026-09-17T01:32:15.896642Z DEBUG panoptikon::inferio::http: processing local inference predict model=textembed/all-MiniLM-L6-v2 inputs=1
2026-09-17T01:32:15.896658Z DEBUG panoptikon::inferio::http: processing local inference predict model=textembed/all-MiniLM-L6-v2 inputs=1
2026-09-17T01:32:15.896715Z DEBUG panoptikon::inferio::http: processing local inference predict model=textembed/all-MiniLM-L6-v2 inputs=1
2026-09-17T01:32:15.896773Z DEBUG panoptikon::inferio::http: processing local inference predict model=textembed/all-MiniLM-L6-v2 inputs=1
2026-09-17T01:32:15.896818Z DEBUG panoptikon::inferio::http: processing local inference predict model=textembed/all-MiniLM-L6-v2 inputs=1
2026-09-17T01:32:15.896839Z DEBUG panoptikon::inferio::http: processing local inference predict model=textembed/all-MiniLM-L6-v2 inputs=1
2026-09-17T01:32:15.896725Z DEBUG panoptikon::inferio::http: processing local inference predict model=textembed/all-MiniLM-L6-v2 inputs=1
2026-09-17T01:32:15.896928Z DEBUG panoptikon::inferio::http: processing local inference predict model=textembed/all-MiniLM-L6-v2 inputs=1
2026-09-17T01:32:15.896952Z DEBUG panoptikon::inferio::http: processing local inference predict model=textembed/all-MiniLM-L6-v2 inputs=1
2026-09-17T01:32:15.896846Z DEBUG panoptikon::inferio::http: processing local inference predict model=textembed/all-MiniLM-L6-v2 inputs=1
2026-09-17T01:32:15.896798Z DEBUG panoptikon::inferio::http: processing local inference predict model=textembed/all-MiniLM-L6-v2 inputs=1
2026-09-17T01:32:15.896899Z DEBUG panoptikon::inferio::http: processing local inference predict model=textembed/all-MiniLM-L6-v2 inputs=1
2026-09-17T01:32:15.896962Z DEBUG panoptikon::inferio::http: processing local inference predict model=textembed/all-MiniLM-L6-v2 inputs=1
2026-09-17T01:32:15.896981Z DEBUG panoptikon::inferio::http: processing local inference predict model=textembed/all-MiniLM-L6-v2 inputs=1
2026-09-17T01:32:15.897007Z DEBUG panoptikon::inferio::http: processing local inference predict model=textembed/all-MiniLM-L6-v2 inputs=1
2026-09-17T01:32:15.896796Z DEBUG panoptikon::inferio::http: processing local inference predict model=textembed/all-MiniLM-L6-v2 inputs=1
2026-09-17T01:32:15.915923Z DEBUG panoptikon::inferio::http: processing local inference predict model=textembed/all-MiniLM-L6-v2 inputs=1
2026-09-17T01:32:15.916079Z DEBUG panoptikon::inferio::http: processing local inference predict model=textembed/all-MiniLM-L6-v2 inputs=1
2026-09-17T01:32:15.916247Z DEBUG panoptikon::inferio::http: processing local inference predict model=textembed/all-MiniLM-L6-v2 inputs=1
2026-09-17T01:32:15.916311Z DEBUG panoptikon::inferio::http: processing local inference predict model=textembed/all-MiniLM-L6-v2 inputs=1
2026-09-17T01:32:15.916357Z DEBUG panoptikon::inferio::http: processing local inference predict model=textembed/all-MiniLM-L6-v2 inputs=1
2026-09-17T01:32:15.916397Z DEBUG panoptikon::inferio::http: processing local inference predict model=textembed/all-MiniLM-L6-v2 inputs=1
2026-09-17T01:32:15.916436Z DEBUG panoptikon::inferio::http: processing local inference predict model=textembed/all-MiniLM-L6-v2 inputs=1
2026-09-17T01:32:15.916474Z DEBUG panoptikon::inferio::http: processing local inference predict model=textembed/all-MiniLM-L6-v2 inputs=1
2026-09-17T01:32:15.916527Z DEBUG panoptikon::inferio::http: processing local inference predict model=textembed/all-MiniLM-L6-v2 inputs=1
2026-09-17T01:32:15.916569Z DEBUG panoptikon::inferio::http: processing local inference predict model=textembed/all-MiniLM-L6-v2 inputs=1
2026-09-17T01:32:15.916610Z DEBUG panoptikon::inferio::http: processing local inference predict model=textembed/all-MiniLM-L6-v2 inputs=1
2026-09-17T01:32:15.916674Z DEBUG panoptikon::inferio::http: processing local inference predict model=textembed/all-MiniLM-L6-v2 inputs=1
2026-09-17T01:32:15.916738Z DEBUG panoptikon::inferio::http: processing local inference predict model=textembed/all-MiniLM-L6-v2 inputs=1
2026-09-17T01:32:15.916830Z DEBUG panoptikon::inferio::http: processing local inference predict model=textembed/all-MiniLM-L6-v2 inputs=1
2026-09-17T01:32:15.916907Z DEBUG panoptikon::inferio::http: processing local inference predict model=textembed/all-MiniLM-L6-v2 inputs=1
2026-09-17T01:32:15.916990Z DEBUG panoptikon::inferio::http: processing local inference predict model=textembed/all-MiniLM-L6-v2 inputs=1
2026-09-17T01:32:15.917072Z DEBUG panoptikon::inferio::http: processing local inference predict model=textembed/all-MiniLM-L6-v2 inputs=1
2026-09-17T01:32:15.917160Z DEBUG panoptikon::inferio::http: processing local inference predict model=textembed/all-MiniLM-L6-v2 inputs=1
2026-09-17T01:32:15.917207Z DEBUG panoptikon::inferio::http: processing local inference predict model=textembed/all-MiniLM-L6-v2 inputs=1
2026-09-17T01:32:15.917286Z DEBUG panoptikon::inferio::http: processing local inference predict model=textembed/all-MiniLM-L6-v2 inputs=1
2026-09-17T01:32:15.917367Z DEBUG panoptikon::inferio::http: processing local inference predict model=textembed/all-MiniLM-L6-v2 inputs=1
2026-09-17T01:32:15.917456Z DEBUG panoptikon::inferio::http: processing local inference predict model=textembed/all-MiniLM-L6-v2 inputs=1
2026-09-17T01:32:15.917537Z DEBUG panoptikon::inferio::http: processing local inference predict model=textembed/all-MiniLM-L6-v2 inputs=1
2026-09-17T01:32:15.917617Z DEBUG panoptikon::inferio::http: processing local inference predict model=textembed/all-MiniLM-L6-v2 inputs=1
2026-09-17T01:32:15.917696Z DEBUG panoptikon::inferio::http: processing local inference predict model=textembed/all-MiniLM-L6-v2 inputs=1
2026-09-17T01:32:15.917786Z DEBUG panoptikon::inferio::http: processing local inference predict model=textembed/all-MiniLM-L6-v2 inputs=1
2026-09-17T01:32:15.917897Z DEBUG panoptikon::inferio::http: processing local inference predict model=textembed/all-MiniLM-L6-v2 inputs=1
2026-09-17T01:32:15.917984Z DEBUG panoptikon::inferio::http: processing local inference predict model=textembed/all-MiniLM-L6-v2 inputs=1
2026-09-17T01:32:15.918065Z DEBUG panoptikon::inferio::http: processing local inference predict model=textembed/all-MiniLM-L6-v2 inputs=1
2026-09-17T01:32:15.918145Z DEBUG panoptikon::inferio::http: processing local inference predict model=textembed/all-MiniLM-L6-v2 inputs=1
2026-09-17T01:32:15.918227Z DEBUG panoptikon::inferio::http: processing local inference predict model=textembed/all-MiniLM-L6-v2 inputs=1
2026-09-17T01:32:15.918315Z DEBUG panoptikon::inferio::http: processing local inference predict model=textembed/all-MiniLM-L6-v2 inputs=1
2026-09-17T01:32:15.921536Z DEBUG panoptikon::inferio::http: processing local inference predict model=textembed/all-MiniLM-L6-v2 inputs=1
2026-09-17T01:32:15.921680Z DEBUG panoptikon::inferio::http: processing local inference predict model=textembed/all-MiniLM-L6-v2 inputs=1
2026-09-17T01:32:15.921800Z DEBUG panoptikon::inferio::http: processing local inference predict model=textembed/all-MiniLM-L6-v2 inputs=1
2026-09-17T01:32:15.921897Z DEBUG panoptikon::inferio::http: processing local inference predict model=textembed/all-MiniLM-L6-v2 inputs=1
2026-09-17T01:32:15.921996Z DEBUG panoptikon::inferio::http: processing local inference predict model=textembed/all-MiniLM-L6-v2 inputs=1
2026-09-17T01:32:15.922094Z DEBUG panoptikon::inferio::http: processing local inference predict model=textembed/all-MiniLM-L6-v2 inputs=1
2026-09-17T01:32:15.922207Z DEBUG panoptikon::inferio::http: processing local inference predict model=textembed/all-MiniLM-L6-v2 inputs=1
2026-09-17T01:32:15.922296Z DEBUG panoptikon::inferio::http: processing local inference predict model=textembed/all-MiniLM-L6-v2 inputs=1
2026-09-17T01:32:15.922391Z DEBUG panoptikon::inferio::http: processing local inference predict model=textembed/all-MiniLM-L6-v2 inputs=1
2026-09-17T01:32:15.922480Z DEBUG panoptikon::inferio::http: processing local inference predict model=textembed/all-MiniLM-L6-v2 inputs=1
2026-09-17T01:32:15.922558Z DEBUG panoptikon::inferio::http: processing local inference predict model=textembed/all-MiniLM-L6-v2 inputs=1
2026-09-17T01:32:15.922675Z DEBUG panoptikon::inferio::http: processing local inference predict model=textembed/all-MiniLM-L6-v2 inputs=1
2026-09-17T01:32:15.922758Z DEBUG panoptikon::inferio::http: processing local inference predict model=textembed/all-MiniLM-L6-v2 inputs=1
2026-09-17T01:32:15.922836Z DEBUG panoptikon::inferio::http: processing local inference predict model=textembed/all-MiniLM-L6-v2 inputs=1
2026-09-17T01:32:15.922571Z DEBUG panoptikon::inferio::http: processing local inference predict model=textembed/all-MiniLM-L6-v2 inputs=1
2026-09-17T01:32:15.922944Z DEBUG panoptikon::inferio::http: processing local inference predict model=textembed/all-MiniLM-L6-v2 inputs=1
2026-09-17T01:32:15.923024Z DEBUG panoptikon::inferio::http: processing local inference predict model=textembed/all-MiniLM-L6-v2 inputs=1
2026-09-17T01:32:15.923034Z DEBUG panoptikon::inferio::http: processing local inference predict model=textembed/all-MiniLM-L6-v2 inputs=1
2026-09-17T01:32:15.923033Z DEBUG panoptikon::inferio::http: processing local inference predict model=textembed/all-MiniLM-L6-v2 inputs=1
2026-09-17T01:32:15.923220Z DEBUG panoptikon::inferio::http: processing local inference predict model=textembed/all-MiniLM-L6-v2 inputs=1
2026-09-17T01:32:15.923255Z DEBUG panoptikon::inferio::http: processing local inference predict model=textembed/all-MiniLM-L6-v2 inputs=1
2026-09-17T01:32:15.923378Z DEBUG panoptikon::inferio::http: processing local inference predict model=textembed/all-MiniLM-L6-v2 inputs=1
2026-09-17T01:32:15.923527Z DEBUG panoptikon::inferio::http: processing local inference predict model=textembed/all-MiniLM-L6-v2 inputs=1
2026-09-17T01:32:15.923653Z DEBUG panoptikon::inferio::http: processing local inference predict model=textembed/all-MiniLM-L6-v2 inputs=1
2026-09-17T01:32:15.923747Z DEBUG panoptikon::inferio::http: processing local inference predict model=textembed/all-MiniLM-L6-v2 inputs=1
2026-09-17T01:32:15.923678Z DEBUG panoptikon::inferio::http: processing local inference predict model=textembed/all-MiniLM-L6-v2 inputs=1
2026-09-17T01:32:15.924019Z DEBUG panoptikon::inferio::http: processing local inference predict model=textembed/all-MiniLM-L6-v2 inputs=1
2026-09-17T01:32:15.924068Z DEBUG panoptikon::inferio::http: processing local inference predict model=textembed/all-MiniLM-L6-v2 inputs=1
2026-09-17T01:32:15.924182Z DEBUG panoptikon::inferio::http: processing local inference predict model=textembed/all-MiniLM-L6-v2 inputs=1
2026-09-17T01:32:15.924191Z DEBUG panoptikon::inferio::http: processing local inference predict model=textembed/all-MiniLM-L6-v2 inputs=1
2026-09-17T01:32:15.924354Z DEBUG panoptikon::inferio::http: processing local inference predict model=textembed/all-MiniLM-L6-v2 inputs=1
2026-09-17T01:32:15.924282Z DEBUG panoptikon::inferio::http: processing local inference predict model=textembed/all-MiniLM-L6-v2 inputs=1
2026-09-17T01:32:15.939752Z DEBUG panoptikon::inferio::http: processing local inference predict model=textembed/all-MiniLM-L6-v2 inputs=1
2026-09-17T01:32:15.940039Z DEBUG panoptikon::inferio::http: processing local inference predict model=textembed/all-MiniLM-L6-v2 inputs=1
2026-09-17T01:32:15.940103Z DEBUG panoptikon::inferio::http: processing local inference predict model=textembed/all-MiniLM-L6-v2 inputs=1
2026-09-17T01:32:15.940171Z DEBUG panoptikon::inferio::http: processing local inference predict model=textembed/all-MiniLM-L6-v2 inputs=1
2026-09-17T01:32:15.940219Z DEBUG panoptikon::inferio::http: processing local inference predict model=textembed/all-MiniLM-L6-v2 inputs=1
2026-09-17T01:32:15.940295Z DEBUG panoptikon::inferio::http: processing local inference predict model=textembed/all-MiniLM-L6-v2 inputs=1
2026-09-17T01:32:15.940353Z DEBUG panoptikon::inferio::http: processing local inference predict model=textembed/all-MiniLM-L6-v2 inputs=1
2026-09-17T01:32:15.940394Z DEBUG panoptikon::inferio::http: processing local inference predict model=textembed/all-MiniLM-L6-v2 inputs=1
2026-09-17T01:32:15.940547Z DEBUG panoptikon::inferio::http: processing local inference predict model=textembed/all-MiniLM-L6-v2 inputs=1
2026-09-17T01:32:15.943008Z DEBUG panoptikon::inferio::http: processing local inference predict model=textembed/all-MiniLM-L6-v2 inputs=1
2026-09-17T01:32:15.949176Z DEBUG panoptikon::inferio::http: processing local inference predict model=textembed/all-MiniLM-L6-v2 inputs=1
2026-09-17T01:32:15.949548Z DEBUG panoptikon::inferio::http: processing local inference predict model=textembed/all-MiniLM-L6-v2 inputs=1
2026-09-17T01:32:15.949597Z DEBUG panoptikon::inferio::http: processing local inference predict model=textembed/all-MiniLM-L6-v2 inputs=1
2026-09-17T01:32:15.949685Z DEBUG panoptikon::inferio::http: processing local inference predict model=textembed/all-MiniLM-L6-v2 inputs=1
2026-09-17T01:32:15.949734Z DEBUG panoptikon::inferio::http: processing local inference predict model=textembed/all-MiniLM-L6-v2 inputs=1
2026-09-17T01:32:15.949659Z DEBUG panoptikon::inferio::http: processing local inference predict model=textembed/all-MiniLM-L6-v2 inputs=1
2026-09-17T01:32:15.949742Z DEBUG panoptikon::inferio::http: processing local inference predict model=textembed/all-MiniLM-L6-v2 inputs=1
2026-09-17T01:32:15.949744Z DEBUG panoptikon::inferio::http: processing local inference predict model=textembed/all-MiniLM-L6-v2 inputs=1
2026-09-17T01:32:15.949911Z DEBUG panoptikon::inferio::http: processing local inference predict model=textembed/all-MiniLM-L6-v2 inputs=1
2026-09-17T01:32:15.949963Z DEBUG panoptikon::inferio::http: processing local inference predict model=textembed/all-MiniLM-L6-v2 inputs=1
2026-09-17T01:32:15.950011Z DEBUG panoptikon::inferio::http: processing local inference predict model=textembed/all-MiniLM-L6-v2 inputs=1
2026-09-17T01:32:15.950066Z DEBUG panoptikon::inferio::http: processing local inference predict model=textembed/all-MiniLM-L6-v2 inputs=1
2026-09-17T01:32:15.950112Z DEBUG panoptikon::inferio::http: processing local inference predict model=textembed/all-MiniLM-L6-v2 inputs=1
2026-09-17T01:32:15.949934Z DEBUG panoptikon::inferio::http: processing local inference predict model=textembed/all-MiniLM-L6-v2 inputs=1
2026-09-17T01:32:15.950197Z DEBUG panoptikon::inferio::http: processing local inference predict model=textembed/all-MiniLM-L6-v2 inputs=1
2026-09-17T01:32:15.950018Z DEBUG panoptikon::inferio::http: processing local inference predict model=textembed/all-MiniLM-L6-v2 inputs=1
2026-09-17T01:32:15.950287Z DEBUG panoptikon::inferio::http: processing local inference predict model=textembed/all-MiniLM-L6-v2 inputs=1
2026-09-17T01:32:15.950336Z DEBUG panoptikon::inferio::http: processing local inference predict model=textembed/all-MiniLM-L6-v2 inputs=1
2026-09-17T01:32:15.950362Z DEBUG panoptikon::inferio::http: processing local inference predict model=textembed/all-MiniLM-L6-v2 inputs=1
2026-09-17T01:32:15.950028Z DEBUG panoptikon::inferio::http: processing local inference predict model=textembed/all-MiniLM-L6-v2 inputs=1
2026-09-17T01:32:15.950043Z DEBUG panoptikon::inferio::http: processing local inference predict model=textembed/all-MiniLM-L6-v2 inputs=1
2026-09-17T01:32:15.950498Z DEBUG panoptikon::inferio::http: processing local inference predict model=textembed/all-MiniLM-L6-v2 inputs=1
2026-09-17T01:32:15.950536Z DEBUG panoptikon::inferio::http: processing local inference predict model=textembed/all-MiniLM-L6-v2 inputs=1
2026-09-17T01:32:15.950598Z DEBUG panoptikon::inferio::http: processing local inference predict model=textembed/all-MiniLM-L6-v2 inputs=1
2026-09-17T01:32:15.950639Z DEBUG panoptikon::inferio::http: processing local inference predict model=textembed/all-MiniLM-L6-v2 inputs=1
2026-09-17T01:32:15.949833Z DEBUG panoptikon::inferio::http: processing local inference predict model=textembed/all-MiniLM-L6-v2 inputs=1
2026-09-17T01:32:15.950086Z DEBUG panoptikon::inferio::http: processing local inference predict model=textembed/all-MiniLM-L6-v2 inputs=1
2026-09-17T01:32:15.950123Z DEBUG panoptikon::inferio::http: processing local inference predict model=textembed/all-MiniLM-L6-v2 inputs=1
2026-09-17T01:32:15.949833Z DEBUG panoptikon::inferio::http: processing local inference predict model=textembed/all-MiniLM-L6-v2 inputs=1
2026-09-17T01:32:15.949766Z DEBUG panoptikon::inferio::http: processing local inference predict model=textembed/all-MiniLM-L6-v2 inputs=1
2026-09-17T01:32:15.950921Z DEBUG panoptikon::inferio::http: processing local inference predict model=textembed/all-MiniLM-L6-v2 inputs=1
2026-09-17T01:32:15.950169Z DEBUG panoptikon::inferio::http: processing local inference predict model=textembed/all-MiniLM-L6-v2 inputs=1
2026-09-17T01:32:15.951001Z DEBUG panoptikon::inferio::http: processing local inference predict model=textembed/all-MiniLM-L6-v2 inputs=1
2026-09-17T01:32:15.950468Z DEBUG panoptikon::inferio::http: processing local inference predict model=textembed/all-MiniLM-L6-v2 inputs=1
2026-09-17T01:32:15.951082Z DEBUG panoptikon::inferio::http: processing local inference predict model=textembed/all-MiniLM-L6-v2 inputs=1
2026-09-17T01:32:15.951100Z DEBUG panoptikon::inferio::http: processing local inference predict model=textembed/all-MiniLM-L6-v2 inputs=1
2026-09-17T01:32:15.950076Z DEBUG panoptikon::inferio::http: processing local inference predict model=textembed/all-MiniLM-L6-v2 inputs=1
2026-09-17T01:32:15.951245Z DEBUG panoptikon::inferio::http: processing local inference predict model=textembed/all-MiniLM-L6-v2 inputs=1
2026-09-17T01:32:15.950666Z DEBUG panoptikon::inferio::http: processing local inference predict model=textembed/all-MiniLM-L6-v2 inputs=1
2026-09-17T01:32:15.950723Z DEBUG panoptikon::inferio::http: processing local inference predict model=textembed/all-MiniLM-L6-v2 inputs=1
2026-09-17T01:32:15.949892Z DEBUG panoptikon::inferio::http: processing local inference predict model=textembed/all-MiniLM-L6-v2 inputs=1
2026-09-17T01:32:15.950762Z DEBUG panoptikon::inferio::http: processing local inference predict model=textembed/all-MiniLM-L6-v2 inputs=1
2026-09-17T01:32:15.950807Z DEBUG panoptikon::inferio::http: processing local inference predict model=textembed/all-MiniLM-L6-v2 inputs=1
2026-09-17T01:32:15.950828Z DEBUG panoptikon::inferio::http: processing local inference predict model=textembed/all-MiniLM-L6-v2 inputs=1
2026-09-17T01:32:15.950141Z DEBUG panoptikon::inferio::http: processing local inference predict model=textembed/all-MiniLM-L6-v2 inputs=1
2026-09-17T01:32:15.950926Z DEBUG panoptikon::inferio::http: processing local inference predict model=textembed/all-MiniLM-L6-v2 inputs=1
2026-09-17T01:32:15.950933Z DEBUG panoptikon::inferio::http: processing local inference predict model=textembed/all-MiniLM-L6-v2 inputs=1
2026-09-17T01:32:15.950166Z DEBUG panoptikon::inferio::http: processing local inference predict model=textembed/all-MiniLM-L6-v2 inputs=1
2026-09-17T01:32:15.950974Z DEBUG panoptikon::inferio::http: processing local inference predict model=textembed/all-MiniLM-L6-v2 inputs=1
2026-09-17T01:32:15.949695Z DEBUG panoptikon::inferio::http: processing local inference predict model=textembed/all-MiniLM-L6-v2 inputs=1
2026-09-17T01:32:15.951117Z DEBUG panoptikon::inferio::http: processing local inference predict model=textembed/all-MiniLM-L6-v2 inputs=1
2026-09-17T01:32:15.949643Z DEBUG panoptikon::inferio::http: processing local inference predict model=textembed/all-MiniLM-L6-v2 inputs=1
2026-09-17T01:32:15.950520Z DEBUG panoptikon::inferio::http: processing local inference predict model=textembed/all-MiniLM-L6-v2 inputs=1
2026-09-17T01:32:15.951346Z DEBUG panoptikon::inferio::http: processing local inference predict model=textembed/all-MiniLM-L6-v2 inputs=1
2026-09-17T01:32:15.954425Z  INFO panoptikon::inferio::worker: Batches:   0%|          | 0/1 [00:00<?, ?it/s]Batches: 100%|██████████| 1/1 [00:00<00:00, 13.44it/s] worker=sentence_transformers
2026-09-17T01:32:15.969298Z DEBUG panoptikon::inferio::http: processing local inference predict model=textembed/all-MiniLM-L6-v2 inputs=1
2026-09-17T01:32:15.969620Z DEBUG panoptikon::inferio::http: processing local inference predict model=textembed/all-MiniLM-L6-v2 inputs=1
2026-09-17T01:32:15.969637Z DEBUG panoptikon::inferio::http: processing local inference predict model=textembed/all-MiniLM-L6-v2 inputs=1
2026-09-17T01:32:15.970041Z DEBUG panoptikon::inferio::http: processing local inference predict model=textembed/all-MiniLM-L6-v2 inputs=1
2026-09-17T01:32:15.970169Z DEBUG panoptikon::inferio::http: processing local inference predict model=textembed/all-MiniLM-L6-v2 inputs=1
2026-09-17T01:32:15.970601Z DEBUG panoptikon::inferio::http: processing local inference predict model=textembed/all-MiniLM-L6-v2 inputs=1
2026-09-17T01:32:15.970709Z DEBUG panoptikon::inferio::http: processing local inference predict model=textembed/all-MiniLM-L6-v2 inputs=1
2026-09-17T01:32:15.970781Z DEBUG panoptikon::inferio::http: processing local inference predict model=textembed/all-MiniLM-L6-v2 inputs=1
2026-09-17T01:32:15.970912Z DEBUG panoptikon::inferio::http: processing local inference predict model=textembed/all-MiniLM-L6-v2 inputs=1
2026-09-17T01:32:15.971000Z DEBUG panoptikon::inferio::http: processing local inference predict model=textembed/all-MiniLM-L6-v2 inputs=1
2026-09-17T01:32:15.971092Z DEBUG panoptikon::inferio::http: processing local inference predict model=textembed/all-MiniLM-L6-v2 inputs=1
2026-09-17T01:32:15.972407Z DEBUG panoptikon::inferio::http: processing local inference predict model=textembed/all-MiniLM-L6-v2 inputs=1
2026-09-17T01:32:15.972468Z DEBUG panoptikon::inferio::http: processing local inference predict model=textembed/all-MiniLM-L6-v2 inputs=1
2026-09-17T01:32:15.976292Z DEBUG panoptikon::inferio::http: processing local inference predict model=textembed/all-MiniLM-L6-v2 inputs=1
2026-09-17T01:32:15.972526Z DEBUG panoptikon::inferio::http: processing local inference predict model=textembed/all-MiniLM-L6-v2 inputs=1
2026-09-17T01:32:15.976380Z DEBUG panoptikon::inferio::http: processing local inference predict model=textembed/all-MiniLM-L6-v2 inputs=1
2026-09-17T01:32:15.976507Z DEBUG panoptikon::inferio::http: processing local inference predict model=textembed/all-MiniLM-L6-v2 inputs=1
2026-09-17T01:32:15.976573Z DEBUG panoptikon::inferio::http: processing local inference predict model=textembed/all-MiniLM-L6-v2 inputs=1
2026-09-17T01:32:15.976516Z DEBUG panoptikon::inferio::http: processing local inference predict model=textembed/all-MiniLM-L6-v2 inputs=1
2026-09-17T01:32:15.976705Z DEBUG panoptikon::inferio::http: processing local inference predict model=textembed/all-MiniLM-L6-v2 inputs=1
2026-09-17T01:32:15.976795Z DEBUG panoptikon::inferio::http: processing local inference predict model=textembed/all-MiniLM-L6-v2 inputs=1
2026-09-17T01:32:15.983882Z DEBUG panoptikon::inferio::http: processing local inference predict model=textembed/all-MiniLM-L6-v2 inputs=1
2026-09-17T01:32:15.983997Z DEBUG panoptikon::inferio::http: processing local inference predict model=textembed/all-MiniLM-L6-v2 inputs=1
2026-09-17T01:32:15.984086Z DEBUG panoptikon::inferio::http: processing local inference predict model=textembed/all-MiniLM-L6-v2 inputs=1
2026-09-17T01:32:15.984150Z DEBUG panoptikon::inferio::http: processing local inference predict model=textembed/all-MiniLM-L6-v2 inputs=1
2026-09-17T01:32:15.985116Z DEBUG panoptikon::inferio::http: processing local inference predict model=textembed/all-MiniLM-L6-v2 inputs=1
2026-09-17T01:32:15.985355Z DEBUG panoptikon::inferio::http: processing local inference predict model=textembed/all-MiniLM-L6-v2 inputs=1
2026-09-17T01:32:15.985432Z DEBUG panoptikon::inferio::http: processing local inference predict model=textembed/all-MiniLM-L6-v2 inputs=1
2026-09-17T01:32:15.985487Z DEBUG panoptikon::inferio::http: processing local inference predict model=textembed/all-MiniLM-L6-v2 inputs=1
2026-09-17T01:32:15.985538Z DEBUG panoptikon::inferio::http: processing local inference predict model=textembed/all-MiniLM-L6-v2 inputs=1
2026-09-17T01:32:15.985588Z DEBUG panoptikon::inferio::http: processing local inference predict model=textembed/all-MiniLM-L6-v2 inputs=1
2026-09-17T01:32:15.985642Z DEBUG panoptikon::inferio::http: processing local inference predict model=textembed/all-MiniLM-L6-v2 inputs=1
2026-09-17T01:32:15.985897Z DEBUG panoptikon::inferio::http: processing local inference predict model=textembed/all-MiniLM-L6-v2 inputs=1
2026-09-17T01:32:15.985971Z DEBUG panoptikon::inferio::http: processing local inference predict model=textembed/all-MiniLM-L6-v2 inputs=1
2026-09-17T01:32:15.986138Z DEBUG panoptikon::inferio::http: processing local inference predict model=textembed/all-MiniLM-L6-v2 inputs=1
2026-09-17T01:32:15.986423Z DEBUG panoptikon::inferio::http: processing local inference predict model=textembed/all-MiniLM-L6-v2 inputs=1
2026-09-17T01:32:15.986505Z DEBUG panoptikon::inferio::http: processing local inference predict model=textembed/all-MiniLM-L6-v2 inputs=1
2026-09-17T01:32:15.986782Z DEBUG panoptikon::inferio::http: processing local inference predict model=textembed/all-MiniLM-L6-v2 inputs=1
2026-09-17T01:32:15.986853Z DEBUG panoptikon::inferio::http: processing local inference predict model=textembed/all-MiniLM-L6-v2 inputs=1
2026-09-17T01:32:15.987289Z DEBUG panoptikon::inferio::http: processing local inference predict model=textembed/all-MiniLM-L6-v2 inputs=1
2026-09-17T01:32:15.987358Z DEBUG panoptikon::inferio::http: processing local inference predict model=textembed/all-MiniLM-L6-v2 inputs=1
2026-09-17T01:32:15.987415Z DEBUG panoptikon::inferio::http: processing local inference predict model=textembed/all-MiniLM-L6-v2 inputs=1
2026-09-17T01:32:15.987467Z DEBUG panoptikon::inferio::http: processing local inference predict model=textembed/all-MiniLM-L6-v2 inputs=1
2026-09-17T01:32:15.987518Z DEBUG panoptikon::inferio::http: processing local inference predict model=textembed/all-MiniLM-L6-v2 inputs=1
2026-09-17T01:32:15.987718Z DEBUG panoptikon::inferio::http: processing local inference predict model=textembed/all-MiniLM-L6-v2 inputs=1
2026-09-17T01:32:15.987794Z DEBUG panoptikon::inferio::http: processing local inference predict model=textembed/all-MiniLM-L6-v2 inputs=1
2026-09-17T01:32:15.988013Z DEBUG panoptikon::inferio::http: processing local inference predict model=textembed/all-MiniLM-L6-v2 inputs=1
2026-09-17T01:32:15.988122Z DEBUG panoptikon::inferio::http: processing local inference predict model=textembed/all-MiniLM-L6-v2 inputs=1
2026-09-17T01:32:15.988214Z DEBUG panoptikon::inferio::http: processing local inference predict model=textembed/all-MiniLM-L6-v2 inputs=1
2026-09-17T01:32:15.988810Z DEBUG panoptikon::inferio::http: processing local inference predict model=textembed/all-MiniLM-L6-v2 inputs=1
2026-09-17T01:32:15.988985Z DEBUG panoptikon::inferio::http: processing local inference predict model=textembed/all-MiniLM-L6-v2 inputs=1
2026-09-17T01:32:15.989058Z DEBUG panoptikon::inferio::http: processing local inference predict model=textembed/all-MiniLM-L6-v2 inputs=1
2026-09-17T01:32:15.989106Z DEBUG panoptikon::inferio::http: processing local inference predict model=textembed/all-MiniLM-L6-v2 inputs=1
2026-09-17T01:32:15.989147Z DEBUG panoptikon::inferio::http: processing local inference predict model=textembed/all-MiniLM-L6-v2 inputs=1
2026-09-17T01:32:15.989191Z DEBUG panoptikon::inferio::http: processing local inference predict model=textembed/all-MiniLM-L6-v2 inputs=1
2026-09-17T01:32:15.989226Z DEBUG panoptikon::inferio::http: processing local inference predict model=textembed/all-MiniLM-L6-v2 inputs=1
2026-09-17T01:32:15.989266Z DEBUG panoptikon::inferio::http: processing local inference predict model=textembed/all-MiniLM-L6-v2 inputs=1
2026-09-17T01:32:15.989305Z DEBUG panoptikon::inferio::http: processing local inference predict model=textembed/all-MiniLM-L6-v2 inputs=1
2026-09-17T01:32:15.989352Z DEBUG panoptikon::inferio::http: processing local inference predict model=textembed/all-MiniLM-L6-v2 inputs=1
2026-09-17T01:32:15.989391Z DEBUG panoptikon::inferio::http: processing local inference predict model=textembed/all-MiniLM-L6-v2 inputs=1
2026-09-17T01:32:15.989434Z DEBUG panoptikon::inferio::http: processing local inference predict model=textembed/all-MiniLM-L6-v2 inputs=1
2026-09-17T01:32:15.989469Z DEBUG panoptikon::inferio::http: processing local inference predict model=textembed/all-MiniLM-L6-v2 inputs=1
2026-09-17T01:32:15.989506Z DEBUG panoptikon::inferio::http: processing local inference predict model=textembed/all-MiniLM-L6-v2 inputs=1
2026-09-17T01:32:15.989733Z DEBUG panoptikon::inferio::http: processing local inference predict model=textembed/all-MiniLM-L6-v2 inputs=1
2026-09-17T01:32:16.007994Z  INFO panoptikon::inferio::worker: Batches:   0%|          | 0/1 [00:00<?, ?it/s]Batches: 100%|██████████| 1/1 [00:00<00:00, 20.90it/s] worker=sentence_transformers
2026-09-17T01:32:16.020296Z  INFO panoptikon::inferio::worker: Batches:   0%|          | 0/1 [00:00<?, ?it/s]Batches: 100%|██████████| 1/1 [00:00<00:00, 128.25it/s] worker=sentence_transformers
2026-09-17T01:32:16.021148Z DEBUG panoptikon::inferio::ledger: refitted the memory cost model model=textembed/all-MiniLM-L6-v2 gpu=CPU slope_mb_per_unit=0.16216216216216217 intercept_mb=41.45945945945946 residual_mb=0.8378378378378386 samples=6 version=1
2026-09-17T01:32:16.021205Z DEBUG panoptikon::inferio::ledger: queued a calibration profile update for the store model=textembed/all-MiniLM-L6-v2 gpu=CPU reason="fit_changed" max_units_measured=102 fit_version=1
2026-09-17T01:32:16.021230Z DEBUG panoptikon::inferio::ledger: settled a granted window model=textembed/all-MiniLM-L6-v2 gpu=CPU outcome="clean" fit_samples=5 throughput_samples=0 clamped_samples=0 clamped=none ramp_step=1 deflation=0 clean_windows=2 max_units_measured=102
2026-09-17T01:32:16.021315Z DEBUG panoptikon::inferio::ledger: issued a memory grant model=textembed/all-MiniLM-L6-v2 gpu=CPU unit_budget=204 mb=42 canvas_pixels=none share_mb=85557 room_mb=85557 headroom_mb=85498 external_mb=41848 reserve_mb=1024 reserve_rule="capped_default" pre_fit=false ramp_step=1 deflation=0 squeezed=false window_requests=15
2026-09-17T01:32:16.061233Z DEBUG panoptikon::inferio::http: processing local inference predict model=textembed/all-MiniLM-L6-v2 inputs=1
2026-09-17T01:32:16.061442Z DEBUG panoptikon::inferio::http: processing local inference predict model=textembed/all-MiniLM-L6-v2 inputs=1
2026-09-17T01:32:16.061555Z DEBUG panoptikon::inferio::http: processing local inference predict model=textembed/all-MiniLM-L6-v2 inputs=1
2026-09-17T01:32:16.061659Z DEBUG panoptikon::inferio::http: processing local inference predict model=textembed/all-MiniLM-L6-v2 inputs=1
2026-09-17T01:32:16.061764Z DEBUG panoptikon::inferio::http: processing local inference predict model=textembed/all-MiniLM-L6-v2 inputs=1
2026-09-17T01:32:16.061865Z DEBUG panoptikon::inferio::http: processing local inference predict model=textembed/all-MiniLM-L6-v2 inputs=1
2026-09-17T01:32:16.061978Z DEBUG panoptikon::inferio::http: processing local inference predict model=textembed/all-MiniLM-L6-v2 inputs=1
2026-09-17T01:32:16.062084Z DEBUG panoptikon::inferio::http: processing local inference predict model=textembed/all-MiniLM-L6-v2 inputs=1
2026-09-17T01:32:16.062180Z DEBUG panoptikon::inferio::http: processing local inference predict model=textembed/all-MiniLM-L6-v2 inputs=1
2026-09-17T01:32:16.062278Z DEBUG panoptikon::inferio::http: processing local inference predict model=textembed/all-MiniLM-L6-v2 inputs=1
2026-09-17T01:32:16.062389Z DEBUG panoptikon::inferio::http: processing local inference predict model=textembed/all-MiniLM-L6-v2 inputs=1
2026-09-17T01:32:16.062516Z DEBUG panoptikon::inferio::http: processing local inference predict model=textembed/all-MiniLM-L6-v2 inputs=1
2026-09-17T01:32:16.062626Z DEBUG panoptikon::inferio::http: processing local inference predict model=textembed/all-MiniLM-L6-v2 inputs=1
2026-09-17T01:32:16.062737Z DEBUG panoptikon::inferio::http: processing local inference predict model=textembed/all-MiniLM-L6-v2 inputs=1
2026-09-17T01:32:16.062828Z DEBUG panoptikon::inferio::http: processing local inference predict model=textembed/all-MiniLM-L6-v2 inputs=1
2026-09-17T01:32:16.063038Z DEBUG panoptikon::inferio::http: processing local inference predict model=textembed/all-MiniLM-L6-v2 inputs=1
2026-09-17T01:32:16.063104Z DEBUG panoptikon::inferio::http: processing local inference predict model=textembed/all-MiniLM-L6-v2 inputs=1
2026-09-17T01:32:16.063107Z DEBUG panoptikon::inferio::http: processing local inference predict model=textembed/all-MiniLM-L6-v2 inputs=1
2026-09-17T01:32:16.063125Z DEBUG panoptikon::inferio::http: processing local inference predict model=textembed/all-MiniLM-L6-v2 inputs=1
2026-09-17T01:32:16.063324Z DEBUG panoptikon::inferio::http: processing local inference predict model=textembed/all-MiniLM-L6-v2 inputs=1
2026-09-17T01:32:16.063356Z DEBUG panoptikon::inferio::http: processing local inference predict model=textembed/all-MiniLM-L6-v2 inputs=1
2026-09-17T01:32:16.063130Z DEBUG panoptikon::inferio::http: processing local inference predict model=textembed/all-MiniLM-L6-v2 inputs=1
2026-09-17T01:32:16.063329Z DEBUG panoptikon::inferio::http: processing local inference predict model=textembed/all-MiniLM-L6-v2 inputs=1
2026-09-17T01:32:16.063538Z DEBUG panoptikon::inferio::http: processing local inference predict model=textembed/all-MiniLM-L6-v2 inputs=1
2026-09-17T01:32:16.063221Z DEBUG panoptikon::inferio::http: processing local inference predict model=textembed/all-MiniLM-L6-v2 inputs=1
2026-09-17T01:32:16.063251Z DEBUG panoptikon::inferio::http: processing local inference predict model=textembed/all-MiniLM-L6-v2 inputs=1
2026-09-17T01:32:16.063411Z DEBUG panoptikon::inferio::http: processing local inference predict model=textembed/all-MiniLM-L6-v2 inputs=1
2026-09-17T01:32:16.063839Z DEBUG panoptikon::inferio::http: processing local inference predict model=textembed/all-MiniLM-L6-v2 inputs=1
2026-09-17T01:32:16.063466Z DEBUG panoptikon::inferio::http: processing local inference predict model=textembed/all-MiniLM-L6-v2 inputs=1
2026-09-17T01:32:16.063469Z DEBUG panoptikon::inferio::http: processing local inference predict model=textembed/all-MiniLM-L6-v2 inputs=1
2026-09-17T01:32:16.063551Z DEBUG panoptikon::inferio::http: processing local inference predict model=textembed/all-MiniLM-L6-v2 inputs=1
2026-09-17T01:32:16.063573Z DEBUG panoptikon::inferio::http: processing local inference predict model=textembed/all-MiniLM-L6-v2 inputs=1
2026-09-17T01:32:16.063573Z DEBUG panoptikon::inferio::http: processing local inference predict model=textembed/all-MiniLM-L6-v2 inputs=1
2026-09-17T01:32:16.063636Z DEBUG panoptikon::inferio::http: processing local inference predict model=textembed/all-MiniLM-L6-v2 inputs=1
2026-09-17T01:32:16.064234Z DEBUG panoptikon::inferio::http: processing local inference predict model=textembed/all-MiniLM-L6-v2 inputs=1
2026-09-17T01:32:16.063642Z DEBUG panoptikon::inferio::http: processing local inference predict model=textembed/all-MiniLM-L6-v2 inputs=1
2026-09-17T01:32:16.064309Z DEBUG panoptikon::inferio::http: processing local inference predict model=textembed/all-MiniLM-L6-v2 inputs=1
2026-09-17T01:32:16.063657Z DEBUG panoptikon::inferio::http: processing local inference predict model=textembed/all-MiniLM-L6-v2 inputs=1
2026-09-17T01:32:16.063324Z DEBUG panoptikon::inferio::http: processing local inference predict model=textembed/all-MiniLM-L6-v2 inputs=1
2026-09-17T01:32:16.063700Z DEBUG panoptikon::inferio::http: processing local inference predict model=textembed/all-MiniLM-L6-v2 inputs=1
2026-09-17T01:32:16.063721Z DEBUG panoptikon::inferio::http: processing local inference predict model=textembed/all-MiniLM-L6-v2 inputs=1
2026-09-17T01:32:16.064680Z DEBUG panoptikon::inferio::http: processing local inference predict model=textembed/all-MiniLM-L6-v2 inputs=1
2026-09-17T01:32:16.063814Z DEBUG panoptikon::inferio::http: processing local inference predict model=textembed/all-MiniLM-L6-v2 inputs=1
2026-09-17T01:32:16.063462Z DEBUG panoptikon::inferio::http: processing local inference predict model=textembed/all-MiniLM-L6-v2 inputs=1
2026-09-17T01:32:16.063858Z DEBUG panoptikon::inferio::http: processing local inference predict model=textembed/all-MiniLM-L6-v2 inputs=1
2026-09-17T01:32:16.063864Z DEBUG panoptikon::inferio::http: processing local inference predict model=textembed/all-MiniLM-L6-v2 inputs=1
2026-09-17T01:32:16.063938Z DEBUG panoptikon::inferio::http: processing local inference predict model=textembed/all-MiniLM-L6-v2 inputs=1
2026-09-17T01:32:16.063956Z DEBUG panoptikon::inferio::http: processing local inference predict model=textembed/all-MiniLM-L6-v2 inputs=1
2026-09-17T01:32:16.063986Z DEBUG panoptikon::inferio::http: processing local inference predict model=textembed/all-MiniLM-L6-v2 inputs=1
2026-09-17T01:32:16.064005Z DEBUG panoptikon::inferio::http: processing local inference predict model=textembed/all-MiniLM-L6-v2 inputs=1
2026-09-17T01:32:16.064034Z DEBUG panoptikon::inferio::http: processing local inference predict model=textembed/all-MiniLM-L6-v2 inputs=1
2026-09-17T01:32:16.064058Z DEBUG panoptikon::inferio::http: processing local inference predict model=textembed/all-MiniLM-L6-v2 inputs=1
2026-09-17T01:32:16.064096Z DEBUG panoptikon::inferio::http: processing local inference predict model=textembed/all-MiniLM-L6-v2 inputs=1
2026-09-17T01:32:16.064096Z DEBUG panoptikon::inferio::http: processing local inference predict model=textembed/all-MiniLM-L6-v2 inputs=1
2026-09-17T01:32:16.064160Z DEBUG panoptikon::inferio::http: processing local inference predict model=textembed/all-MiniLM-L6-v2 inputs=1
2026-09-17T01:32:16.064173Z DEBUG panoptikon::inferio::http: processing local inference predict model=textembed/all-MiniLM-L6-v2 inputs=1
2026-09-17T01:32:16.064176Z DEBUG panoptikon::inferio::http: processing local inference predict model=textembed/all-MiniLM-L6-v2 inputs=1
2026-09-17T01:32:16.064210Z DEBUG panoptikon::inferio::http: processing local inference predict model=textembed/all-MiniLM-L6-v2 inputs=1
2026-09-17T01:32:16.063639Z DEBUG panoptikon::inferio::http: processing local inference predict model=textembed/all-MiniLM-L6-v2 inputs=1
2026-09-17T01:32:16.064325Z DEBUG panoptikon::inferio::http: processing local inference predict model=textembed/all-MiniLM-L6-v2 inputs=1
2026-09-17T01:32:16.063650Z DEBUG panoptikon::inferio::http: processing local inference predict model=textembed/all-MiniLM-L6-v2 inputs=1
2026-09-17T01:32:16.064336Z DEBUG panoptikon::inferio::http: processing local inference predict model=textembed/all-MiniLM-L6-v2 inputs=1
2026-09-17T01:32:16.064828Z DEBUG panoptikon::inferio::http: processing local inference predict model=textembed/all-MiniLM-L6-v2 inputs=1
2026-09-17T01:32:16.064906Z DEBUG panoptikon::inferio::http: processing local inference predict model=textembed/all-MiniLM-L6-v2 inputs=1
2026-09-17T01:32:16.096479Z DEBUG panoptikon::inferio::http: processing local inference predict model=textembed/all-MiniLM-L6-v2 inputs=1
2026-09-17T01:32:16.133681Z  INFO panoptikon::inferio::worker: Batches:   0%|          | 0/1 [00:00<?, ?it/s]Batches: 100%|██████████| 1/1 [00:00<00:00,  9.19it/s]Batches: 100%|██████████| 1/1 [00:00<00:00,  9.17it/s] worker=sentence_transformers
2026-09-17T01:32:16.241158Z  INFO panoptikon::inferio::worker: Batches:   0%|          | 0/1 [00:00<?, ?it/s]Batches: 100%|██████████| 1/1 [00:00<00:00,  9.72it/s]Batches: 100%|██████████| 1/1 [00:00<00:00,  9.70it/s] worker=sentence_transformers
2026-09-17T01:32:16.292221Z  INFO panoptikon::inferio::worker: Batches:   0%|          | 0/1 [00:00<?, ?it/s]Batches: 100%|██████████| 1/1 [00:00<00:00, 23.25it/s] worker=sentence_transformers
2026-09-17T01:32:16.327024Z  INFO panoptikon::inferio::worker: Batches:   0%|          | 0/1 [00:00<?, ?it/s]Batches: 100%|██████████| 1/1 [00:00<00:00, 36.08it/s] worker=sentence_transformers
2026-09-17T01:32:16.328294Z  INFO panoptikon::inferio::ledger: holding the throughput ramp at this rung: the ring cannot certify this rung yet model=textembed/all-MiniLM-L6-v2 gpu=CPU units=203 certified=false knee_binds=false
2026-09-17T01:32:16.328343Z DEBUG panoptikon::inferio::ledger: refitted the memory cost model model=textembed/all-MiniLM-L6-v2 gpu=CPU slope_mb_per_unit=0.13432835820895522 intercept_mb=43.962686567164184 residual_mb=1.2388059701492509 samples=10 version=2
2026-09-17T01:32:16.328378Z DEBUG panoptikon::inferio::ledger: declining to fit a throughput knee: the ring's quiet buckets hold too few observations to read as a curve observations=0 min_observations=12 buckets=0 min_buckets=3
2026-09-17T01:32:16.328402Z DEBUG panoptikon::inferio::ledger: queued a calibration profile update for the store model=textembed/all-MiniLM-L6-v2 gpu=CPU reason="fit_changed" max_units_measured=203 fit_version=2
2026-09-17T01:32:16.328433Z DEBUG panoptikon::inferio::ledger: settled a granted window model=textembed/all-MiniLM-L6-v2 gpu=CPU outcome="clean" fit_samples=4 throughput_samples=1 clamped_samples=0 clamped=none ramp_step=1 deflation=0 clean_windows=3 max_units_measured=203
2026-09-17T01:32:16.328539Z DEBUG panoptikon::inferio::ledger: issued a memory grant model=textembed/all-MiniLM-L6-v2 gpu=CPU unit_budget=203 mb=28 canvas_pixels=none share_mb=85499 room_mb=85499 headroom_mb=85430 external_mb=41906 reserve_mb=1024 reserve_rule="capped_default" pre_fit=false ramp_step=1 deflation=0 squeezed=false window_requests=15
2026-09-17T01:32:16.363008Z  INFO panoptikon::inferio::worker: Batches:   0%|          | 0/1 [00:00<?, ?it/s]Batches: 100%|██████████| 1/1 [00:00<00:00, 32.73it/s] worker=sentence_transformers
2026-09-17T01:32:16.405147Z  INFO panoptikon::inferio::worker: Batches:   0%|          | 0/1 [00:00<?, ?it/s]Batches: 100%|██████████| 1/1 [00:00<00:00, 26.80it/s] worker=sentence_transformers
2026-09-17T01:32:16.451624Z  INFO panoptikon::inferio::worker: Batches:   0%|          | 0/1 [00:00<?, ?it/s]Batches: 100%|██████████| 1/1 [00:00<00:00, 24.19it/s] worker=sentence_transformers
2026-09-17T01:32:16.483155Z  INFO panoptikon::inferio::worker: Batches:   0%|          | 0/1 [00:00<?, ?it/s]Batches: 100%|██████████| 1/1 [00:00<00:00, 43.73it/s] worker=sentence_transformers
2026-09-17T01:32:16.493142Z  INFO panoptikon::inferio::worker: Batches:   0%|          | 0/1 [00:00<?, ?it/s]Batches: 100%|██████████| 1/1 [00:00<00:00, 152.50it/s] worker=sentence_transformers
2026-09-17T01:32:16.494288Z DEBUG panoptikon::inferio::ledger: declining to read this model's throughput curve: the observations in one batch-size bucket disagree with each other by more than the knee's own decision band, so something outside this ledger was moving throughput while they were taken bucket=7 observations=3 dispersion=0.21146981773879803 threshold=0.2
2026-09-17T01:32:16.494342Z  INFO panoptikon::inferio::ledger: the throughput ramp is free to grow again model=textembed/all-MiniLM-L6-v2 gpu=CPU
2026-09-17T01:32:16.494381Z DEBUG panoptikon::inferio::ledger: refitted the memory cost model model=textembed/all-MiniLM-L6-v2 gpu=CPU slope_mb_per_unit=0.09734513274336283 intercept_mb=51.27433628318584 residual_mb=3.5796460176991154 samples=14 version=3
2026-09-17T01:32:16.494402Z DEBUG panoptikon::inferio::ledger: declining to fit a throughput knee: the ring's quiet buckets hold too few observations to read as a curve observations=3 min_observations=12 buckets=1 min_buckets=3
2026-09-17T01:32:16.494422Z DEBUG panoptikon::inferio::ledger: queued a calibration profile update for the store model=textembed/all-MiniLM-L6-v2 gpu=CPU reason="fit_changed" max_units_measured=203 fit_version=3
2026-09-17T01:32:16.494447Z DEBUG panoptikon::inferio::ledger: settled a granted window model=textembed/all-MiniLM-L6-v2 gpu=CPU outcome="clean" fit_samples=5 throughput_samples=2 clamped_samples=0 clamped=none ramp_step=2 deflation=0 clean_windows=4 max_units_measured=203
2026-09-17T01:32:16.494520Z DEBUG panoptikon::inferio::ledger: issued a memory grant model=textembed/all-MiniLM-L6-v2 gpu=CPU unit_budget=406 mb=40 canvas_pixels=none share_mb=85460 room_mb=85460 headroom_mb=85390 external_mb=41945 reserve_mb=1024 reserve_rule="capped_default" pre_fit=false ramp_step=2 deflation=0 squeezed=false window_requests=22
2026-09-17T01:32:16.572879Z  INFO panoptikon::inferio::worker: Batches:   0%|          | 0/1 [00:00<?, ?it/s]Batches: 100%|██████████| 1/1 [00:00<00:00, 13.59it/s] worker=sentence_transformers
2026-09-17T01:32:16.800723Z  INFO panoptikon::inferio::worker: Batches:   0%|          | 0/1 [00:00<?, ?it/s]Batches: 100%|██████████| 1/1 [00:00<00:00,  4.50it/s]Batches: 100%|██████████| 1/1 [00:00<00:00,  4.49it/s] worker=sentence_transformers
2026-09-17T01:32:16.801763Z  INFO panoptikon::inferio::worker: 2026-09-17 01:32:16,801 [WARNING] inferio_worker.packing: batch of 5 inputs (390 token units) ran at 1721 units/sec against 4554 for the previous growing batch of 352 units; treating it as a memory spill (driver sysmem fallback) worker=sentence_transformers
2026-09-17T01:32:16.861804Z  INFO panoptikon::inferio::worker: Batches:   0%|          | 0/1 [00:00<?, ?it/s]Batches: 100%|██████████| 1/1 [00:00<00:00, 17.93it/s] worker=sentence_transformers
2026-09-17T01:32:16.903006Z  INFO panoptikon::inferio::worker: Batches:   0%|          | 0/1 [00:00<?, ?it/s]Batches: 100%|██████████| 1/1 [00:00<00:00, 26.34it/s] worker=sentence_transformers
2026-09-17T01:32:16.911938Z  INFO panoptikon::inferio::worker: Batches:   0%|          | 0/1 [00:00<?, ?it/s]Batches: 100%|██████████| 1/1 [00:00<00:00, 166.00it/s] worker=sentence_transformers
2026-09-17T01:32:16.913794Z DEBUG panoptikon::inferio::ledger: ignored this window's throughput-collapse flags: the pool grew by less than the device had free, so no batch this window ran spilled to host memory and the rate drop is the impl's own decode cost. Discarded rather than counted clean model=textembed/all-MiniLM-L6-v2 gpu=CPU uncorroborated_collapses=1
2026-09-17T01:32:16.913842Z DEBUG panoptikon::inferio::ledger: declining to read this model's throughput curve: the observations in one batch-size bucket disagree with each other by more than the knee's own decision band, so something outside this ledger was moving throughput while they were taken bucket=7 observations=3 dispersion=0.21146981773879803 threshold=0.2
2026-09-17T01:32:16.913893Z DEBUG panoptikon::inferio::ledger: refitted the memory cost model model=textembed/all-MiniLM-L6-v2 gpu=CPU slope_mb_per_unit=0.07232878883956881 intercept_mb=55.31725586556753 residual_mb=2.820822764743184 samples=17 version=4
2026-09-17T01:32:16.913918Z DEBUG panoptikon::inferio::ledger: declining to fit a throughput knee: the ring's quiet buckets hold too few observations to read as a curve observations=5 min_observations=12 buckets=2 min_buckets=3
2026-09-17T01:32:16.913941Z DEBUG panoptikon::inferio::ledger: queued a calibration profile update for the store model=textembed/all-MiniLM-L6-v2 gpu=CPU reason="fit_changed" max_units_measured=364 fit_version=4
2026-09-17T01:32:16.913965Z DEBUG panoptikon::inferio::ledger: settled a granted window model=textembed/all-MiniLM-L6-v2 gpu=CPU outcome="clean" fit_samples=4 throughput_samples=2 clamped_samples=0 clamped=none ramp_step=3 deflation=0 clean_windows=5 max_units_measured=364
2026-09-17T01:32:16.914038Z DEBUG panoptikon::inferio::ledger: issued a memory grant model=textembed/all-MiniLM-L6-v2 gpu=CPU unit_budget=728 mb=53 canvas_pixels=none share_mb=85315 room_mb=85315 headroom_mb=85239 external_mb=42090 reserve_mb=1024 reserve_rule="capped_default" pre_fit=false ramp_step=3 deflation=0 squeezed=false window_requests=49
2026-09-17T01:32:17.102314Z  INFO panoptikon::inferio::worker: Batches:   0%|          | 0/1 [00:00<?, ?it/s]Batches: 100%|██████████| 1/1 [00:00<00:00,  5.53it/s]Batches: 100%|██████████| 1/1 [00:00<00:00,  5.52it/s] worker=sentence_transformers
2026-09-17T01:32:17.220511Z  INFO panoptikon::inferio::worker: Batches:   0%|          | 0/1 [00:00<?, ?it/s]Batches: 100%|██████████| 1/1 [00:00<00:00,  9.04it/s]Batches: 100%|██████████| 1/1 [00:00<00:00,  9.02it/s] worker=sentence_transformers
2026-09-17T01:32:17.316299Z  INFO panoptikon::inferio::worker: Batches:   0%|          | 0/1 [00:00<?, ?it/s]Batches: 100%|██████████| 1/1 [00:00<00:00, 11.01it/s] worker=sentence_transformers
2026-09-17T01:32:17.423843Z  INFO panoptikon::inferio::worker: Batches:   0%|          | 0/1 [00:00<?, ?it/s]Batches: 100%|██████████| 1/1 [00:00<00:00, 10.00it/s]Batches: 100%|██████████| 1/1 [00:00<00:00,  9.97it/s] worker=sentence_transformers
2026-09-17T01:32:17.426220Z DEBUG panoptikon::inferio::ledger: declining to read this model's throughput curve: the observations in one batch-size bucket disagree with each other by more than the knee's own decision band, so something outside this ledger was moving throughput while they were taken bucket=7 observations=3 dispersion=0.21146981773879803 threshold=0.2
2026-09-17T01:32:17.426347Z DEBUG panoptikon::inferio::ledger: refitted the memory cost model model=textembed/all-MiniLM-L6-v2 gpu=CPU slope_mb_per_unit=0.05087279902853673 intercept_mb=58.389526411657556 residual_mb=3.968078324225864 samples=21 version=5
2026-09-17T01:32:17.426370Z DEBUG panoptikon::inferio::ledger: declining to fit a throughput knee: the ring's quiet buckets hold too few observations to read as a curve observations=7 min_observations=12 buckets=3 min_buckets=3
2026-09-17T01:32:17.426387Z DEBUG panoptikon::inferio::ledger: queued a calibration profile update for the store model=textembed/all-MiniLM-L6-v2 gpu=CPU reason="fit_changed" max_units_measured=712 fit_version=5
2026-09-17T01:32:17.426411Z DEBUG panoptikon::inferio::ledger: settled a granted window model=textembed/all-MiniLM-L6-v2 gpu=CPU outcome="clean" fit_samples=4 throughput_samples=2 clamped_samples=0 clamped=none ramp_step=4 deflation=0 clean_windows=6 max_units_measured=712
2026-09-17T01:32:17.426504Z DEBUG panoptikon::inferio::ledger: issued a memory grant model=textembed/all-MiniLM-L6-v2 gpu=CPU unit_budget=1424 mb=73 canvas_pixels=none share_mb=85249 room_mb=85249 headroom_mb=85170 external_mb=42156 reserve_mb=1024 reserve_rule="capped_default" pre_fit=false ramp_step=4 deflation=0 squeezed=false window_requests=101
2026-09-17T01:32:17.581826Z  INFO panoptikon::inferio::worker: Batches:   0%|          | 0/1 [00:00<?, ?it/s]Batches: 100%|██████████| 1/1 [00:00<00:00,  6.82it/s]Batches: 100%|██████████| 1/1 [00:00<00:00,  6.81it/s] worker=sentence_transformers
2026-09-17T01:32:17.760703Z  INFO panoptikon::inferio::worker: Batches:   0%|          | 0/1 [00:00<?, ?it/s]Batches: 100%|██████████| 1/1 [00:00<00:00,  5.98it/s]Batches: 100%|██████████| 1/1 [00:00<00:00,  5.97it/s] worker=sentence_transformers
2026-09-17T01:32:18.055087Z  INFO panoptikon::inferio::worker: Batches:   0%|          | 0/1 [00:00<?, ?it/s]Batches: 100%|██████████| 1/1 [00:00<00:00,  3.52it/s]Batches: 100%|██████████| 1/1 [00:00<00:00,  3.51it/s] worker=sentence_transformers
2026-09-17T01:32:18.185992Z  INFO panoptikon::inferio::worker: Batches:   0%|          | 0/1 [00:00<?, ?it/s]Batches: 100%|██████████| 1/1 [00:00<00:00,  8.13it/s]Batches: 100%|██████████| 1/1 [00:00<00:00,  8.11it/s] worker=sentence_transformers
2026-09-17T01:32:18.189409Z DEBUG panoptikon::inferio::ledger: declining to read this model's throughput curve: the observations in one batch-size bucket disagree with each other by more than the knee's own decision band, so something outside this ledger was moving throughput while they were taken bucket=7 observations=3 dispersion=0.21146981773879803 threshold=0.2
2026-09-17T01:32:18.189499Z DEBUG panoptikon::inferio::ledger: refitted the memory cost model model=textembed/all-MiniLM-L6-v2 gpu=CPU slope_mb_per_unit=0.03970108292538199 intercept_mb=60.89163328882955 residual_mb=3.7090194333185025 samples=25 version=6
2026-09-17T01:32:18.189536Z DEBUG panoptikon::inferio::ledger: declining to fit a throughput knee: the ring's quiet buckets hold too few observations to read as a curve observations=9 min_observations=12 buckets=4 min_buckets=3
2026-09-17T01:32:18.189566Z DEBUG panoptikon::inferio::ledger: queued a calibration profile update for the store model=textembed/all-MiniLM-L6-v2 gpu=CPU reason="fit_changed" max_units_measured=1386 fit_version=6
2026-09-17T01:32:18.189605Z DEBUG panoptikon::inferio::ledger: settled a granted window model=textembed/all-MiniLM-L6-v2 gpu=CPU outcome="clean" fit_samples=4 throughput_samples=2 clamped_samples=0 clamped=none ramp_step=5 deflation=0 clean_windows=7 max_units_measured=1386
2026-09-17T01:32:18.189730Z DEBUG panoptikon::inferio::ledger: issued a memory grant model=textembed/all-MiniLM-L6-v2 gpu=CPU unit_budget=2772 mb=111 canvas_pixels=none share_mb=85186 room_mb=85186 headroom_mb=85089 external_mb=42219 reserve_mb=1024 reserve_rule="capped_default" pre_fit=false ramp_step=5 deflation=0 squeezed=false window_requests=182
2026-09-17T01:32:18.414336Z  INFO panoptikon::inferio::worker: Batches:   0%|          | 0/1 [00:00<?, ?it/s]Batches: 100%|██████████| 1/1 [00:00<00:00,  4.76it/s]Batches: 100%|██████████| 1/1 [00:00<00:00,  4.75it/s] worker=sentence_transformers
2026-09-17T01:32:18.649253Z  INFO panoptikon::inferio::worker: Batches:   0%|          | 0/1 [00:00<?, ?it/s]Batches: 100%|██████████| 1/1 [00:00<00:00,  4.65it/s]Batches: 100%|██████████| 1/1 [00:00<00:00,  4.64it/s] worker=sentence_transformers
2026-09-17T01:32:18.890200Z  INFO panoptikon::inferio::worker: Batches:   0%|          | 0/1 [00:00<?, ?it/s]Batches: 100%|██████████| 1/1 [00:00<00:00,  4.37it/s]Batches: 100%|██████████| 1/1 [00:00<00:00,  4.36it/s] worker=sentence_transformers
2026-09-17T01:32:19.069245Z  INFO panoptikon::inferio::worker: Batches:   0%|          | 0/1 [00:00<?, ?it/s]Batches: 100%|██████████| 1/1 [00:00<00:00,  5.91it/s]Batches: 100%|██████████| 1/1 [00:00<00:00,  5.90it/s] worker=sentence_transformers
2026-09-17T01:32:19.073702Z DEBUG panoptikon::inferio::ledger: declining to read this model's throughput curve: the observations in one batch-size bucket disagree with each other by more than the knee's own decision band, so something outside this ledger was moving throughput while they were taken bucket=7 observations=3 dispersion=0.21146981773879803 threshold=0.2
2026-09-17T01:32:19.073819Z DEBUG panoptikon::inferio::ledger: refitted the memory cost model model=textembed/all-MiniLM-L6-v2 gpu=CPU slope_mb_per_unit=0.032247383183963876 intercept_mb=64.71142915782993 residual_mb=3.324460559622352 samples=29 version=7
2026-09-17T01:32:19.073840Z DEBUG panoptikon::inferio::ledger: declining to fit a throughput knee: the ring's quiet buckets hold too few observations to read as a curve observations=11 min_observations=12 buckets=5 min_buckets=3
2026-09-17T01:32:19.073853Z DEBUG panoptikon::inferio::ledger: queued a calibration profile update for the store model=textembed/all-MiniLM-L6-v2 gpu=CPU reason="fit_changed" max_units_measured=2759 fit_version=7
2026-09-17T01:32:19.073870Z DEBUG panoptikon::inferio::ledger: settled a granted window model=textembed/all-MiniLM-L6-v2 gpu=CPU outcome="clean" fit_samples=4 throughput_samples=2 clamped_samples=0 clamped=none ramp_step=6 deflation=0 clean_windows=8 max_units_measured=2759
2026-09-17T01:32:19.073938Z DEBUG panoptikon::inferio::ledger: issued a memory grant model=textembed/all-MiniLM-L6-v2 gpu=CPU unit_budget=5518 mb=183 canvas_pixels=none share_mb=85066 room_mb=85066 headroom_mb=84940 external_mb=42339 reserve_mb=1024 reserve_rule="capped_default" pre_fit=false ramp_step=6 deflation=0 squeezed=false window_requests=368
2026-09-17T01:32:19.076373Z DEBUG panoptikon::inferio::http: processing local inference predict model=textembed/all-MiniLM-L6-v2 inputs=1
2026-09-17T01:32:19.076558Z DEBUG panoptikon::inferio::http: processing local inference predict model=textembed/all-MiniLM-L6-v2 inputs=1
2026-09-17T01:32:19.076868Z DEBUG panoptikon::inferio::http: processing local inference predict model=textembed/all-MiniLM-L6-v2 inputs=1
2026-09-17T01:32:19.076942Z DEBUG panoptikon::inferio::http: processing local inference predict model=textembed/all-MiniLM-L6-v2 inputs=1
2026-09-17T01:32:19.076977Z DEBUG panoptikon::inferio::http: processing local inference predict model=textembed/all-MiniLM-L6-v2 inputs=1
2026-09-17T01:32:19.077065Z DEBUG panoptikon::inferio::http: processing local inference predict model=textembed/all-MiniLM-L6-v2 inputs=1
2026-09-17T01:32:19.077063Z DEBUG panoptikon::inferio::http: processing local inference predict model=textembed/all-MiniLM-L6-v2 inputs=1
2026-09-17T01:32:19.077142Z DEBUG panoptikon::inferio::http: processing local inference predict model=textembed/all-MiniLM-L6-v2 inputs=1
2026-09-17T01:32:19.077176Z DEBUG panoptikon::inferio::http: processing local inference predict model=textembed/all-MiniLM-L6-v2 inputs=1
2026-09-17T01:32:19.077186Z DEBUG panoptikon::inferio::http: processing local inference predict model=textembed/all-MiniLM-L6-v2 inputs=1
2026-09-17T01:32:19.077212Z DEBUG panoptikon::inferio::http: processing local inference predict model=textembed/all-MiniLM-L6-v2 inputs=1
2026-09-17T01:32:19.077509Z DEBUG panoptikon::inferio::http: processing local inference predict model=textembed/all-MiniLM-L6-v2 inputs=1
2026-09-17T01:32:19.077314Z DEBUG panoptikon::inferio::http: processing local inference predict model=textembed/all-MiniLM-L6-v2 inputs=1
2026-09-17T01:32:19.077364Z DEBUG panoptikon::inferio::http: processing local inference predict model=textembed/all-MiniLM-L6-v2 inputs=1
2026-09-17T01:32:19.077388Z DEBUG panoptikon::inferio::http: processing local inference predict model=textembed/all-MiniLM-L6-v2 inputs=1
2026-09-17T01:32:19.077516Z DEBUG panoptikon::inferio::http: processing local inference predict model=textembed/all-MiniLM-L6-v2 inputs=1
2026-09-17T01:32:19.077691Z DEBUG panoptikon::inferio::http: processing local inference predict model=textembed/all-MiniLM-L6-v2 inputs=1
2026-09-17T01:32:19.077292Z DEBUG panoptikon::inferio::http: processing local inference predict model=textembed/all-MiniLM-L6-v2 inputs=1
2026-09-17T01:32:19.077798Z DEBUG panoptikon::inferio::http: processing local inference predict model=textembed/all-MiniLM-L6-v2 inputs=1
2026-09-17T01:32:19.077609Z DEBUG panoptikon::inferio::http: processing local inference predict model=textembed/all-MiniLM-L6-v2 inputs=1
2026-09-17T01:32:19.077623Z DEBUG panoptikon::inferio::http: processing local inference predict model=textembed/all-MiniLM-L6-v2 inputs=1
2026-09-17T01:32:19.077642Z DEBUG panoptikon::inferio::http: processing local inference predict model=textembed/all-MiniLM-L6-v2 inputs=1
2026-09-17T01:32:19.077597Z DEBUG panoptikon::inferio::http: processing local inference predict model=textembed/all-MiniLM-L6-v2 inputs=1
2026-09-17T01:32:19.077734Z DEBUG panoptikon::inferio::http: processing local inference predict model=textembed/all-MiniLM-L6-v2 inputs=1
2026-09-17T01:32:19.078466Z DEBUG panoptikon::inferio::http: processing local inference predict model=textembed/all-MiniLM-L6-v2 inputs=1
2026-09-17T01:32:19.078284Z DEBUG panoptikon::inferio::http: processing local inference predict model=textembed/all-MiniLM-L6-v2 inputs=1
2026-09-17T01:32:19.078866Z DEBUG panoptikon::inferio::http: processing local inference predict model=textembed/all-MiniLM-L6-v2 inputs=1
2026-09-17T01:32:19.078891Z DEBUG panoptikon::inferio::http: processing local inference predict model=textembed/all-MiniLM-L6-v2 inputs=1
2026-09-17T01:32:19.078993Z DEBUG panoptikon::inferio::http: processing local inference predict model=textembed/all-MiniLM-L6-v2 inputs=1
2026-09-17T01:32:19.079045Z DEBUG panoptikon::inferio::http: processing local inference predict model=textembed/all-MiniLM-L6-v2 inputs=1
2026-09-17T01:32:19.079094Z DEBUG panoptikon::inferio::http: processing local inference predict model=textembed/all-MiniLM-L6-v2 inputs=1
2026-09-17T01:32:19.079144Z DEBUG panoptikon::inferio::http: processing local inference predict model=textembed/all-MiniLM-L6-v2 inputs=1
2026-09-17T01:32:19.079223Z DEBUG panoptikon::inferio::http: processing local inference predict model=textembed/all-MiniLM-L6-v2 inputs=1
2026-09-17T01:32:19.079255Z DEBUG panoptikon::inferio::http: processing local inference predict model=textembed/all-MiniLM-L6-v2 inputs=1
2026-09-17T01:32:19.079280Z DEBUG panoptikon::inferio::http: processing local inference predict model=textembed/all-MiniLM-L6-v2 inputs=1
2026-09-17T01:32:19.079301Z DEBUG panoptikon::inferio::http: processing local inference predict model=textembed/all-MiniLM-L6-v2 inputs=1
2026-09-17T01:32:19.079340Z DEBUG panoptikon::inferio::http: processing local inference predict model=textembed/all-MiniLM-L6-v2 inputs=1
2026-09-17T01:32:19.079392Z DEBUG panoptikon::inferio::http: processing local inference predict model=textembed/all-MiniLM-L6-v2 inputs=1
2026-09-17T01:32:19.079424Z DEBUG panoptikon::inferio::http: processing local inference predict model=textembed/all-MiniLM-L6-v2 inputs=1
2026-09-17T01:32:19.079346Z DEBUG panoptikon::inferio::http: processing local inference predict model=textembed/all-MiniLM-L6-v2 inputs=1
2026-09-17T01:32:19.079407Z DEBUG panoptikon::inferio::http: processing local inference predict model=textembed/all-MiniLM-L6-v2 inputs=1
2026-09-17T01:32:19.079372Z DEBUG panoptikon::inferio::http: processing local inference predict model=textembed/all-MiniLM-L6-v2 inputs=1
2026-09-17T01:32:19.079470Z DEBUG panoptikon::inferio::http: processing local inference predict model=textembed/all-MiniLM-L6-v2 inputs=1
2026-09-17T01:32:19.079481Z DEBUG panoptikon::inferio::http: processing local inference predict model=textembed/all-MiniLM-L6-v2 inputs=1
2026-09-17T01:32:19.079661Z DEBUG panoptikon::inferio::http: processing local inference predict model=textembed/all-MiniLM-L6-v2 inputs=1
2026-09-17T01:32:19.079627Z DEBUG panoptikon::inferio::http: processing local inference predict model=textembed/all-MiniLM-L6-v2 inputs=1
2026-09-17T01:32:19.079567Z DEBUG panoptikon::inferio::http: processing local inference predict model=textembed/all-MiniLM-L6-v2 inputs=1
2026-09-17T01:32:19.079695Z DEBUG panoptikon::inferio::http: processing local inference predict model=textembed/all-MiniLM-L6-v2 inputs=1
2026-09-17T01:32:19.079790Z DEBUG panoptikon::inferio::http: processing local inference predict model=textembed/all-MiniLM-L6-v2 inputs=1
2026-09-17T01:32:19.079770Z DEBUG panoptikon::inferio::http: processing local inference predict model=textembed/all-MiniLM-L6-v2 inputs=1
2026-09-17T01:32:19.079775Z DEBUG panoptikon::inferio::http: processing local inference predict model=textembed/all-MiniLM-L6-v2 inputs=1
2026-09-17T01:32:19.079742Z DEBUG panoptikon::inferio::http: processing local inference predict model=textembed/all-MiniLM-L6-v2 inputs=1
2026-09-17T01:32:19.079814Z DEBUG panoptikon::inferio::http: processing local inference predict model=textembed/all-MiniLM-L6-v2 inputs=1
2026-09-17T01:32:19.080018Z DEBUG panoptikon::inferio::http: processing local inference predict model=textembed/all-MiniLM-L6-v2 inputs=1
2026-09-17T01:32:19.080056Z DEBUG panoptikon::inferio::http: processing local inference predict model=textembed/all-MiniLM-L6-v2 inputs=1
2026-09-17T01:32:19.079818Z DEBUG panoptikon::inferio::http: processing local inference predict model=textembed/all-MiniLM-L6-v2 inputs=1
2026-09-17T01:32:19.080115Z DEBUG panoptikon::inferio::http: processing local inference predict model=textembed/all-MiniLM-L6-v2 inputs=1
2026-09-17T01:32:19.079855Z DEBUG panoptikon::inferio::http: processing local inference predict model=textembed/all-MiniLM-L6-v2 inputs=1
2026-09-17T01:32:19.079861Z DEBUG panoptikon::inferio::http: processing local inference predict model=textembed/all-MiniLM-L6-v2 inputs=1
2026-09-17T01:32:19.079878Z DEBUG panoptikon::inferio::http: processing local inference predict model=textembed/all-MiniLM-L6-v2 inputs=1
2026-09-17T01:32:19.080226Z DEBUG panoptikon::inferio::http: processing local inference predict model=textembed/all-MiniLM-L6-v2 inputs=1
2026-09-17T01:32:19.080253Z DEBUG panoptikon::inferio::http: processing local inference predict model=textembed/all-MiniLM-L6-v2 inputs=1
2026-09-17T01:32:19.080032Z DEBUG panoptikon::inferio::http: processing local inference predict model=textembed/all-MiniLM-L6-v2 inputs=1
2026-09-17T01:32:19.079817Z DEBUG panoptikon::inferio::http: processing local inference predict model=textembed/all-MiniLM-L6-v2 inputs=1
2026-09-17T01:32:19.079818Z DEBUG panoptikon::inferio::http: processing local inference predict model=textembed/all-MiniLM-L6-v2 inputs=1
2026-09-17T01:32:19.080061Z DEBUG panoptikon::inferio::http: processing local inference predict model=textembed/all-MiniLM-L6-v2 inputs=1
2026-09-17T01:32:19.080062Z DEBUG panoptikon::inferio::http: processing local inference predict model=textembed/all-MiniLM-L6-v2 inputs=1
2026-09-17T01:32:19.079848Z DEBUG panoptikon::inferio::http: processing local inference predict model=textembed/all-MiniLM-L6-v2 inputs=1
2026-09-17T01:32:19.080144Z DEBUG panoptikon::inferio::http: processing local inference predict model=textembed/all-MiniLM-L6-v2 inputs=1
2026-09-17T01:32:19.080214Z DEBUG panoptikon::inferio::http: processing local inference predict model=textembed/all-MiniLM-L6-v2 inputs=1
2026-09-17T01:32:19.080573Z DEBUG panoptikon::inferio::http: processing local inference predict model=textembed/all-MiniLM-L6-v2 inputs=1
2026-09-17T01:32:19.079982Z DEBUG panoptikon::inferio::http: processing local inference predict model=textembed/all-MiniLM-L6-v2 inputs=1
2026-09-17T01:32:19.080331Z DEBUG panoptikon::inferio::http: processing local inference predict model=textembed/all-MiniLM-L6-v2 inputs=1
2026-09-17T01:32:19.080372Z DEBUG panoptikon::inferio::http: processing local inference predict model=textembed/all-MiniLM-L6-v2 inputs=1
2026-09-17T01:32:19.080513Z DEBUG panoptikon::inferio::http: processing local inference predict model=textembed/all-MiniLM-L6-v2 inputs=1
2026-09-17T01:32:19.079936Z DEBUG panoptikon::inferio::http: processing local inference predict model=textembed/all-MiniLM-L6-v2 inputs=1
2026-09-17T01:32:19.080585Z DEBUG panoptikon::inferio::http: processing local inference predict model=textembed/all-MiniLM-L6-v2 inputs=1
2026-09-17T01:32:19.080858Z DEBUG panoptikon::inferio::http: processing local inference predict model=textembed/all-MiniLM-L6-v2 inputs=1
2026-09-17T01:32:19.080879Z DEBUG panoptikon::inferio::http: processing local inference predict model=textembed/all-MiniLM-L6-v2 inputs=1
2026-09-17T01:32:19.080695Z DEBUG panoptikon::inferio::http: processing local inference predict model=textembed/all-MiniLM-L6-v2 inputs=1
2026-09-17T01:32:19.080790Z DEBUG panoptikon::inferio::http: processing local inference predict model=textembed/all-MiniLM-L6-v2 inputs=1
2026-09-17T01:32:19.080796Z DEBUG panoptikon::inferio::http: processing local inference predict model=textembed/all-MiniLM-L6-v2 inputs=1
2026-09-17T01:32:19.080879Z DEBUG panoptikon::inferio::http: processing local inference predict model=textembed/all-MiniLM-L6-v2 inputs=1
2026-09-17T01:32:19.080627Z DEBUG panoptikon::inferio::http: processing local inference predict model=textembed/all-MiniLM-L6-v2 inputs=1
2026-09-17T01:32:19.081063Z DEBUG panoptikon::inferio::http: processing local inference predict model=textembed/all-MiniLM-L6-v2 inputs=1
2026-09-17T01:32:19.080985Z DEBUG panoptikon::inferio::http: processing local inference predict model=textembed/all-MiniLM-L6-v2 inputs=1
2026-09-17T01:32:19.081126Z DEBUG panoptikon::inferio::http: processing local inference predict model=textembed/all-MiniLM-L6-v2 inputs=1
2026-09-17T01:32:19.081173Z DEBUG panoptikon::inferio::http: processing local inference predict model=textembed/all-MiniLM-L6-v2 inputs=1
2026-09-17T01:32:19.081186Z DEBUG panoptikon::inferio::http: processing local inference predict model=textembed/all-MiniLM-L6-v2 inputs=1
2026-09-17T01:32:19.081114Z DEBUG panoptikon::inferio::http: processing local inference predict model=textembed/all-MiniLM-L6-v2 inputs=1
2026-09-17T01:32:19.081264Z DEBUG panoptikon::inferio::http: processing local inference predict model=textembed/all-MiniLM-L6-v2 inputs=1
2026-09-17T01:32:19.081288Z DEBUG panoptikon::inferio::http: processing local inference predict model=textembed/all-MiniLM-L6-v2 inputs=1
2026-09-17T01:32:19.081391Z DEBUG panoptikon::inferio::http: processing local inference predict model=textembed/all-MiniLM-L6-v2 inputs=1
2026-09-17T01:32:19.081539Z DEBUG panoptikon::inferio::http: processing local inference predict model=textembed/all-MiniLM-L6-v2 inputs=1
2026-09-17T01:32:19.081578Z DEBUG panoptikon::inferio::http: processing local inference predict model=textembed/all-MiniLM-L6-v2 inputs=1
2026-09-17T01:32:19.080632Z DEBUG panoptikon::inferio::http: processing local inference predict model=textembed/all-MiniLM-L6-v2 inputs=1
2026-09-17T01:32:19.081652Z DEBUG panoptikon::inferio::http: processing local inference predict model=textembed/all-MiniLM-L6-v2 inputs=1
2026-09-17T01:32:19.081196Z DEBUG panoptikon::inferio::http: processing local inference predict model=textembed/all-MiniLM-L6-v2 inputs=1
2026-09-17T01:32:19.081713Z DEBUG panoptikon::inferio::http: processing local inference predict model=textembed/all-MiniLM-L6-v2 inputs=1
2026-09-17T01:32:19.081739Z DEBUG panoptikon::inferio::http: processing local inference predict model=textembed/all-MiniLM-L6-v2 inputs=1
2026-09-17T01:32:19.081783Z DEBUG panoptikon::inferio::http: processing local inference predict model=textembed/all-MiniLM-L6-v2 inputs=1
2026-09-17T01:32:19.081813Z DEBUG panoptikon::inferio::http: processing local inference predict model=textembed/all-MiniLM-L6-v2 inputs=1
2026-09-17T01:32:19.081868Z DEBUG panoptikon::inferio::http: processing local inference predict model=textembed/all-MiniLM-L6-v2 inputs=1
2026-09-17T01:32:19.081926Z DEBUG panoptikon::inferio::http: processing local inference predict model=textembed/all-MiniLM-L6-v2 inputs=1
2026-09-17T01:32:19.081979Z DEBUG panoptikon::inferio::http: processing local inference predict model=textembed/all-MiniLM-L6-v2 inputs=1
2026-09-17T01:32:19.081242Z DEBUG panoptikon::inferio::http: processing local inference predict model=textembed/all-MiniLM-L6-v2 inputs=1
2026-09-17T01:32:19.081248Z DEBUG panoptikon::inferio::http: processing local inference predict model=textembed/all-MiniLM-L6-v2 inputs=1
2026-09-17T01:32:19.082081Z DEBUG panoptikon::inferio::http: processing local inference predict model=textembed/all-MiniLM-L6-v2 inputs=1
2026-09-17T01:32:19.081120Z DEBUG panoptikon::inferio::http: processing local inference predict model=textembed/all-MiniLM-L6-v2 inputs=1
2026-09-17T01:32:19.081517Z DEBUG panoptikon::inferio::http: processing local inference predict model=textembed/all-MiniLM-L6-v2 inputs=1
2026-09-17T01:32:19.081131Z DEBUG panoptikon::inferio::http: processing local inference predict model=textembed/all-MiniLM-L6-v2 inputs=1
2026-09-17T01:32:19.081550Z DEBUG panoptikon::inferio::http: processing local inference predict model=textembed/all-MiniLM-L6-v2 inputs=1
2026-09-17T01:32:19.081583Z DEBUG panoptikon::inferio::http: processing local inference predict model=textembed/all-MiniLM-L6-v2 inputs=1
2026-09-17T01:32:19.082301Z DEBUG panoptikon::inferio::http: processing local inference predict model=textembed/all-MiniLM-L6-v2 inputs=1
2026-09-17T01:32:19.082349Z DEBUG panoptikon::inferio::http: processing local inference predict model=textembed/all-MiniLM-L6-v2 inputs=1
2026-09-17T01:32:19.082378Z DEBUG panoptikon::inferio::http: processing local inference predict model=textembed/all-MiniLM-L6-v2 inputs=1
2026-09-17T01:32:19.082518Z DEBUG panoptikon::inferio::http: processing local inference predict model=textembed/all-MiniLM-L6-v2 inputs=1
2026-09-17T01:32:19.082538Z DEBUG panoptikon::inferio::http: processing local inference predict model=textembed/all-MiniLM-L6-v2 inputs=1
2026-09-17T01:32:19.082581Z DEBUG panoptikon::inferio::http: processing local inference predict model=textembed/all-MiniLM-L6-v2 inputs=1
2026-09-17T01:32:19.082611Z DEBUG panoptikon::inferio::http: processing local inference predict model=textembed/all-MiniLM-L6-v2 inputs=1
2026-09-17T01:32:19.081729Z DEBUG panoptikon::inferio::http: processing local inference predict model=textembed/all-MiniLM-L6-v2 inputs=1
2026-09-17T01:32:19.081076Z DEBUG panoptikon::inferio::http: processing local inference predict model=textembed/all-MiniLM-L6-v2 inputs=1
2026-09-17T01:32:19.081990Z DEBUG panoptikon::inferio::http: processing local inference predict model=textembed/all-MiniLM-L6-v2 inputs=1
2026-09-17T01:32:19.082777Z DEBUG panoptikon::inferio::http: processing local inference predict model=textembed/all-MiniLM-L6-v2 inputs=1
2026-09-17T01:32:19.082024Z DEBUG panoptikon::inferio::http: processing local inference predict model=textembed/all-MiniLM-L6-v2 inputs=1
2026-09-17T01:32:19.082827Z DEBUG panoptikon::inferio::http: processing local inference predict model=textembed/all-MiniLM-L6-v2 inputs=1
2026-09-17T01:32:19.082089Z DEBUG panoptikon::inferio::http: processing local inference predict model=textembed/all-MiniLM-L6-v2 inputs=1
2026-09-17T01:32:19.081419Z DEBUG panoptikon::inferio::http: processing local inference predict model=textembed/all-MiniLM-L6-v2 inputs=1
2026-09-17T01:32:19.082131Z DEBUG panoptikon::inferio::http: processing local inference predict model=textembed/all-MiniLM-L6-v2 inputs=1
2026-09-17T01:32:19.082179Z DEBUG panoptikon::inferio::http: processing local inference predict model=textembed/all-MiniLM-L6-v2 inputs=1
2026-09-17T01:32:19.083000Z DEBUG panoptikon::inferio::http: processing local inference predict model=textembed/all-MiniLM-L6-v2 inputs=1
2026-09-17T01:32:19.083025Z DEBUG panoptikon::inferio::http: processing local inference predict model=textembed/all-MiniLM-L6-v2 inputs=1
2026-09-17T01:32:19.083042Z DEBUG panoptikon::inferio::http: processing local inference predict model=textembed/all-MiniLM-L6-v2 inputs=1
2026-09-17T01:32:19.081206Z DEBUG panoptikon::inferio::http: processing local inference predict model=textembed/all-MiniLM-L6-v2 inputs=1
2026-09-17T01:32:19.083112Z DEBUG panoptikon::inferio::http: processing local inference predict model=textembed/all-MiniLM-L6-v2 inputs=1
2026-09-17T01:32:19.082364Z DEBUG panoptikon::inferio::http: processing local inference predict model=textembed/all-MiniLM-L6-v2 inputs=1
2026-09-17T01:32:19.082372Z DEBUG panoptikon::inferio::http: processing local inference predict model=textembed/all-MiniLM-L6-v2 inputs=1
2026-09-17T01:32:19.081590Z DEBUG panoptikon::inferio::http: processing local inference predict model=textembed/all-MiniLM-L6-v2 inputs=1
2026-09-17T01:32:19.083255Z DEBUG panoptikon::inferio::http: processing local inference predict model=textembed/all-MiniLM-L6-v2 inputs=1
2026-09-17T01:32:19.082383Z DEBUG panoptikon::inferio::http: processing local inference predict model=textembed/all-MiniLM-L6-v2 inputs=1
2026-09-17T01:32:19.081066Z DEBUG panoptikon::inferio::http: processing local inference predict model=textembed/all-MiniLM-L6-v2 inputs=1
2026-09-17T01:32:19.082412Z DEBUG panoptikon::inferio::http: processing local inference predict model=textembed/all-MiniLM-L6-v2 inputs=1
2026-09-17T01:32:19.082435Z DEBUG panoptikon::inferio::http: processing local inference predict model=textembed/all-MiniLM-L6-v2 inputs=1
2026-09-17T01:32:19.082440Z DEBUG panoptikon::inferio::http: processing local inference predict model=textembed/all-MiniLM-L6-v2 inputs=1
2026-09-17T01:32:19.082448Z DEBUG panoptikon::inferio::http: processing local inference predict model=textembed/all-MiniLM-L6-v2 inputs=1
2026-09-17T01:32:19.082492Z DEBUG panoptikon::inferio::http: processing local inference predict model=textembed/all-MiniLM-L6-v2 inputs=1
2026-09-17T01:32:19.082498Z DEBUG panoptikon::inferio::http: processing local inference predict model=textembed/all-MiniLM-L6-v2 inputs=1
2026-09-17T01:32:19.082502Z DEBUG panoptikon::inferio::http: processing local inference predict model=textembed/all-MiniLM-L6-v2 inputs=1
2026-09-17T01:32:19.082518Z DEBUG panoptikon::inferio::http: processing local inference predict model=textembed/all-MiniLM-L6-v2 inputs=1
2026-09-17T01:32:19.083580Z DEBUG panoptikon::inferio::http: processing local inference predict model=textembed/all-MiniLM-L6-v2 inputs=1
2026-09-17T01:32:19.083611Z DEBUG panoptikon::inferio::http: processing local inference predict model=textembed/all-MiniLM-L6-v2 inputs=1
2026-09-17T01:32:19.081670Z DEBUG panoptikon::inferio::http: processing local inference predict model=textembed/all-MiniLM-L6-v2 inputs=1
2026-09-17T01:32:19.082571Z DEBUG panoptikon::inferio::http: processing local inference predict model=textembed/all-MiniLM-L6-v2 inputs=1
2026-09-17T01:32:19.082588Z DEBUG panoptikon::inferio::http: processing local inference predict model=textembed/all-MiniLM-L6-v2 inputs=1
2026-09-17T01:32:19.081198Z DEBUG panoptikon::inferio::http: processing local inference predict model=textembed/all-MiniLM-L6-v2 inputs=1
2026-09-17T01:32:19.083768Z DEBUG panoptikon::inferio::http: processing local inference predict model=textembed/all-MiniLM-L6-v2 inputs=1
2026-09-17T01:32:19.081726Z DEBUG panoptikon::inferio::http: processing local inference predict model=textembed/all-MiniLM-L6-v2 inputs=1
2026-09-17T01:32:19.082668Z DEBUG panoptikon::inferio::http: processing local inference predict model=textembed/all-MiniLM-L6-v2 inputs=1
2026-09-17T01:32:19.083859Z DEBUG panoptikon::inferio::http: processing local inference predict model=textembed/all-MiniLM-L6-v2 inputs=1
2026-09-17T01:32:19.083875Z DEBUG panoptikon::inferio::http: processing local inference predict model=textembed/all-MiniLM-L6-v2 inputs=1
2026-09-17T01:32:19.083909Z DEBUG panoptikon::inferio::http: processing local inference predict model=textembed/all-MiniLM-L6-v2 inputs=1
2026-09-17T01:32:19.082792Z DEBUG panoptikon::inferio::http: processing local inference predict model=textembed/all-MiniLM-L6-v2 inputs=1
2026-09-17T01:32:19.083958Z DEBUG panoptikon::inferio::http: processing local inference predict model=textembed/all-MiniLM-L6-v2 inputs=1
2026-09-17T01:32:19.082843Z DEBUG panoptikon::inferio::http: processing local inference predict model=textembed/all-MiniLM-L6-v2 inputs=1
2026-09-17T01:32:19.082875Z DEBUG panoptikon::inferio::http: processing local inference predict model=textembed/all-MiniLM-L6-v2 inputs=1
2026-09-17T01:32:19.084035Z DEBUG panoptikon::inferio::http: processing local inference predict model=textembed/all-MiniLM-L6-v2 inputs=1
2026-09-17T01:32:19.082918Z DEBUG panoptikon::inferio::http: processing local inference predict model=textembed/all-MiniLM-L6-v2 inputs=1
2026-09-17T01:32:19.084084Z DEBUG panoptikon::inferio::http: processing local inference predict model=textembed/all-MiniLM-L6-v2 inputs=1
2026-09-17T01:32:19.082182Z DEBUG panoptikon::inferio::http: processing local inference predict model=textembed/all-MiniLM-L6-v2 inputs=1
2026-09-17T01:32:19.083010Z DEBUG panoptikon::inferio::http: processing local inference predict model=textembed/all-MiniLM-L6-v2 inputs=1
2026-09-17T01:32:19.082208Z DEBUG panoptikon::inferio::http: processing local inference predict model=textembed/all-MiniLM-L6-v2 inputs=1
2026-09-17T01:32:19.082217Z DEBUG panoptikon::inferio::http: processing local inference predict model=textembed/all-MiniLM-L6-v2 inputs=1
2026-09-17T01:32:19.083092Z DEBUG panoptikon::inferio::http: processing local inference predict model=textembed/all-MiniLM-L6-v2 inputs=1
2026-09-17T01:32:19.083095Z DEBUG panoptikon::inferio::http: processing local inference predict model=textembed/all-MiniLM-L6-v2 inputs=1
2026-09-17T01:32:19.081588Z DEBUG panoptikon::inferio::http: processing local inference predict model=textembed/all-MiniLM-L6-v2 inputs=1
2026-09-17T01:32:19.083125Z DEBUG panoptikon::inferio::http: processing local inference predict model=textembed/all-MiniLM-L6-v2 inputs=1
2026-09-17T01:32:19.083124Z DEBUG panoptikon::inferio::http: processing local inference predict model=textembed/all-MiniLM-L6-v2 inputs=1
2026-09-17T01:32:19.084364Z DEBUG panoptikon::inferio::http: processing local inference predict model=textembed/all-MiniLM-L6-v2 inputs=1
2026-09-17T01:32:19.084387Z DEBUG panoptikon::inferio::http: processing local inference predict model=textembed/all-MiniLM-L6-v2 inputs=1
2026-09-17T01:32:19.083193Z DEBUG panoptikon::inferio::http: processing local inference predict model=textembed/all-MiniLM-L6-v2 inputs=1
2026-09-17T01:32:19.082385Z DEBUG panoptikon::inferio::http: processing local inference predict model=textembed/all-MiniLM-L6-v2 inputs=1
2026-09-17T01:32:19.083261Z DEBUG panoptikon::inferio::http: processing local inference predict model=textembed/all-MiniLM-L6-v2 inputs=1
2026-09-17T01:32:19.083266Z DEBUG panoptikon::inferio::http: processing local inference predict model=textembed/all-MiniLM-L6-v2 inputs=1
2026-09-17T01:32:19.083269Z DEBUG panoptikon::inferio::http: processing local inference predict model=textembed/all-MiniLM-L6-v2 inputs=1
2026-09-17T01:32:19.083308Z DEBUG panoptikon::inferio::http: processing local inference predict model=textembed/all-MiniLM-L6-v2 inputs=1
2026-09-17T01:32:19.083351Z DEBUG panoptikon::inferio::http: processing local inference predict model=textembed/all-MiniLM-L6-v2 inputs=1
2026-09-17T01:32:19.083388Z DEBUG panoptikon::inferio::http: processing local inference predict model=textembed/all-MiniLM-L6-v2 inputs=1
2026-09-17T01:32:19.083420Z DEBUG panoptikon::inferio::http: processing local inference predict model=textembed/all-MiniLM-L6-v2 inputs=1
2026-09-17T01:32:19.083437Z DEBUG panoptikon::inferio::http: processing local inference predict model=textembed/all-MiniLM-L6-v2 inputs=1
2026-09-17T01:32:19.083466Z DEBUG panoptikon::inferio::http: processing local inference predict model=textembed/all-MiniLM-L6-v2 inputs=1
2026-09-17T01:32:19.083476Z DEBUG panoptikon::inferio::http: processing local inference predict model=textembed/all-MiniLM-L6-v2 inputs=1
2026-09-17T01:32:19.083501Z DEBUG panoptikon::inferio::http: processing local inference predict model=textembed/all-MiniLM-L6-v2 inputs=1
2026-09-17T01:32:19.083532Z DEBUG panoptikon::inferio::http: processing local inference predict model=textembed/all-MiniLM-L6-v2 inputs=1
2026-09-17T01:32:19.083574Z DEBUG panoptikon::inferio::http: processing local inference predict model=textembed/all-MiniLM-L6-v2 inputs=1
2026-09-17T01:32:19.081144Z DEBUG panoptikon::inferio::http: processing local inference predict model=textembed/all-MiniLM-L6-v2 inputs=1
2026-09-17T01:32:19.082531Z DEBUG panoptikon::inferio::http: processing local inference predict model=textembed/all-MiniLM-L6-v2 inputs=1
2026-09-17T01:32:19.083652Z DEBUG panoptikon::inferio::http: processing local inference predict model=textembed/all-MiniLM-L6-v2 inputs=1
2026-09-17T01:32:19.083656Z DEBUG panoptikon::inferio::http: processing local inference predict model=textembed/all-MiniLM-L6-v2 inputs=1
2026-09-17T01:32:19.083677Z DEBUG panoptikon::inferio::http: processing local inference predict model=textembed/all-MiniLM-L6-v2 inputs=1
2026-09-17T01:32:19.083741Z DEBUG panoptikon::inferio::http: processing local inference predict model=textembed/all-MiniLM-L6-v2 inputs=1
2026-09-17T01:32:19.082612Z DEBUG panoptikon::inferio::http: processing local inference predict model=textembed/all-MiniLM-L6-v2 inputs=1
2026-09-17T01:32:19.083775Z DEBUG panoptikon::inferio::http: processing local inference predict model=textembed/all-MiniLM-L6-v2 inputs=1
2026-09-17T01:32:19.083839Z DEBUG panoptikon::inferio::http: processing local inference predict model=textembed/all-MiniLM-L6-v2 inputs=1
2026-09-17T01:32:19.082732Z DEBUG panoptikon::inferio::http: processing local inference predict model=textembed/all-MiniLM-L6-v2 inputs=1
2026-09-17T01:32:19.082732Z DEBUG panoptikon::inferio::http: processing local inference predict model=textembed/all-MiniLM-L6-v2 inputs=1
2026-09-17T01:32:19.083893Z DEBUG panoptikon::inferio::http: processing local inference predict model=textembed/all-MiniLM-L6-v2 inputs=1
2026-09-17T01:32:19.082005Z DEBUG panoptikon::inferio::http: processing local inference predict model=textembed/all-MiniLM-L6-v2 inputs=1
2026-09-17T01:32:19.083940Z DEBUG panoptikon::inferio::http: processing local inference predict model=textembed/all-MiniLM-L6-v2 inputs=1
2026-09-17T01:32:19.082070Z DEBUG panoptikon::inferio::http: processing local inference predict model=textembed/all-MiniLM-L6-v2 inputs=1
2026-09-17T01:32:19.082903Z DEBUG panoptikon::inferio::http: processing local inference predict model=textembed/all-MiniLM-L6-v2 inputs=1
2026-09-17T01:32:19.084061Z DEBUG panoptikon::inferio::http: processing local inference predict model=textembed/all-MiniLM-L6-v2 inputs=1
2026-09-17T01:32:19.082938Z DEBUG panoptikon::inferio::http: processing local inference predict model=textembed/all-MiniLM-L6-v2 inputs=1
2026-09-17T01:32:19.084089Z DEBUG panoptikon::inferio::http: processing local inference predict model=textembed/all-MiniLM-L6-v2 inputs=1
2026-09-17T01:32:19.084123Z DEBUG panoptikon::inferio::http: processing local inference predict model=textembed/all-MiniLM-L6-v2 inputs=1
2026-09-17T01:32:19.084211Z DEBUG panoptikon::inferio::http: processing local inference predict model=textembed/all-MiniLM-L6-v2 inputs=1
2026-09-17T01:32:19.084296Z DEBUG panoptikon::inferio::http: processing local inference predict model=textembed/all-MiniLM-L6-v2 inputs=1
2026-09-17T01:32:19.084320Z DEBUG panoptikon::inferio::http: processing local inference predict model=textembed/all-MiniLM-L6-v2 inputs=1
2026-09-17T01:32:19.084350Z DEBUG panoptikon::inferio::http: processing local inference predict model=textembed/all-MiniLM-L6-v2 inputs=1
2026-09-17T01:32:19.084353Z DEBUG panoptikon::inferio::http: processing local inference predict model=textembed/all-MiniLM-L6-v2 inputs=1
2026-09-17T01:32:19.083182Z DEBUG panoptikon::inferio::http: processing local inference predict model=textembed/all-MiniLM-L6-v2 inputs=1
2026-09-17T01:32:19.084369Z DEBUG panoptikon::inferio::http: processing local inference predict model=textembed/all-MiniLM-L6-v2 inputs=1
2026-09-17T01:32:19.084371Z DEBUG panoptikon::inferio::http: processing local inference predict model=textembed/all-MiniLM-L6-v2 inputs=1
2026-09-17T01:32:19.083191Z DEBUG panoptikon::inferio::http: processing local inference predict model=textembed/all-MiniLM-L6-v2 inputs=1
2026-09-17T01:32:19.084416Z DEBUG panoptikon::inferio::http: processing local inference predict model=textembed/all-MiniLM-L6-v2 inputs=1
2026-09-17T01:32:19.120412Z DEBUG panoptikon::inferio::http: processing local inference predict model=textembed/all-MiniLM-L6-v2 inputs=1
2026-09-17T01:32:19.120450Z DEBUG panoptikon::inferio::http: processing local inference predict model=textembed/all-MiniLM-L6-v2 inputs=1
2026-09-17T01:32:19.120522Z DEBUG panoptikon::inferio::http: processing local inference predict model=textembed/all-MiniLM-L6-v2 inputs=1
2026-09-17T01:32:19.120566Z DEBUG panoptikon::inferio::http: processing local inference predict model=textembed/all-MiniLM-L6-v2 inputs=1
2026-09-17T01:32:19.120652Z DEBUG panoptikon::inferio::http: processing local inference predict model=textembed/all-MiniLM-L6-v2 inputs=1
2026-09-17T01:32:19.120612Z DEBUG panoptikon::inferio::http: processing local inference predict model=textembed/all-MiniLM-L6-v2 inputs=1
2026-09-17T01:32:19.120740Z DEBUG panoptikon::inferio::http: processing local inference predict model=textembed/all-MiniLM-L6-v2 inputs=1
2026-09-17T01:32:19.414810Z  INFO panoptikon::inferio::worker: Batches:   0%|          | 0/1 [00:00<?, ?it/s]Batches: 100%|██████████| 1/1 [00:00<00:00,  3.11it/s]Batches: 100%|██████████| 1/1 [00:00<00:00,  3.10it/s] worker=sentence_transformers
2026-09-17T01:32:19.759688Z  INFO panoptikon::inferio::worker: Batches:   0%|          | 0/1 [00:00<?, ?it/s]Batches: 100%|██████████| 1/1 [00:00<00:00,  3.05it/s]Batches: 100%|██████████| 1/1 [00:00<00:00,  3.05it/s] worker=sentence_transformers
2026-09-17T01:32:20.164405Z  INFO panoptikon::inferio::worker: Batches:   0%|          | 0/1 [00:00<?, ?it/s]Batches: 100%|██████████| 1/1 [00:00<00:00,  2.57it/s]Batches: 100%|██████████| 1/1 [00:00<00:00,  2.57it/s] worker=sentence_transformers
2026-09-17T01:32:20.421978Z  INFO panoptikon::inferio::worker: Batches:   0%|          | 0/1 [00:00<?, ?it/s]Batches: 100%|██████████| 1/1 [00:00<00:00,  4.08it/s]Batches: 100%|██████████| 1/1 [00:00<00:00,  4.07it/s] worker=sentence_transformers
2026-09-17T01:32:20.430935Z DEBUG panoptikon::inferio::ledger: declining to read this model's throughput curve: the observations in one batch-size bucket disagree with each other by more than the knee's own decision band, so something outside this ledger was moving throughput while they were taken bucket=7 observations=3 dispersion=0.21146981773879803 threshold=0.2
2026-09-17T01:32:20.431011Z DEBUG panoptikon::inferio::ledger: refitted the memory cost model model=textembed/all-MiniLM-L6-v2 gpu=CPU slope_mb_per_unit=0.027043545142586674 intercept_mb=65.80763933262335 residual_mb=6.175859069932557 samples=33 version=8
2026-09-17T01:32:20.431035Z DEBUG panoptikon::inferio::ledger: declining to read this model's throughput curve: the observations in one batch-size bucket disagree with each other by more than the knee's own decision band, so something outside this ledger was moving throughput while they were taken bucket=7 observations=3 dispersion=0.21146981773879803 threshold=0.2
2026-09-17T01:32:20.431049Z DEBUG panoptikon::inferio::ledger: queued a calibration profile update for the store model=textembed/all-MiniLM-L6-v2 gpu=CPU reason="fit_changed" max_units_measured=5510 fit_version=8
2026-09-17T01:32:20.431068Z DEBUG panoptikon::inferio::ledger: settled a granted window model=textembed/all-MiniLM-L6-v2 gpu=CPU outcome="clean" fit_samples=4 throughput_samples=2 clamped_samples=0 clamped=none ramp_step=7 deflation=0 clean_windows=9 max_units_measured=5510
2026-09-17T01:32:20.432611Z DEBUG panoptikon::inferio::http: processing local inference predict model=textembed/all-MiniLM-L6-v2 inputs=1
2026-09-17T01:32:20.433741Z DEBUG panoptikon::inferio::http: processing local inference predict model=textembed/all-MiniLM-L6-v2 inputs=1
2026-09-17T01:32:20.433776Z DEBUG panoptikon::inferio::http: processing local inference predict model=textembed/all-MiniLM-L6-v2 inputs=1
2026-09-17T01:32:20.433838Z DEBUG panoptikon::inferio::http: processing local inference predict model=textembed/all-MiniLM-L6-v2 inputs=1
2026-09-17T01:32:20.433892Z DEBUG panoptikon::inferio::http: processing local inference predict model=textembed/all-MiniLM-L6-v2 inputs=1
2026-09-17T01:32:20.433809Z DEBUG panoptikon::inferio::http: processing local inference predict model=textembed/all-MiniLM-L6-v2 inputs=1
2026-09-17T01:32:20.433838Z DEBUG panoptikon::inferio::http: processing local inference predict model=textembed/all-MiniLM-L6-v2 inputs=1
2026-09-17T01:32:20.434031Z DEBUG panoptikon::inferio::http: processing local inference predict model=textembed/all-MiniLM-L6-v2 inputs=1
2026-09-17T01:32:20.434050Z DEBUG panoptikon::inferio::http: processing local inference predict model=textembed/all-MiniLM-L6-v2 inputs=1
2026-09-17T01:32:20.434175Z DEBUG panoptikon::inferio::http: processing local inference predict model=textembed/all-MiniLM-L6-v2 inputs=1
2026-09-17T01:32:20.434175Z DEBUG panoptikon::inferio::http: processing local inference predict model=textembed/all-MiniLM-L6-v2 inputs=1
2026-09-17T01:32:20.434178Z DEBUG panoptikon::inferio::http: processing local inference predict model=textembed/all-MiniLM-L6-v2 inputs=1
2026-09-17T01:32:20.434297Z DEBUG panoptikon::inferio::http: processing local inference predict model=textembed/all-MiniLM-L6-v2 inputs=1
2026-09-17T01:32:20.434319Z DEBUG panoptikon::inferio::http: processing local inference predict model=textembed/all-MiniLM-L6-v2 inputs=1
2026-09-17T01:32:20.434351Z DEBUG panoptikon::inferio::http: processing local inference predict model=textembed/all-MiniLM-L6-v2 inputs=1
2026-09-17T01:32:20.434323Z DEBUG panoptikon::inferio::http: processing local inference predict model=textembed/all-MiniLM-L6-v2 inputs=1
2026-09-17T01:32:20.434337Z DEBUG panoptikon::inferio::http: processing local inference predict model=textembed/all-MiniLM-L6-v2 inputs=1
2026-09-17T01:32:20.434451Z DEBUG panoptikon::inferio::http: processing local inference predict model=textembed/all-MiniLM-L6-v2 inputs=1
2026-09-17T01:32:20.434493Z DEBUG panoptikon::inferio::http: processing local inference predict model=textembed/all-MiniLM-L6-v2 inputs=1
2026-09-17T01:32:20.434369Z DEBUG panoptikon::inferio::http: processing local inference predict model=textembed/all-MiniLM-L6-v2 inputs=1
2026-09-17T01:32:20.434373Z DEBUG panoptikon::inferio::http: processing local inference predict model=textembed/all-MiniLM-L6-v2 inputs=1
2026-09-17T01:32:20.434578Z DEBUG panoptikon::inferio::http: processing local inference predict model=textembed/all-MiniLM-L6-v2 inputs=1
2026-09-17T01:32:20.434600Z DEBUG panoptikon::inferio::http: processing local inference predict model=textembed/all-MiniLM-L6-v2 inputs=1
2026-09-17T01:32:20.434630Z DEBUG panoptikon::inferio::http: processing local inference predict model=textembed/all-MiniLM-L6-v2 inputs=1
2026-09-17T01:32:20.434653Z DEBUG panoptikon::inferio::http: processing local inference predict model=textembed/all-MiniLM-L6-v2 inputs=1
2026-09-17T01:32:20.434321Z DEBUG panoptikon::inferio::http: processing local inference predict model=textembed/all-MiniLM-L6-v2 inputs=1
2026-09-17T01:32:20.434522Z DEBUG panoptikon::inferio::http: processing local inference predict model=textembed/all-MiniLM-L6-v2 inputs=1
2026-09-17T01:32:20.434563Z DEBUG panoptikon::inferio::http: processing local inference predict model=textembed/all-MiniLM-L6-v2 inputs=1
2026-09-17T01:32:20.434372Z DEBUG panoptikon::inferio::http: processing local inference predict model=textembed/all-MiniLM-L6-v2 inputs=1
2026-09-17T01:32:20.434809Z DEBUG panoptikon::inferio::http: processing local inference predict model=textembed/all-MiniLM-L6-v2 inputs=1
2026-09-17T01:32:20.434337Z DEBUG panoptikon::inferio::http: processing local inference predict model=textembed/all-MiniLM-L6-v2 inputs=1
2026-09-17T01:32:20.434646Z DEBUG panoptikon::inferio::http: processing local inference predict model=textembed/all-MiniLM-L6-v2 inputs=1
2026-09-17T01:32:20.434471Z DEBUG panoptikon::inferio::http: processing local inference predict model=textembed/all-MiniLM-L6-v2 inputs=1
2026-09-17T01:32:20.434726Z DEBUG panoptikon::inferio::http: processing local inference predict model=textembed/all-MiniLM-L6-v2 inputs=1
2026-09-17T01:32:20.434958Z DEBUG panoptikon::inferio::http: processing local inference predict model=textembed/all-MiniLM-L6-v2 inputs=1
2026-09-17T01:32:20.434805Z DEBUG panoptikon::inferio::http: processing local inference predict model=textembed/all-MiniLM-L6-v2 inputs=1
2026-09-17T01:32:20.434393Z DEBUG panoptikon::inferio::http: processing local inference predict model=textembed/all-MiniLM-L6-v2 inputs=1
2026-09-17T01:32:20.434904Z DEBUG panoptikon::inferio::http: processing local inference predict model=textembed/all-MiniLM-L6-v2 inputs=1
2026-09-17T01:32:20.435092Z DEBUG panoptikon::inferio::http: processing local inference predict model=textembed/all-MiniLM-L6-v2 inputs=1
2026-09-17T01:32:20.434788Z DEBUG panoptikon::inferio::http: processing local inference predict model=textembed/all-MiniLM-L6-v2 inputs=1
2026-09-17T01:32:20.435069Z DEBUG panoptikon::inferio::http: processing local inference predict model=textembed/all-MiniLM-L6-v2 inputs=1
2026-09-17T01:32:20.434957Z DEBUG panoptikon::inferio::http: processing local inference predict model=textembed/all-MiniLM-L6-v2 inputs=1
2026-09-17T01:32:20.435241Z DEBUG panoptikon::inferio::http: processing local inference predict model=textembed/all-MiniLM-L6-v2 inputs=1
2026-09-17T01:32:20.435166Z DEBUG panoptikon::inferio::http: processing local inference predict model=textembed/all-MiniLM-L6-v2 inputs=1
2026-09-17T01:32:20.435305Z DEBUG panoptikon::inferio::http: processing local inference predict model=textembed/all-MiniLM-L6-v2 inputs=1
2026-09-17T01:32:20.435190Z DEBUG panoptikon::inferio::http: processing local inference predict model=textembed/all-MiniLM-L6-v2 inputs=1
2026-09-17T01:32:20.435360Z DEBUG panoptikon::inferio::http: processing local inference predict model=textembed/all-MiniLM-L6-v2 inputs=1
2026-09-17T01:32:20.435383Z DEBUG panoptikon::inferio::http: processing local inference predict model=textembed/all-MiniLM-L6-v2 inputs=1
2026-09-17T01:32:20.435407Z DEBUG panoptikon::inferio::http: processing local inference predict model=textembed/all-MiniLM-L6-v2 inputs=1
2026-09-17T01:32:20.435427Z DEBUG panoptikon::inferio::http: processing local inference predict model=textembed/all-MiniLM-L6-v2 inputs=1
2026-09-17T01:32:20.435295Z DEBUG panoptikon::inferio::http: processing local inference predict model=textembed/all-MiniLM-L6-v2 inputs=1
2026-09-17T01:32:20.435188Z DEBUG panoptikon::inferio::http: processing local inference predict model=textembed/all-MiniLM-L6-v2 inputs=1
2026-09-17T01:32:20.435324Z DEBUG panoptikon::inferio::http: processing local inference predict model=textembed/all-MiniLM-L6-v2 inputs=1
2026-09-17T01:32:20.435325Z DEBUG panoptikon::inferio::http: processing local inference predict model=textembed/all-MiniLM-L6-v2 inputs=1
2026-09-17T01:32:20.435559Z DEBUG panoptikon::inferio::http: processing local inference predict model=textembed/all-MiniLM-L6-v2 inputs=1
2026-09-17T01:32:20.435226Z DEBUG panoptikon::inferio::http: processing local inference predict model=textembed/all-MiniLM-L6-v2 inputs=1
2026-09-17T01:32:20.435381Z DEBUG panoptikon::inferio::http: processing local inference predict model=textembed/all-MiniLM-L6-v2 inputs=1
2026-09-17T01:32:20.435106Z DEBUG panoptikon::inferio::http: processing local inference predict model=textembed/all-MiniLM-L6-v2 inputs=1
2026-09-17T01:32:20.435287Z DEBUG panoptikon::inferio::http: processing local inference predict model=textembed/all-MiniLM-L6-v2 inputs=1
2026-09-17T01:32:20.435699Z DEBUG panoptikon::inferio::http: processing local inference predict model=textembed/all-MiniLM-L6-v2 inputs=1
2026-09-17T01:32:20.435289Z DEBUG panoptikon::inferio::http: processing local inference predict model=textembed/all-MiniLM-L6-v2 inputs=1
2026-09-17T01:32:20.435464Z DEBUG panoptikon::inferio::http: processing local inference predict model=textembed/all-MiniLM-L6-v2 inputs=1
2026-09-17T01:32:20.435797Z DEBUG panoptikon::inferio::http: processing local inference predict model=textembed/all-MiniLM-L6-v2 inputs=1
2026-09-17T01:32:20.435528Z DEBUG panoptikon::inferio::http: processing local inference predict model=textembed/all-MiniLM-L6-v2 inputs=1
2026-09-17T01:32:20.435340Z DEBUG panoptikon::inferio::http: processing local inference predict model=textembed/all-MiniLM-L6-v2 inputs=1
2026-09-17T01:32:20.435868Z DEBUG panoptikon::inferio::http: processing local inference predict model=textembed/all-MiniLM-L6-v2 inputs=1
2026-09-17T01:32:20.435650Z DEBUG panoptikon::inferio::http: processing local inference predict model=textembed/all-MiniLM-L6-v2 inputs=1
2026-09-17T01:32:20.435907Z DEBUG panoptikon::inferio::http: processing local inference predict model=textembed/all-MiniLM-L6-v2 inputs=1
2026-09-17T01:32:20.435710Z DEBUG panoptikon::inferio::http: processing local inference predict model=textembed/all-MiniLM-L6-v2 inputs=1
2026-09-17T01:32:20.435740Z DEBUG panoptikon::inferio::http: processing local inference predict model=textembed/all-MiniLM-L6-v2 inputs=1
2026-09-17T01:32:20.435755Z DEBUG panoptikon::inferio::http: processing local inference predict model=textembed/all-MiniLM-L6-v2 inputs=1
2026-09-17T01:32:20.436005Z DEBUG panoptikon::inferio::http: processing local inference predict model=textembed/all-MiniLM-L6-v2 inputs=1
2026-09-17T01:32:20.435798Z DEBUG panoptikon::inferio::http: processing local inference predict model=textembed/all-MiniLM-L6-v2 inputs=1
2026-09-17T01:32:20.435482Z DEBUG panoptikon::inferio::http: processing local inference predict model=textembed/all-MiniLM-L6-v2 inputs=1
2026-09-17T01:32:20.436080Z DEBUG panoptikon::inferio::http: processing local inference predict model=textembed/all-MiniLM-L6-v2 inputs=1
2026-09-17T01:32:20.435583Z DEBUG panoptikon::inferio::http: processing local inference predict model=textembed/all-MiniLM-L6-v2 inputs=1
2026-09-17T01:32:20.435418Z DEBUG panoptikon::inferio::http: processing local inference predict model=textembed/all-MiniLM-L6-v2 inputs=1
2026-09-17T01:32:20.436159Z DEBUG panoptikon::inferio::http: processing local inference predict model=textembed/all-MiniLM-L6-v2 inputs=1
2026-09-17T01:32:20.435786Z DEBUG panoptikon::inferio::http: processing local inference predict model=textembed/all-MiniLM-L6-v2 inputs=1
2026-09-17T01:32:20.436085Z DEBUG panoptikon::inferio::http: processing local inference predict model=textembed/all-MiniLM-L6-v2 inputs=1
2026-09-17T01:32:20.435856Z DEBUG panoptikon::inferio::http: processing local inference predict model=textembed/all-MiniLM-L6-v2 inputs=1
2026-09-17T01:32:20.436266Z DEBUG panoptikon::inferio::http: processing local inference predict model=textembed/all-MiniLM-L6-v2 inputs=1
2026-09-17T01:32:20.436175Z DEBUG panoptikon::inferio::http: processing local inference predict model=textembed/all-MiniLM-L6-v2 inputs=1
2026-09-17T01:32:20.436225Z DEBUG panoptikon::inferio::http: processing local inference predict model=textembed/all-MiniLM-L6-v2 inputs=1
2026-09-17T01:32:20.435971Z DEBUG panoptikon::inferio::http: processing local inference predict model=textembed/all-MiniLM-L6-v2 inputs=1
2026-09-17T01:32:20.436319Z DEBUG panoptikon::inferio::http: processing local inference predict model=textembed/all-MiniLM-L6-v2 inputs=1
2026-09-17T01:32:20.436343Z DEBUG panoptikon::inferio::http: processing local inference predict model=textembed/all-MiniLM-L6-v2 inputs=1
2026-09-17T01:32:20.436361Z DEBUG panoptikon::inferio::http: processing local inference predict model=textembed/all-MiniLM-L6-v2 inputs=1
2026-09-17T01:32:20.436408Z DEBUG panoptikon::inferio::http: processing local inference predict model=textembed/all-MiniLM-L6-v2 inputs=1
2026-09-17T01:32:20.436441Z DEBUG panoptikon::inferio::http: processing local inference predict model=textembed/all-MiniLM-L6-v2 inputs=1
2026-09-17T01:32:20.436479Z DEBUG panoptikon::inferio::http: processing local inference predict model=textembed/all-MiniLM-L6-v2 inputs=1
2026-09-17T01:32:20.436485Z DEBUG panoptikon::inferio::http: processing local inference predict model=textembed/all-MiniLM-L6-v2 inputs=1
2026-09-17T01:32:20.436598Z DEBUG panoptikon::inferio::http: processing local inference predict model=textembed/all-MiniLM-L6-v2 inputs=1
2026-09-17T01:32:20.436623Z DEBUG panoptikon::inferio::http: processing local inference predict model=textembed/all-MiniLM-L6-v2 inputs=1
2026-09-17T01:32:20.436651Z DEBUG panoptikon::inferio::http: processing local inference predict model=textembed/all-MiniLM-L6-v2 inputs=1
2026-09-17T01:32:20.436712Z DEBUG panoptikon::inferio::http: processing local inference predict model=textembed/all-MiniLM-L6-v2 inputs=1
2026-09-17T01:32:20.436967Z DEBUG panoptikon::inferio::http: processing local inference predict model=textembed/all-MiniLM-L6-v2 inputs=1
2026-09-17T01:32:20.436982Z DEBUG panoptikon::inferio::http: processing local inference predict model=textembed/all-MiniLM-L6-v2 inputs=1
2026-09-17T01:32:20.437060Z DEBUG panoptikon::inferio::http: processing local inference predict model=textembed/all-MiniLM-L6-v2 inputs=1
2026-09-17T01:32:20.437090Z DEBUG panoptikon::inferio::http: processing local inference predict model=textembed/all-MiniLM-L6-v2 inputs=1
2026-09-17T01:32:20.437123Z DEBUG panoptikon::inferio::http: processing local inference predict model=textembed/all-MiniLM-L6-v2 inputs=1
2026-09-17T01:32:20.437158Z DEBUG panoptikon::inferio::http: processing local inference predict model=textembed/all-MiniLM-L6-v2 inputs=1
2026-09-17T01:32:20.437172Z DEBUG panoptikon::inferio::http: processing local inference predict model=textembed/all-MiniLM-L6-v2 inputs=1
2026-09-17T01:32:20.437219Z DEBUG panoptikon::inferio::http: processing local inference predict model=textembed/all-MiniLM-L6-v2 inputs=1
2026-09-17T01:32:20.437239Z DEBUG panoptikon::inferio::http: processing local inference predict model=textembed/all-MiniLM-L6-v2 inputs=1
2026-09-17T01:32:20.437228Z DEBUG panoptikon::inferio::http: processing local inference predict model=textembed/all-MiniLM-L6-v2 inputs=1
2026-09-17T01:32:20.437292Z DEBUG panoptikon::inferio::http: processing local inference predict model=textembed/all-MiniLM-L6-v2 inputs=1
2026-09-17T01:32:20.437175Z DEBUG panoptikon::inferio::http: processing local inference predict model=textembed/all-MiniLM-L6-v2 inputs=1
2026-09-17T01:32:20.437366Z DEBUG panoptikon::inferio::http: processing local inference predict model=textembed/all-MiniLM-L6-v2 inputs=1
2026-09-17T01:32:20.437233Z DEBUG panoptikon::inferio::http: processing local inference predict model=textembed/all-MiniLM-L6-v2 inputs=1
2026-09-17T01:32:20.437413Z DEBUG panoptikon::inferio::http: processing local inference predict model=textembed/all-MiniLM-L6-v2 inputs=1
2026-09-17T01:32:20.437438Z DEBUG panoptikon::inferio::http: processing local inference predict model=textembed/all-MiniLM-L6-v2 inputs=1
2026-09-17T01:32:20.437252Z DEBUG panoptikon::inferio::http: processing local inference predict model=textembed/all-MiniLM-L6-v2 inputs=1
2026-09-17T01:32:20.437511Z DEBUG panoptikon::inferio::http: processing local inference predict model=textembed/all-MiniLM-L6-v2 inputs=1
2026-09-17T01:32:20.437536Z DEBUG panoptikon::inferio::http: processing local inference predict model=textembed/all-MiniLM-L6-v2 inputs=1
2026-09-17T01:32:20.437541Z DEBUG panoptikon::inferio::http: processing local inference predict model=textembed/all-MiniLM-L6-v2 inputs=1
2026-09-17T01:32:20.437596Z DEBUG panoptikon::inferio::http: processing local inference predict model=textembed/all-MiniLM-L6-v2 inputs=1
2026-09-17T01:32:20.437572Z DEBUG panoptikon::inferio::http: processing local inference predict model=textembed/all-MiniLM-L6-v2 inputs=1
2026-09-17T01:32:20.437583Z DEBUG panoptikon::inferio::http: processing local inference predict model=textembed/all-MiniLM-L6-v2 inputs=1
2026-09-17T01:32:20.437526Z DEBUG panoptikon::inferio::http: processing local inference predict model=textembed/all-MiniLM-L6-v2 inputs=1
2026-09-17T01:32:20.437605Z DEBUG panoptikon::inferio::http: processing local inference predict model=textembed/all-MiniLM-L6-v2 inputs=1
2026-09-17T01:32:20.437624Z DEBUG panoptikon::inferio::http: processing local inference predict model=textembed/all-MiniLM-L6-v2 inputs=1
2026-09-17T01:32:20.437664Z DEBUG panoptikon::inferio::http: processing local inference predict model=textembed/all-MiniLM-L6-v2 inputs=1
2026-09-17T01:32:20.437724Z DEBUG panoptikon::inferio::http: processing local inference predict model=textembed/all-MiniLM-L6-v2 inputs=1
2026-09-17T01:32:20.437725Z DEBUG panoptikon::inferio::http: processing local inference predict model=textembed/all-MiniLM-L6-v2 inputs=1
2026-09-17T01:32:20.437747Z DEBUG panoptikon::inferio::http: processing local inference predict model=textembed/all-MiniLM-L6-v2 inputs=1
2026-09-17T01:32:20.437797Z DEBUG panoptikon::inferio::http: processing local inference predict model=textembed/all-MiniLM-L6-v2 inputs=1
2026-09-17T01:32:20.437818Z DEBUG panoptikon::inferio::http: processing local inference predict model=textembed/all-MiniLM-L6-v2 inputs=1
2026-09-17T01:32:20.437880Z DEBUG panoptikon::inferio::http: processing local inference predict model=textembed/all-MiniLM-L6-v2 inputs=1
2026-09-17T01:32:20.437903Z DEBUG panoptikon::inferio::http: processing local inference predict model=textembed/all-MiniLM-L6-v2 inputs=1
2026-09-17T01:32:20.437872Z DEBUG panoptikon::inferio::http: processing local inference predict model=textembed/all-MiniLM-L6-v2 inputs=1
2026-09-17T01:32:20.437842Z DEBUG panoptikon::inferio::http: processing local inference predict model=textembed/all-MiniLM-L6-v2 inputs=1
2026-09-17T01:32:20.437891Z DEBUG panoptikon::inferio::http: processing local inference predict model=textembed/all-MiniLM-L6-v2 inputs=1
2026-09-17T01:32:20.437981Z DEBUG panoptikon::inferio::http: processing local inference predict model=textembed/all-MiniLM-L6-v2 inputs=1
2026-09-17T01:32:20.437945Z DEBUG panoptikon::inferio::http: processing local inference predict model=textembed/all-MiniLM-L6-v2 inputs=1
2026-09-17T01:32:20.437949Z DEBUG panoptikon::inferio::http: processing local inference predict model=textembed/all-MiniLM-L6-v2 inputs=1
2026-09-17T01:32:20.438043Z DEBUG panoptikon::inferio::http: processing local inference predict model=textembed/all-MiniLM-L6-v2 inputs=1
2026-09-17T01:32:20.438000Z DEBUG panoptikon::inferio::http: processing local inference predict model=textembed/all-MiniLM-L6-v2 inputs=1
2026-09-17T01:32:20.438006Z DEBUG panoptikon::inferio::http: processing local inference predict model=textembed/all-MiniLM-L6-v2 inputs=1
2026-09-17T01:32:20.438009Z DEBUG panoptikon::inferio::http: processing local inference predict model=textembed/all-MiniLM-L6-v2 inputs=1
2026-09-17T01:32:20.438009Z DEBUG panoptikon::inferio::http: processing local inference predict model=textembed/all-MiniLM-L6-v2 inputs=1
2026-09-17T01:32:20.438012Z DEBUG panoptikon::inferio::http: processing local inference predict model=textembed/all-MiniLM-L6-v2 inputs=1
2026-09-17T01:32:20.438026Z DEBUG panoptikon::inferio::http: processing local inference predict model=textembed/all-MiniLM-L6-v2 inputs=1
2026-09-17T01:32:20.438030Z DEBUG panoptikon::inferio::http: processing local inference predict model=textembed/all-MiniLM-L6-v2 inputs=1
2026-09-17T01:32:20.438239Z DEBUG panoptikon::inferio::http: processing local inference predict model=textembed/all-MiniLM-L6-v2 inputs=1
2026-09-17T01:32:20.438258Z DEBUG panoptikon::inferio::http: processing local inference predict model=textembed/all-MiniLM-L6-v2 inputs=1
2026-09-17T01:32:20.438055Z DEBUG panoptikon::inferio::http: processing local inference predict model=textembed/all-MiniLM-L6-v2 inputs=1
2026-09-17T01:32:20.438071Z DEBUG panoptikon::inferio::http: processing local inference predict model=textembed/all-MiniLM-L6-v2 inputs=1
2026-09-17T01:32:20.438318Z DEBUG panoptikon::inferio::http: processing local inference predict model=textembed/all-MiniLM-L6-v2 inputs=1
2026-09-17T01:32:20.438334Z DEBUG panoptikon::inferio::http: processing local inference predict model=textembed/all-MiniLM-L6-v2 inputs=1
2026-09-17T01:32:20.438095Z DEBUG panoptikon::inferio::http: processing local inference predict model=textembed/all-MiniLM-L6-v2 inputs=1
2026-09-17T01:32:20.438383Z DEBUG panoptikon::inferio::http: processing local inference predict model=textembed/all-MiniLM-L6-v2 inputs=1
2026-09-17T01:32:20.438400Z DEBUG panoptikon::inferio::http: processing local inference predict model=textembed/all-MiniLM-L6-v2 inputs=1
2026-09-17T01:32:20.438416Z DEBUG panoptikon::inferio::http: processing local inference predict model=textembed/all-MiniLM-L6-v2 inputs=1
2026-09-17T01:32:20.438180Z DEBUG panoptikon::inferio::http: processing local inference predict model=textembed/all-MiniLM-L6-v2 inputs=1
2026-09-17T01:32:20.438455Z DEBUG panoptikon::inferio::http: processing local inference predict model=textembed/all-MiniLM-L6-v2 inputs=1
2026-09-17T01:32:20.437849Z DEBUG panoptikon::inferio::http: processing local inference predict model=textembed/all-MiniLM-L6-v2 inputs=1
2026-09-17T01:32:20.438500Z DEBUG panoptikon::inferio::http: processing local inference predict model=textembed/all-MiniLM-L6-v2 inputs=1
2026-09-17T01:32:20.438053Z DEBUG panoptikon::inferio::http: processing local inference predict model=textembed/all-MiniLM-L6-v2 inputs=1
2026-09-17T01:32:20.438543Z DEBUG panoptikon::inferio::http: processing local inference predict model=textembed/all-MiniLM-L6-v2 inputs=1
2026-09-17T01:32:20.438573Z DEBUG panoptikon::inferio::http: processing local inference predict model=textembed/all-MiniLM-L6-v2 inputs=1
2026-09-17T01:32:20.438605Z DEBUG panoptikon::inferio::http: processing local inference predict model=textembed/all-MiniLM-L6-v2 inputs=1
2026-09-17T01:32:20.438621Z DEBUG panoptikon::inferio::http: processing local inference predict model=textembed/all-MiniLM-L6-v2 inputs=1
2026-09-17T01:32:20.438352Z DEBUG panoptikon::inferio::http: processing local inference predict model=textembed/all-MiniLM-L6-v2 inputs=1
2026-09-17T01:32:20.438367Z DEBUG panoptikon::inferio::http: processing local inference predict model=textembed/all-MiniLM-L6-v2 inputs=1
2026-09-17T01:32:20.438702Z DEBUG panoptikon::inferio::http: processing local inference predict model=textembed/all-MiniLM-L6-v2 inputs=1
2026-09-17T01:32:20.438725Z DEBUG panoptikon::inferio::http: processing local inference predict model=textembed/all-MiniLM-L6-v2 inputs=1
2026-09-17T01:32:20.438743Z DEBUG panoptikon::inferio::http: processing local inference predict model=textembed/all-MiniLM-L6-v2 inputs=1
2026-09-17T01:32:20.438177Z DEBUG panoptikon::inferio::http: processing local inference predict model=textembed/all-MiniLM-L6-v2 inputs=1
2026-09-17T01:32:20.438781Z DEBUG panoptikon::inferio::http: processing local inference predict model=textembed/all-MiniLM-L6-v2 inputs=1
2026-09-17T01:32:20.438794Z DEBUG panoptikon::inferio::http: processing local inference predict model=textembed/all-MiniLM-L6-v2 inputs=1
2026-09-17T01:32:20.438463Z DEBUG panoptikon::inferio::http: processing local inference predict model=textembed/all-MiniLM-L6-v2 inputs=1
2026-09-17T01:32:20.438847Z DEBUG panoptikon::inferio::http: processing local inference predict model=textembed/all-MiniLM-L6-v2 inputs=1
2026-09-17T01:32:20.438248Z DEBUG panoptikon::inferio::http: processing local inference predict model=textembed/all-MiniLM-L6-v2 inputs=1
2026-09-17T01:32:20.438888Z DEBUG panoptikon::inferio::http: processing local inference predict model=textembed/all-MiniLM-L6-v2 inputs=1
2026-09-17T01:32:20.438551Z DEBUG panoptikon::inferio::http: processing local inference predict model=textembed/all-MiniLM-L6-v2 inputs=1
2026-09-17T01:32:20.438940Z DEBUG panoptikon::inferio::http: processing local inference predict model=textembed/all-MiniLM-L6-v2 inputs=1
2026-09-17T01:32:20.438307Z DEBUG panoptikon::inferio::http: processing local inference predict model=textembed/all-MiniLM-L6-v2 inputs=1
2026-09-17T01:32:20.438585Z DEBUG panoptikon::inferio::http: processing local inference predict model=textembed/all-MiniLM-L6-v2 inputs=1
2026-09-17T01:32:20.438075Z DEBUG panoptikon::inferio::http: processing local inference predict model=textembed/all-MiniLM-L6-v2 inputs=1
2026-09-17T01:32:20.439020Z DEBUG panoptikon::inferio::http: processing local inference predict model=textembed/all-MiniLM-L6-v2 inputs=1
2026-09-17T01:32:20.439036Z DEBUG panoptikon::inferio::http: processing local inference predict model=textembed/all-MiniLM-L6-v2 inputs=1
2026-09-17T01:32:20.438642Z DEBUG panoptikon::inferio::http: processing local inference predict model=textembed/all-MiniLM-L6-v2 inputs=1
2026-09-17T01:32:20.439078Z DEBUG panoptikon::inferio::http: processing local inference predict model=textembed/all-MiniLM-L6-v2 inputs=1
2026-09-17T01:32:20.439122Z DEBUG panoptikon::inferio::http: processing local inference predict model=textembed/all-MiniLM-L6-v2 inputs=1
2026-09-17T01:32:20.439157Z DEBUG panoptikon::inferio::http: processing local inference predict model=textembed/all-MiniLM-L6-v2 inputs=1
2026-09-17T01:32:20.439181Z DEBUG panoptikon::inferio::http: processing local inference predict model=textembed/all-MiniLM-L6-v2 inputs=1
2026-09-17T01:32:20.439214Z DEBUG panoptikon::inferio::http: processing local inference predict model=textembed/all-MiniLM-L6-v2 inputs=1
2026-09-17T01:32:20.438387Z DEBUG panoptikon::inferio::http: processing local inference predict model=textembed/all-MiniLM-L6-v2 inputs=1
2026-09-17T01:32:20.438734Z DEBUG panoptikon::inferio::http: processing local inference predict model=textembed/all-MiniLM-L6-v2 inputs=1
2026-09-17T01:32:20.438149Z DEBUG panoptikon::inferio::http: processing local inference predict model=textembed/all-MiniLM-L6-v2 inputs=1
2026-09-17T01:32:20.438748Z DEBUG panoptikon::inferio::http: processing local inference predict model=textembed/all-MiniLM-L6-v2 inputs=1
2026-09-17T01:32:20.438774Z DEBUG panoptikon::inferio::http: processing local inference predict model=textembed/all-MiniLM-L6-v2 inputs=1
2026-09-17T01:32:20.438775Z DEBUG panoptikon::inferio::http: processing local inference predict model=textembed/all-MiniLM-L6-v2 inputs=1
2026-09-17T01:32:20.439499Z DEBUG panoptikon::inferio::http: processing local inference predict model=textembed/all-MiniLM-L6-v2 inputs=1
2026-09-17T01:32:20.438443Z DEBUG panoptikon::inferio::http: processing local inference predict model=textembed/all-MiniLM-L6-v2 inputs=1
2026-09-17T01:32:20.438224Z DEBUG panoptikon::inferio::http: processing local inference predict model=textembed/all-MiniLM-L6-v2 inputs=1
2026-09-17T01:32:20.438826Z DEBUG panoptikon::inferio::http: processing local inference predict model=textembed/all-MiniLM-L6-v2 inputs=1
2026-09-17T01:32:20.438828Z DEBUG panoptikon::inferio::http: processing local inference predict model=textembed/all-MiniLM-L6-v2 inputs=1
2026-09-17T01:32:20.438484Z DEBUG panoptikon::inferio::http: processing local inference predict model=textembed/all-MiniLM-L6-v2 inputs=1
2026-09-17T01:32:20.438856Z DEBUG panoptikon::inferio::http: processing local inference predict model=textembed/all-MiniLM-L6-v2 inputs=1
2026-09-17T01:32:20.439740Z DEBUG panoptikon::inferio::http: processing local inference predict model=textembed/all-MiniLM-L6-v2 inputs=1
2026-09-17T01:32:20.438303Z DEBUG panoptikon::inferio::http: processing local inference predict model=textembed/all-MiniLM-L6-v2 inputs=1
2026-09-17T01:32:20.439797Z DEBUG panoptikon::inferio::http: processing local inference predict model=textembed/all-MiniLM-L6-v2 inputs=1
2026-09-17T01:32:20.439821Z DEBUG panoptikon::inferio::http: processing local inference predict model=textembed/all-MiniLM-L6-v2 inputs=1
2026-09-17T01:32:20.438920Z DEBUG panoptikon::inferio::http: processing local inference predict model=textembed/all-MiniLM-L6-v2 inputs=1
2026-09-17T01:32:20.438552Z DEBUG panoptikon::inferio::http: processing local inference predict model=textembed/all-MiniLM-L6-v2 inputs=1
2026-09-17T01:32:20.439926Z DEBUG panoptikon::inferio::http: processing local inference predict model=textembed/all-MiniLM-L6-v2 inputs=1
2026-09-17T01:32:20.439003Z DEBUG panoptikon::inferio::http: processing local inference predict model=textembed/all-MiniLM-L6-v2 inputs=1
2026-09-17T01:32:20.438077Z DEBUG panoptikon::inferio::http: processing local inference predict model=textembed/all-MiniLM-L6-v2 inputs=1
2026-09-17T01:32:20.440012Z DEBUG panoptikon::inferio::http: processing local inference predict model=textembed/all-MiniLM-L6-v2 inputs=1
2026-09-17T01:32:20.440038Z DEBUG panoptikon::inferio::http: processing local inference predict model=textembed/all-MiniLM-L6-v2 inputs=1
2026-09-17T01:32:20.439090Z DEBUG panoptikon::inferio::http: processing local inference predict model=textembed/all-MiniLM-L6-v2 inputs=1
2026-09-17T01:32:20.440090Z DEBUG panoptikon::inferio::http: processing local inference predict model=textembed/all-MiniLM-L6-v2 inputs=1
2026-09-17T01:32:20.440107Z DEBUG panoptikon::inferio::http: processing local inference predict model=textembed/all-MiniLM-L6-v2 inputs=1
2026-09-17T01:32:20.439144Z DEBUG panoptikon::inferio::http: processing local inference predict model=textembed/all-MiniLM-L6-v2 inputs=1
2026-09-17T01:32:20.440164Z DEBUG panoptikon::inferio::http: processing local inference predict model=textembed/all-MiniLM-L6-v2 inputs=1
2026-09-17T01:32:20.438706Z DEBUG panoptikon::inferio::http: processing local inference predict model=textembed/all-MiniLM-L6-v2 inputs=1
2026-09-17T01:32:20.439186Z DEBUG panoptikon::inferio::http: processing local inference predict model=textembed/all-MiniLM-L6-v2 inputs=1
2026-09-17T01:32:20.440263Z DEBUG panoptikon::inferio::http: processing local inference predict model=textembed/all-MiniLM-L6-v2 inputs=1
2026-09-17T01:32:20.440292Z DEBUG panoptikon::inferio::http: processing local inference predict model=textembed/all-MiniLM-L6-v2 inputs=1
2026-09-17T01:32:20.439240Z DEBUG panoptikon::inferio::http: processing local inference predict model=textembed/all-MiniLM-L6-v2 inputs=1
2026-09-17T01:32:20.440350Z DEBUG panoptikon::inferio::http: processing local inference predict model=textembed/all-MiniLM-L6-v2 inputs=1
2026-09-17T01:32:20.439303Z DEBUG panoptikon::inferio::http: processing local inference predict model=textembed/all-MiniLM-L6-v2 inputs=1
2026-09-17T01:32:20.439327Z DEBUG panoptikon::inferio::http: processing local inference predict model=textembed/all-MiniLM-L6-v2 inputs=1
2026-09-17T01:32:20.439329Z DEBUG panoptikon::inferio::http: processing local inference predict model=textembed/all-MiniLM-L6-v2 inputs=1
2026-09-17T01:32:20.439342Z DEBUG panoptikon::inferio::http: processing local inference predict model=textembed/all-MiniLM-L6-v2 inputs=1
2026-09-17T01:32:20.439354Z DEBUG panoptikon::inferio::http: processing local inference predict model=textembed/all-MiniLM-L6-v2 inputs=1
2026-09-17T01:32:20.440558Z DEBUG panoptikon::inferio::http: processing local inference predict model=textembed/all-MiniLM-L6-v2 inputs=1
2026-09-17T01:32:20.439376Z DEBUG panoptikon::inferio::http: processing local inference predict model=textembed/all-MiniLM-L6-v2 inputs=1
2026-09-17T01:32:20.439399Z DEBUG panoptikon::inferio::http: processing local inference predict model=textembed/all-MiniLM-L6-v2 inputs=1
2026-09-17T01:32:20.440640Z DEBUG panoptikon::inferio::http: processing local inference predict model=textembed/all-MiniLM-L6-v2 inputs=1
2026-09-17T01:32:20.439446Z DEBUG panoptikon::inferio::http: processing local inference predict model=textembed/all-MiniLM-L6-v2 inputs=1
2026-09-17T01:32:20.440692Z DEBUG panoptikon::inferio::http: processing local inference predict model=textembed/all-MiniLM-L6-v2 inputs=1
2026-09-17T01:32:20.440719Z DEBUG panoptikon::inferio::http: processing local inference predict model=textembed/all-MiniLM-L6-v2 inputs=1
2026-09-17T01:32:20.439502Z DEBUG panoptikon::inferio::http: processing local inference predict model=textembed/all-MiniLM-L6-v2 inputs=1
2026-09-17T01:32:20.440766Z DEBUG panoptikon::inferio::http: processing local inference predict model=textembed/all-MiniLM-L6-v2 inputs=1
2026-09-17T01:32:20.439503Z DEBUG panoptikon::inferio::http: processing local inference predict model=textembed/all-MiniLM-L6-v2 inputs=1
2026-09-17T01:32:20.440818Z DEBUG panoptikon::inferio::http: processing local inference predict model=textembed/all-MiniLM-L6-v2 inputs=1
2026-09-17T01:32:20.439512Z DEBUG panoptikon::inferio::http: processing local inference predict model=textembed/all-MiniLM-L6-v2 inputs=1
2026-09-17T01:32:20.439595Z DEBUG panoptikon::inferio::http: processing local inference predict model=textembed/all-MiniLM-L6-v2 inputs=1
2026-09-17T01:32:20.439596Z DEBUG panoptikon::inferio::http: processing local inference predict model=textembed/all-MiniLM-L6-v2 inputs=1
2026-09-17T01:32:20.439658Z DEBUG panoptikon::inferio::http: processing local inference predict model=textembed/all-MiniLM-L6-v2 inputs=1
2026-09-17T01:32:20.439665Z DEBUG panoptikon::inferio::http: processing local inference predict model=textembed/all-MiniLM-L6-v2 inputs=1
2026-09-17T01:32:20.439712Z DEBUG panoptikon::inferio::http: processing local inference predict model=textembed/all-MiniLM-L6-v2 inputs=1
2026-09-17T01:32:20.441029Z DEBUG panoptikon::inferio::http: processing local inference predict model=textembed/all-MiniLM-L6-v2 inputs=1
2026-09-17T01:32:20.438872Z DEBUG panoptikon::inferio::http: processing local inference predict model=textembed/all-MiniLM-L6-v2 inputs=1
2026-09-17T01:32:20.441081Z DEBUG panoptikon::inferio::http: processing local inference predict model=textembed/all-MiniLM-L6-v2 inputs=1
2026-09-17T01:32:20.438898Z DEBUG panoptikon::inferio::http: processing local inference predict model=textembed/all-MiniLM-L6-v2 inputs=1
2026-09-17T01:32:20.441140Z DEBUG panoptikon::inferio::http: processing local inference predict model=textembed/all-MiniLM-L6-v2 inputs=1
2026-09-17T01:32:20.439840Z DEBUG panoptikon::inferio::http: processing local inference predict model=textembed/all-MiniLM-L6-v2 inputs=1
2026-09-17T01:32:20.441190Z DEBUG panoptikon::inferio::http: processing local inference predict model=textembed/all-MiniLM-L6-v2 inputs=1
2026-09-17T01:32:20.441212Z DEBUG panoptikon::inferio::http: processing local inference predict model=textembed/all-MiniLM-L6-v2 inputs=1
2026-09-17T01:32:20.441236Z DEBUG panoptikon::inferio::http: processing local inference predict model=textembed/all-MiniLM-L6-v2 inputs=1
2026-09-17T01:32:20.439990Z DEBUG panoptikon::inferio::http: processing local inference predict model=textembed/all-MiniLM-L6-v2 inputs=1
2026-09-17T01:32:20.438634Z DEBUG panoptikon::inferio::http: processing local inference predict model=textembed/all-MiniLM-L6-v2 inputs=1
2026-09-17T01:32:20.438659Z DEBUG panoptikon::inferio::http: processing local inference predict model=textembed/all-MiniLM-L6-v2 inputs=1
2026-09-17T01:32:20.440095Z DEBUG panoptikon::inferio::http: processing local inference predict model=textembed/all-MiniLM-L6-v2 inputs=1
2026-09-17T01:32:20.439092Z DEBUG panoptikon::inferio::http: processing local inference predict model=textembed/all-MiniLM-L6-v2 inputs=1
2026-09-17T01:32:20.438685Z DEBUG panoptikon::inferio::http: processing local inference predict model=textembed/all-MiniLM-L6-v2 inputs=1
2026-09-17T01:32:20.440150Z DEBUG panoptikon::inferio::http: processing local inference predict model=textembed/all-MiniLM-L6-v2 inputs=1
2026-09-17T01:32:20.438691Z DEBUG panoptikon::inferio::http: processing local inference predict model=textembed/all-MiniLM-L6-v2 inputs=1
2026-09-17T01:32:20.440239Z DEBUG panoptikon::inferio::http: processing local inference predict model=textembed/all-MiniLM-L6-v2 inputs=1
2026-09-17T01:32:20.439216Z DEBUG panoptikon::inferio::http: processing local inference predict model=textembed/all-MiniLM-L6-v2 inputs=1
2026-09-17T01:32:20.441584Z DEBUG panoptikon::inferio::http: processing local inference predict model=textembed/all-MiniLM-L6-v2 inputs=1
2026-09-17T01:32:20.440322Z DEBUG panoptikon::inferio::http: processing local inference predict model=textembed/all-MiniLM-L6-v2 inputs=1
2026-09-17T01:32:20.440343Z DEBUG panoptikon::inferio::http: processing local inference predict model=textembed/all-MiniLM-L6-v2 inputs=1
2026-09-17T01:32:20.441678Z DEBUG panoptikon::inferio::http: processing local inference predict model=textembed/all-MiniLM-L6-v2 inputs=1
2026-09-17T01:32:20.440361Z DEBUG panoptikon::inferio::http: processing local inference predict model=textembed/all-MiniLM-L6-v2 inputs=1
2026-09-17T01:32:20.440432Z DEBUG panoptikon::inferio::http: processing local inference predict model=textembed/all-MiniLM-L6-v2 inputs=1
2026-09-17T01:32:20.440441Z DEBUG panoptikon::inferio::http: processing local inference predict model=textembed/all-MiniLM-L6-v2 inputs=1
2026-09-17T01:32:20.440510Z DEBUG panoptikon::inferio::http: processing local inference predict model=textembed/all-MiniLM-L6-v2 inputs=1
2026-09-17T01:32:20.440540Z DEBUG panoptikon::inferio::http: processing local inference predict model=textembed/all-MiniLM-L6-v2 inputs=1
2026-09-17T01:32:20.441864Z DEBUG panoptikon::inferio::http: processing local inference predict model=textembed/all-MiniLM-L6-v2 inputs=1
2026-09-17T01:32:20.440587Z DEBUG panoptikon::inferio::http: processing local inference predict model=textembed/all-MiniLM-L6-v2 inputs=1
2026-09-17T01:32:20.440623Z DEBUG panoptikon::inferio::http: processing local inference predict model=textembed/all-MiniLM-L6-v2 inputs=1
2026-09-17T01:32:20.441952Z DEBUG panoptikon::inferio::http: processing local inference predict model=textembed/all-MiniLM-L6-v2 inputs=1
2026-09-17T01:32:20.439446Z DEBUG panoptikon::inferio::http: processing local inference predict model=textembed/all-MiniLM-L6-v2 inputs=1
2026-09-17T01:32:20.440701Z DEBUG panoptikon::inferio::http: processing local inference predict model=textembed/all-MiniLM-L6-v2 inputs=1
2026-09-17T01:32:20.439446Z DEBUG panoptikon::inferio::http: processing local inference predict model=textembed/all-MiniLM-L6-v2 inputs=1
2026-09-17T01:32:20.442090Z DEBUG panoptikon::inferio::http: processing local inference predict model=textembed/all-MiniLM-L6-v2 inputs=1
2026-09-17T01:32:20.439503Z DEBUG panoptikon::inferio::http: processing local inference predict model=textembed/all-MiniLM-L6-v2 inputs=1
2026-09-17T01:32:20.442143Z DEBUG panoptikon::inferio::http: processing local inference predict model=textembed/all-MiniLM-L6-v2 inputs=1
2026-09-17T01:32:20.438782Z DEBUG panoptikon::inferio::http: processing local inference predict model=textembed/all-MiniLM-L6-v2 inputs=1
2026-09-17T01:32:20.442187Z DEBUG panoptikon::inferio::http: processing local inference predict model=textembed/all-MiniLM-L6-v2 inputs=1
2026-09-17T01:32:20.440859Z DEBUG panoptikon::inferio::http: processing local inference predict model=textembed/all-MiniLM-L6-v2 inputs=1
2026-09-17T01:32:20.440919Z DEBUG panoptikon::inferio::http: processing local inference predict model=textembed/all-MiniLM-L6-v2 inputs=1
2026-09-17T01:32:20.440922Z DEBUG panoptikon::inferio::http: processing local inference predict model=textembed/all-MiniLM-L6-v2 inputs=1
2026-09-17T01:32:20.441006Z DEBUG panoptikon::inferio::http: processing local inference predict model=textembed/all-MiniLM-L6-v2 inputs=1
2026-09-17T01:32:20.441006Z DEBUG panoptikon::inferio::http: processing local inference predict model=textembed/all-MiniLM-L6-v2 inputs=1
2026-09-17T01:32:20.442374Z DEBUG panoptikon::inferio::http: processing local inference predict model=textembed/all-MiniLM-L6-v2 inputs=1
2026-09-17T01:32:20.442392Z DEBUG panoptikon::inferio::http: processing local inference predict model=textembed/all-MiniLM-L6-v2 inputs=1
2026-09-17T01:32:20.439791Z DEBUG panoptikon::inferio::http: processing local inference predict model=textembed/all-MiniLM-L6-v2 inputs=1
2026-09-17T01:32:20.442450Z DEBUG panoptikon::inferio::http: processing local inference predict model=textembed/all-MiniLM-L6-v2 inputs=1
2026-09-17T01:32:20.438921Z DEBUG panoptikon::inferio::http: processing local inference predict model=textembed/all-MiniLM-L6-v2 inputs=1
2026-09-17T01:32:20.442507Z DEBUG panoptikon::inferio::http: processing local inference predict model=textembed/all-MiniLM-L6-v2 inputs=1
2026-09-17T01:32:20.438980Z DEBUG panoptikon::inferio::http: processing local inference predict model=textembed/all-MiniLM-L6-v2 inputs=1
2026-09-17T01:32:20.439970Z DEBUG panoptikon::inferio::http: processing local inference predict model=textembed/all-MiniLM-L6-v2 inputs=1
2026-09-17T01:32:20.441254Z DEBUG panoptikon::inferio::http: processing local inference predict model=textembed/all-MiniLM-L6-v2 inputs=1
2026-09-17T01:32:20.441272Z DEBUG panoptikon::inferio::http: processing local inference predict model=textembed/all-MiniLM-L6-v2 inputs=1
2026-09-17T01:32:20.442637Z DEBUG panoptikon::inferio::http: processing local inference predict model=textembed/all-MiniLM-L6-v2 inputs=1
2026-09-17T01:32:20.441336Z DEBUG panoptikon::inferio::http: processing local inference predict model=textembed/all-MiniLM-L6-v2 inputs=1
2026-09-17T01:32:20.442693Z DEBUG panoptikon::inferio::http: processing local inference predict model=textembed/all-MiniLM-L6-v2 inputs=1
2026-09-17T01:32:20.441420Z DEBUG panoptikon::inferio::http: processing local inference predict model=textembed/all-MiniLM-L6-v2 inputs=1
2026-09-17T01:32:20.441441Z DEBUG panoptikon::inferio::http: processing local inference predict model=textembed/all-MiniLM-L6-v2 inputs=1
2026-09-17T01:32:20.441452Z DEBUG panoptikon::inferio::http: processing local inference predict model=textembed/all-MiniLM-L6-v2 inputs=1
2026-09-17T01:32:20.442812Z DEBUG panoptikon::inferio::http: processing local inference predict model=textembed/all-MiniLM-L6-v2 inputs=1
2026-09-17T01:32:20.441516Z DEBUG panoptikon::inferio::http: processing local inference predict model=textembed/all-MiniLM-L6-v2 inputs=1
2026-09-17T01:32:20.441533Z DEBUG panoptikon::inferio::http: processing local inference predict model=textembed/all-MiniLM-L6-v2 inputs=1
2026-09-17T01:32:20.442911Z DEBUG panoptikon::inferio::http: processing local inference predict model=textembed/all-MiniLM-L6-v2 inputs=1
2026-09-17T01:32:20.441591Z DEBUG panoptikon::inferio::http: processing local inference predict model=textembed/all-MiniLM-L6-v2 inputs=1
2026-09-17T01:32:20.441637Z DEBUG panoptikon::inferio::http: processing local inference predict model=textembed/all-MiniLM-L6-v2 inputs=1
2026-09-17T01:32:20.439273Z DEBUG panoptikon::inferio::http: processing local inference predict model=textembed/all-MiniLM-L6-v2 inputs=1
2026-09-17T01:32:20.441701Z DEBUG panoptikon::inferio::http: processing local inference predict model=textembed/all-MiniLM-L6-v2 inputs=1
2026-09-17T01:32:20.441736Z DEBUG panoptikon::inferio::http: processing local inference predict model=textembed/all-MiniLM-L6-v2 inputs=1
2026-09-17T01:32:20.441765Z DEBUG panoptikon::inferio::http: processing local inference predict model=textembed/all-MiniLM-L6-v2 inputs=1
2026-09-17T01:32:20.441787Z DEBUG panoptikon::inferio::http: processing local inference predict model=textembed/all-MiniLM-L6-v2 inputs=1
2026-09-17T01:32:20.441815Z DEBUG panoptikon::inferio::http: processing local inference predict model=textembed/all-MiniLM-L6-v2 inputs=1
2026-09-17T01:32:20.439367Z DEBUG panoptikon::inferio::http: processing local inference predict model=textembed/all-MiniLM-L6-v2 inputs=1
2026-09-17T01:32:20.443240Z DEBUG panoptikon::inferio::http: processing local inference predict model=textembed/all-MiniLM-L6-v2 inputs=1
2026-09-17T01:32:20.441913Z DEBUG panoptikon::inferio::http: processing local inference predict model=textembed/all-MiniLM-L6-v2 inputs=1
2026-09-17T01:32:20.443305Z DEBUG panoptikon::inferio::http: processing local inference predict model=textembed/all-MiniLM-L6-v2 inputs=1
2026-09-17T01:32:20.443324Z DEBUG panoptikon::inferio::http: processing local inference predict model=textembed/all-MiniLM-L6-v2 inputs=1
2026-09-17T01:32:20.441997Z DEBUG panoptikon::inferio::http: processing local inference predict model=textembed/all-MiniLM-L6-v2 inputs=1
2026-09-17T01:32:20.442022Z DEBUG panoptikon::inferio::http: processing local inference predict model=textembed/all-MiniLM-L6-v2 inputs=1
2026-09-17T01:32:20.442075Z DEBUG panoptikon::inferio::http: processing local inference predict model=textembed/all-MiniLM-L6-v2 inputs=1
2026-09-17T01:32:20.440750Z DEBUG panoptikon::inferio::http: processing local inference predict model=textembed/all-MiniLM-L6-v2 inputs=1
2026-09-17T01:32:20.440811Z DEBUG panoptikon::inferio::http: processing local inference predict model=textembed/all-MiniLM-L6-v2 inputs=1
2026-09-17T01:32:20.440839Z DEBUG panoptikon::inferio::http: processing local inference predict model=textembed/all-MiniLM-L6-v2 inputs=1
2026-09-17T01:32:20.442194Z DEBUG panoptikon::inferio::http: processing local inference predict model=textembed/all-MiniLM-L6-v2 inputs=1
2026-09-17T01:32:20.442207Z DEBUG panoptikon::inferio::http: processing local inference predict model=textembed/all-MiniLM-L6-v2 inputs=1
2026-09-17T01:32:20.442236Z DEBUG panoptikon::inferio::http: processing local inference predict model=textembed/all-MiniLM-L6-v2 inputs=1
2026-09-17T01:32:20.442298Z DEBUG panoptikon::inferio::http: processing local inference predict model=textembed/all-MiniLM-L6-v2 inputs=1
2026-09-17T01:32:20.442301Z DEBUG panoptikon::inferio::http: processing local inference predict model=textembed/all-MiniLM-L6-v2 inputs=1
2026-09-17T01:32:20.442361Z DEBUG panoptikon::inferio::http: processing local inference predict model=textembed/all-MiniLM-L6-v2 inputs=1
2026-09-17T01:32:20.439714Z DEBUG panoptikon::inferio::http: processing local inference predict model=textembed/all-MiniLM-L6-v2 inputs=1
2026-09-17T01:32:20.441041Z DEBUG panoptikon::inferio::http: processing local inference predict model=textembed/all-MiniLM-L6-v2 inputs=1
2026-09-17T01:32:20.442434Z DEBUG panoptikon::inferio::http: processing local inference predict model=textembed/all-MiniLM-L6-v2 inputs=1
2026-09-17T01:32:20.442438Z DEBUG panoptikon::inferio::http: processing local inference predict model=textembed/all-MiniLM-L6-v2 inputs=1
2026-09-17T01:32:20.441108Z DEBUG panoptikon::inferio::http: processing local inference predict model=textembed/all-MiniLM-L6-v2 inputs=1
2026-09-17T01:32:20.439863Z DEBUG panoptikon::inferio::http: processing local inference predict model=textembed/all-MiniLM-L6-v2 inputs=1
2026-09-17T01:32:20.442510Z DEBUG panoptikon::inferio::http: processing local inference predict model=textembed/all-MiniLM-L6-v2 inputs=1
2026-09-17T01:32:20.442547Z DEBUG panoptikon::inferio::http: processing local inference predict model=textembed/all-MiniLM-L6-v2 inputs=1
2026-09-17T01:32:20.442576Z DEBUG panoptikon::inferio::http: processing local inference predict model=textembed/all-MiniLM-L6-v2 inputs=1
2026-09-17T01:32:20.442627Z DEBUG panoptikon::inferio::http: processing local inference predict model=textembed/all-MiniLM-L6-v2 inputs=1
2026-09-17T01:32:20.441302Z DEBUG panoptikon::inferio::http: processing local inference predict model=textembed/all-MiniLM-L6-v2 inputs=1
2026-09-17T01:32:20.442651Z DEBUG panoptikon::inferio::http: processing local inference predict model=textembed/all-MiniLM-L6-v2 inputs=1
2026-09-17T01:32:20.442684Z DEBUG panoptikon::inferio::http: processing local inference predict model=textembed/all-MiniLM-L6-v2 inputs=1
2026-09-17T01:32:20.441409Z DEBUG panoptikon::inferio::http: processing local inference predict model=textembed/all-MiniLM-L6-v2 inputs=1
2026-09-17T01:32:20.442764Z DEBUG panoptikon::inferio::http: processing local inference predict model=textembed/all-MiniLM-L6-v2 inputs=1
2026-09-17T01:32:20.442764Z DEBUG panoptikon::inferio::http: processing local inference predict model=textembed/all-MiniLM-L6-v2 inputs=1
2026-09-17T01:32:20.441504Z DEBUG panoptikon::inferio::http: processing local inference predict model=textembed/all-MiniLM-L6-v2 inputs=1
2026-09-17T01:32:20.442865Z DEBUG panoptikon::inferio::http: processing local inference predict model=textembed/all-MiniLM-L6-v2 inputs=1
2026-09-17T01:32:20.442890Z DEBUG panoptikon::inferio::http: processing local inference predict model=textembed/all-MiniLM-L6-v2 inputs=1
2026-09-17T01:32:20.438114Z DEBUG panoptikon::inferio::http: processing local inference predict model=textembed/all-MiniLM-L6-v2 inputs=1
2026-09-17T01:32:20.442945Z DEBUG panoptikon::inferio::http: processing local inference predict model=textembed/all-MiniLM-L6-v2 inputs=1
2026-09-17T01:32:20.442961Z DEBUG panoptikon::inferio::http: processing local inference predict model=textembed/all-MiniLM-L6-v2 inputs=1
2026-09-17T01:32:20.442977Z DEBUG panoptikon::inferio::http: processing local inference predict model=textembed/all-MiniLM-L6-v2 inputs=1
2026-09-17T01:32:20.443019Z DEBUG panoptikon::inferio::http: processing local inference predict model=textembed/all-MiniLM-L6-v2 inputs=1
2026-09-17T01:32:20.443053Z DEBUG panoptikon::inferio::http: processing local inference predict model=textembed/all-MiniLM-L6-v2 inputs=1
2026-09-17T01:32:20.443086Z DEBUG panoptikon::inferio::http: processing local inference predict model=textembed/all-MiniLM-L6-v2 inputs=1
2026-09-17T01:32:20.443130Z DEBUG panoptikon::inferio::http: processing local inference predict model=textembed/all-MiniLM-L6-v2 inputs=1
2026-09-17T01:32:20.443155Z DEBUG panoptikon::inferio::http: processing local inference predict model=textembed/all-MiniLM-L6-v2 inputs=1
2026-09-17T01:32:20.443192Z DEBUG panoptikon::inferio::http: processing local inference predict model=textembed/all-MiniLM-L6-v2 inputs=1
2026-09-17T01:32:20.441898Z DEBUG panoptikon::inferio::http: processing local inference predict model=textembed/all-MiniLM-L6-v2 inputs=1
2026-09-17T01:32:20.443259Z DEBUG panoptikon::inferio::http: processing local inference predict model=textembed/all-MiniLM-L6-v2 inputs=1
2026-09-17T01:32:20.441956Z DEBUG panoptikon::inferio::http: processing local inference predict model=textembed/all-MiniLM-L6-v2 inputs=1
2026-09-17T01:32:20.439411Z DEBUG panoptikon::inferio::http: processing local inference predict model=textembed/all-MiniLM-L6-v2 inputs=1
2026-09-17T01:32:20.447544Z DEBUG panoptikon::inferio::ledger: issued a memory grant model=textembed/all-MiniLM-L6-v2 gpu=CPU unit_budget=11020 mb=299 canvas_pixels=none share_mb=85667 room_mb=85667 headroom_mb=85482 external_mb=41738 reserve_mb=1024 reserve_rule="capped_default" pre_fit=false ramp_step=7 deflation=0 squeezed=false window_requests=736
2026-09-17T01:32:20.969683Z  INFO panoptikon::inferio::worker: Batches:   0%|          | 0/1 [00:00<?, ?it/s]Batches: 100%|██████████| 1/1 [00:00<00:00,  2.03it/s]Batches: 100%|██████████| 1/1 [00:00<00:00,  2.03it/s] worker=sentence_transformers
2026-09-17T01:32:21.441635Z  INFO panoptikon::inferio::worker: Batches:   0%|          | 0/1 [00:00<?, ?it/s]Batches: 100%|██████████| 1/1 [00:00<00:00,  2.24it/s]Batches: 100%|██████████| 1/1 [00:00<00:00,  2.24it/s] worker=sentence_transformers
2026-09-17T01:32:21.932913Z  INFO panoptikon::inferio::worker: Batches:   0%|          | 0/1 [00:00<?, ?it/s]Batches: 100%|██████████| 1/1 [00:00<00:00,  2.20it/s]Batches: 100%|██████████| 1/1 [00:00<00:00,  2.19it/s] worker=sentence_transformers
2026-09-17T01:32:22.333689Z  INFO panoptikon::inferio::worker: Batches:   0%|          | 0/1 [00:00<?, ?it/s]Batches: 100%|██████████| 1/1 [00:00<00:00,  2.69it/s]Batches: 100%|██████████| 1/1 [00:00<00:00,  2.69it/s] worker=sentence_transformers
2026-09-17T01:32:22.351478Z  INFO panoptikon::inferio::ledger: holding the throughput ramp at this rung: the ring cannot certify this rung yet model=textembed/all-MiniLM-L6-v2 gpu=CPU units=11020 certified=false knee_binds=false
2026-09-17T01:32:22.351579Z DEBUG panoptikon::inferio::ledger: refitted the memory cost model model=textembed/all-MiniLM-L6-v2 gpu=CPU slope_mb_per_unit=0.023939293420269146 intercept_mb=66.07395587907585 residual_mb=7.787316317714669 samples=37 version=9
2026-09-17T01:32:22.351606Z DEBUG panoptikon::inferio::ledger: declining to read this model's throughput curve: the observations in one batch-size bucket disagree with each other by more than the knee's own decision band, so something outside this ledger was moving throughput while they were taken bucket=7 observations=3 dispersion=0.21146981773879803 threshold=0.2
2026-09-17T01:32:22.351622Z DEBUG panoptikon::inferio::ledger: queued a calibration profile update for the store model=textembed/all-MiniLM-L6-v2 gpu=CPU reason="fit_changed" max_units_measured=11020 fit_version=9
2026-09-17T01:32:22.351637Z DEBUG panoptikon::inferio::ledger: settled a granted window model=textembed/all-MiniLM-L6-v2 gpu=CPU outcome="clean" fit_samples=4 throughput_samples=1 clamped_samples=0 clamped=none ramp_step=7 deflation=0 clean_windows=10 max_units_measured=11020
2026-09-17T01:32:22.407202Z DEBUG panoptikon::inferio::http: processing local inference predict model=textembed/all-MiniLM-L6-v2 inputs=1
2026-09-17T01:32:22.407269Z DEBUG panoptikon::inferio::ledger: issued a memory grant model=textembed/all-MiniLM-L6-v2 gpu=CPU unit_budget=21 mb=1 canvas_pixels=none share_mb=85535 room_mb=85535 headroom_mb=85237 external_mb=41870 reserve_mb=1024 reserve_rule="capped_default" pre_fit=false ramp_step=7 deflation=0 squeezed=false window_requests=1
2026-09-17T01:32:22.423501Z DEBUG panoptikon::inferio::ledger: refitted the memory cost model model=textembed/all-MiniLM-L6-v2 gpu=CPU slope_mb_per_unit=0.023446765806039594 intercept_mb=66.6547304078095 residual_mb=8.009305720280999 samples=38 version=10
2026-09-17T01:32:22.423672Z DEBUG panoptikon::inferio::ledger: declining to read this model's throughput curve: the observations in one batch-size bucket disagree with each other by more than the knee's own decision band, so something outside this ledger was moving throughput while they were taken bucket=7 observations=3 dispersion=0.21146981773879803 threshold=0.2
2026-09-17T01:32:22.423700Z DEBUG panoptikon::inferio::ledger: queued a calibration profile update for the store model=textembed/all-MiniLM-L6-v2 gpu=CPU reason="fit_changed" max_units_measured=11020 fit_version=10
2026-09-17T01:32:22.423731Z DEBUG panoptikon::inferio::ledger: settled a granted window model=textembed/all-MiniLM-L6-v2 gpu=CPU outcome="clean" fit_samples=1 throughput_samples=1 clamped_samples=0 clamped=none ramp_step=7 deflation=0 clean_windows=11 max_units_measured=11020
2026-09-17T01:32:22.424047Z DEBUG panoptikon::inferio::http: processing local inference predict model=textembed/all-MiniLM-L6-v2 inputs=1
2026-09-17T01:32:22.439707Z  INFO panoptikon::inferio::worker: Batches:   0%|          | 0/1 [00:00<?, ?it/s]Batches: 100%|██████████| 1/1 [00:00<00:00, 106.71it/s] worker=sentence_transformers
2026-09-17T01:32:22.439799Z DEBUG panoptikon::inferio::ledger: issued a memory grant model=textembed/all-MiniLM-L6-v2 gpu=CPU unit_budget=24 mb=1 canvas_pixels=none share_mb=85527 room_mb=85527 headroom_mb=85229 external_mb=41878 reserve_mb=1024 reserve_rule="capped_default" pre_fit=false ramp_step=7 deflation=0 squeezed=false window_requests=1
2026-09-17T01:32:22.440302Z DEBUG panoptikon::inferio::http: processing local inference predict model=textembed/all-MiniLM-L6-v2 inputs=1
2026-09-17T01:32:22.440331Z DEBUG panoptikon::inferio::http: processing local inference predict model=textembed/all-MiniLM-L6-v2 inputs=1
2026-09-17T01:32:22.455634Z DEBUG panoptikon::inferio::ledger: refitted the memory cost model model=textembed/all-MiniLM-L6-v2 gpu=CPU slope_mb_per_unit=0.022966384398255067 intercept_mb=66.87657172183731 residual_mb=8.152168334616363 samples=39 version=11
2026-09-17T01:32:22.455734Z DEBUG panoptikon::inferio::ledger: declining to read this model's throughput curve: the observations in one batch-size bucket disagree with each other by more than the knee's own decision band, so something outside this ledger was moving throughput while they were taken bucket=7 observations=3 dispersion=0.21146981773879803 threshold=0.2
2026-09-17T01:32:22.455763Z DEBUG panoptikon::inferio::ledger: queued a calibration profile update for the store model=textembed/all-MiniLM-L6-v2 gpu=CPU reason="fit_changed" max_units_measured=11020 fit_version=11
2026-09-17T01:32:22.455799Z DEBUG panoptikon::inferio::ledger: settled a granted window model=textembed/all-MiniLM-L6-v2 gpu=CPU outcome="clean" fit_samples=1 throughput_samples=1 clamped_samples=0 clamped=none ramp_step=7 deflation=0 clean_windows=12 max_units_measured=11020
2026-09-17T01:32:22.467892Z DEBUG panoptikon::inferio::ledger: issued a memory grant model=textembed/all-MiniLM-L6-v2 gpu=CPU unit_budget=121 mb=3 canvas_pixels=none share_mb=85522 room_mb=85522 headroom_mb=85224 external_mb=41883 reserve_mb=1024 reserve_rule="capped_default" pre_fit=false ramp_step=7 deflation=0 squeezed=false window_requests=2
2026-09-17T01:32:22.468093Z DEBUG panoptikon::inferio::http: processing local inference predict model=textembed/all-MiniLM-L6-v2 inputs=1
2026-09-17T01:32:22.482244Z DEBUG panoptikon::inferio::http: processing local inference predict model=textembed/all-MiniLM-L6-v2 inputs=1
2026-09-17T01:32:22.482579Z DEBUG panoptikon::inferio::http: processing local inference predict model=textembed/all-MiniLM-L6-v2 inputs=1
2026-09-17T01:32:22.500970Z DEBUG panoptikon::inferio::http: processing local inference predict model=textembed/all-MiniLM-L6-v2 inputs=1
2026-09-17T01:32:22.546112Z DEBUG panoptikon::inferio::http: processing local inference predict model=textembed/all-MiniLM-L6-v2 inputs=1
2026-09-17T01:32:22.546138Z DEBUG panoptikon::inferio::http: processing local inference predict model=textembed/all-MiniLM-L6-v2 inputs=1
2026-09-17T01:32:22.572394Z DEBUG panoptikon::inferio::http: processing local inference predict model=textembed/all-MiniLM-L6-v2 inputs=1
2026-09-17T01:32:22.608232Z DEBUG panoptikon::inferio::http: processing local inference predict model=textembed/all-MiniLM-L6-v2 inputs=1
2026-09-17T01:32:22.608371Z DEBUG panoptikon::inferio::ledger: refitted the memory cost model model=textembed/all-MiniLM-L6-v2 gpu=CPU slope_mb_per_unit=0.022102790513799396 intercept_mb=67.66785305929531 residual_mb=8.1332218260805 samples=41 version=12
2026-09-17T01:32:22.608447Z DEBUG panoptikon::inferio::ledger: declining to read this model's throughput curve: the observations in one batch-size bucket disagree with each other by more than the knee's own decision band, so something outside this ledger was moving throughput while they were taken bucket=7 observations=3 dispersion=0.21146981773879803 threshold=0.2
2026-09-17T01:32:22.608476Z DEBUG panoptikon::inferio::ledger: queued a calibration profile update for the store model=textembed/all-MiniLM-L6-v2 gpu=CPU reason="fit_changed" max_units_measured=11020 fit_version=12
2026-09-17T01:32:22.608502Z DEBUG panoptikon::inferio::ledger: settled a granted window model=textembed/all-MiniLM-L6-v2 gpu=CPU outcome="clean" fit_samples=2 throughput_samples=0 clamped_samples=0 clamped=none ramp_step=7 deflation=0 clean_windows=13 max_units_measured=11020
2026-09-17T01:32:22.625382Z DEBUG panoptikon::inferio::http: processing local inference predict model=textembed/all-MiniLM-L6-v2 inputs=1
2026-09-17T01:32:22.637444Z DEBUG panoptikon::inferio::http: processing local inference predict model=textembed/all-MiniLM-L6-v2 inputs=1
2026-09-17T01:32:22.637569Z DEBUG panoptikon::inferio::http: processing local inference predict model=textembed/all-MiniLM-L6-v2 inputs=1
2026-09-17T01:32:22.637735Z DEBUG panoptikon::inferio::ledger: issued a memory grant model=textembed/all-MiniLM-L6-v2 gpu=CPU unit_budget=297 mb=7 canvas_pixels=none share_mb=85517 room_mb=85517 headroom_mb=85219 external_mb=41888 reserve_mb=1024 reserve_rule="capped_default" pre_fit=false ramp_step=7 deflation=0 squeezed=false window_requests=8
2026-09-17T01:32:22.637949Z DEBUG panoptikon::inferio::http: processing local inference predict model=textembed/all-MiniLM-L6-v2 inputs=1
2026-09-17T01:32:22.651707Z DEBUG panoptikon::inferio::http: processing local inference predict model=textembed/all-MiniLM-L6-v2 inputs=1
2026-09-17T01:32:22.670763Z DEBUG panoptikon::inferio::http: processing local inference predict model=textembed/all-MiniLM-L6-v2 inputs=1
2026-09-17T01:32:22.670907Z DEBUG panoptikon::inferio::http: processing local inference predict model=textembed/all-MiniLM-L6-v2 inputs=1
2026-09-17T01:32:22.671002Z DEBUG panoptikon::inferio::http: processing local inference predict model=textembed/all-MiniLM-L6-v2 inputs=1
2026-09-17T01:32:22.671117Z DEBUG panoptikon::inferio::http: processing local inference predict model=textembed/all-MiniLM-L6-v2 inputs=1
2026-09-17T01:32:22.671309Z DEBUG panoptikon::inferio::http: processing local inference predict model=textembed/all-MiniLM-L6-v2 inputs=1
2026-09-17T01:32:22.671499Z DEBUG panoptikon::inferio::http: processing local inference predict model=textembed/all-MiniLM-L6-v2 inputs=1
2026-09-17T01:32:22.672099Z DEBUG panoptikon::inferio::http: processing local inference predict model=textembed/all-MiniLM-L6-v2 inputs=1
2026-09-17T01:32:22.673279Z DEBUG panoptikon::inferio::http: processing local inference predict model=textembed/all-MiniLM-L6-v2 inputs=1
2026-09-17T01:32:22.673400Z DEBUG panoptikon::inferio::http: processing local inference predict model=textembed/all-MiniLM-L6-v2 inputs=1
2026-09-17T01:32:22.673407Z DEBUG panoptikon::inferio::http: processing local inference predict model=textembed/all-MiniLM-L6-v2 inputs=1
2026-09-17T01:32:22.673481Z DEBUG panoptikon::inferio::http: processing local inference predict model=textembed/all-MiniLM-L6-v2 inputs=1
2026-09-17T01:32:22.673716Z DEBUG panoptikon::inferio::http: processing local inference predict model=textembed/all-MiniLM-L6-v2 inputs=1
2026-09-17T01:32:22.673783Z DEBUG panoptikon::inferio::http: processing local inference predict model=textembed/all-MiniLM-L6-v2 inputs=1
2026-09-17T01:32:22.673644Z DEBUG panoptikon::inferio::http: processing local inference predict model=textembed/all-MiniLM-L6-v2 inputs=1
2026-09-17T01:32:22.673908Z DEBUG panoptikon::inferio::http: processing local inference predict model=textembed/all-MiniLM-L6-v2 inputs=1
2026-09-17T01:32:22.673927Z DEBUG panoptikon::inferio::http: processing local inference predict model=textembed/all-MiniLM-L6-v2 inputs=1
2026-09-17T01:32:22.674072Z DEBUG panoptikon::inferio::http: processing local inference predict model=textembed/all-MiniLM-L6-v2 inputs=1
2026-09-17T01:32:22.674183Z DEBUG panoptikon::inferio::http: processing local inference predict model=textembed/all-MiniLM-L6-v2 inputs=1
2026-09-17T01:32:22.674448Z DEBUG panoptikon::inferio::http: processing local inference predict model=textembed/all-MiniLM-L6-v2 inputs=1
2026-09-17T01:32:22.674550Z DEBUG panoptikon::inferio::http: processing local inference predict model=textembed/all-MiniLM-L6-v2 inputs=1
2026-09-17T01:32:22.674629Z DEBUG panoptikon::inferio::http: processing local inference predict model=textembed/all-MiniLM-L6-v2 inputs=1
2026-09-17T01:32:22.675717Z DEBUG panoptikon::inferio::http: processing local inference predict model=textembed/all-MiniLM-L6-v2 inputs=1
2026-09-17T01:32:22.675938Z DEBUG panoptikon::inferio::http: processing local inference predict model=textembed/all-MiniLM-L6-v2 inputs=1
2026-09-17T01:32:22.676182Z DEBUG panoptikon::inferio::http: processing local inference predict model=textembed/all-MiniLM-L6-v2 inputs=1
2026-09-17T01:32:22.676915Z DEBUG panoptikon::inferio::http: processing local inference predict model=textembed/all-MiniLM-L6-v2 inputs=1
2026-09-17T01:32:22.676976Z DEBUG panoptikon::inferio::http: processing local inference predict model=textembed/all-MiniLM-L6-v2 inputs=1
2026-09-17T01:32:22.677088Z DEBUG panoptikon::inferio::http: processing local inference predict model=textembed/all-MiniLM-L6-v2 inputs=1
2026-09-17T01:32:22.677162Z DEBUG panoptikon::inferio::http: processing local inference predict model=textembed/all-MiniLM-L6-v2 inputs=1
2026-09-17T01:32:22.677282Z DEBUG panoptikon::inferio::http: processing local inference predict model=textembed/all-MiniLM-L6-v2 inputs=1
2026-09-17T01:32:22.677375Z DEBUG panoptikon::inferio::http: processing local inference predict model=textembed/all-MiniLM-L6-v2 inputs=1
2026-09-17T01:32:22.677386Z DEBUG panoptikon::inferio::http: processing local inference predict model=textembed/all-MiniLM-L6-v2 inputs=1
2026-09-17T01:32:22.677503Z DEBUG panoptikon::inferio::http: processing local inference predict model=textembed/all-MiniLM-L6-v2 inputs=1
2026-09-17T01:32:22.677505Z DEBUG panoptikon::inferio::http: processing local inference predict model=textembed/all-MiniLM-L6-v2 inputs=1
2026-09-17T01:32:22.677601Z DEBUG panoptikon::inferio::http: processing local inference predict model=textembed/all-MiniLM-L6-v2 inputs=1
2026-09-17T01:32:22.677659Z DEBUG panoptikon::inferio::http: processing local inference predict model=textembed/all-MiniLM-L6-v2 inputs=1
2026-09-17T01:32:22.677729Z DEBUG panoptikon::inferio::http: processing local inference predict model=textembed/all-MiniLM-L6-v2 inputs=1
2026-09-17T01:32:22.677763Z DEBUG panoptikon::inferio::http: processing local inference predict model=textembed/all-MiniLM-L6-v2 inputs=1
2026-09-17T01:32:22.677815Z DEBUG panoptikon::inferio::http: processing local inference predict model=textembed/all-MiniLM-L6-v2 inputs=1
2026-09-17T01:32:22.677855Z DEBUG panoptikon::inferio::http: processing local inference predict model=textembed/all-MiniLM-L6-v2 inputs=1
2026-09-17T01:32:22.677834Z DEBUG panoptikon::inferio::http: processing local inference predict model=textembed/all-MiniLM-L6-v2 inputs=1
2026-09-17T01:32:22.677941Z DEBUG panoptikon::inferio::http: processing local inference predict model=textembed/all-MiniLM-L6-v2 inputs=1
2026-09-17T01:32:22.678018Z DEBUG panoptikon::inferio::http: processing local inference predict model=textembed/all-MiniLM-L6-v2 inputs=1
2026-09-17T01:32:22.678019Z DEBUG panoptikon::inferio::http: processing local inference predict model=textembed/all-MiniLM-L6-v2 inputs=1
2026-09-17T01:32:22.678124Z DEBUG panoptikon::inferio::http: processing local inference predict model=textembed/all-MiniLM-L6-v2 inputs=1
2026-09-17T01:32:22.678133Z DEBUG panoptikon::inferio::http: processing local inference predict model=textembed/all-MiniLM-L6-v2 inputs=1
2026-09-17T01:32:22.678253Z DEBUG panoptikon::inferio::http: processing local inference predict model=textembed/all-MiniLM-L6-v2 inputs=1
2026-09-17T01:32:22.678354Z DEBUG panoptikon::inferio::http: processing local inference predict model=textembed/all-MiniLM-L6-v2 inputs=1
2026-09-17T01:32:22.678361Z DEBUG panoptikon::inferio::http: processing local inference predict model=textembed/all-MiniLM-L6-v2 inputs=1
2026-09-17T01:32:22.678394Z DEBUG panoptikon::inferio::http: processing local inference predict model=textembed/all-MiniLM-L6-v2 inputs=1
2026-09-17T01:32:22.678472Z DEBUG panoptikon::inferio::http: processing local inference predict model=textembed/all-MiniLM-L6-v2 inputs=1
2026-09-17T01:32:22.678506Z DEBUG panoptikon::inferio::http: processing local inference predict model=textembed/all-MiniLM-L6-v2 inputs=1
2026-09-17T01:32:22.678474Z DEBUG panoptikon::inferio::http: processing local inference predict model=textembed/all-MiniLM-L6-v2 inputs=1
2026-09-17T01:32:22.678559Z DEBUG panoptikon::inferio::http: processing local inference predict model=textembed/all-MiniLM-L6-v2 inputs=1
2026-09-17T01:32:22.678612Z DEBUG panoptikon::inferio::http: processing local inference predict model=textembed/all-MiniLM-L6-v2 inputs=1
2026-09-17T01:32:22.678678Z DEBUG panoptikon::inferio::http: processing local inference predict model=textembed/all-MiniLM-L6-v2 inputs=1
2026-09-17T01:32:22.678714Z DEBUG panoptikon::inferio::http: processing local inference predict model=textembed/all-MiniLM-L6-v2 inputs=1
2026-09-17T01:32:22.678757Z DEBUG panoptikon::inferio::http: processing local inference predict model=textembed/all-MiniLM-L6-v2 inputs=1
2026-09-17T01:32:22.678758Z DEBUG panoptikon::inferio::http: processing local inference predict model=textembed/all-MiniLM-L6-v2 inputs=1
2026-09-17T01:32:22.678793Z DEBUG panoptikon::inferio::http: processing local inference predict model=textembed/all-MiniLM-L6-v2 inputs=1
2026-09-17T01:32:22.678803Z DEBUG panoptikon::inferio::http: processing local inference predict model=textembed/all-MiniLM-L6-v2 inputs=1
2026-09-17T01:32:22.678805Z DEBUG panoptikon::inferio::http: processing local inference predict model=textembed/all-MiniLM-L6-v2 inputs=1
2026-09-17T01:32:22.678839Z DEBUG panoptikon::inferio::http: processing local inference predict model=textembed/all-MiniLM-L6-v2 inputs=1
2026-09-17T01:32:22.679020Z DEBUG panoptikon::inferio::http: processing local inference predict model=textembed/all-MiniLM-L6-v2 inputs=1
2026-09-17T01:32:22.679088Z DEBUG panoptikon::inferio::http: processing local inference predict model=textembed/all-MiniLM-L6-v2 inputs=1
2026-09-17T01:32:22.678881Z DEBUG panoptikon::inferio::http: processing local inference predict model=textembed/all-MiniLM-L6-v2 inputs=1
2026-09-17T01:32:22.678883Z DEBUG panoptikon::inferio::http: processing local inference predict model=textembed/all-MiniLM-L6-v2 inputs=1
2026-09-17T01:32:22.678901Z DEBUG panoptikon::inferio::http: processing local inference predict model=textembed/all-MiniLM-L6-v2 inputs=1
2026-09-17T01:32:22.678929Z DEBUG panoptikon::inferio::http: processing local inference predict model=textembed/all-MiniLM-L6-v2 inputs=1
2026-09-17T01:32:22.679297Z DEBUG panoptikon::inferio::http: processing local inference predict model=textembed/all-MiniLM-L6-v2 inputs=1
2026-09-17T01:32:22.678862Z DEBUG panoptikon::inferio::http: processing local inference predict model=textembed/all-MiniLM-L6-v2 inputs=1
2026-09-17T01:32:22.679078Z DEBUG panoptikon::inferio::http: processing local inference predict model=textembed/all-MiniLM-L6-v2 inputs=1
2026-09-17T01:32:22.678866Z DEBUG panoptikon::inferio::http: processing local inference predict model=textembed/all-MiniLM-L6-v2 inputs=1
2026-09-17T01:32:22.679478Z DEBUG panoptikon::inferio::http: processing local inference predict model=textembed/all-MiniLM-L6-v2 inputs=1
2026-09-17T01:32:22.679270Z DEBUG panoptikon::inferio::http: processing local inference predict model=textembed/all-MiniLM-L6-v2 inputs=1
2026-09-17T01:32:22.679280Z DEBUG panoptikon::inferio::http: processing local inference predict model=textembed/all-MiniLM-L6-v2 inputs=1
2026-09-17T01:32:22.679627Z DEBUG panoptikon::inferio::http: processing local inference predict model=textembed/all-MiniLM-L6-v2 inputs=1
2026-09-17T01:32:22.679669Z DEBUG panoptikon::inferio::http: processing local inference predict model=textembed/all-MiniLM-L6-v2 inputs=1
2026-09-17T01:32:22.679703Z DEBUG panoptikon::inferio::http: processing local inference predict model=textembed/all-MiniLM-L6-v2 inputs=1
2026-09-17T01:32:22.679442Z DEBUG panoptikon::inferio::http: processing local inference predict model=textembed/all-MiniLM-L6-v2 inputs=1
2026-09-17T01:32:22.679457Z DEBUG panoptikon::inferio::http: processing local inference predict model=textembed/all-MiniLM-L6-v2 inputs=1
2026-09-17T01:32:22.679827Z DEBUG panoptikon::inferio::http: processing local inference predict model=textembed/all-MiniLM-L6-v2 inputs=1
2026-09-17T01:32:22.679496Z DEBUG panoptikon::inferio::http: processing local inference predict model=textembed/all-MiniLM-L6-v2 inputs=1
2026-09-17T01:32:22.679257Z DEBUG panoptikon::inferio::http: processing local inference predict model=textembed/all-MiniLM-L6-v2 inputs=1
2026-09-17T01:32:22.679548Z DEBUG panoptikon::inferio::http: processing local inference predict model=textembed/all-MiniLM-L6-v2 inputs=1
2026-09-17T01:32:22.679566Z DEBUG panoptikon::inferio::http: processing local inference predict model=textembed/all-MiniLM-L6-v2 inputs=1
2026-09-17T01:32:22.680040Z DEBUG panoptikon::inferio::http: processing local inference predict model=textembed/all-MiniLM-L6-v2 inputs=1
2026-09-17T01:32:22.679669Z DEBUG panoptikon::inferio::http: processing local inference predict model=textembed/all-MiniLM-L6-v2 inputs=1
2026-09-17T01:32:22.679440Z DEBUG panoptikon::inferio::http: processing local inference predict model=textembed/all-MiniLM-L6-v2 inputs=1
2026-09-17T01:32:22.679684Z DEBUG panoptikon::inferio::http: processing local inference predict model=textembed/all-MiniLM-L6-v2 inputs=1
2026-09-17T01:32:22.679689Z DEBUG panoptikon::inferio::http: processing local inference predict model=textembed/all-MiniLM-L6-v2 inputs=1
2026-09-17T01:32:22.679438Z DEBUG panoptikon::inferio::http: processing local inference predict model=textembed/all-MiniLM-L6-v2 inputs=1
2026-09-17T01:32:22.680315Z DEBUG panoptikon::inferio::http: processing local inference predict model=textembed/all-MiniLM-L6-v2 inputs=1
2026-09-17T01:32:22.679911Z DEBUG panoptikon::inferio::http: processing local inference predict model=textembed/all-MiniLM-L6-v2 inputs=1
2026-09-17T01:32:22.679973Z DEBUG panoptikon::inferio::http: processing local inference predict model=textembed/all-MiniLM-L6-v2 inputs=1
2026-09-17T01:32:22.678971Z DEBUG panoptikon::inferio::http: processing local inference predict model=textembed/all-MiniLM-L6-v2 inputs=1
2026-09-17T01:32:22.680122Z DEBUG panoptikon::inferio::http: processing local inference predict model=textembed/all-MiniLM-L6-v2 inputs=1
2026-09-17T01:32:22.680530Z DEBUG panoptikon::inferio::http: processing local inference predict model=textembed/all-MiniLM-L6-v2 inputs=1
2026-09-17T01:32:22.680314Z DEBUG panoptikon::inferio::http: processing local inference predict model=textembed/all-MiniLM-L6-v2 inputs=1
2026-09-17T01:32:22.680604Z DEBUG panoptikon::inferio::http: processing local inference predict model=textembed/all-MiniLM-L6-v2 inputs=1
2026-09-17T01:32:22.680366Z DEBUG panoptikon::inferio::http: processing local inference predict model=textembed/all-MiniLM-L6-v2 inputs=1
2026-09-17T01:32:22.680427Z DEBUG panoptikon::inferio::http: processing local inference predict model=textembed/all-MiniLM-L6-v2 inputs=1
2026-09-17T01:32:22.680466Z DEBUG panoptikon::inferio::http: processing local inference predict model=textembed/all-MiniLM-L6-v2 inputs=1
2026-09-17T01:32:22.680166Z DEBUG panoptikon::inferio::http: processing local inference predict model=textembed/all-MiniLM-L6-v2 inputs=1
2026-09-17T01:32:22.679471Z DEBUG panoptikon::inferio::http: processing local inference predict model=textembed/all-MiniLM-L6-v2 inputs=1
2026-09-17T01:32:22.680850Z DEBUG panoptikon::inferio::http: processing local inference predict model=textembed/all-MiniLM-L6-v2 inputs=1
2026-09-17T01:32:22.680684Z DEBUG panoptikon::inferio::http: processing local inference predict model=textembed/all-MiniLM-L6-v2 inputs=1
2026-09-17T01:32:22.680700Z DEBUG panoptikon::inferio::http: processing local inference predict model=textembed/all-MiniLM-L6-v2 inputs=1
2026-09-17T01:32:22.680725Z DEBUG panoptikon::inferio::http: processing local inference predict model=textembed/all-MiniLM-L6-v2 inputs=1
2026-09-17T01:32:22.680745Z DEBUG panoptikon::inferio::http: processing local inference predict model=textembed/all-MiniLM-L6-v2 inputs=1
2026-09-17T01:32:22.681050Z DEBUG panoptikon::inferio::http: processing local inference predict model=textembed/all-MiniLM-L6-v2 inputs=1
2026-09-17T01:32:22.680651Z DEBUG panoptikon::inferio::http: processing local inference predict model=textembed/all-MiniLM-L6-v2 inputs=1
2026-09-17T01:32:22.681111Z DEBUG panoptikon::inferio::http: processing local inference predict model=textembed/all-MiniLM-L6-v2 inputs=1
2026-09-17T01:32:22.680948Z DEBUG panoptikon::inferio::http: processing local inference predict model=textembed/all-MiniLM-L6-v2 inputs=1
2026-09-17T01:32:22.680988Z DEBUG panoptikon::inferio::http: processing local inference predict model=textembed/all-MiniLM-L6-v2 inputs=1
2026-09-17T01:32:22.681033Z DEBUG panoptikon::inferio::http: processing local inference predict model=textembed/all-MiniLM-L6-v2 inputs=1
2026-09-17T01:32:22.680811Z DEBUG panoptikon::inferio::http: processing local inference predict model=textembed/all-MiniLM-L6-v2 inputs=1
2026-09-17T01:32:22.681310Z DEBUG panoptikon::inferio::http: processing local inference predict model=textembed/all-MiniLM-L6-v2 inputs=1
2026-09-17T01:32:22.681355Z DEBUG panoptikon::inferio::http: processing local inference predict model=textembed/all-MiniLM-L6-v2 inputs=1
2026-09-17T01:32:22.681154Z DEBUG panoptikon::inferio::http: processing local inference predict model=textembed/all-MiniLM-L6-v2 inputs=1
2026-09-17T01:32:22.681420Z DEBUG panoptikon::inferio::http: processing local inference predict model=textembed/all-MiniLM-L6-v2 inputs=1
2026-09-17T01:32:22.681200Z DEBUG panoptikon::inferio::http: processing local inference predict model=textembed/all-MiniLM-L6-v2 inputs=1
2026-09-17T01:32:22.681209Z DEBUG panoptikon::inferio::http: processing local inference predict model=textembed/all-MiniLM-L6-v2 inputs=1
2026-09-17T01:32:22.681212Z DEBUG panoptikon::inferio::http: processing local inference predict model=textembed/all-MiniLM-L6-v2 inputs=1
2026-09-17T01:32:22.681218Z DEBUG panoptikon::inferio::http: processing local inference predict model=textembed/all-MiniLM-L6-v2 inputs=1
2026-09-17T01:32:22.681689Z DEBUG panoptikon::inferio::http: processing local inference predict model=textembed/all-MiniLM-L6-v2 inputs=1
2026-09-17T01:32:22.681732Z DEBUG panoptikon::inferio::http: processing local inference predict model=textembed/all-MiniLM-L6-v2 inputs=1
2026-09-17T01:32:22.681281Z DEBUG panoptikon::inferio::http: processing local inference predict model=textembed/all-MiniLM-L6-v2 inputs=1
2026-09-17T01:32:22.681817Z DEBUG panoptikon::inferio::http: processing local inference predict model=textembed/all-MiniLM-L6-v2 inputs=1
2026-09-17T01:32:22.681321Z DEBUG panoptikon::inferio::http: processing local inference predict model=textembed/all-MiniLM-L6-v2 inputs=1
2026-09-17T01:32:22.680902Z DEBUG panoptikon::inferio::http: processing local inference predict model=textembed/all-MiniLM-L6-v2 inputs=1
2026-09-17T01:32:22.681957Z DEBUG panoptikon::inferio::http: processing local inference predict model=textembed/all-MiniLM-L6-v2 inputs=1
2026-09-17T01:32:22.681444Z DEBUG panoptikon::inferio::http: processing local inference predict model=textembed/all-MiniLM-L6-v2 inputs=1
2026-09-17T01:32:22.682029Z DEBUG panoptikon::inferio::http: processing local inference predict model=textembed/all-MiniLM-L6-v2 inputs=1
2026-09-17T01:32:22.681482Z DEBUG panoptikon::inferio::http: processing local inference predict model=textembed/all-MiniLM-L6-v2 inputs=1
2026-09-17T01:32:22.682106Z DEBUG panoptikon::inferio::http: processing local inference predict model=textembed/all-MiniLM-L6-v2 inputs=1
2026-09-17T01:32:22.681675Z DEBUG panoptikon::inferio::http: processing local inference predict model=textembed/all-MiniLM-L6-v2 inputs=1
2026-09-17T01:32:22.681220Z DEBUG panoptikon::inferio::http: processing local inference predict model=textembed/all-MiniLM-L6-v2 inputs=1
2026-09-17T01:32:22.682219Z DEBUG panoptikon::inferio::http: processing local inference predict model=textembed/all-MiniLM-L6-v2 inputs=1
2026-09-17T01:32:22.681742Z DEBUG panoptikon::inferio::http: processing local inference predict model=textembed/all-MiniLM-L6-v2 inputs=1
2026-09-17T01:32:22.681743Z DEBUG panoptikon::inferio::http: processing local inference predict model=textembed/all-MiniLM-L6-v2 inputs=1
2026-09-17T01:32:22.681061Z DEBUG panoptikon::inferio::http: processing local inference predict model=textembed/all-MiniLM-L6-v2 inputs=1
2026-09-17T01:32:22.681901Z DEBUG panoptikon::inferio::http: processing local inference predict model=textembed/all-MiniLM-L6-v2 inputs=1
2026-09-17T01:32:22.682413Z DEBUG panoptikon::inferio::http: processing local inference predict model=textembed/all-MiniLM-L6-v2 inputs=1
2026-09-17T01:32:22.682452Z DEBUG panoptikon::inferio::http: processing local inference predict model=textembed/all-MiniLM-L6-v2 inputs=1
2026-09-17T01:32:22.682031Z DEBUG panoptikon::inferio::http: processing local inference predict model=textembed/all-MiniLM-L6-v2 inputs=1
2026-09-17T01:32:22.682525Z DEBUG panoptikon::inferio::http: processing local inference predict model=textembed/all-MiniLM-L6-v2 inputs=1
2026-09-17T01:32:22.682039Z DEBUG panoptikon::inferio::http: processing local inference predict model=textembed/all-MiniLM-L6-v2 inputs=1
2026-09-17T01:32:22.682047Z DEBUG panoptikon::inferio::http: processing local inference predict model=textembed/all-MiniLM-L6-v2 inputs=1
2026-09-17T01:32:22.682049Z DEBUG panoptikon::inferio::http: processing local inference predict model=textembed/all-MiniLM-L6-v2 inputs=1
2026-09-17T01:32:22.682054Z DEBUG panoptikon::inferio::http: processing local inference predict model=textembed/all-MiniLM-L6-v2 inputs=1
2026-09-17T01:32:22.682751Z DEBUG panoptikon::inferio::http: processing local inference predict model=textembed/all-MiniLM-L6-v2 inputs=1
2026-09-17T01:32:22.682785Z DEBUG panoptikon::inferio::http: processing local inference predict model=textembed/all-MiniLM-L6-v2 inputs=1
2026-09-17T01:32:22.682206Z DEBUG panoptikon::inferio::http: processing local inference predict model=textembed/all-MiniLM-L6-v2 inputs=1
2026-09-17T01:32:22.681253Z DEBUG panoptikon::inferio::http: processing local inference predict model=textembed/all-MiniLM-L6-v2 inputs=1
2026-09-17T01:32:22.682272Z DEBUG panoptikon::inferio::http: processing local inference predict model=textembed/all-MiniLM-L6-v2 inputs=1
2026-09-17T01:32:22.682302Z DEBUG panoptikon::inferio::http: processing local inference predict model=textembed/all-MiniLM-L6-v2 inputs=1
2026-09-17T01:32:22.682994Z DEBUG panoptikon::inferio::http: processing local inference predict model=textembed/all-MiniLM-L6-v2 inputs=1
2026-09-17T01:32:22.681168Z DEBUG panoptikon::inferio::http: processing local inference predict model=textembed/all-MiniLM-L6-v2 inputs=1
2026-09-17T01:32:22.683061Z DEBUG panoptikon::inferio::http: processing local inference predict model=textembed/all-MiniLM-L6-v2 inputs=1
2026-09-17T01:32:22.682470Z DEBUG panoptikon::inferio::http: processing local inference predict model=textembed/all-MiniLM-L6-v2 inputs=1
2026-09-17T01:32:22.681445Z DEBUG panoptikon::inferio::http: processing local inference predict model=textembed/all-MiniLM-L6-v2 inputs=1
2026-09-17T01:32:22.682667Z DEBUG panoptikon::inferio::http: processing local inference predict model=textembed/all-MiniLM-L6-v2 inputs=1
2026-09-17T01:32:22.682673Z DEBUG panoptikon::inferio::http: processing local inference predict model=textembed/all-MiniLM-L6-v2 inputs=1
2026-09-17T01:32:22.682691Z DEBUG panoptikon::inferio::http: processing local inference predict model=textembed/all-MiniLM-L6-v2 inputs=1
2026-09-17T01:32:22.683518Z DEBUG panoptikon::inferio::http: processing local inference predict model=textembed/all-MiniLM-L6-v2 inputs=1
2026-09-17T01:32:22.681666Z DEBUG panoptikon::inferio::http: processing local inference predict model=textembed/all-MiniLM-L6-v2 inputs=1
2026-09-17T01:32:22.682169Z DEBUG panoptikon::inferio::http: processing local inference predict model=textembed/all-MiniLM-L6-v2 inputs=1
2026-09-17T01:32:22.682837Z DEBUG panoptikon::inferio::http: processing local inference predict model=textembed/all-MiniLM-L6-v2 inputs=1
2026-09-17T01:32:22.682838Z DEBUG panoptikon::inferio::http: processing local inference predict model=textembed/all-MiniLM-L6-v2 inputs=1
2026-09-17T01:32:22.682890Z DEBUG panoptikon::inferio::http: processing local inference predict model=textembed/all-MiniLM-L6-v2 inputs=1
2026-09-17T01:32:22.683954Z DEBUG panoptikon::inferio::http: processing local inference predict model=textembed/all-MiniLM-L6-v2 inputs=1
2026-09-17T01:32:22.681933Z DEBUG panoptikon::inferio::http: processing local inference predict model=textembed/all-MiniLM-L6-v2 inputs=1
2026-09-17T01:32:22.683003Z DEBUG panoptikon::inferio::http: processing local inference predict model=textembed/all-MiniLM-L6-v2 inputs=1
2026-09-17T01:32:22.683014Z DEBUG panoptikon::inferio::http: processing local inference predict model=textembed/all-MiniLM-L6-v2 inputs=1
2026-09-17T01:32:22.684129Z DEBUG panoptikon::inferio::http: processing local inference predict model=textembed/all-MiniLM-L6-v2 inputs=1
2026-09-17T01:32:22.683073Z DEBUG panoptikon::inferio::http: processing local inference predict model=textembed/all-MiniLM-L6-v2 inputs=1
2026-09-17T01:32:22.682736Z DEBUG panoptikon::inferio::http: processing local inference predict model=textembed/all-MiniLM-L6-v2 inputs=1
2026-09-17T01:32:22.684249Z DEBUG panoptikon::inferio::http: processing local inference predict model=textembed/all-MiniLM-L6-v2 inputs=1
2026-09-17T01:32:22.683851Z DEBUG panoptikon::inferio::http: processing local inference predict model=textembed/all-MiniLM-L6-v2 inputs=1
2026-09-17T01:32:22.683984Z DEBUG panoptikon::inferio::http: processing local inference predict model=textembed/all-MiniLM-L6-v2 inputs=1
2026-09-17T01:32:22.684048Z DEBUG panoptikon::inferio::http: processing local inference predict model=textembed/all-MiniLM-L6-v2 inputs=1
2026-09-17T01:32:22.684403Z DEBUG panoptikon::inferio::http: processing local inference predict model=textembed/all-MiniLM-L6-v2 inputs=1
2026-09-17T01:32:22.682467Z DEBUG panoptikon::inferio::http: processing local inference predict model=textembed/all-MiniLM-L6-v2 inputs=1
2026-09-17T01:32:22.684223Z DEBUG panoptikon::inferio::http: processing local inference predict model=textembed/all-MiniLM-L6-v2 inputs=1
2026-09-17T01:32:22.683677Z DEBUG panoptikon::inferio::http: processing local inference predict model=textembed/all-MiniLM-L6-v2 inputs=1
2026-09-17T01:32:22.684330Z DEBUG panoptikon::inferio::http: processing local inference predict model=textembed/all-MiniLM-L6-v2 inputs=1
2026-09-17T01:32:22.684344Z DEBUG panoptikon::inferio::http: processing local inference predict model=textembed/all-MiniLM-L6-v2 inputs=1
2026-09-17T01:32:22.684408Z DEBUG panoptikon::inferio::http: processing local inference predict model=textembed/all-MiniLM-L6-v2 inputs=1
2026-09-17T01:32:22.684133Z DEBUG panoptikon::inferio::http: processing local inference predict model=textembed/all-MiniLM-L6-v2 inputs=1
2026-09-17T01:32:22.684418Z DEBUG panoptikon::inferio::http: processing local inference predict model=textembed/all-MiniLM-L6-v2 inputs=1
2026-09-17T01:32:22.684487Z DEBUG panoptikon::inferio::http: processing local inference predict model=textembed/all-MiniLM-L6-v2 inputs=1
2026-09-17T01:32:22.684793Z DEBUG panoptikon::inferio::http: processing local inference predict model=textembed/all-MiniLM-L6-v2 inputs=1
2026-09-17T01:32:22.684564Z DEBUG panoptikon::inferio::http: processing local inference predict model=textembed/all-MiniLM-L6-v2 inputs=1
2026-09-17T01:32:22.684577Z DEBUG panoptikon::inferio::http: processing local inference predict model=textembed/all-MiniLM-L6-v2 inputs=1
2026-09-17T01:32:22.684641Z DEBUG panoptikon::inferio::http: processing local inference predict model=textembed/all-MiniLM-L6-v2 inputs=1
2026-09-17T01:32:22.684732Z DEBUG panoptikon::inferio::http: processing local inference predict model=textembed/all-MiniLM-L6-v2 inputs=1
2026-09-17T01:32:22.684776Z DEBUG panoptikon::inferio::http: processing local inference predict model=textembed/all-MiniLM-L6-v2 inputs=1
2026-09-17T01:32:22.682945Z DEBUG panoptikon::inferio::http: processing local inference predict model=textembed/all-MiniLM-L6-v2 inputs=1
2026-09-17T01:32:22.684811Z DEBUG panoptikon::inferio::http: processing local inference predict model=textembed/all-MiniLM-L6-v2 inputs=1
2026-09-17T01:32:22.684836Z DEBUG panoptikon::inferio::http: processing local inference predict model=textembed/all-MiniLM-L6-v2 inputs=1
2026-09-17T01:32:22.685112Z DEBUG panoptikon::inferio::http: processing local inference predict model=textembed/all-MiniLM-L6-v2 inputs=1
2026-09-17T01:32:22.684926Z DEBUG panoptikon::inferio::http: processing local inference predict model=textembed/all-MiniLM-L6-v2 inputs=1
2026-09-17T01:32:22.684991Z DEBUG panoptikon::inferio::http: processing local inference predict model=textembed/all-MiniLM-L6-v2 inputs=1
2026-09-17T01:32:22.685200Z DEBUG panoptikon::inferio::http: processing local inference predict model=textembed/all-MiniLM-L6-v2 inputs=1
2026-09-17T01:32:22.685227Z DEBUG panoptikon::inferio::http: processing local inference predict model=textembed/all-MiniLM-L6-v2 inputs=1
2026-09-17T01:32:22.685254Z DEBUG panoptikon::inferio::http: processing local inference predict model=textembed/all-MiniLM-L6-v2 inputs=1
2026-09-17T01:32:22.684910Z DEBUG panoptikon::inferio::http: processing local inference predict model=textembed/all-MiniLM-L6-v2 inputs=1
2026-09-17T01:32:22.685138Z DEBUG panoptikon::inferio::http: processing local inference predict model=textembed/all-MiniLM-L6-v2 inputs=1
2026-09-17T01:32:22.685159Z DEBUG panoptikon::inferio::http: processing local inference predict model=textembed/all-MiniLM-L6-v2 inputs=1
2026-09-17T01:32:22.685029Z DEBUG panoptikon::inferio::http: processing local inference predict model=textembed/all-MiniLM-L6-v2 inputs=1
2026-09-17T01:32:22.685085Z DEBUG panoptikon::inferio::http: processing local inference predict model=textembed/all-MiniLM-L6-v2 inputs=1
2026-09-17T01:32:22.685459Z DEBUG panoptikon::inferio::http: processing local inference predict model=textembed/all-MiniLM-L6-v2 inputs=1
2026-09-17T01:32:22.685296Z DEBUG panoptikon::inferio::http: processing local inference predict model=textembed/all-MiniLM-L6-v2 inputs=1
2026-09-17T01:32:22.685525Z DEBUG panoptikon::inferio::http: processing local inference predict model=textembed/all-MiniLM-L6-v2 inputs=1
2026-09-17T01:32:22.685373Z DEBUG panoptikon::inferio::http: processing local inference predict model=textembed/all-MiniLM-L6-v2 inputs=1
2026-09-17T01:32:22.685426Z DEBUG panoptikon::inferio::http: processing local inference predict model=textembed/all-MiniLM-L6-v2 inputs=1
2026-09-17T01:32:22.685088Z DEBUG panoptikon::inferio::http: processing local inference predict model=textembed/all-MiniLM-L6-v2 inputs=1
2026-09-17T01:32:22.685327Z DEBUG panoptikon::inferio::http: processing local inference predict model=textembed/all-MiniLM-L6-v2 inputs=1
2026-09-17T01:32:22.685528Z DEBUG panoptikon::inferio::http: processing local inference predict model=textembed/all-MiniLM-L6-v2 inputs=1
2026-09-17T01:32:22.685575Z DEBUG panoptikon::inferio::http: processing local inference predict model=textembed/all-MiniLM-L6-v2 inputs=1
2026-09-17T01:32:22.685686Z DEBUG panoptikon::inferio::http: processing local inference predict model=textembed/all-MiniLM-L6-v2 inputs=1
2026-09-17T01:32:22.685807Z DEBUG panoptikon::inferio::http: processing local inference predict model=textembed/all-MiniLM-L6-v2 inputs=1
2026-09-17T01:32:22.685832Z DEBUG panoptikon::inferio::http: processing local inference predict model=textembed/all-MiniLM-L6-v2 inputs=1
2026-09-17T01:32:22.685864Z DEBUG panoptikon::inferio::http: processing local inference predict model=textembed/all-MiniLM-L6-v2 inputs=1
2026-09-17T01:32:22.685837Z DEBUG panoptikon::inferio::http: processing local inference predict model=textembed/all-MiniLM-L6-v2 inputs=1
2026-09-17T01:32:22.685781Z DEBUG panoptikon::inferio::http: processing local inference predict model=textembed/all-MiniLM-L6-v2 inputs=1
2026-09-17T01:32:22.685742Z DEBUG panoptikon::inferio::http: processing local inference predict model=textembed/all-MiniLM-L6-v2 inputs=1
2026-09-17T01:32:22.685984Z DEBUG panoptikon::inferio::http: processing local inference predict model=textembed/all-MiniLM-L6-v2 inputs=1
2026-09-17T01:32:22.686004Z DEBUG panoptikon::inferio::http: processing local inference predict model=textembed/all-MiniLM-L6-v2 inputs=1
2026-09-17T01:32:22.685987Z DEBUG panoptikon::inferio::http: processing local inference predict model=textembed/all-MiniLM-L6-v2 inputs=1
2026-09-17T01:32:22.686027Z DEBUG panoptikon::inferio::http: processing local inference predict model=textembed/all-MiniLM-L6-v2 inputs=1
2026-09-17T01:32:22.686055Z DEBUG panoptikon::inferio::http: processing local inference predict model=textembed/all-MiniLM-L6-v2 inputs=1
2026-09-17T01:32:22.686147Z DEBUG panoptikon::inferio::http: processing local inference predict model=textembed/all-MiniLM-L6-v2 inputs=1
2026-09-17T01:32:22.686151Z DEBUG panoptikon::inferio::http: processing local inference predict model=textembed/all-MiniLM-L6-v2 inputs=1
2026-09-17T01:32:22.686214Z DEBUG panoptikon::inferio::http: processing local inference predict model=textembed/all-MiniLM-L6-v2 inputs=1
2026-09-17T01:32:22.686239Z DEBUG panoptikon::inferio::http: processing local inference predict model=textembed/all-MiniLM-L6-v2 inputs=1
2026-09-17T01:32:22.686251Z DEBUG panoptikon::inferio::http: processing local inference predict model=textembed/all-MiniLM-L6-v2 inputs=1
2026-09-17T01:32:22.686279Z DEBUG panoptikon::inferio::http: processing local inference predict model=textembed/all-MiniLM-L6-v2 inputs=1
2026-09-17T01:32:22.686314Z DEBUG panoptikon::inferio::http: processing local inference predict model=textembed/all-MiniLM-L6-v2 inputs=1
2026-09-17T01:32:22.686336Z DEBUG panoptikon::inferio::http: processing local inference predict model=textembed/all-MiniLM-L6-v2 inputs=1
2026-09-17T01:32:22.686414Z DEBUG panoptikon::inferio::http: processing local inference predict model=textembed/all-MiniLM-L6-v2 inputs=1
2026-09-17T01:32:22.686415Z DEBUG panoptikon::inferio::http: processing local inference predict model=textembed/all-MiniLM-L6-v2 inputs=1
2026-09-17T01:32:22.686475Z DEBUG panoptikon::inferio::http: processing local inference predict model=textembed/all-MiniLM-L6-v2 inputs=1
2026-09-17T01:32:22.686516Z DEBUG panoptikon::inferio::http: processing local inference predict model=textembed/all-MiniLM-L6-v2 inputs=1
2026-09-17T01:32:22.686588Z DEBUG panoptikon::inferio::http: processing local inference predict model=textembed/all-MiniLM-L6-v2 inputs=1
2026-09-17T01:32:22.686658Z DEBUG panoptikon::inferio::http: processing local inference predict model=textembed/all-MiniLM-L6-v2 inputs=1
2026-09-17T01:32:22.686859Z DEBUG panoptikon::inferio::http: processing local inference predict model=textembed/all-MiniLM-L6-v2 inputs=1
2026-09-17T01:32:22.686888Z DEBUG panoptikon::inferio::http: processing local inference predict model=textembed/all-MiniLM-L6-v2 inputs=1
2026-09-17T01:32:22.686926Z DEBUG panoptikon::inferio::http: processing local inference predict model=textembed/all-MiniLM-L6-v2 inputs=1
2026-09-17T01:32:22.686955Z DEBUG panoptikon::inferio::http: processing local inference predict model=textembed/all-MiniLM-L6-v2 inputs=1
2026-09-17T01:32:22.686965Z DEBUG panoptikon::inferio::http: processing local inference predict model=textembed/all-MiniLM-L6-v2 inputs=1
2026-09-17T01:32:22.687028Z DEBUG panoptikon::inferio::http: processing local inference predict model=textembed/all-MiniLM-L6-v2 inputs=1
2026-09-17T01:32:22.686969Z DEBUG panoptikon::inferio::http: processing local inference predict model=textembed/all-MiniLM-L6-v2 inputs=1
2026-09-17T01:32:22.687042Z DEBUG panoptikon::inferio::http: processing local inference predict model=textembed/all-MiniLM-L6-v2 inputs=1
2026-09-17T01:32:22.687066Z DEBUG panoptikon::inferio::http: processing local inference predict model=textembed/all-MiniLM-L6-v2 inputs=1
2026-09-17T01:32:22.687154Z DEBUG panoptikon::inferio::http: processing local inference predict model=textembed/all-MiniLM-L6-v2 inputs=1
2026-09-17T01:32:22.687268Z DEBUG panoptikon::inferio::http: processing local inference predict model=textembed/all-MiniLM-L6-v2 inputs=1
2026-09-17T01:32:22.687345Z DEBUG panoptikon::inferio::http: processing local inference predict model=textembed/all-MiniLM-L6-v2 inputs=1
2026-09-17T01:32:22.687369Z DEBUG panoptikon::inferio::http: processing local inference predict model=textembed/all-MiniLM-L6-v2 inputs=1
2026-09-17T01:32:22.687366Z DEBUG panoptikon::inferio::http: processing local inference predict model=textembed/all-MiniLM-L6-v2 inputs=1
2026-09-17T01:32:22.687442Z DEBUG panoptikon::inferio::http: processing local inference predict model=textembed/all-MiniLM-L6-v2 inputs=1
2026-09-17T01:32:22.687373Z DEBUG panoptikon::inferio::http: processing local inference predict model=textembed/all-MiniLM-L6-v2 inputs=1
2026-09-17T01:32:22.687514Z DEBUG panoptikon::inferio::http: processing local inference predict model=textembed/all-MiniLM-L6-v2 inputs=1
2026-09-17T01:32:22.687421Z DEBUG panoptikon::inferio::http: processing local inference predict model=textembed/all-MiniLM-L6-v2 inputs=1
2026-09-17T01:32:22.687428Z DEBUG panoptikon::inferio::http: processing local inference predict model=textembed/all-MiniLM-L6-v2 inputs=1
2026-09-17T01:32:22.687437Z DEBUG panoptikon::inferio::http: processing local inference predict model=textembed/all-MiniLM-L6-v2 inputs=1
2026-09-17T01:32:22.687634Z DEBUG panoptikon::inferio::http: processing local inference predict model=textembed/all-MiniLM-L6-v2 inputs=1
2026-09-17T01:32:22.687354Z DEBUG panoptikon::inferio::http: processing local inference predict model=textembed/all-MiniLM-L6-v2 inputs=1
2026-09-17T01:32:22.687708Z DEBUG panoptikon::inferio::http: processing local inference predict model=textembed/all-MiniLM-L6-v2 inputs=1
2026-09-17T01:32:22.687741Z DEBUG panoptikon::inferio::http: processing local inference predict model=textembed/all-MiniLM-L6-v2 inputs=1
2026-09-17T01:32:22.687385Z DEBUG panoptikon::inferio::http: processing local inference predict model=textembed/all-MiniLM-L6-v2 inputs=1
2026-09-17T01:32:22.687584Z DEBUG panoptikon::inferio::http: processing local inference predict model=textembed/all-MiniLM-L6-v2 inputs=1
2026-09-17T01:32:22.687587Z DEBUG panoptikon::inferio::http: processing local inference predict model=textembed/all-MiniLM-L6-v2 inputs=1
2026-09-17T01:32:22.687444Z DEBUG panoptikon::inferio::http: processing local inference predict model=textembed/all-MiniLM-L6-v2 inputs=1
2026-09-17T01:32:22.687647Z DEBUG panoptikon::inferio::http: processing local inference predict model=textembed/all-MiniLM-L6-v2 inputs=1
2026-09-17T01:32:22.687962Z DEBUG panoptikon::inferio::http: processing local inference predict model=textembed/all-MiniLM-L6-v2 inputs=1
2026-09-17T01:32:22.687466Z DEBUG panoptikon::inferio::http: processing local inference predict model=textembed/all-MiniLM-L6-v2 inputs=1
2026-09-17T01:32:22.687494Z DEBUG panoptikon::inferio::http: processing local inference predict model=textembed/all-MiniLM-L6-v2 inputs=1
2026-09-17T01:32:22.687753Z DEBUG panoptikon::inferio::http: processing local inference predict model=textembed/all-MiniLM-L6-v2 inputs=1
2026-09-17T01:32:22.687763Z DEBUG panoptikon::inferio::http: processing local inference predict model=textembed/all-MiniLM-L6-v2 inputs=1
2026-09-17T01:32:22.688159Z DEBUG panoptikon::inferio::http: processing local inference predict model=textembed/all-MiniLM-L6-v2 inputs=1
2026-09-17T01:32:22.687799Z DEBUG panoptikon::inferio::http: processing local inference predict model=textembed/all-MiniLM-L6-v2 inputs=1
2026-09-17T01:32:22.687830Z DEBUG panoptikon::inferio::http: processing local inference predict model=textembed/all-MiniLM-L6-v2 inputs=1
2026-09-17T01:32:22.687902Z DEBUG panoptikon::inferio::http: processing local inference predict model=textembed/all-MiniLM-L6-v2 inputs=1
2026-09-17T01:32:22.688308Z DEBUG panoptikon::inferio::http: processing local inference predict model=textembed/all-MiniLM-L6-v2 inputs=1
2026-09-17T01:32:22.687647Z DEBUG panoptikon::inferio::http: processing local inference predict model=textembed/all-MiniLM-L6-v2 inputs=1
2026-09-17T01:32:22.687963Z DEBUG panoptikon::inferio::http: processing local inference predict model=textembed/all-MiniLM-L6-v2 inputs=1
2026-09-17T01:32:22.688026Z DEBUG panoptikon::inferio::http: processing local inference predict model=textembed/all-MiniLM-L6-v2 inputs=1
2026-09-17T01:32:22.688436Z DEBUG panoptikon::inferio::http: processing local inference predict model=textembed/all-MiniLM-L6-v2 inputs=1
2026-09-17T01:32:22.688467Z DEBUG panoptikon::inferio::http: processing local inference predict model=textembed/all-MiniLM-L6-v2 inputs=1
2026-09-17T01:32:22.687789Z DEBUG panoptikon::inferio::http: processing local inference predict model=textembed/all-MiniLM-L6-v2 inputs=1
2026-09-17T01:32:22.688204Z DEBUG panoptikon::inferio::http: processing local inference predict model=textembed/all-MiniLM-L6-v2 inputs=1
2026-09-17T01:32:22.688207Z DEBUG panoptikon::inferio::http: processing local inference predict model=textembed/all-MiniLM-L6-v2 inputs=1
2026-09-17T01:32:22.688603Z DEBUG panoptikon::inferio::http: processing local inference predict model=textembed/all-MiniLM-L6-v2 inputs=1
2026-09-17T01:32:22.687942Z DEBUG panoptikon::inferio::http: processing local inference predict model=textembed/all-MiniLM-L6-v2 inputs=1
2026-09-17T01:32:22.688360Z DEBUG panoptikon::inferio::http: processing local inference predict model=textembed/all-MiniLM-L6-v2 inputs=1
2026-09-17T01:32:22.688381Z DEBUG panoptikon::inferio::http: processing local inference predict model=textembed/all-MiniLM-L6-v2 inputs=1
2026-09-17T01:32:22.688756Z DEBUG panoptikon::inferio::http: processing local inference predict model=textembed/all-MiniLM-L6-v2 inputs=1
2026-09-17T01:32:22.688102Z DEBUG panoptikon::inferio::http: processing local inference predict model=textembed/all-MiniLM-L6-v2 inputs=1
2026-09-17T01:32:22.688135Z  INFO panoptikon::inferio::worker: Batches:   0%|          | 0/1 [00:00<?, ?it/s]Batches: 100%|██████████| 1/1 [00:00<00:00, 116.95it/s] worker=sentence_transformers
2026-09-17T01:32:22.688857Z DEBUG panoptikon::inferio::http: processing local inference predict model=textembed/all-MiniLM-L6-v2 inputs=1
2026-09-17T01:32:22.688880Z DEBUG panoptikon::inferio::http: processing local inference predict model=textembed/all-MiniLM-L6-v2 inputs=1
2026-09-17T01:32:22.688239Z DEBUG panoptikon::inferio::http: processing local inference predict model=textembed/all-MiniLM-L6-v2 inputs=1
2026-09-17T01:32:22.688946Z DEBUG panoptikon::inferio::http: processing local inference predict model=textembed/all-MiniLM-L6-v2 inputs=1
2026-09-17T01:32:22.688977Z DEBUG panoptikon::inferio::http: processing local inference predict model=textembed/all-MiniLM-L6-v2 inputs=1
2026-09-17T01:32:22.688681Z DEBUG panoptikon::inferio::http: processing local inference predict model=textembed/all-MiniLM-L6-v2 inputs=1
2026-09-17T01:32:22.689033Z DEBUG panoptikon::inferio::http: processing local inference predict model=textembed/all-MiniLM-L6-v2 inputs=1
2026-09-17T01:32:22.688768Z DEBUG panoptikon::inferio::http: processing local inference predict model=textembed/all-MiniLM-L6-v2 inputs=1
2026-09-17T01:32:22.689106Z DEBUG panoptikon::inferio::http: processing local inference predict model=textembed/all-MiniLM-L6-v2 inputs=1
2026-09-17T01:32:22.688832Z DEBUG panoptikon::inferio::http: processing local inference predict model=textembed/all-MiniLM-L6-v2 inputs=1
2026-09-17T01:32:22.689179Z DEBUG panoptikon::inferio::http: processing local inference predict model=textembed/all-MiniLM-L6-v2 inputs=1
2026-09-17T01:32:22.688870Z  INFO panoptikon::inferio::worker: Batches:   0%|          | 0/1 [00:00<?, ?it/s]Batches: 100%|██████████| 1/1 [00:00<00:00, 77.85it/s] worker=sentence_transformers
2026-09-17T01:32:22.689236Z DEBUG panoptikon::inferio::http: processing local inference predict model=textembed/all-MiniLM-L6-v2 inputs=1
2026-09-17T01:32:22.688639Z DEBUG panoptikon::inferio::http: processing local inference predict model=textembed/all-MiniLM-L6-v2 inputs=1
2026-09-17T01:32:22.688653Z DEBUG panoptikon::inferio::http: processing local inference predict model=textembed/all-MiniLM-L6-v2 inputs=1
2026-09-17T01:32:22.689341Z DEBUG panoptikon::inferio::http: processing local inference predict model=textembed/all-MiniLM-L6-v2 inputs=1
2026-09-17T01:32:22.689019Z DEBUG panoptikon::inferio::http: processing local inference predict model=textembed/all-MiniLM-L6-v2 inputs=1
2026-09-17T01:32:22.689403Z DEBUG panoptikon::inferio::http: processing local inference predict model=textembed/all-MiniLM-L6-v2 inputs=1
2026-09-17T01:32:22.689076Z DEBUG panoptikon::inferio::http: processing local inference predict model=textembed/all-MiniLM-L6-v2 inputs=1
2026-09-17T01:32:22.688796Z DEBUG panoptikon::inferio::http: processing local inference predict model=textembed/all-MiniLM-L6-v2 inputs=1
2026-09-17T01:32:22.689117Z DEBUG panoptikon::inferio::http: processing local inference predict model=textembed/all-MiniLM-L6-v2 inputs=1
2026-09-17T01:32:22.689542Z DEBUG panoptikon::inferio::http: processing local inference predict model=textembed/all-MiniLM-L6-v2 inputs=1
2026-09-17T01:32:22.688475Z DEBUG panoptikon::inferio::http: processing local inference predict model=textembed/all-MiniLM-L6-v2 inputs=1
2026-09-17T01:32:22.689195Z DEBUG panoptikon::inferio::http: processing local inference predict model=textembed/all-MiniLM-L6-v2 inputs=1
2026-09-17T01:32:22.689664Z DEBUG panoptikon::inferio::http: processing local inference predict model=textembed/all-MiniLM-L6-v2 inputs=1
2026-09-17T01:32:22.689749Z DEBUG panoptikon::inferio::http: processing local inference predict model=textembed/all-MiniLM-L6-v2 inputs=1
2026-09-17T01:32:22.689779Z DEBUG panoptikon::inferio::http: processing local inference predict model=textembed/all-MiniLM-L6-v2 inputs=1
2026-09-17T01:32:22.689847Z DEBUG panoptikon::inferio::http: processing local inference predict model=textembed/all-MiniLM-L6-v2 inputs=1
2026-09-17T01:32:22.688576Z DEBUG panoptikon::inferio::http: processing local inference predict model=textembed/all-MiniLM-L6-v2 inputs=1
2026-09-17T01:32:22.688992Z DEBUG panoptikon::inferio::http: processing local inference predict model=textembed/all-MiniLM-L6-v2 inputs=1
2026-09-17T01:32:22.689999Z DEBUG panoptikon::inferio::http: processing local inference predict model=textembed/all-MiniLM-L6-v2 inputs=1
2026-09-17T01:32:22.690048Z DEBUG panoptikon::inferio::http: processing local inference predict model=textembed/all-MiniLM-L6-v2 inputs=1
2026-09-17T01:32:22.690078Z DEBUG panoptikon::inferio::http: processing local inference predict model=textembed/all-MiniLM-L6-v2 inputs=1
2026-09-17T01:32:22.689482Z DEBUG panoptikon::inferio::http: processing local inference predict model=textembed/all-MiniLM-L6-v2 inputs=1
2026-09-17T01:32:22.690153Z DEBUG panoptikon::inferio::http: processing local inference predict model=textembed/all-MiniLM-L6-v2 inputs=1
2026-09-17T01:32:22.689590Z DEBUG panoptikon::inferio::http: processing local inference predict model=textembed/all-MiniLM-L6-v2 inputs=1
2026-09-17T01:32:22.689245Z  INFO panoptikon::inferio::worker: Batches:   0%|          | 0/1 [00:00<?, ?it/s]Batches: 100%|██████████| 1/1 [00:00<00:00, 78.67it/s] worker=sentence_transformers
2026-09-17T01:32:22.690278Z DEBUG panoptikon::inferio::http: processing local inference predict model=textembed/all-MiniLM-L6-v2 inputs=1
2026-09-17T01:32:22.690311Z DEBUG panoptikon::inferio::http: processing local inference predict model=textembed/all-MiniLM-L6-v2 inputs=1
2026-09-17T01:32:22.689865Z DEBUG panoptikon::inferio::http: processing local inference predict model=textembed/all-MiniLM-L6-v2 inputs=1
2026-09-17T01:32:22.689931Z DEBUG panoptikon::inferio::http: processing local inference predict model=textembed/all-MiniLM-L6-v2 inputs=1
2026-09-17T01:32:22.690008Z DEBUG panoptikon::inferio::http: processing local inference predict model=textembed/all-MiniLM-L6-v2 inputs=1
2026-09-17T01:32:22.690473Z DEBUG panoptikon::inferio::http: processing local inference predict model=textembed/all-MiniLM-L6-v2 inputs=1
2026-09-17T01:32:22.690060Z DEBUG panoptikon::inferio::http: processing local inference predict model=textembed/all-MiniLM-L6-v2 inputs=1
2026-09-17T01:32:22.688400Z DEBUG panoptikon::inferio::http: processing local inference predict model=textembed/all-MiniLM-L6-v2 inputs=1
2026-09-17T01:32:22.690085Z DEBUG panoptikon::inferio::http: processing local inference predict model=textembed/all-MiniLM-L6-v2 inputs=1
2026-09-17T01:32:22.690622Z DEBUG panoptikon::inferio::http: processing local inference predict model=textembed/all-MiniLM-L6-v2 inputs=1
2026-09-17T01:32:22.689153Z DEBUG panoptikon::inferio::http: processing local inference predict model=textembed/all-MiniLM-L6-v2 inputs=1
2026-09-17T01:32:22.690217Z DEBUG panoptikon::inferio::http: processing local inference predict model=textembed/all-MiniLM-L6-v2 inputs=1
2026-09-17T01:32:22.690266Z DEBUG panoptikon::inferio::http: processing local inference predict model=textembed/all-MiniLM-L6-v2 inputs=1
2026-09-17T01:32:22.690299Z  INFO panoptikon::inferio::worker: Batches:   0%|          | 0/1 [00:00<?, ?it/s]Batches: 100%|██████████| 1/1 [00:00<00:00, 21.85it/s] worker=sentence_transformers
2026-09-17T01:32:22.690317Z DEBUG panoptikon::inferio::http: processing local inference predict model=textembed/all-MiniLM-L6-v2 inputs=1
2026-09-17T01:32:22.690835Z DEBUG panoptikon::inferio::http: processing local inference predict model=textembed/all-MiniLM-L6-v2 inputs=1
2026-09-17T01:32:22.690876Z DEBUG panoptikon::inferio::http: processing local inference predict model=textembed/all-MiniLM-L6-v2 inputs=1
2026-09-17T01:32:22.690907Z DEBUG panoptikon::inferio::http: processing local inference predict model=textembed/all-MiniLM-L6-v2 inputs=1
2026-09-17T01:32:22.690395Z DEBUG panoptikon::inferio::http: processing local inference predict model=textembed/all-MiniLM-L6-v2 inputs=1
2026-09-17T01:32:22.690970Z DEBUG panoptikon::inferio::http: processing local inference predict model=textembed/all-MiniLM-L6-v2 inputs=1
2026-09-17T01:32:22.690512Z DEBUG panoptikon::inferio::http: processing local inference predict model=textembed/all-MiniLM-L6-v2 inputs=1
2026-09-17T01:32:22.690522Z DEBUG panoptikon::inferio::http: processing local inference predict model=textembed/all-MiniLM-L6-v2 inputs=1
2026-09-17T01:32:22.691090Z DEBUG panoptikon::inferio::http: processing local inference predict model=textembed/all-MiniLM-L6-v2 inputs=1
2026-09-17T01:32:22.690566Z DEBUG panoptikon::inferio::http: processing local inference predict model=textembed/all-MiniLM-L6-v2 inputs=1
2026-09-17T01:32:22.690611Z DEBUG panoptikon::inferio::http: processing local inference predict model=textembed/all-MiniLM-L6-v2 inputs=1
2026-09-17T01:32:22.691189Z DEBUG panoptikon::inferio::http: processing local inference predict model=textembed/all-MiniLM-L6-v2 inputs=1
2026-09-17T01:32:22.689446Z DEBUG panoptikon::inferio::http: processing local inference predict model=textembed/all-MiniLM-L6-v2 inputs=1
2026-09-17T01:32:22.691253Z DEBUG panoptikon::inferio::http: processing local inference predict model=textembed/all-MiniLM-L6-v2 inputs=1
2026-09-17T01:32:22.690611Z DEBUG panoptikon::inferio::http: processing local inference predict model=textembed/all-MiniLM-L6-v2 inputs=1
2026-09-17T01:32:22.690715Z DEBUG panoptikon::inferio::http: processing local inference predict model=textembed/all-MiniLM-L6-v2 inputs=1
2026-09-17T01:32:22.691358Z DEBUG panoptikon::inferio::http: processing local inference predict model=textembed/all-MiniLM-L6-v2 inputs=1
2026-09-17T01:32:22.690738Z DEBUG panoptikon::inferio::http: processing local inference predict model=textembed/all-MiniLM-L6-v2 inputs=1
2026-09-17T01:32:22.691419Z DEBUG panoptikon::inferio::http: processing local inference predict model=textembed/all-MiniLM-L6-v2 inputs=1
2026-09-17T01:32:22.691457Z DEBUG panoptikon::inferio::http: processing local inference predict model=textembed/all-MiniLM-L6-v2 inputs=1
2026-09-17T01:32:22.690877Z DEBUG panoptikon::inferio::http: processing local inference predict model=textembed/all-MiniLM-L6-v2 inputs=1
2026-09-17T01:32:22.691512Z DEBUG panoptikon::inferio::http: processing local inference predict model=textembed/all-MiniLM-L6-v2 inputs=1
2026-09-17T01:32:22.689320Z DEBUG panoptikon::inferio::http: processing local inference predict model=textembed/all-MiniLM-L6-v2 inputs=1
2026-09-17T01:32:22.690915Z DEBUG panoptikon::inferio::http: processing local inference predict model=textembed/all-MiniLM-L6-v2 inputs=1
2026-09-17T01:32:22.690924Z DEBUG panoptikon::inferio::http: processing local inference predict model=textembed/all-MiniLM-L6-v2 inputs=1
2026-09-17T01:32:22.690944Z DEBUG panoptikon::inferio::http: processing local inference predict model=textembed/all-MiniLM-L6-v2 inputs=1
2026-09-17T01:32:22.691706Z DEBUG panoptikon::inferio::http: processing local inference predict model=textembed/all-MiniLM-L6-v2 inputs=1
2026-09-17T01:32:22.689678Z DEBUG panoptikon::inferio::http: processing local inference predict model=textembed/all-MiniLM-L6-v2 inputs=1
2026-09-17T01:32:22.691004Z DEBUG panoptikon::inferio::http: processing local inference predict model=textembed/all-MiniLM-L6-v2 inputs=1
2026-09-17T01:32:22.691826Z DEBUG panoptikon::inferio::http: processing local inference predict model=textembed/all-MiniLM-L6-v2 inputs=1
2026-09-17T01:32:22.691879Z DEBUG panoptikon::inferio::http: processing local inference predict model=textembed/all-MiniLM-L6-v2 inputs=1
2026-09-17T01:32:22.691896Z DEBUG panoptikon::inferio::http: processing local inference predict model=textembed/all-MiniLM-L6-v2 inputs=1
2026-09-17T01:32:22.691933Z DEBUG panoptikon::inferio::http: processing local inference predict model=textembed/all-MiniLM-L6-v2 inputs=1
2026-09-17T01:32:22.691966Z DEBUG panoptikon::inferio::http: processing local inference predict model=textembed/all-MiniLM-L6-v2 inputs=1
2026-09-17T01:32:22.691103Z DEBUG panoptikon::inferio::http: processing local inference predict model=textembed/all-MiniLM-L6-v2 inputs=1
2026-09-17T01:32:22.691109Z DEBUG panoptikon::inferio::http: processing local inference predict model=textembed/all-MiniLM-L6-v2 inputs=1
2026-09-17T01:32:22.692061Z DEBUG panoptikon::inferio::http: processing local inference predict model=textembed/all-MiniLM-L6-v2 inputs=1
2026-09-17T01:32:22.690552Z DEBUG panoptikon::inferio::http: processing local inference predict model=textembed/all-MiniLM-L6-v2 inputs=1
2026-09-17T01:32:22.691201Z DEBUG panoptikon::inferio::http: processing local inference predict model=textembed/all-MiniLM-L6-v2 inputs=1
2026-09-17T01:32:22.690683Z DEBUG panoptikon::inferio::http: processing local inference predict model=textembed/all-MiniLM-L6-v2 inputs=1
2026-09-17T01:32:22.691273Z DEBUG panoptikon::inferio::http: processing local inference predict model=textembed/all-MiniLM-L6-v2 inputs=1
2026-09-17T01:32:22.692223Z DEBUG panoptikon::inferio::http: processing local inference predict model=textembed/all-MiniLM-L6-v2 inputs=1
2026-09-17T01:32:22.692253Z DEBUG panoptikon::inferio::http: processing local inference predict model=textembed/all-MiniLM-L6-v2 inputs=1
2026-09-17T01:32:22.692296Z DEBUG panoptikon::inferio::http: processing local inference predict model=textembed/all-MiniLM-L6-v2 inputs=1
2026-09-17T01:32:22.692333Z DEBUG panoptikon::inferio::http: processing local inference predict model=textembed/all-MiniLM-L6-v2 inputs=1
2026-09-17T01:32:22.692385Z DEBUG panoptikon::inferio::http: processing local inference predict model=textembed/all-MiniLM-L6-v2 inputs=1
2026-09-17T01:32:22.692414Z DEBUG panoptikon::inferio::http: processing local inference predict model=textembed/all-MiniLM-L6-v2 inputs=1
2026-09-17T01:32:22.690757Z DEBUG panoptikon::inferio::http: processing local inference predict model=textembed/all-MiniLM-L6-v2 inputs=1
2026-09-17T01:32:22.691430Z DEBUG panoptikon::inferio::http: processing local inference predict model=textembed/all-MiniLM-L6-v2 inputs=1
2026-09-17T01:32:22.690801Z DEBUG panoptikon::inferio::http: processing local inference predict model=textembed/all-MiniLM-L6-v2 inputs=1
2026-09-17T01:32:22.692558Z DEBUG panoptikon::inferio::http: processing local inference predict model=textembed/all-MiniLM-L6-v2 inputs=1
2026-09-17T01:32:22.691513Z DEBUG panoptikon::inferio::http: processing local inference predict model=textembed/all-MiniLM-L6-v2 inputs=1
2026-09-17T01:32:22.692606Z DEBUG panoptikon::inferio::http: processing local inference predict model=textembed/all-MiniLM-L6-v2 inputs=1
2026-09-17T01:32:22.692631Z DEBUG panoptikon::inferio::http: processing local inference predict model=textembed/all-MiniLM-L6-v2 inputs=1
2026-09-17T01:32:22.691578Z DEBUG panoptikon::inferio::http: processing local inference predict model=textembed/all-MiniLM-L6-v2 inputs=1
2026-09-17T01:32:22.692697Z DEBUG panoptikon::inferio::http: processing local inference predict model=textembed/all-MiniLM-L6-v2 inputs=1
2026-09-17T01:32:22.692719Z DEBUG panoptikon::inferio::http: processing local inference predict model=textembed/all-MiniLM-L6-v2 inputs=1
2026-09-17T01:32:22.691675Z DEBUG panoptikon::inferio::http: processing local inference predict model=textembed/all-MiniLM-L6-v2 inputs=1
2026-09-17T01:32:22.692776Z DEBUG panoptikon::inferio::http: processing local inference predict model=textembed/all-MiniLM-L6-v2 inputs=1
2026-09-17T01:32:22.692798Z DEBUG panoptikon::inferio::http: processing local inference predict model=textembed/all-MiniLM-L6-v2 inputs=1
2026-09-17T01:32:22.690007Z DEBUG panoptikon::inferio::http: processing local inference predict model=textembed/all-MiniLM-L6-v2 inputs=1
2026-09-17T01:32:22.692890Z DEBUG panoptikon::inferio::http: processing local inference predict model=textembed/all-MiniLM-L6-v2 inputs=1
2026-09-17T01:32:22.691767Z DEBUG panoptikon::inferio::http: processing local inference predict model=textembed/all-MiniLM-L6-v2 inputs=1
2026-09-17T01:32:22.692967Z DEBUG panoptikon::inferio::http: processing local inference predict model=textembed/all-MiniLM-L6-v2 inputs=1
2026-09-17T01:32:22.692996Z DEBUG panoptikon::inferio::http: processing local inference predict model=textembed/all-MiniLM-L6-v2 inputs=1
2026-09-17T01:32:22.691983Z DEBUG panoptikon::inferio::http: processing local inference predict model=textembed/all-MiniLM-L6-v2 inputs=1
2026-09-17T01:32:22.691009Z DEBUG panoptikon::inferio::http: processing local inference predict model=textembed/all-MiniLM-L6-v2 inputs=1
2026-09-17T01:32:22.693101Z DEBUG panoptikon::inferio::http: processing local inference predict model=textembed/all-MiniLM-L6-v2 inputs=1
2026-09-17T01:32:22.692074Z DEBUG panoptikon::inferio::http: processing local inference predict model=textembed/all-MiniLM-L6-v2 inputs=1
2026-09-17T01:32:22.692116Z DEBUG panoptikon::inferio::http: processing local inference predict model=textembed/all-MiniLM-L6-v2 inputs=1
2026-09-17T01:32:22.691178Z DEBUG panoptikon::inferio::http: processing local inference predict model=textembed/all-MiniLM-L6-v2 inputs=1
2026-09-17T01:32:22.692124Z DEBUG panoptikon::inferio::http: processing local inference predict model=textembed/all-MiniLM-L6-v2 inputs=1
2026-09-17T01:32:22.692131Z DEBUG panoptikon::inferio::http: processing local inference predict model=textembed/all-MiniLM-L6-v2 inputs=1
2026-09-17T01:32:22.693290Z DEBUG panoptikon::inferio::http: processing local inference predict model=textembed/all-MiniLM-L6-v2 inputs=1
2026-09-17T01:32:22.693313Z DEBUG panoptikon::inferio::http: processing local inference predict model=textembed/all-MiniLM-L6-v2 inputs=1
2026-09-17T01:32:22.691274Z DEBUG panoptikon::inferio::http: processing local inference predict model=textembed/all-MiniLM-L6-v2 inputs=1
2026-09-17T01:32:22.692390Z DEBUG panoptikon::inferio::http: processing local inference predict model=textembed/all-MiniLM-L6-v2 inputs=1
2026-09-17T01:32:22.689403Z DEBUG panoptikon::inferio::http: processing local inference predict model=textembed/all-MiniLM-L6-v2 inputs=1
2026-09-17T01:32:22.690719Z DEBUG panoptikon::inferio::http: processing local inference predict model=textembed/all-MiniLM-L6-v2 inputs=1
2026-09-17T01:32:22.692466Z DEBUG panoptikon::inferio::http: processing local inference predict model=textembed/all-MiniLM-L6-v2 inputs=1
2026-09-17T01:32:22.692495Z DEBUG panoptikon::inferio::http: processing local inference predict model=textembed/all-MiniLM-L6-v2 inputs=1
2026-09-17T01:32:22.693615Z DEBUG panoptikon::inferio::http: processing local inference predict model=textembed/all-MiniLM-L6-v2 inputs=1
2026-09-17T01:32:22.693650Z DEBUG panoptikon::inferio::http: processing local inference predict model=textembed/all-MiniLM-L6-v2 inputs=1
2026-09-17T01:32:22.691496Z DEBUG panoptikon::inferio::http: processing local inference predict model=textembed/all-MiniLM-L6-v2 inputs=1
2026-09-17T01:32:22.691527Z DEBUG panoptikon::inferio::http: processing local inference predict model=textembed/all-MiniLM-L6-v2 inputs=1
2026-09-17T01:32:22.690907Z DEBUG panoptikon::inferio::http: processing local inference predict model=textembed/all-MiniLM-L6-v2 inputs=1
2026-09-17T01:32:22.692651Z DEBUG panoptikon::inferio::http: processing local inference predict model=textembed/all-MiniLM-L6-v2 inputs=1
2026-09-17T01:32:22.692654Z DEBUG panoptikon::inferio::http: processing local inference predict model=textembed/all-MiniLM-L6-v2 inputs=1
2026-09-17T01:32:22.693903Z DEBUG panoptikon::inferio::http: processing local inference predict model=textembed/all-MiniLM-L6-v2 inputs=1
2026-09-17T01:32:22.691600Z DEBUG panoptikon::inferio::http: processing local inference predict model=textembed/all-MiniLM-L6-v2 inputs=1
2026-09-17T01:32:22.691615Z DEBUG panoptikon::inferio::http: processing local inference predict model=textembed/all-MiniLM-L6-v2 inputs=1
2026-09-17T01:32:22.694000Z DEBUG panoptikon::inferio::http: processing local inference predict model=textembed/all-MiniLM-L6-v2 inputs=1
2026-09-17T01:32:22.692787Z DEBUG panoptikon::inferio::http: processing local inference predict model=textembed/all-MiniLM-L6-v2 inputs=1
2026-09-17T01:32:22.694048Z DEBUG panoptikon::inferio::http: processing local inference predict model=textembed/all-MiniLM-L6-v2 inputs=1
2026-09-17T01:32:22.694076Z DEBUG panoptikon::inferio::http: processing local inference predict model=textembed/all-MiniLM-L6-v2 inputs=1
2026-09-17T01:32:22.692894Z DEBUG panoptikon::inferio::http: processing local inference predict model=textembed/all-MiniLM-L6-v2 inputs=1
2026-09-17T01:32:22.694138Z DEBUG panoptikon::inferio::http: processing local inference predict model=textembed/all-MiniLM-L6-v2 inputs=1
2026-09-17T01:32:22.694171Z DEBUG panoptikon::inferio::http: processing local inference predict model=textembed/all-MiniLM-L6-v2 inputs=1
2026-09-17T01:32:22.692976Z DEBUG panoptikon::inferio::http: processing local inference predict model=textembed/all-MiniLM-L6-v2 inputs=1
2026-09-17T01:32:22.691067Z DEBUG panoptikon::inferio::http: processing local inference predict model=textembed/all-MiniLM-L6-v2 inputs=1
2026-09-17T01:32:22.694266Z DEBUG panoptikon::inferio::http: processing local inference predict model=textembed/all-MiniLM-L6-v2 inputs=1
2026-09-17T01:32:22.693047Z DEBUG panoptikon::inferio::http: processing local inference predict model=textembed/all-MiniLM-L6-v2 inputs=1
2026-09-17T01:32:22.691176Z DEBUG panoptikon::inferio::http: processing local inference predict model=textembed/all-MiniLM-L6-v2 inputs=1
2026-09-17T01:32:22.694357Z DEBUG panoptikon::inferio::http: processing local inference predict model=textembed/all-MiniLM-L6-v2 inputs=1
2026-09-17T01:32:22.693222Z DEBUG panoptikon::inferio::http: processing local inference predict model=textembed/all-MiniLM-L6-v2 inputs=1
2026-09-17T01:32:22.694404Z DEBUG panoptikon::inferio::http: processing local inference predict model=textembed/all-MiniLM-L6-v2 inputs=1
2026-09-17T01:32:22.694430Z DEBUG panoptikon::inferio::http: processing local inference predict model=textembed/all-MiniLM-L6-v2 inputs=1
2026-09-17T01:32:22.694459Z DEBUG panoptikon::inferio::http: processing local inference predict model=textembed/all-MiniLM-L6-v2 inputs=1
2026-09-17T01:32:22.693374Z DEBUG panoptikon::inferio::http: processing local inference predict model=textembed/all-MiniLM-L6-v2 inputs=1
2026-09-17T01:32:22.693378Z DEBUG panoptikon::inferio::http: processing local inference predict model=textembed/all-MiniLM-L6-v2 inputs=1
2026-09-17T01:32:22.693436Z DEBUG panoptikon::inferio::http: processing local inference predict model=textembed/all-MiniLM-L6-v2 inputs=1
2026-09-17T01:32:22.693520Z DEBUG panoptikon::inferio::http: processing local inference predict model=textembed/all-MiniLM-L6-v2 inputs=1
2026-09-17T01:32:22.693553Z DEBUG panoptikon::inferio::http: processing local inference predict model=textembed/all-MiniLM-L6-v2 inputs=1
2026-09-17T01:32:22.694647Z DEBUG panoptikon::inferio::http: processing local inference predict model=textembed/all-MiniLM-L6-v2 inputs=1
2026-09-17T01:32:22.694677Z DEBUG panoptikon::inferio::http: processing local inference predict model=textembed/all-MiniLM-L6-v2 inputs=1
2026-09-17T01:32:22.692547Z DEBUG panoptikon::inferio::http: processing local inference predict model=textembed/all-MiniLM-L6-v2 inputs=1
2026-09-17T01:32:22.694745Z DEBUG panoptikon::inferio::http: processing local inference predict model=textembed/all-MiniLM-L6-v2 inputs=1
2026-09-17T01:32:22.693759Z DEBUG panoptikon::inferio::http: processing local inference predict model=textembed/all-MiniLM-L6-v2 inputs=1
2026-09-17T01:32:22.694806Z DEBUG panoptikon::inferio::http: processing local inference predict model=textembed/all-MiniLM-L6-v2 inputs=1
2026-09-17T01:32:22.694834Z DEBUG panoptikon::inferio::http: processing local inference predict model=textembed/all-MiniLM-L6-v2 inputs=1
2026-09-17T01:32:22.693943Z DEBUG panoptikon::inferio::http: processing local inference predict model=textembed/all-MiniLM-L6-v2 inputs=1
2026-09-17T01:32:22.691680Z DEBUG panoptikon::inferio::http: processing local inference predict model=textembed/all-MiniLM-L6-v2 inputs=1
2026-09-17T01:32:22.694061Z DEBUG panoptikon::inferio::http: processing local inference predict model=textembed/all-MiniLM-L6-v2 inputs=1
2026-09-17T01:32:22.691686Z DEBUG panoptikon::inferio::http: processing local inference predict model=textembed/all-MiniLM-L6-v2 inputs=1
2026-09-17T01:32:22.694990Z DEBUG panoptikon::inferio::http: processing local inference predict model=textembed/all-MiniLM-L6-v2 inputs=1
2026-09-17T01:32:22.694117Z DEBUG panoptikon::inferio::http: processing local inference predict model=textembed/all-MiniLM-L6-v2 inputs=1
2026-09-17T01:32:22.695053Z DEBUG panoptikon::inferio::http: processing local inference predict model=textembed/all-MiniLM-L6-v2 inputs=1
2026-09-17T01:32:22.695074Z DEBUG panoptikon::inferio::http: processing local inference predict model=textembed/all-MiniLM-L6-v2 inputs=1
2026-09-17T01:32:22.692676Z DEBUG panoptikon::inferio::http: processing local inference predict model=textembed/all-MiniLM-L6-v2 inputs=1
2026-09-17T01:32:22.694215Z DEBUG panoptikon::inferio::http: processing local inference predict model=textembed/all-MiniLM-L6-v2 inputs=1
2026-09-17T01:32:22.694220Z DEBUG panoptikon::inferio::http: processing local inference predict model=textembed/all-MiniLM-L6-v2 inputs=1
2026-09-17T01:32:22.695231Z DEBUG panoptikon::inferio::http: processing local inference predict model=textembed/all-MiniLM-L6-v2 inputs=1
2026-09-17T01:32:22.695255Z DEBUG panoptikon::inferio::http: processing local inference predict model=textembed/all-MiniLM-L6-v2 inputs=1
2026-09-17T01:32:22.694307Z DEBUG panoptikon::inferio::http: processing local inference predict model=textembed/all-MiniLM-L6-v2 inputs=1
2026-09-17T01:32:22.695333Z DEBUG panoptikon::inferio::http: processing local inference predict model=textembed/all-MiniLM-L6-v2 inputs=1
2026-09-17T01:32:22.695365Z DEBUG panoptikon::inferio::http: processing local inference predict model=textembed/all-MiniLM-L6-v2 inputs=1
2026-09-17T01:32:22.694367Z DEBUG panoptikon::inferio::http: processing local inference predict model=textembed/all-MiniLM-L6-v2 inputs=1
2026-09-17T01:32:22.693266Z DEBUG panoptikon::inferio::http: processing local inference predict model=textembed/all-MiniLM-L6-v2 inputs=1
2026-09-17T01:32:22.695456Z DEBUG panoptikon::inferio::http: processing local inference predict model=textembed/all-MiniLM-L6-v2 inputs=1
2026-09-17T01:32:22.692225Z DEBUG panoptikon::inferio::http: processing local inference predict model=textembed/all-MiniLM-L6-v2 inputs=1
2026-09-17T01:32:22.695513Z DEBUG panoptikon::inferio::http: processing local inference predict model=textembed/all-MiniLM-L6-v2 inputs=1
2026-09-17T01:32:22.694509Z DEBUG panoptikon::inferio::http: processing local inference predict model=textembed/all-MiniLM-L6-v2 inputs=1
2026-09-17T01:32:22.695574Z DEBUG panoptikon::inferio::http: processing local inference predict model=textembed/all-MiniLM-L6-v2 inputs=1
2026-09-17T01:32:22.694595Z DEBUG panoptikon::inferio::http: processing local inference predict model=textembed/all-MiniLM-L6-v2 inputs=1
2026-09-17T01:32:22.695652Z DEBUG panoptikon::inferio::http: processing local inference predict model=textembed/all-MiniLM-L6-v2 inputs=1
2026-09-17T01:32:22.692538Z DEBUG panoptikon::inferio::http: processing local inference predict model=textembed/all-MiniLM-L6-v2 inputs=1
2026-09-17T01:32:22.693628Z DEBUG panoptikon::inferio::http: processing local inference predict model=textembed/all-MiniLM-L6-v2 inputs=1
2026-09-17T01:32:22.694735Z DEBUG panoptikon::inferio::http: processing local inference predict model=textembed/all-MiniLM-L6-v2 inputs=1
2026-09-17T01:32:22.694737Z DEBUG panoptikon::inferio::http: processing local inference predict model=textembed/all-MiniLM-L6-v2 inputs=1
2026-09-17T01:32:22.695846Z DEBUG panoptikon::inferio::http: processing local inference predict model=textembed/all-MiniLM-L6-v2 inputs=1
2026-09-17T01:32:22.693802Z DEBUG panoptikon::inferio::http: processing local inference predict model=textembed/all-MiniLM-L6-v2 inputs=1
2026-09-17T01:32:22.695922Z DEBUG panoptikon::inferio::http: processing local inference predict model=textembed/all-MiniLM-L6-v2 inputs=1
2026-09-17T01:32:22.694878Z DEBUG panoptikon::inferio::http: processing local inference predict model=textembed/all-MiniLM-L6-v2 inputs=1
2026-09-17T01:32:22.695987Z DEBUG panoptikon::inferio::http: processing local inference predict model=textembed/all-MiniLM-L6-v2 inputs=1
2026-09-17T01:32:22.694915Z DEBUG panoptikon::inferio::http: processing local inference predict model=textembed/all-MiniLM-L6-v2 inputs=1
2026-09-17T01:32:22.696060Z DEBUG panoptikon::inferio::http: processing local inference predict model=textembed/all-MiniLM-L6-v2 inputs=1
2026-09-17T01:32:22.696095Z DEBUG panoptikon::inferio::http: processing local inference predict model=textembed/all-MiniLM-L6-v2 inputs=1
2026-09-17T01:32:22.695011Z DEBUG panoptikon::inferio::http: processing local inference predict model=textembed/all-MiniLM-L6-v2 inputs=1
2026-09-17T01:32:22.691755Z DEBUG panoptikon::inferio::http: processing local inference predict model=textembed/all-MiniLM-L6-v2 inputs=1
2026-09-17T01:32:22.691879Z DEBUG panoptikon::inferio::http: processing local inference predict model=textembed/all-MiniLM-L6-v2 inputs=1
2026-09-17T01:32:22.695114Z DEBUG panoptikon::inferio::http: processing local inference predict model=textembed/all-MiniLM-L6-v2 inputs=1
2026-09-17T01:32:22.695114Z DEBUG panoptikon::inferio::http: processing local inference predict model=textembed/all-MiniLM-L6-v2 inputs=1
2026-09-17T01:32:22.695153Z DEBUG panoptikon::inferio::http: processing local inference predict model=textembed/all-MiniLM-L6-v2 inputs=1
2026-09-17T01:32:22.694222Z DEBUG panoptikon::inferio::http: processing local inference predict model=textembed/all-MiniLM-L6-v2 inputs=1
2026-09-17T01:32:22.693041Z DEBUG panoptikon::inferio::http: processing local inference predict model=textembed/all-MiniLM-L6-v2 inputs=1
2026-09-17T01:32:22.695348Z DEBUG panoptikon::inferio::http: processing local inference predict model=textembed/all-MiniLM-L6-v2 inputs=1
2026-09-17T01:32:22.696517Z DEBUG panoptikon::inferio::http: processing local inference predict model=textembed/all-MiniLM-L6-v2 inputs=1
2026-09-17T01:32:22.693151Z DEBUG panoptikon::inferio::http: processing local inference predict model=textembed/all-MiniLM-L6-v2 inputs=1
2026-09-17T01:32:22.695426Z DEBUG panoptikon::inferio::http: processing local inference predict model=textembed/all-MiniLM-L6-v2 inputs=1
2026-09-17T01:32:22.696614Z DEBUG panoptikon::inferio::http: processing local inference predict model=textembed/all-MiniLM-L6-v2 inputs=1
2026-09-17T01:32:22.692136Z DEBUG panoptikon::inferio::http: processing local inference predict model=textembed/all-MiniLM-L6-v2 inputs=1
2026-09-17T01:32:22.694464Z DEBUG panoptikon::inferio::http: processing local inference predict model=textembed/all-MiniLM-L6-v2 inputs=1
2026-09-17T01:32:22.696727Z DEBUG panoptikon::inferio::http: processing local inference predict model=textembed/all-MiniLM-L6-v2 inputs=1
2026-09-17T01:32:22.695564Z DEBUG panoptikon::inferio::http: processing local inference predict model=textembed/all-MiniLM-L6-v2 inputs=1
2026-09-17T01:32:22.696803Z DEBUG panoptikon::inferio::http: processing local inference predict model=textembed/all-MiniLM-L6-v2 inputs=1
2026-09-17T01:32:22.696839Z DEBUG panoptikon::inferio::http: processing local inference predict model=textembed/all-MiniLM-L6-v2 inputs=1
2026-09-17T01:32:22.694597Z DEBUG panoptikon::inferio::http: processing local inference predict model=textembed/all-MiniLM-L6-v2 inputs=1
2026-09-17T01:32:22.695658Z DEBUG panoptikon::inferio::http: processing local inference predict model=textembed/all-MiniLM-L6-v2 inputs=1
2026-09-17T01:32:22.695740Z DEBUG panoptikon::inferio::http: processing local inference predict model=textembed/all-MiniLM-L6-v2 inputs=1
2026-09-17T01:32:22.695757Z DEBUG panoptikon::inferio::http: processing local inference predict model=textembed/all-MiniLM-L6-v2 inputs=1
2026-09-17T01:32:22.695855Z DEBUG panoptikon::inferio::http: processing local inference predict model=textembed/all-MiniLM-L6-v2 inputs=1
2026-09-17T01:32:22.697076Z DEBUG panoptikon::inferio::http: processing local inference predict model=textembed/all-MiniLM-L6-v2 inputs=1
2026-09-17T01:32:22.697114Z DEBUG panoptikon::inferio::http: processing local inference predict model=textembed/all-MiniLM-L6-v2 inputs=1
2026-09-17T01:32:22.695938Z DEBUG panoptikon::inferio::http: processing local inference predict model=textembed/all-MiniLM-L6-v2 inputs=1
2026-09-17T01:32:22.697184Z DEBUG panoptikon::inferio::http: processing local inference predict model=textembed/all-MiniLM-L6-v2 inputs=1
2026-09-17T01:32:22.696001Z DEBUG panoptikon::inferio::http: processing local inference predict model=textembed/all-MiniLM-L6-v2 inputs=1
2026-09-17T01:32:22.697252Z DEBUG panoptikon::inferio::http: processing local inference predict model=textembed/all-MiniLM-L6-v2 inputs=1
2026-09-17T01:32:22.696082Z DEBUG panoptikon::inferio::http: processing local inference predict model=textembed/all-MiniLM-L6-v2 inputs=1
2026-09-17T01:32:22.697335Z DEBUG panoptikon::inferio::http: processing local inference predict model=textembed/all-MiniLM-L6-v2 inputs=1
2026-09-17T01:32:22.697359Z DEBUG panoptikon::inferio::http: processing local inference predict model=textembed/all-MiniLM-L6-v2 inputs=1
2026-09-17T01:32:22.696154Z DEBUG panoptikon::inferio::http: processing local inference predict model=textembed/all-MiniLM-L6-v2 inputs=1
2026-09-17T01:32:22.697439Z DEBUG panoptikon::inferio::http: processing local inference predict model=textembed/all-MiniLM-L6-v2 inputs=1
2026-09-17T01:32:22.696316Z DEBUG panoptikon::inferio::http: processing local inference predict model=textembed/all-MiniLM-L6-v2 inputs=1
2026-09-17T01:32:22.696381Z DEBUG panoptikon::inferio::http: processing local inference predict model=textembed/all-MiniLM-L6-v2 inputs=1
2026-09-17T01:32:22.696422Z DEBUG panoptikon::inferio::http: processing local inference predict model=textembed/all-MiniLM-L6-v2 inputs=1
2026-09-17T01:32:22.697597Z DEBUG panoptikon::inferio::http: processing local inference predict model=textembed/all-MiniLM-L6-v2 inputs=1
2026-09-17T01:32:22.694334Z DEBUG panoptikon::inferio::http: processing local inference predict model=textembed/all-MiniLM-L6-v2 inputs=1
2026-09-17T01:32:22.697673Z DEBUG panoptikon::inferio::http: processing local inference predict model=textembed/all-MiniLM-L6-v2 inputs=1
2026-09-17T01:32:22.696568Z DEBUG panoptikon::inferio::http: processing local inference predict model=textembed/all-MiniLM-L6-v2 inputs=1
2026-09-17T01:32:22.696598Z DEBUG panoptikon::inferio::http: processing local inference predict model=textembed/all-MiniLM-L6-v2 inputs=1
2026-09-17T01:32:22.697749Z DEBUG panoptikon::inferio::http: processing local inference predict model=textembed/all-MiniLM-L6-v2 inputs=1
2026-09-17T01:32:22.695461Z DEBUG panoptikon::inferio::http: processing local inference predict model=textembed/all-MiniLM-L6-v2 inputs=1
2026-09-17T01:32:22.696649Z DEBUG panoptikon::inferio::http: processing local inference predict model=textembed/all-MiniLM-L6-v2 inputs=1
2026-09-17T01:32:22.696696Z DEBUG panoptikon::inferio::http: processing local inference predict model=textembed/all-MiniLM-L6-v2 inputs=1
2026-09-17T01:32:22.697910Z DEBUG panoptikon::inferio::http: processing local inference predict model=textembed/all-MiniLM-L6-v2 inputs=1
2026-09-17T01:32:22.697951Z DEBUG panoptikon::inferio::http: processing local inference predict model=textembed/all-MiniLM-L6-v2 inputs=1
2026-09-17T01:32:22.697986Z DEBUG panoptikon::inferio::http: processing local inference predict model=textembed/all-MiniLM-L6-v2 inputs=1
2026-09-17T01:32:22.695586Z DEBUG panoptikon::inferio::http: processing local inference predict model=textembed/all-MiniLM-L6-v2 inputs=1
2026-09-17T01:32:22.698050Z DEBUG panoptikon::inferio::http: processing local inference predict model=textembed/all-MiniLM-L6-v2 inputs=1
2026-09-17T01:32:22.696906Z DEBUG panoptikon::inferio::http: processing local inference predict model=textembed/all-MiniLM-L6-v2 inputs=1
2026-09-17T01:32:22.694513Z DEBUG panoptikon::inferio::http: processing local inference predict model=textembed/all-MiniLM-L6-v2 inputs=1
2026-09-17T01:32:22.698155Z DEBUG panoptikon::inferio::http: processing local inference predict model=textembed/all-MiniLM-L6-v2 inputs=1
2026-09-17T01:32:22.696999Z DEBUG panoptikon::inferio::http: processing local inference predict model=textembed/all-MiniLM-L6-v2 inputs=1
2026-09-17T01:32:22.698221Z DEBUG panoptikon::inferio::http: processing local inference predict model=textembed/all-MiniLM-L6-v2 inputs=1
2026-09-17T01:32:22.698276Z DEBUG panoptikon::inferio::http: processing local inference predict model=textembed/all-MiniLM-L6-v2 inputs=1
2026-09-17T01:32:22.698340Z DEBUG panoptikon::inferio::http: processing local inference predict model=textembed/all-MiniLM-L6-v2 inputs=1
2026-09-17T01:32:22.697121Z DEBUG panoptikon::inferio::http: processing local inference predict model=textembed/all-MiniLM-L6-v2 inputs=1
2026-09-17T01:32:22.694906Z DEBUG panoptikon::inferio::http: processing local inference predict model=textembed/all-MiniLM-L6-v2 inputs=1
2026-09-17T01:32:22.697228Z DEBUG panoptikon::inferio::http: processing local inference predict model=textembed/all-MiniLM-L6-v2 inputs=1
2026-09-17T01:32:22.697233Z DEBUG panoptikon::inferio::http: processing local inference predict model=textembed/all-MiniLM-L6-v2 inputs=1
2026-09-17T01:32:22.698617Z DEBUG panoptikon::inferio::http: processing local inference predict model=textembed/all-MiniLM-L6-v2 inputs=1
2026-09-17T01:32:22.694967Z DEBUG panoptikon::inferio::http: processing local inference predict model=textembed/all-MiniLM-L6-v2 inputs=1
2026-09-17T01:32:22.692865Z DEBUG panoptikon::inferio::http: processing local inference predict model=textembed/all-MiniLM-L6-v2 inputs=1
2026-09-17T01:32:22.693909Z DEBUG panoptikon::inferio::http: processing local inference predict model=textembed/all-MiniLM-L6-v2 inputs=1
2026-09-17T01:32:22.697440Z DEBUG panoptikon::inferio::http: processing local inference predict model=textembed/all-MiniLM-L6-v2 inputs=1
2026-09-17T01:32:22.696251Z DEBUG panoptikon::inferio::http: processing local inference predict model=textembed/all-MiniLM-L6-v2 inputs=1
2026-09-17T01:32:22.697490Z DEBUG panoptikon::inferio::http: processing local inference predict model=textembed/all-MiniLM-L6-v2 inputs=1
2026-09-17T01:32:22.697540Z DEBUG panoptikon::inferio::http: processing local inference predict model=textembed/all-MiniLM-L6-v2 inputs=1
2026-09-17T01:32:22.698990Z DEBUG panoptikon::inferio::http: processing local inference predict model=textembed/all-MiniLM-L6-v2 inputs=1
2026-09-17T01:32:22.696467Z DEBUG panoptikon::inferio::http: processing local inference predict model=textembed/all-MiniLM-L6-v2 inputs=1
2026-09-17T01:32:22.699055Z DEBUG panoptikon::inferio::http: processing local inference predict model=textembed/all-MiniLM-L6-v2 inputs=1
2026-09-17T01:32:22.697665Z DEBUG panoptikon::inferio::http: processing local inference predict model=textembed/all-MiniLM-L6-v2 inputs=1
2026-09-17T01:32:22.696636Z DEBUG panoptikon::inferio::http: processing local inference predict model=textembed/all-MiniLM-L6-v2 inputs=1
2026-09-17T01:32:22.697762Z DEBUG panoptikon::inferio::http: processing local inference predict model=textembed/all-MiniLM-L6-v2 inputs=1
2026-09-17T01:32:22.697797Z DEBUG panoptikon::inferio::http: processing local inference predict model=textembed/all-MiniLM-L6-v2 inputs=1
2026-09-17T01:32:22.697836Z DEBUG panoptikon::inferio::http: processing local inference predict model=textembed/all-MiniLM-L6-v2 inputs=1
2026-09-17T01:32:22.697918Z DEBUG panoptikon::inferio::http: processing local inference predict model=textembed/all-MiniLM-L6-v2 inputs=1
2026-09-17T01:32:22.699314Z DEBUG panoptikon::inferio::http: processing local inference predict model=textembed/all-MiniLM-L6-v2 inputs=1
2026-09-17T01:32:22.699341Z DEBUG panoptikon::inferio::http: processing local inference predict model=textembed/all-MiniLM-L6-v2 inputs=1
2026-09-17T01:32:22.698027Z DEBUG panoptikon::inferio::http: processing local inference predict model=textembed/all-MiniLM-L6-v2 inputs=1
2026-09-17T01:32:22.699406Z DEBUG panoptikon::inferio::http: processing local inference predict model=textembed/all-MiniLM-L6-v2 inputs=1
2026-09-17T01:32:22.699450Z DEBUG panoptikon::inferio::http: processing local inference predict model=textembed/all-MiniLM-L6-v2 inputs=1
2026-09-17T01:32:22.696969Z DEBUG panoptikon::inferio::http: processing local inference predict model=textembed/all-MiniLM-L6-v2 inputs=1
2026-09-17T01:32:22.696974Z DEBUG panoptikon::inferio::http: processing local inference predict model=textembed/all-MiniLM-L6-v2 inputs=1
2026-09-17T01:32:22.699578Z DEBUG panoptikon::inferio::http: processing local inference predict model=textembed/all-MiniLM-L6-v2 inputs=1
2026-09-17T01:32:22.699645Z DEBUG panoptikon::inferio::http: processing local inference predict model=textembed/all-MiniLM-L6-v2 inputs=1
2026-09-17T01:32:22.699667Z DEBUG panoptikon::inferio::http: processing local inference predict model=textembed/all-MiniLM-L6-v2 inputs=1
2026-09-17T01:32:22.698397Z DEBUG panoptikon::inferio::http: processing local inference predict model=textembed/all-MiniLM-L6-v2 inputs=1
2026-09-17T01:32:22.698475Z DEBUG panoptikon::inferio::http: processing local inference predict model=textembed/all-MiniLM-L6-v2 inputs=1
2026-09-17T01:32:22.698512Z DEBUG panoptikon::inferio::http: processing local inference predict model=textembed/all-MiniLM-L6-v2 inputs=1
2026-09-17T01:32:22.698635Z DEBUG panoptikon::inferio::http: processing local inference predict model=textembed/all-MiniLM-L6-v2 inputs=1
2026-09-17T01:32:22.697274Z DEBUG panoptikon::inferio::http: processing local inference predict model=textembed/all-MiniLM-L6-v2 inputs=1
2026-09-17T01:32:22.696148Z DEBUG panoptikon::inferio::http: processing local inference predict model=textembed/all-MiniLM-L6-v2 inputs=1
2026-09-17T01:32:22.699942Z DEBUG panoptikon::inferio::http: processing local inference predict model=textembed/all-MiniLM-L6-v2 inputs=1
2026-09-17T01:32:22.698794Z DEBUG panoptikon::inferio::http: processing local inference predict model=textembed/all-MiniLM-L6-v2 inputs=1
2026-09-17T01:32:22.698810Z DEBUG panoptikon::inferio::http: processing local inference predict model=textembed/all-MiniLM-L6-v2 inputs=1
2026-09-17T01:32:22.698940Z DEBUG panoptikon::inferio::http: processing local inference predict model=textembed/all-MiniLM-L6-v2 inputs=1
2026-09-17T01:32:22.698995Z DEBUG panoptikon::inferio::http: processing local inference predict model=textembed/all-MiniLM-L6-v2 inputs=1
2026-09-17T01:32:22.697566Z DEBUG panoptikon::inferio::http: processing local inference predict model=textembed/all-MiniLM-L6-v2 inputs=1
2026-09-17T01:32:22.699030Z DEBUG panoptikon::inferio::http: processing local inference predict model=textembed/all-MiniLM-L6-v2 inputs=1
2026-09-17T01:32:22.697616Z DEBUG panoptikon::inferio::http: processing local inference predict model=textembed/all-MiniLM-L6-v2 inputs=1
2026-09-17T01:32:22.700326Z DEBUG panoptikon::inferio::http: processing local inference predict model=textembed/all-MiniLM-L6-v2 inputs=1
2026-09-17T01:32:22.699104Z DEBUG panoptikon::inferio::http: processing local inference predict model=textembed/all-MiniLM-L6-v2 inputs=1
2026-09-17T01:32:22.700433Z DEBUG panoptikon::inferio::http: processing local inference predict model=textembed/all-MiniLM-L6-v2 inputs=1
2026-09-17T01:32:22.699166Z DEBUG panoptikon::inferio::http: processing local inference predict model=textembed/all-MiniLM-L6-v2 inputs=1
2026-09-17T01:32:22.699203Z DEBUG panoptikon::inferio::http: processing local inference predict model=textembed/all-MiniLM-L6-v2 inputs=1
2026-09-17T01:32:22.699204Z DEBUG panoptikon::inferio::http: processing local inference predict model=textembed/all-MiniLM-L6-v2 inputs=1
2026-09-17T01:32:22.700581Z DEBUG panoptikon::inferio::http: processing local inference predict model=textembed/all-MiniLM-L6-v2 inputs=1
2026-09-17T01:32:22.699287Z DEBUG panoptikon::inferio::http: processing local inference predict model=textembed/all-MiniLM-L6-v2 inputs=1
2026-09-17T01:32:22.700650Z DEBUG panoptikon::inferio::http: processing local inference predict model=textembed/all-MiniLM-L6-v2 inputs=1
2026-09-17T01:32:22.697994Z DEBUG panoptikon::inferio::http: processing local inference predict model=textembed/all-MiniLM-L6-v2 inputs=1
2026-09-17T01:32:22.699380Z DEBUG panoptikon::inferio::http: processing local inference predict model=textembed/all-MiniLM-L6-v2 inputs=1
2026-09-17T01:32:22.699394Z DEBUG panoptikon::inferio::http: processing local inference predict model=textembed/all-MiniLM-L6-v2 inputs=1
2026-09-17T01:32:22.696900Z DEBUG panoptikon::inferio::http: processing local inference predict model=textembed/all-MiniLM-L6-v2 inputs=1
2026-09-17T01:32:22.699421Z DEBUG panoptikon::inferio::http: processing local inference predict model=textembed/all-MiniLM-L6-v2 inputs=1
2026-09-17T01:32:22.700859Z DEBUG panoptikon::inferio::http: processing local inference predict model=textembed/all-MiniLM-L6-v2 inputs=1
2026-09-17T01:32:22.699553Z DEBUG panoptikon::inferio::http: processing local inference predict model=textembed/all-MiniLM-L6-v2 inputs=1
2026-09-17T01:32:22.700917Z DEBUG panoptikon::inferio::http: processing local inference predict model=textembed/all-MiniLM-L6-v2 inputs=1
2026-09-17T01:32:22.693701Z DEBUG panoptikon::inferio::http: processing local inference predict model=textembed/all-MiniLM-L6-v2 inputs=1
2026-09-17T01:32:22.700976Z DEBUG panoptikon::inferio::http: processing local inference predict model=textembed/all-MiniLM-L6-v2 inputs=1
2026-09-17T01:32:22.699708Z DEBUG panoptikon::inferio::http: processing local inference predict model=textembed/all-MiniLM-L6-v2 inputs=1
2026-09-17T01:32:22.699746Z DEBUG panoptikon::inferio::http: processing local inference predict model=textembed/all-MiniLM-L6-v2 inputs=1
2026-09-17T01:32:22.701077Z DEBUG panoptikon::inferio::http: processing local inference predict model=textembed/all-MiniLM-L6-v2 inputs=1
2026-09-17T01:32:22.699828Z DEBUG panoptikon::inferio::http: processing local inference predict model=textembed/all-MiniLM-L6-v2 inputs=1
2026-09-17T01:32:22.699911Z DEBUG panoptikon::inferio::http: processing local inference predict model=textembed/all-MiniLM-L6-v2 inputs=1
2026-09-17T01:32:22.701176Z DEBUG panoptikon::inferio::http: processing local inference predict model=textembed/all-MiniLM-L6-v2 inputs=1
2026-09-17T01:32:22.699967Z DEBUG panoptikon::inferio::http: processing local inference predict model=textembed/all-MiniLM-L6-v2 inputs=1
2026-09-17T01:32:22.700037Z DEBUG panoptikon::inferio::http: processing local inference predict model=textembed/all-MiniLM-L6-v2 inputs=1
2026-09-17T01:32:22.700051Z DEBUG panoptikon::inferio::http: processing local inference predict model=textembed/all-MiniLM-L6-v2 inputs=1
2026-09-17T01:32:22.700053Z DEBUG panoptikon::inferio::http: processing local inference predict model=textembed/all-MiniLM-L6-v2 inputs=1
2026-09-17T01:32:22.701397Z DEBUG panoptikon::inferio::http: processing local inference predict model=textembed/all-MiniLM-L6-v2 inputs=1
2026-09-17T01:32:22.701437Z DEBUG panoptikon::inferio::http: processing local inference predict model=textembed/all-MiniLM-L6-v2 inputs=1
2026-09-17T01:32:22.701475Z DEBUG panoptikon::inferio::http: processing local inference predict model=textembed/all-MiniLM-L6-v2 inputs=1
2026-09-17T01:32:22.701506Z DEBUG panoptikon::inferio::http: processing local inference predict model=textembed/all-MiniLM-L6-v2 inputs=1
2026-09-17T01:32:22.701538Z DEBUG panoptikon::inferio::http: processing local inference predict model=textembed/all-MiniLM-L6-v2 inputs=1
2026-09-17T01:32:22.699140Z DEBUG panoptikon::inferio::http: processing local inference predict model=textembed/all-MiniLM-L6-v2 inputs=1
2026-09-17T01:32:22.700436Z DEBUG panoptikon::inferio::http: processing local inference predict model=textembed/all-MiniLM-L6-v2 inputs=1
2026-09-17T01:32:22.700500Z DEBUG panoptikon::inferio::http: processing local inference predict model=textembed/all-MiniLM-L6-v2 inputs=1
2026-09-17T01:32:22.701685Z DEBUG panoptikon::inferio::http: processing local inference predict model=textembed/all-MiniLM-L6-v2 inputs=1
2026-09-17T01:32:22.700519Z DEBUG panoptikon::inferio::http: processing local inference predict model=textembed/all-MiniLM-L6-v2 inputs=1
2026-09-17T01:32:22.701728Z DEBUG panoptikon::inferio::http: processing local inference predict model=textembed/all-MiniLM-L6-v2 inputs=1
2026-09-17T01:32:22.701762Z DEBUG panoptikon::inferio::http: processing local inference predict model=textembed/all-MiniLM-L6-v2 inputs=1
2026-09-17T01:32:22.699244Z DEBUG panoptikon::inferio::http: processing local inference predict model=textembed/all-MiniLM-L6-v2 inputs=1
2026-09-17T01:32:22.701822Z DEBUG panoptikon::inferio::http: processing local inference predict model=textembed/all-MiniLM-L6-v2 inputs=1
2026-09-17T01:32:22.695532Z DEBUG panoptikon::inferio::http: processing local inference predict model=textembed/all-MiniLM-L6-v2 inputs=1
2026-09-17T01:32:22.700726Z DEBUG panoptikon::inferio::http: processing local inference predict model=textembed/all-MiniLM-L6-v2 inputs=1
2026-09-17T01:32:22.701905Z DEBUG panoptikon::inferio::http: processing local inference predict model=textembed/all-MiniLM-L6-v2 inputs=1
2026-09-17T01:32:22.700843Z DEBUG panoptikon::inferio::http: processing local inference predict model=textembed/all-MiniLM-L6-v2 inputs=1
2026-09-17T01:32:22.698114Z DEBUG panoptikon::inferio::http: processing local inference predict model=textembed/all-MiniLM-L6-v2 inputs=1
2026-09-17T01:32:22.698202Z DEBUG panoptikon::inferio::http: processing local inference predict model=textembed/all-MiniLM-L6-v2 inputs=1
2026-09-17T01:32:22.702052Z DEBUG panoptikon::inferio::http: processing local inference predict model=textembed/all-MiniLM-L6-v2 inputs=1
2026-09-17T01:32:22.700955Z DEBUG panoptikon::inferio::http: processing local inference predict model=textembed/all-MiniLM-L6-v2 inputs=1
2026-09-17T01:32:22.698341Z DEBUG panoptikon::inferio::http: processing local inference predict model=textembed/all-MiniLM-L6-v2 inputs=1
2026-09-17T01:32:22.702144Z DEBUG panoptikon::inferio::http: processing local inference predict model=textembed/all-MiniLM-L6-v2 inputs=1
2026-09-17T01:32:22.701085Z DEBUG panoptikon::inferio::http: processing local inference predict model=textembed/all-MiniLM-L6-v2 inputs=1
2026-09-17T01:32:22.699761Z DEBUG panoptikon::inferio::http: processing local inference predict model=textembed/all-MiniLM-L6-v2 inputs=1
2026-09-17T01:32:22.702263Z DEBUG panoptikon::inferio::http: processing local inference predict model=textembed/all-MiniLM-L6-v2 inputs=1
2026-09-17T01:32:22.698725Z DEBUG panoptikon::inferio::http: processing local inference predict model=textembed/all-MiniLM-L6-v2 inputs=1
2026-09-17T01:32:22.702330Z DEBUG panoptikon::inferio::http: processing local inference predict model=textembed/all-MiniLM-L6-v2 inputs=1
2026-09-17T01:32:22.701223Z DEBUG panoptikon::inferio::http: processing local inference predict model=textembed/all-MiniLM-L6-v2 inputs=1
2026-09-17T01:32:22.701222Z DEBUG panoptikon::inferio::http: processing local inference predict model=textembed/all-MiniLM-L6-v2 inputs=1
2026-09-17T01:32:22.701271Z DEBUG panoptikon::inferio::http: processing local inference predict model=textembed/all-MiniLM-L6-v2 inputs=1
2026-09-17T01:32:22.701320Z DEBUG panoptikon::inferio::http: processing local inference predict model=textembed/all-MiniLM-L6-v2 inputs=1
2026-09-17T01:32:22.700090Z DEBUG panoptikon::inferio::http: processing local inference predict model=textembed/all-MiniLM-L6-v2 inputs=1
2026-09-17T01:32:22.700183Z DEBUG panoptikon::inferio::http: processing local inference predict model=textembed/all-MiniLM-L6-v2 inputs=1
2026-09-17T01:32:22.700190Z DEBUG panoptikon::inferio::http: processing local inference predict model=textembed/all-MiniLM-L6-v2 inputs=1
2026-09-17T01:32:22.700259Z DEBUG panoptikon::inferio::http: processing local inference predict model=textembed/all-MiniLM-L6-v2 inputs=1
2026-09-17T01:32:22.702659Z DEBUG panoptikon::inferio::http: processing local inference predict model=textembed/all-MiniLM-L6-v2 inputs=1
2026-09-17T01:32:22.701547Z DEBUG panoptikon::inferio::http: processing local inference predict model=textembed/all-MiniLM-L6-v2 inputs=1
2026-09-17T01:32:22.701617Z DEBUG panoptikon::inferio::http: processing local inference predict model=textembed/all-MiniLM-L6-v2 inputs=1
2026-09-17T01:32:22.702751Z DEBUG panoptikon::inferio::http: processing local inference predict model=textembed/all-MiniLM-L6-v2 inputs=1
2026-09-17T01:32:22.700527Z DEBUG panoptikon::inferio::http: processing local inference predict model=textembed/all-MiniLM-L6-v2 inputs=1
2026-09-17T01:32:22.700566Z DEBUG panoptikon::inferio::http: processing local inference predict model=textembed/all-MiniLM-L6-v2 inputs=1
2026-09-17T01:32:22.701740Z DEBUG panoptikon::inferio::http: processing local inference predict model=textembed/all-MiniLM-L6-v2 inputs=1
2026-09-17T01:32:22.702913Z DEBUG panoptikon::inferio::http: processing local inference predict model=textembed/all-MiniLM-L6-v2 inputs=1
2026-09-17T01:32:22.702950Z DEBUG panoptikon::inferio::http: processing local inference predict model=textembed/all-MiniLM-L6-v2 inputs=1
2026-09-17T01:32:22.702978Z DEBUG panoptikon::inferio::http: processing local inference predict model=textembed/all-MiniLM-L6-v2 inputs=1
2026-09-17T01:32:22.702994Z DEBUG panoptikon::inferio::http: processing local inference predict model=textembed/all-MiniLM-L6-v2 inputs=1
2026-09-17T01:32:22.703020Z DEBUG panoptikon::inferio::http: processing local inference predict model=textembed/all-MiniLM-L6-v2 inputs=1
2026-09-17T01:32:22.700769Z DEBUG panoptikon::inferio::http: processing local inference predict model=textembed/all-MiniLM-L6-v2 inputs=1
2026-09-17T01:32:22.701999Z DEBUG panoptikon::inferio::http: processing local inference predict model=textembed/all-MiniLM-L6-v2 inputs=1
2026-09-17T01:32:22.702000Z DEBUG panoptikon::inferio::http: processing local inference predict model=textembed/all-MiniLM-L6-v2 inputs=1
2026-09-17T01:32:22.700950Z DEBUG panoptikon::inferio::http: processing local inference predict model=textembed/all-MiniLM-L6-v2 inputs=1
2026-09-17T01:32:22.702055Z DEBUG panoptikon::inferio::http: processing local inference predict model=textembed/all-MiniLM-L6-v2 inputs=1
2026-09-17T01:32:22.702092Z DEBUG panoptikon::inferio::http: processing local inference predict model=textembed/all-MiniLM-L6-v2 inputs=1
2026-09-17T01:32:22.702094Z DEBUG panoptikon::inferio::http: processing local inference predict model=textembed/all-MiniLM-L6-v2 inputs=1
2026-09-17T01:32:22.702145Z DEBUG panoptikon::inferio::http: processing local inference predict model=textembed/all-MiniLM-L6-v2 inputs=1
2026-09-17T01:32:22.700997Z DEBUG panoptikon::inferio::http: processing local inference predict model=textembed/all-MiniLM-L6-v2 inputs=1
2026-09-17T01:32:22.703397Z DEBUG panoptikon::inferio::http: processing local inference predict model=textembed/all-MiniLM-L6-v2 inputs=1
2026-09-17T01:32:22.702241Z DEBUG panoptikon::inferio::http: processing local inference predict model=textembed/all-MiniLM-L6-v2 inputs=1
2026-09-17T01:32:22.701095Z DEBUG panoptikon::inferio::http: processing local inference predict model=textembed/all-MiniLM-L6-v2 inputs=1
2026-09-17T01:32:22.702333Z DEBUG panoptikon::inferio::http: processing local inference predict model=textembed/all-MiniLM-L6-v2 inputs=1
2026-09-17T01:32:22.701197Z DEBUG panoptikon::inferio::http: processing local inference predict model=textembed/all-MiniLM-L6-v2 inputs=1
2026-09-17T01:32:22.702377Z DEBUG panoptikon::inferio::http: processing local inference predict model=textembed/all-MiniLM-L6-v2 inputs=1
2026-09-17T01:32:22.703624Z DEBUG panoptikon::inferio::http: processing local inference predict model=textembed/all-MiniLM-L6-v2 inputs=1
2026-09-17T01:32:22.702435Z DEBUG panoptikon::inferio::http: processing local inference predict model=textembed/all-MiniLM-L6-v2 inputs=1
2026-09-17T01:32:22.702448Z DEBUG panoptikon::inferio::http: processing local inference predict model=textembed/all-MiniLM-L6-v2 inputs=1
2026-09-17T01:32:22.702555Z DEBUG panoptikon::inferio::http: processing local inference predict model=textembed/all-MiniLM-L6-v2 inputs=1
2026-09-17T01:32:22.702592Z DEBUG panoptikon::inferio::http: processing local inference predict model=textembed/all-MiniLM-L6-v2 inputs=1
2026-09-17T01:32:22.702645Z DEBUG panoptikon::inferio::http: processing local inference predict model=textembed/all-MiniLM-L6-v2 inputs=1
2026-09-17T01:32:22.703883Z DEBUG panoptikon::inferio::http: processing local inference predict model=textembed/all-MiniLM-L6-v2 inputs=1
2026-09-17T01:32:22.702700Z DEBUG panoptikon::inferio::http: processing local inference predict model=textembed/all-MiniLM-L6-v2 inputs=1
2026-09-17T01:32:22.703956Z DEBUG panoptikon::inferio::http: processing local inference predict model=textembed/all-MiniLM-L6-v2 inputs=1
2026-09-17T01:32:22.702760Z DEBUG panoptikon::inferio::http: processing local inference predict model=textembed/all-MiniLM-L6-v2 inputs=1
2026-09-17T01:32:22.702771Z DEBUG panoptikon::inferio::http: processing local inference predict model=textembed/all-MiniLM-L6-v2 inputs=1
2026-09-17T01:32:22.701773Z DEBUG panoptikon::inferio::http: processing local inference predict model=textembed/all-MiniLM-L6-v2 inputs=1
2026-09-17T01:32:22.700590Z DEBUG panoptikon::inferio::http: processing local inference predict model=textembed/all-MiniLM-L6-v2 inputs=1
2026-09-17T01:32:22.701846Z DEBUG panoptikon::inferio::http: processing local inference predict model=textembed/all-MiniLM-L6-v2 inputs=1
2026-09-17T01:32:22.703002Z DEBUG panoptikon::inferio::http: processing local inference predict model=textembed/all-MiniLM-L6-v2 inputs=1
2026-09-17T01:32:22.700682Z DEBUG panoptikon::inferio::http: processing local inference predict model=textembed/all-MiniLM-L6-v2 inputs=1
2026-09-17T01:32:22.703007Z DEBUG panoptikon::inferio::http: processing local inference predict model=textembed/all-MiniLM-L6-v2 inputs=1
2026-09-17T01:32:22.701879Z DEBUG panoptikon::inferio::http: processing local inference predict model=textembed/all-MiniLM-L6-v2 inputs=1
2026-09-17T01:32:22.703037Z DEBUG panoptikon::inferio::http: processing local inference predict model=textembed/all-MiniLM-L6-v2 inputs=1
2026-09-17T01:32:22.703099Z DEBUG panoptikon::inferio::http: processing local inference predict model=textembed/all-MiniLM-L6-v2 inputs=1
2026-09-17T01:32:22.703155Z DEBUG panoptikon::inferio::http: processing local inference predict model=textembed/all-MiniLM-L6-v2 inputs=1
2026-09-17T01:32:22.703234Z DEBUG panoptikon::inferio::http: processing local inference predict model=textembed/all-MiniLM-L6-v2 inputs=1
2026-09-17T01:32:22.703267Z DEBUG panoptikon::inferio::http: processing local inference predict model=textembed/all-MiniLM-L6-v2 inputs=1
2026-09-17T01:32:22.704483Z DEBUG panoptikon::inferio::http: processing local inference predict model=textembed/all-MiniLM-L6-v2 inputs=1
2026-09-17T01:32:22.703332Z DEBUG panoptikon::inferio::http: processing local inference predict model=textembed/all-MiniLM-L6-v2 inputs=1
2026-09-17T01:32:22.703347Z DEBUG panoptikon::inferio::http: processing local inference predict model=textembed/all-MiniLM-L6-v2 inputs=1
2026-09-17T01:32:22.702233Z DEBUG panoptikon::inferio::http: processing local inference predict model=textembed/all-MiniLM-L6-v2 inputs=1
2026-09-17T01:32:22.704618Z DEBUG panoptikon::inferio::http: processing local inference predict model=textembed/all-MiniLM-L6-v2 inputs=1
2026-09-17T01:32:22.703489Z DEBUG panoptikon::inferio::http: processing local inference predict model=textembed/all-MiniLM-L6-v2 inputs=1
2026-09-17T01:32:22.703513Z DEBUG panoptikon::inferio::http: processing local inference predict model=textembed/all-MiniLM-L6-v2 inputs=1
2026-09-17T01:32:22.703531Z DEBUG panoptikon::inferio::http: processing local inference predict model=textembed/all-MiniLM-L6-v2 inputs=1
2026-09-17T01:32:22.704773Z DEBUG panoptikon::inferio::http: processing local inference predict model=textembed/all-MiniLM-L6-v2 inputs=1
2026-09-17T01:32:22.702396Z DEBUG panoptikon::inferio::http: processing local inference predict model=textembed/all-MiniLM-L6-v2 inputs=1
2026-09-17T01:32:22.703628Z DEBUG panoptikon::inferio::http: processing local inference predict model=textembed/all-MiniLM-L6-v2 inputs=1
2026-09-17T01:32:22.704945Z DEBUG panoptikon::inferio::http: processing local inference predict model=textembed/all-MiniLM-L6-v2 inputs=1
2026-09-17T01:32:22.703769Z DEBUG panoptikon::inferio::http: processing local inference predict model=textembed/all-MiniLM-L6-v2 inputs=1
2026-09-17T01:32:22.703834Z DEBUG panoptikon::inferio::http: processing local inference predict model=textembed/all-MiniLM-L6-v2 inputs=1
2026-09-17T01:32:22.699072Z DEBUG panoptikon::inferio::http: processing local inference predict model=textembed/all-MiniLM-L6-v2 inputs=1
2026-09-17T01:32:22.703930Z DEBUG panoptikon::inferio::http: processing local inference predict model=textembed/all-MiniLM-L6-v2 inputs=1
2026-09-17T01:32:22.703945Z DEBUG panoptikon::inferio::http: processing local inference predict model=textembed/all-MiniLM-L6-v2 inputs=1
2026-09-17T01:32:22.701674Z DEBUG panoptikon::inferio::http: processing local inference predict model=textembed/all-MiniLM-L6-v2 inputs=1
2026-09-17T01:32:22.705192Z DEBUG panoptikon::inferio::http: processing local inference predict model=textembed/all-MiniLM-L6-v2 inputs=1
2026-09-17T01:32:22.705220Z DEBUG panoptikon::inferio::http: processing local inference predict model=textembed/all-MiniLM-L6-v2 inputs=1
2026-09-17T01:32:22.705260Z DEBUG panoptikon::inferio::http: processing local inference predict model=textembed/all-MiniLM-L6-v2 inputs=1
2026-09-17T01:32:22.704033Z DEBUG panoptikon::inferio::http: processing local inference predict model=textembed/all-MiniLM-L6-v2 inputs=1
2026-09-17T01:32:22.704043Z DEBUG panoptikon::inferio::http: processing local inference predict model=textembed/all-MiniLM-L6-v2 inputs=1
2026-09-17T01:32:22.704103Z DEBUG panoptikon::inferio::http: processing local inference predict model=textembed/all-MiniLM-L6-v2 inputs=1
2026-09-17T01:32:22.704108Z DEBUG panoptikon::inferio::http: processing local inference predict model=textembed/all-MiniLM-L6-v2 inputs=1
2026-09-17T01:32:22.705437Z DEBUG panoptikon::inferio::http: processing local inference predict model=textembed/all-MiniLM-L6-v2 inputs=1
2026-09-17T01:32:22.704194Z DEBUG panoptikon::inferio::http: processing local inference predict model=textembed/all-MiniLM-L6-v2 inputs=1
2026-09-17T01:32:22.704232Z DEBUG panoptikon::inferio::http: processing local inference predict model=textembed/all-MiniLM-L6-v2 inputs=1
2026-09-17T01:32:22.704301Z DEBUG panoptikon::inferio::http: processing local inference predict model=textembed/all-MiniLM-L6-v2 inputs=1
2026-09-17T01:32:22.704303Z DEBUG panoptikon::inferio::http: processing local inference predict model=textembed/all-MiniLM-L6-v2 inputs=1
2026-09-17T01:32:22.705618Z DEBUG panoptikon::inferio::http: processing local inference predict model=textembed/all-MiniLM-L6-v2 inputs=1
2026-09-17T01:32:22.704368Z DEBUG panoptikon::inferio::http: processing local inference predict model=textembed/all-MiniLM-L6-v2 inputs=1
2026-09-17T01:32:22.704376Z DEBUG panoptikon::inferio::http: processing local inference predict model=textembed/all-MiniLM-L6-v2 inputs=1
2026-09-17T01:32:22.705708Z DEBUG panoptikon::inferio::http: processing local inference predict model=textembed/all-MiniLM-L6-v2 inputs=1
2026-09-17T01:32:22.704436Z DEBUG panoptikon::inferio::http: processing local inference predict model=textembed/all-MiniLM-L6-v2 inputs=1
2026-09-17T01:32:22.703295Z DEBUG panoptikon::inferio::http: processing local inference predict model=textembed/all-MiniLM-L6-v2 inputs=1
2026-09-17T01:32:22.705807Z DEBUG panoptikon::inferio::http: processing local inference predict model=textembed/all-MiniLM-L6-v2 inputs=1
2026-09-17T01:32:22.704597Z DEBUG panoptikon::inferio::http: processing local inference predict model=textembed/all-MiniLM-L6-v2 inputs=1
2026-09-17T01:32:22.704602Z DEBUG panoptikon::inferio::http: processing local inference predict model=textembed/all-MiniLM-L6-v2 inputs=1
2026-09-17T01:32:22.705925Z DEBUG panoptikon::inferio::http: processing local inference predict model=textembed/all-MiniLM-L6-v2 inputs=1
2026-09-17T01:32:22.703410Z DEBUG panoptikon::inferio::http: processing local inference predict model=textembed/all-MiniLM-L6-v2 inputs=1
2026-09-17T01:32:22.704696Z DEBUG panoptikon::inferio::http: processing local inference predict model=textembed/all-MiniLM-L6-v2 inputs=1
2026-09-17T01:32:22.706024Z DEBUG panoptikon::inferio::http: processing local inference predict model=textembed/all-MiniLM-L6-v2 inputs=1
2026-09-17T01:32:22.704834Z DEBUG panoptikon::inferio::http: processing local inference predict model=textembed/all-MiniLM-L6-v2 inputs=1
2026-09-17T01:32:22.706082Z DEBUG panoptikon::inferio::http: processing local inference predict model=textembed/all-MiniLM-L6-v2 inputs=1
2026-09-17T01:32:22.704925Z DEBUG panoptikon::inferio::http: processing local inference predict model=textembed/all-MiniLM-L6-v2 inputs=1
2026-09-17T01:32:22.706143Z DEBUG panoptikon::inferio::http: processing local inference predict model=textembed/all-MiniLM-L6-v2 inputs=1
2026-09-17T01:32:22.706197Z DEBUG panoptikon::inferio::http: processing local inference predict model=textembed/all-MiniLM-L6-v2 inputs=1
2026-09-17T01:32:22.705013Z DEBUG panoptikon::inferio::http: processing local inference predict model=textembed/all-MiniLM-L6-v2 inputs=1
2026-09-17T01:32:22.705086Z DEBUG panoptikon::inferio::http: processing local inference predict model=textembed/all-MiniLM-L6-v2 inputs=1
2026-09-17T01:32:22.705100Z DEBUG panoptikon::inferio::http: processing local inference predict model=textembed/all-MiniLM-L6-v2 inputs=1
2026-09-17T01:32:22.706346Z DEBUG panoptikon::inferio::http: processing local inference predict model=textembed/all-MiniLM-L6-v2 inputs=1
2026-09-17T01:32:22.704006Z DEBUG panoptikon::inferio::http: processing local inference predict model=textembed/all-MiniLM-L6-v2 inputs=1
2026-09-17T01:32:22.704025Z DEBUG panoptikon::inferio::http: processing local inference predict model=textembed/all-MiniLM-L6-v2 inputs=1
2026-09-17T01:32:22.705263Z DEBUG panoptikon::inferio::http: processing local inference predict model=textembed/all-MiniLM-L6-v2 inputs=1
2026-09-17T01:32:22.704030Z DEBUG panoptikon::inferio::http: processing local inference predict model=textembed/all-MiniLM-L6-v2 inputs=1
2026-09-17T01:32:22.706544Z DEBUG panoptikon::inferio::http: processing local inference predict model=textembed/all-MiniLM-L6-v2 inputs=1
2026-09-17T01:32:22.705322Z DEBUG panoptikon::inferio::http: processing local inference predict model=textembed/all-MiniLM-L6-v2 inputs=1
2026-09-17T01:32:22.706624Z DEBUG panoptikon::inferio::http: processing local inference predict model=textembed/all-MiniLM-L6-v2 inputs=1
2026-09-17T01:32:22.705417Z DEBUG panoptikon::inferio::http: processing local inference predict model=textembed/all-MiniLM-L6-v2 inputs=1
2026-09-17T01:32:22.704140Z DEBUG panoptikon::inferio::http: processing local inference predict model=textembed/all-MiniLM-L6-v2 inputs=1
2026-09-17T01:32:22.705475Z DEBUG panoptikon::inferio::http: processing local inference predict model=textembed/all-MiniLM-L6-v2 inputs=1
2026-09-17T01:32:22.706766Z DEBUG panoptikon::inferio::http: processing local inference predict model=textembed/all-MiniLM-L6-v2 inputs=1
2026-09-17T01:32:22.705516Z DEBUG panoptikon::inferio::http: processing local inference predict model=textembed/all-MiniLM-L6-v2 inputs=1
2026-09-17T01:32:22.705596Z DEBUG panoptikon::inferio::http: processing local inference predict model=textembed/all-MiniLM-L6-v2 inputs=1
2026-09-17T01:32:22.706858Z DEBUG panoptikon::inferio::http: processing local inference predict model=textembed/all-MiniLM-L6-v2 inputs=1
2026-09-17T01:32:22.706896Z DEBUG panoptikon::inferio::http: processing local inference predict model=textembed/all-MiniLM-L6-v2 inputs=1
2026-09-17T01:32:22.705721Z DEBUG panoptikon::inferio::http: processing local inference predict model=textembed/all-MiniLM-L6-v2 inputs=1
2026-09-17T01:32:22.705758Z DEBUG panoptikon::inferio::http: processing local inference predict model=textembed/all-MiniLM-L6-v2 inputs=1
2026-09-17T01:32:22.705757Z DEBUG panoptikon::inferio::http: processing local inference predict model=textembed/all-MiniLM-L6-v2 inputs=1
2026-09-17T01:32:22.705785Z DEBUG panoptikon::inferio::http: processing local inference predict model=textembed/all-MiniLM-L6-v2 inputs=1
2026-09-17T01:32:22.704557Z DEBUG panoptikon::inferio::http: processing local inference predict model=textembed/all-MiniLM-L6-v2 inputs=1
2026-09-17T01:32:22.707092Z DEBUG panoptikon::inferio::http: processing local inference predict model=textembed/all-MiniLM-L6-v2 inputs=1
2026-09-17T01:32:22.705905Z DEBUG panoptikon::inferio::http: processing local inference predict model=textembed/all-MiniLM-L6-v2 inputs=1
2026-09-17T01:32:22.707159Z DEBUG panoptikon::inferio::http: processing local inference predict model=textembed/all-MiniLM-L6-v2 inputs=1
2026-09-17T01:32:22.705947Z DEBUG panoptikon::inferio::http: processing local inference predict model=textembed/all-MiniLM-L6-v2 inputs=1
2026-09-17T01:32:22.707224Z DEBUG panoptikon::inferio::http: processing local inference predict model=textembed/all-MiniLM-L6-v2 inputs=1
2026-09-17T01:32:22.706029Z DEBUG panoptikon::inferio::http: processing local inference predict model=textembed/all-MiniLM-L6-v2 inputs=1
2026-09-17T01:32:22.703574Z DEBUG panoptikon::inferio::http: processing local inference predict model=textembed/all-MiniLM-L6-v2 inputs=1
2026-09-17T01:32:22.707333Z DEBUG panoptikon::inferio::http: processing local inference predict model=textembed/all-MiniLM-L6-v2 inputs=1
2026-09-17T01:32:22.707443Z DEBUG panoptikon::inferio::http: processing local inference predict model=textembed/all-MiniLM-L6-v2 inputs=1
2026-09-17T01:32:22.703685Z DEBUG panoptikon::inferio::http: processing local inference predict model=textembed/all-MiniLM-L6-v2 inputs=1
2026-09-17T01:32:22.705013Z DEBUG panoptikon::inferio::http: processing local inference predict model=textembed/all-MiniLM-L6-v2 inputs=1
2026-09-17T01:32:22.707577Z DEBUG panoptikon::inferio::http: processing local inference predict model=textembed/all-MiniLM-L6-v2 inputs=1
2026-09-17T01:32:22.706294Z DEBUG panoptikon::inferio::http: processing local inference predict model=textembed/all-MiniLM-L6-v2 inputs=1
2026-09-17T01:32:22.707651Z DEBUG panoptikon::inferio::http: processing local inference predict model=textembed/all-MiniLM-L6-v2 inputs=1
2026-09-17T01:32:22.706392Z DEBUG panoptikon::inferio::http: processing local inference predict model=textembed/all-MiniLM-L6-v2 inputs=1
2026-09-17T01:32:22.707709Z DEBUG panoptikon::inferio::http: processing local inference predict model=textembed/all-MiniLM-L6-v2 inputs=1
2026-09-17T01:32:22.706431Z DEBUG panoptikon::inferio::http: processing local inference predict model=textembed/all-MiniLM-L6-v2 inputs=1
2026-09-17T01:32:22.706518Z DEBUG panoptikon::inferio::http: processing local inference predict model=textembed/all-MiniLM-L6-v2 inputs=1
2026-09-17T01:32:22.705314Z DEBUG panoptikon::inferio::http: processing local inference predict model=textembed/all-MiniLM-L6-v2 inputs=1
2026-09-17T01:32:22.706607Z DEBUG panoptikon::inferio::http: processing local inference predict model=textembed/all-MiniLM-L6-v2 inputs=1
2026-09-17T01:32:22.707911Z DEBUG panoptikon::inferio::http: processing local inference predict model=textembed/all-MiniLM-L6-v2 inputs=1
2026-09-17T01:32:22.707943Z DEBUG panoptikon::inferio::http: processing local inference predict model=textembed/all-MiniLM-L6-v2 inputs=1
2026-09-17T01:32:22.706742Z DEBUG panoptikon::inferio::http: processing local inference predict model=textembed/all-MiniLM-L6-v2 inputs=1
2026-09-17T01:32:22.708007Z DEBUG panoptikon::inferio::http: processing local inference predict model=textembed/all-MiniLM-L6-v2 inputs=1
2026-09-17T01:32:22.706773Z DEBUG panoptikon::inferio::http: processing local inference predict model=textembed/all-MiniLM-L6-v2 inputs=1
2026-09-17T01:32:22.706838Z DEBUG panoptikon::inferio::http: processing local inference predict model=textembed/all-MiniLM-L6-v2 inputs=1
2026-09-17T01:32:22.708112Z DEBUG panoptikon::inferio::http: processing local inference predict model=textembed/all-MiniLM-L6-v2 inputs=1
2026-09-17T01:32:22.704325Z DEBUG panoptikon::inferio::http: processing local inference predict model=textembed/all-MiniLM-L6-v2 inputs=1
2026-09-17T01:32:22.704390Z DEBUG panoptikon::inferio::http: processing local inference predict model=textembed/all-MiniLM-L6-v2 inputs=1
2026-09-17T01:32:22.706944Z DEBUG panoptikon::inferio::http: processing local inference predict model=textembed/all-MiniLM-L6-v2 inputs=1
2026-09-17T01:32:22.708341Z DEBUG panoptikon::inferio::http: processing local inference predict model=textembed/all-MiniLM-L6-v2 inputs=1
2026-09-17T01:32:22.706978Z DEBUG panoptikon::inferio::http: processing local inference predict model=textembed/all-MiniLM-L6-v2 inputs=1
2026-09-17T01:32:22.707004Z DEBUG panoptikon::inferio::http: processing local inference predict model=textembed/all-MiniLM-L6-v2 inputs=1
2026-09-17T01:32:22.708462Z DEBUG panoptikon::inferio::http: processing local inference predict model=textembed/all-MiniLM-L6-v2 inputs=1
2026-09-17T01:32:22.705832Z DEBUG panoptikon::inferio::http: processing local inference predict model=textembed/all-MiniLM-L6-v2 inputs=1
2026-09-17T01:32:22.707139Z DEBUG panoptikon::inferio::http: processing local inference predict model=textembed/all-MiniLM-L6-v2 inputs=1
2026-09-17T01:32:22.704624Z DEBUG panoptikon::inferio::http: processing local inference predict model=textembed/all-MiniLM-L6-v2 inputs=1
2026-09-17T01:32:22.705971Z DEBUG panoptikon::inferio::http: processing local inference predict model=textembed/all-MiniLM-L6-v2 inputs=1
2026-09-17T01:32:22.708652Z DEBUG panoptikon::inferio::http: processing local inference predict model=textembed/all-MiniLM-L6-v2 inputs=1
2026-09-17T01:32:22.707338Z DEBUG panoptikon::inferio::http: processing local inference predict model=textembed/all-MiniLM-L6-v2 inputs=1
2026-09-17T01:32:22.707337Z DEBUG panoptikon::inferio::http: processing local inference predict model=textembed/all-MiniLM-L6-v2 inputs=1
2026-09-17T01:32:22.704896Z DEBUG panoptikon::inferio::http: processing local inference predict model=textembed/all-MiniLM-L6-v2 inputs=1
2026-09-17T01:32:22.708791Z DEBUG panoptikon::inferio::http: processing local inference predict model=textembed/all-MiniLM-L6-v2 inputs=1
2026-09-17T01:32:22.706106Z DEBUG panoptikon::inferio::http: processing local inference predict model=textembed/all-MiniLM-L6-v2 inputs=1
2026-09-17T01:32:22.707518Z DEBUG panoptikon::inferio::http: processing local inference predict model=textembed/all-MiniLM-L6-v2 inputs=1
2026-09-17T01:32:22.707576Z DEBUG panoptikon::inferio::http: processing local inference predict model=textembed/all-MiniLM-L6-v2 inputs=1
2026-09-17T01:32:22.708940Z DEBUG panoptikon::inferio::http: processing local inference predict model=textembed/all-MiniLM-L6-v2 inputs=1
2026-09-17T01:32:22.707638Z DEBUG panoptikon::inferio::http: processing local inference predict model=textembed/all-MiniLM-L6-v2 inputs=1
2026-09-17T01:32:22.709020Z DEBUG panoptikon::inferio::http: processing local inference predict model=textembed/all-MiniLM-L6-v2 inputs=1
2026-09-17T01:32:22.706398Z DEBUG panoptikon::inferio::http: processing local inference predict model=textembed/all-MiniLM-L6-v2 inputs=1
2026-09-17T01:32:22.707714Z DEBUG panoptikon::inferio::http: processing local inference predict model=textembed/all-MiniLM-L6-v2 inputs=1
2026-09-17T01:32:22.707740Z DEBUG panoptikon::inferio::http: processing local inference predict model=textembed/all-MiniLM-L6-v2 inputs=1
2026-09-17T01:32:22.707762Z DEBUG panoptikon::inferio::http: processing local inference predict model=textembed/all-MiniLM-L6-v2 inputs=1
2026-09-17T01:32:22.707771Z DEBUG panoptikon::inferio::http: processing local inference predict model=textembed/all-MiniLM-L6-v2 inputs=1
2026-09-17T01:32:22.707852Z DEBUG panoptikon::inferio::http: processing local inference predict model=textembed/all-MiniLM-L6-v2 inputs=1
2026-09-17T01:32:22.705371Z DEBUG panoptikon::inferio::http: processing local inference predict model=textembed/all-MiniLM-L6-v2 inputs=1
2026-09-17T01:32:22.706708Z DEBUG panoptikon::inferio::http: processing local inference predict model=textembed/all-MiniLM-L6-v2 inputs=1
2026-09-17T01:32:22.707961Z DEBUG panoptikon::inferio::http: processing local inference predict model=textembed/all-MiniLM-L6-v2 inputs=1
2026-09-17T01:32:22.709461Z DEBUG panoptikon::inferio::http: processing local inference predict model=textembed/all-MiniLM-L6-v2 inputs=1
2026-09-17T01:32:22.708031Z DEBUG panoptikon::inferio::http: processing local inference predict model=textembed/all-MiniLM-L6-v2 inputs=1
2026-09-17T01:32:22.708069Z DEBUG panoptikon::inferio::http: processing local inference predict model=textembed/all-MiniLM-L6-v2 inputs=1
2026-09-17T01:32:22.708118Z DEBUG panoptikon::inferio::http: processing local inference predict model=textembed/all-MiniLM-L6-v2 inputs=1
2026-09-17T01:32:22.706843Z DEBUG panoptikon::inferio::http: processing local inference predict model=textembed/all-MiniLM-L6-v2 inputs=1
2026-09-17T01:32:22.709664Z DEBUG panoptikon::inferio::http: processing local inference predict model=textembed/all-MiniLM-L6-v2 inputs=1
2026-09-17T01:32:22.708268Z DEBUG panoptikon::inferio::http: processing local inference predict model=textembed/all-MiniLM-L6-v2 inputs=1
2026-09-17T01:32:22.706974Z DEBUG panoptikon::inferio::http: processing local inference predict model=textembed/all-MiniLM-L6-v2 inputs=1
2026-09-17T01:32:22.709775Z DEBUG panoptikon::inferio::http: processing local inference predict model=textembed/all-MiniLM-L6-v2 inputs=1
2026-09-17T01:32:22.708407Z DEBUG panoptikon::inferio::http: processing local inference predict model=textembed/all-MiniLM-L6-v2 inputs=1
2026-09-17T01:32:22.707055Z DEBUG panoptikon::inferio::http: processing local inference predict model=textembed/all-MiniLM-L6-v2 inputs=1
2026-09-17T01:32:22.708485Z DEBUG panoptikon::inferio::http: processing local inference predict model=textembed/all-MiniLM-L6-v2 inputs=1
2026-09-17T01:32:22.708513Z DEBUG panoptikon::inferio::http: processing local inference predict model=textembed/all-MiniLM-L6-v2 inputs=1
2026-09-17T01:32:22.708560Z DEBUG panoptikon::inferio::http: processing local inference predict model=textembed/all-MiniLM-L6-v2 inputs=1
2026-09-17T01:32:22.710012Z DEBUG panoptikon::inferio::http: processing local inference predict model=textembed/all-MiniLM-L6-v2 inputs=1
2026-09-17T01:32:22.707239Z DEBUG panoptikon::inferio::http: processing local inference predict model=textembed/all-MiniLM-L6-v2 inputs=1
2026-09-17T01:32:22.710078Z DEBUG panoptikon::inferio::http: processing local inference predict model=textembed/all-MiniLM-L6-v2 inputs=1
2026-09-17T01:32:22.708739Z DEBUG panoptikon::inferio::http: processing local inference predict model=textembed/all-MiniLM-L6-v2 inputs=1
2026-09-17T01:32:22.710154Z DEBUG panoptikon::inferio::http: processing local inference predict model=textembed/all-MiniLM-L6-v2 inputs=1
2026-09-17T01:32:22.710176Z DEBUG panoptikon::inferio::http: processing local inference predict model=textembed/all-MiniLM-L6-v2 inputs=1
2026-09-17T01:32:22.708848Z DEBUG panoptikon::inferio::http: processing local inference predict model=textembed/all-MiniLM-L6-v2 inputs=1
2026-09-17T01:32:22.706264Z DEBUG panoptikon::inferio::http: processing local inference predict model=textembed/all-MiniLM-L6-v2 inputs=1
2026-09-17T01:32:22.710292Z DEBUG panoptikon::inferio::http: processing local inference predict model=textembed/all-MiniLM-L6-v2 inputs=1
2026-09-17T01:32:22.705128Z DEBUG panoptikon::inferio::http: processing local inference predict model=textembed/all-MiniLM-L6-v2 inputs=1
2026-09-17T01:32:22.710368Z DEBUG panoptikon::inferio::http: processing local inference predict model=textembed/all-MiniLM-L6-v2 inputs=1
2026-09-17T01:32:22.709041Z DEBUG panoptikon::inferio::http: processing local inference predict model=textembed/all-MiniLM-L6-v2 inputs=1
2026-09-17T01:32:22.709062Z DEBUG panoptikon::inferio::http: processing local inference predict model=textembed/all-MiniLM-L6-v2 inputs=1
2026-09-17T01:32:22.709066Z DEBUG panoptikon::inferio::http: processing local inference predict model=textembed/all-MiniLM-L6-v2 inputs=1
2026-09-17T01:32:22.709102Z DEBUG panoptikon::inferio::http: processing local inference predict model=textembed/all-MiniLM-L6-v2 inputs=1
2026-09-17T01:32:22.709150Z DEBUG panoptikon::inferio::http: processing local inference predict model=textembed/all-MiniLM-L6-v2 inputs=1
2026-09-17T01:32:22.709182Z DEBUG panoptikon::inferio::http: processing local inference predict model=textembed/all-MiniLM-L6-v2 inputs=1
2026-09-17T01:32:22.709241Z DEBUG panoptikon::inferio::http: processing local inference predict model=textembed/all-MiniLM-L6-v2 inputs=1
2026-09-17T01:32:22.709325Z DEBUG panoptikon::inferio::http: processing local inference predict model=textembed/all-MiniLM-L6-v2 inputs=1
2026-09-17T01:32:22.709350Z DEBUG panoptikon::inferio::http: processing local inference predict model=textembed/all-MiniLM-L6-v2 inputs=1
2026-09-17T01:32:22.710793Z DEBUG panoptikon::inferio::http: processing local inference predict model=textembed/all-MiniLM-L6-v2 inputs=1
2026-09-17T01:32:22.710827Z DEBUG panoptikon::inferio::http: processing local inference predict model=textembed/all-MiniLM-L6-v2 inputs=1
2026-09-17T01:32:22.709537Z DEBUG panoptikon::inferio::http: processing local inference predict model=textembed/all-MiniLM-L6-v2 inputs=1
2026-09-17T01:32:22.710892Z DEBUG panoptikon::inferio::http: processing local inference predict model=textembed/all-MiniLM-L6-v2 inputs=1
2026-09-17T01:32:22.709612Z DEBUG panoptikon::inferio::http: processing local inference predict model=textembed/all-MiniLM-L6-v2 inputs=1
2026-09-17T01:32:22.709651Z DEBUG panoptikon::inferio::http: processing local inference predict model=textembed/all-MiniLM-L6-v2 inputs=1
2026-09-17T01:32:22.708187Z DEBUG panoptikon::inferio::http: processing local inference predict model=textembed/all-MiniLM-L6-v2 inputs=1
2026-09-17T01:32:22.711036Z DEBUG panoptikon::inferio::http: processing local inference predict model=textembed/all-MiniLM-L6-v2 inputs=1
2026-09-17T01:32:22.708386Z DEBUG panoptikon::inferio::http: processing local inference predict model=textembed/all-MiniLM-L6-v2 inputs=1
2026-09-17T01:32:22.711094Z DEBUG panoptikon::inferio::http: processing local inference predict model=textembed/all-MiniLM-L6-v2 inputs=1
2026-09-17T01:32:22.709876Z DEBUG panoptikon::inferio::http: processing local inference predict model=textembed/all-MiniLM-L6-v2 inputs=1
2026-09-17T01:32:22.709895Z DEBUG panoptikon::inferio::http: processing local inference predict model=textembed/all-MiniLM-L6-v2 inputs=1
2026-09-17T01:32:22.709935Z DEBUG panoptikon::inferio::http: processing local inference predict model=textembed/all-MiniLM-L6-v2 inputs=1
2026-09-17T01:32:22.708598Z DEBUG panoptikon::inferio::http: processing local inference predict model=textembed/all-MiniLM-L6-v2 inputs=1
2026-09-17T01:32:22.710054Z DEBUG panoptikon::inferio::http: processing local inference predict model=textembed/all-MiniLM-L6-v2 inputs=1
2026-09-17T01:32:22.710056Z DEBUG panoptikon::inferio::http: processing local inference predict model=textembed/all-MiniLM-L6-v2 inputs=1
2026-09-17T01:32:22.711359Z DEBUG panoptikon::inferio::http: processing local inference predict model=textembed/all-MiniLM-L6-v2 inputs=1
2026-09-17T01:32:22.710098Z DEBUG panoptikon::inferio::http: processing local inference predict model=textembed/all-MiniLM-L6-v2 inputs=1
2026-09-17T01:32:22.708743Z DEBUG panoptikon::inferio::http: processing local inference predict model=textembed/all-MiniLM-L6-v2 inputs=1
2026-09-17T01:32:22.707423Z DEBUG panoptikon::inferio::http: processing local inference predict model=textembed/all-MiniLM-L6-v2 inputs=1
2026-09-17T01:32:22.710224Z DEBUG panoptikon::inferio::http: processing local inference predict model=textembed/all-MiniLM-L6-v2 inputs=1
2026-09-17T01:32:22.711540Z DEBUG panoptikon::inferio::http: processing local inference predict model=textembed/all-MiniLM-L6-v2 inputs=1
2026-09-17T01:32:22.711575Z DEBUG panoptikon::inferio::http: processing local inference predict model=textembed/all-MiniLM-L6-v2 inputs=1
2026-09-17T01:32:22.711606Z DEBUG panoptikon::inferio::http: processing local inference predict model=textembed/all-MiniLM-L6-v2 inputs=1
2026-09-17T01:32:22.711632Z DEBUG panoptikon::inferio::http: processing local inference predict model=textembed/all-MiniLM-L6-v2 inputs=1
2026-09-17T01:32:22.711648Z DEBUG panoptikon::inferio::http: processing local inference predict model=textembed/all-MiniLM-L6-v2 inputs=1
2026-09-17T01:32:22.710451Z DEBUG panoptikon::inferio::http: processing local inference predict model=textembed/all-MiniLM-L6-v2 inputs=1
2026-09-17T01:32:22.710489Z DEBUG panoptikon::inferio::http: processing local inference predict model=textembed/all-MiniLM-L6-v2 inputs=1
2026-09-17T01:32:22.710537Z DEBUG panoptikon::inferio::http: processing local inference predict model=textembed/all-MiniLM-L6-v2 inputs=1
2026-09-17T01:32:22.710561Z DEBUG panoptikon::inferio::http: processing local inference predict model=textembed/all-MiniLM-L6-v2 inputs=1
2026-09-17T01:32:22.711858Z DEBUG panoptikon::inferio::http: processing local inference predict model=textembed/all-MiniLM-L6-v2 inputs=1
2026-09-17T01:32:22.710705Z DEBUG panoptikon::inferio::http: processing local inference predict model=textembed/all-MiniLM-L6-v2 inputs=1
2026-09-17T01:32:22.710732Z DEBUG panoptikon::inferio::http: processing local inference predict model=textembed/all-MiniLM-L6-v2 inputs=1
2026-09-17T01:32:22.705502Z DEBUG panoptikon::inferio::http: processing local inference predict model=textembed/all-MiniLM-L6-v2 inputs=1
2026-09-17T01:32:22.712009Z DEBUG panoptikon::inferio::http: processing local inference predict model=textembed/all-MiniLM-L6-v2 inputs=1
2026-09-17T01:32:22.712033Z DEBUG panoptikon::inferio::http: processing local inference predict model=textembed/all-MiniLM-L6-v2 inputs=1
2026-09-17T01:32:22.710879Z DEBUG panoptikon::inferio::http: processing local inference predict model=textembed/all-MiniLM-L6-v2 inputs=1
2026-09-17T01:32:22.709572Z DEBUG panoptikon::inferio::http: processing local inference predict model=textembed/all-MiniLM-L6-v2 inputs=1
2026-09-17T01:32:22.712154Z DEBUG panoptikon::inferio::http: processing local inference predict model=textembed/all-MiniLM-L6-v2 inputs=1
2026-09-17T01:32:22.710950Z DEBUG panoptikon::inferio::http: processing local inference predict model=textembed/all-MiniLM-L6-v2 inputs=1
2026-09-17T01:32:22.712219Z DEBUG panoptikon::inferio::http: processing local inference predict model=textembed/all-MiniLM-L6-v2 inputs=1
2026-09-17T01:32:22.710967Z DEBUG panoptikon::inferio::http: processing local inference predict model=textembed/all-MiniLM-L6-v2 inputs=1
2026-09-17T01:32:22.712259Z DEBUG panoptikon::inferio::http: processing local inference predict model=textembed/all-MiniLM-L6-v2 inputs=1
2026-09-17T01:32:22.709749Z DEBUG panoptikon::inferio::http: processing local inference predict model=textembed/all-MiniLM-L6-v2 inputs=1
2026-09-17T01:32:22.711099Z DEBUG panoptikon::inferio::http: processing local inference predict model=textembed/all-MiniLM-L6-v2 inputs=1
2026-09-17T01:32:22.709824Z DEBUG panoptikon::inferio::http: processing local inference predict model=textembed/all-MiniLM-L6-v2 inputs=1
2026-09-17T01:32:22.711117Z DEBUG panoptikon::inferio::http: processing local inference predict model=textembed/all-MiniLM-L6-v2 inputs=1
2026-09-17T01:32:22.711179Z DEBUG panoptikon::inferio::http: processing local inference predict model=textembed/all-MiniLM-L6-v2 inputs=1
2026-09-17T01:32:22.712484Z DEBUG panoptikon::inferio::http: processing local inference predict model=textembed/all-MiniLM-L6-v2 inputs=1
2026-09-17T01:32:22.711251Z DEBUG panoptikon::inferio::http: processing local inference predict model=textembed/all-MiniLM-L6-v2 inputs=1
2026-09-17T01:32:22.712544Z DEBUG panoptikon::inferio::http: processing local inference predict model=textembed/all-MiniLM-L6-v2 inputs=1
2026-09-17T01:32:22.711365Z DEBUG panoptikon::inferio::http: processing local inference predict model=textembed/all-MiniLM-L6-v2 inputs=1
2026-09-17T01:32:22.712620Z DEBUG panoptikon::inferio::http: processing local inference predict model=textembed/all-MiniLM-L6-v2 inputs=1
2026-09-17T01:32:22.712661Z DEBUG panoptikon::inferio::http: processing local inference predict model=textembed/all-MiniLM-L6-v2 inputs=1
2026-09-17T01:32:22.711442Z DEBUG panoptikon::inferio::http: processing local inference predict model=textembed/all-MiniLM-L6-v2 inputs=1
2026-09-17T01:32:22.711450Z DEBUG panoptikon::inferio::http: processing local inference predict model=textembed/all-MiniLM-L6-v2 inputs=1
2026-09-17T01:32:22.710232Z DEBUG panoptikon::inferio::http: processing local inference predict model=textembed/all-MiniLM-L6-v2 inputs=1
2026-09-17T01:32:22.710263Z DEBUG panoptikon::inferio::http: processing local inference predict model=textembed/all-MiniLM-L6-v2 inputs=1
2026-09-17T01:32:22.709020Z DEBUG panoptikon::inferio::http: processing local inference predict model=textembed/all-MiniLM-L6-v2 inputs=1
2026-09-17T01:32:22.709033Z DEBUG panoptikon::inferio::http: processing local inference predict model=textembed/all-MiniLM-L6-v2 inputs=1
2026-09-17T01:32:22.710379Z DEBUG panoptikon::inferio::http: processing local inference predict model=textembed/all-MiniLM-L6-v2 inputs=1
2026-09-17T01:32:22.711693Z DEBUG panoptikon::inferio::http: processing local inference predict model=textembed/all-MiniLM-L6-v2 inputs=1
2026-09-17T01:32:22.713076Z DEBUG panoptikon::inferio::http: processing local inference predict model=textembed/all-MiniLM-L6-v2 inputs=1
2026-09-17T01:32:22.713098Z DEBUG panoptikon::inferio::http: processing local inference predict model=textembed/all-MiniLM-L6-v2 inputs=1
2026-09-17T01:32:22.713142Z DEBUG panoptikon::inferio::http: processing local inference predict model=textembed/all-MiniLM-L6-v2 inputs=1
2026-09-17T01:32:22.713174Z DEBUG panoptikon::inferio::http: processing local inference predict model=textembed/all-MiniLM-L6-v2 inputs=1
2026-09-17T01:32:22.713214Z DEBUG panoptikon::inferio::http: processing local inference predict model=textembed/all-MiniLM-L6-v2 inputs=1
2026-09-17T01:32:22.712014Z DEBUG panoptikon::inferio::http: processing local inference predict model=textembed/all-MiniLM-L6-v2 inputs=1
2026-09-17T01:32:22.713295Z DEBUG panoptikon::inferio::http: processing local inference predict model=textembed/all-MiniLM-L6-v2 inputs=1
2026-09-17T01:32:22.712039Z DEBUG panoptikon::inferio::http: processing local inference predict model=textembed/all-MiniLM-L6-v2 inputs=1
2026-09-17T01:32:22.713378Z DEBUG panoptikon::inferio::http: processing local inference predict model=textembed/all-MiniLM-L6-v2 inputs=1
2026-09-17T01:32:22.713415Z DEBUG panoptikon::inferio::http: processing local inference predict model=textembed/all-MiniLM-L6-v2 inputs=1
2026-09-17T01:32:22.712135Z DEBUG panoptikon::inferio::http: processing local inference predict model=textembed/all-MiniLM-L6-v2 inputs=1
2026-09-17T01:32:22.713488Z DEBUG panoptikon::inferio::http: processing local inference predict model=textembed/all-MiniLM-L6-v2 inputs=1
2026-09-17T01:32:22.712235Z DEBUG panoptikon::inferio::http: processing local inference predict model=textembed/all-MiniLM-L6-v2 inputs=1
2026-09-17T01:32:22.710994Z DEBUG panoptikon::inferio::http: processing local inference predict model=textembed/all-MiniLM-L6-v2 inputs=1
2026-09-17T01:32:22.712298Z DEBUG panoptikon::inferio::http: processing local inference predict model=textembed/all-MiniLM-L6-v2 inputs=1
2026-09-17T01:32:22.712311Z DEBUG panoptikon::inferio::http: processing local inference predict model=textembed/all-MiniLM-L6-v2 inputs=1
2026-09-17T01:32:22.713662Z DEBUG panoptikon::inferio::http: processing local inference predict model=textembed/all-MiniLM-L6-v2 inputs=1
2026-09-17T01:32:22.713721Z DEBUG panoptikon::inferio::http: processing local inference predict model=textembed/all-MiniLM-L6-v2 inputs=1
2026-09-17T01:32:22.712393Z DEBUG panoptikon::inferio::http: processing local inference predict model=textembed/all-MiniLM-L6-v2 inputs=1
2026-09-17T01:32:22.712425Z DEBUG panoptikon::inferio::http: processing local inference predict model=textembed/all-MiniLM-L6-v2 inputs=1
2026-09-17T01:32:22.711214Z DEBUG panoptikon::inferio::http: processing local inference predict model=textembed/all-MiniLM-L6-v2 inputs=1
2026-09-17T01:32:22.712511Z DEBUG panoptikon::inferio::http: processing local inference predict model=textembed/all-MiniLM-L6-v2 inputs=1
2026-09-17T01:32:22.711306Z DEBUG panoptikon::inferio::http: processing local inference predict model=textembed/all-MiniLM-L6-v2 inputs=1
2026-09-17T01:32:22.713980Z DEBUG panoptikon::inferio::http: processing local inference predict model=textembed/all-MiniLM-L6-v2 inputs=1
2026-09-17T01:32:22.712586Z DEBUG panoptikon::inferio::http: processing local inference predict model=textembed/all-MiniLM-L6-v2 inputs=1
2026-09-17T01:32:22.708717Z DEBUG panoptikon::inferio::http: processing local inference predict model=textembed/all-MiniLM-L6-v2 inputs=1
2026-09-17T01:32:22.711418Z DEBUG panoptikon::inferio::http: processing local inference predict model=textembed/all-MiniLM-L6-v2 inputs=1
2026-09-17T01:32:22.714138Z DEBUG panoptikon::inferio::http: processing local inference predict model=textembed/all-MiniLM-L6-v2 inputs=1
2026-09-17T01:32:22.714178Z DEBUG panoptikon::inferio::http: processing local inference predict model=textembed/all-MiniLM-L6-v2 inputs=1
2026-09-17T01:32:22.712795Z DEBUG panoptikon::inferio::http: processing local inference predict model=textembed/all-MiniLM-L6-v2 inputs=1
2026-09-17T01:32:22.712832Z DEBUG panoptikon::inferio::http: processing local inference predict model=textembed/all-MiniLM-L6-v2 inputs=1
2026-09-17T01:32:22.712904Z DEBUG panoptikon::inferio::http: processing local inference predict model=textembed/all-MiniLM-L6-v2 inputs=1
2026-09-17T01:32:22.714336Z DEBUG panoptikon::inferio::http: processing local inference predict model=textembed/all-MiniLM-L6-v2 inputs=1
2026-09-17T01:32:22.713055Z DEBUG panoptikon::inferio::http: processing local inference predict model=textembed/all-MiniLM-L6-v2 inputs=1
2026-09-17T01:32:22.714402Z DEBUG panoptikon::inferio::http: processing local inference predict model=textembed/all-MiniLM-L6-v2 inputs=1
2026-09-17T01:32:22.714428Z DEBUG panoptikon::inferio::http: processing local inference predict model=textembed/all-MiniLM-L6-v2 inputs=1
2026-09-17T01:32:22.713098Z DEBUG panoptikon::inferio::http: processing local inference predict model=textembed/all-MiniLM-L6-v2 inputs=1
2026-09-17T01:32:22.714512Z DEBUG panoptikon::inferio::http: processing local inference predict model=textembed/all-MiniLM-L6-v2 inputs=1
2026-09-17T01:32:22.714544Z DEBUG panoptikon::inferio::http: processing local inference predict model=textembed/all-MiniLM-L6-v2 inputs=1
2026-09-17T01:32:22.714583Z DEBUG panoptikon::inferio::http: processing local inference predict model=textembed/all-MiniLM-L6-v2 inputs=1
2026-09-17T01:32:22.711881Z DEBUG panoptikon::inferio::http: processing local inference predict model=textembed/all-MiniLM-L6-v2 inputs=1
2026-09-17T01:32:22.713209Z DEBUG panoptikon::inferio::http: processing local inference predict model=textembed/all-MiniLM-L6-v2 inputs=1
2026-09-17T01:32:22.711954Z DEBUG panoptikon::inferio::http: processing local inference predict model=textembed/all-MiniLM-L6-v2 inputs=1
2026-09-17T01:32:22.713299Z DEBUG panoptikon::inferio::http: processing local inference predict model=textembed/all-MiniLM-L6-v2 inputs=1
2026-09-17T01:32:22.714769Z DEBUG panoptikon::inferio::http: processing local inference predict model=textembed/all-MiniLM-L6-v2 inputs=1
2026-09-17T01:32:22.709533Z DEBUG panoptikon::inferio::http: processing local inference predict model=textembed/all-MiniLM-L6-v2 inputs=1
2026-09-17T01:32:22.710866Z DEBUG panoptikon::inferio::http: processing local inference predict model=textembed/all-MiniLM-L6-v2 inputs=1
2026-09-17T01:32:22.712090Z DEBUG panoptikon::inferio::http: processing local inference predict model=textembed/all-MiniLM-L6-v2 inputs=1
2026-09-17T01:32:22.713464Z DEBUG panoptikon::inferio::http: processing local inference predict model=textembed/all-MiniLM-L6-v2 inputs=1
2026-09-17T01:32:22.714992Z DEBUG panoptikon::inferio::http: processing local inference predict model=textembed/all-MiniLM-L6-v2 inputs=1
2026-09-17T01:32:22.715029Z DEBUG panoptikon::inferio::http: processing local inference predict model=textembed/all-MiniLM-L6-v2 inputs=1
2026-09-17T01:32:22.713567Z DEBUG panoptikon::inferio::http: processing local inference predict model=textembed/all-MiniLM-L6-v2 inputs=1
2026-09-17T01:32:22.715126Z DEBUG panoptikon::inferio::http: processing local inference predict model=textembed/all-MiniLM-L6-v2 inputs=1
2026-09-17T01:32:22.712334Z DEBUG panoptikon::inferio::http: processing local inference predict model=textembed/all-MiniLM-L6-v2 inputs=1
2026-09-17T01:32:22.713691Z DEBUG panoptikon::inferio::http: processing local inference predict model=textembed/all-MiniLM-L6-v2 inputs=1
2026-09-17T01:32:22.712393Z DEBUG panoptikon::inferio::http: processing local inference predict model=textembed/all-MiniLM-L6-v2 inputs=1
2026-09-17T01:32:22.715273Z DEBUG panoptikon::inferio::http: processing local inference predict model=textembed/all-MiniLM-L6-v2 inputs=1
2026-09-17T01:32:22.715303Z DEBUG panoptikon::inferio::http: processing local inference predict model=textembed/all-MiniLM-L6-v2 inputs=1
2026-09-17T01:32:22.713848Z DEBUG panoptikon::inferio::http: processing local inference predict model=textembed/all-MiniLM-L6-v2 inputs=1
2026-09-17T01:32:22.713969Z DEBUG panoptikon::inferio::http: processing local inference predict model=textembed/all-MiniLM-L6-v2 inputs=1
2026-09-17T01:32:22.712563Z DEBUG panoptikon::inferio::http: processing local inference predict model=textembed/all-MiniLM-L6-v2 inputs=1
2026-09-17T01:32:22.714023Z DEBUG panoptikon::inferio::http: processing local inference predict model=textembed/all-MiniLM-L6-v2 inputs=1
2026-09-17T01:32:22.715478Z DEBUG panoptikon::inferio::http: processing local inference predict model=textembed/all-MiniLM-L6-v2 inputs=1
2026-09-17T01:32:22.715500Z DEBUG panoptikon::inferio::http: processing local inference predict model=textembed/all-MiniLM-L6-v2 inputs=1
2026-09-17T01:32:22.714064Z DEBUG panoptikon::inferio::http: processing local inference predict model=textembed/all-MiniLM-L6-v2 inputs=1
2026-09-17T01:32:22.714127Z DEBUG panoptikon::inferio::http: processing local inference predict model=textembed/all-MiniLM-L6-v2 inputs=1
2026-09-17T01:32:22.712737Z DEBUG panoptikon::inferio::http: processing local inference predict model=textembed/all-MiniLM-L6-v2 inputs=1
2026-09-17T01:32:22.712747Z DEBUG panoptikon::inferio::http: processing local inference predict model=textembed/all-MiniLM-L6-v2 inputs=1
2026-09-17T01:32:22.715685Z DEBUG panoptikon::inferio::http: processing local inference predict model=textembed/all-MiniLM-L6-v2 inputs=1
2026-09-17T01:32:22.715713Z DEBUG panoptikon::inferio::http: processing local inference predict model=textembed/all-MiniLM-L6-v2 inputs=1
2026-09-17T01:32:22.715749Z DEBUG panoptikon::inferio::http: processing local inference predict model=textembed/all-MiniLM-L6-v2 inputs=1
2026-09-17T01:32:22.711767Z DEBUG panoptikon::inferio::http: processing local inference predict model=textembed/all-MiniLM-L6-v2 inputs=1
2026-09-17T01:32:22.713089Z DEBUG panoptikon::inferio::http: processing local inference predict model=textembed/all-MiniLM-L6-v2 inputs=1
2026-09-17T01:32:22.715850Z DEBUG panoptikon::inferio::http: processing local inference predict model=textembed/all-MiniLM-L6-v2 inputs=1
2026-09-17T01:32:22.715883Z DEBUG panoptikon::inferio::http: processing local inference predict model=textembed/all-MiniLM-L6-v2 inputs=1
2026-09-17T01:32:22.715916Z DEBUG panoptikon::inferio::http: processing local inference predict model=textembed/all-MiniLM-L6-v2 inputs=1
2026-09-17T01:32:22.711769Z DEBUG panoptikon::inferio::http: processing local inference predict model=textembed/all-MiniLM-L6-v2 inputs=1
2026-09-17T01:32:22.713163Z DEBUG panoptikon::inferio::http: processing local inference predict model=textembed/all-MiniLM-L6-v2 inputs=1
2026-09-17T01:32:22.714637Z DEBUG panoptikon::inferio::http: processing local inference predict model=textembed/all-MiniLM-L6-v2 inputs=1
2026-09-17T01:32:22.714639Z DEBUG panoptikon::inferio::http: processing local inference predict model=textembed/all-MiniLM-L6-v2 inputs=1
2026-09-17T01:32:22.714747Z DEBUG panoptikon::inferio::http: processing local inference predict model=textembed/all-MiniLM-L6-v2 inputs=1
2026-09-17T01:32:22.716147Z DEBUG panoptikon::inferio::http: processing local inference predict model=textembed/all-MiniLM-L6-v2 inputs=1
2026-09-17T01:32:22.714855Z DEBUG panoptikon::inferio::http: processing local inference predict model=textembed/all-MiniLM-L6-v2 inputs=1
2026-09-17T01:32:22.716216Z DEBUG panoptikon::inferio::http: processing local inference predict model=textembed/all-MiniLM-L6-v2 inputs=1
2026-09-17T01:32:22.714927Z DEBUG panoptikon::inferio::http: processing local inference predict model=textembed/all-MiniLM-L6-v2 inputs=1
2026-09-17T01:32:22.714973Z DEBUG panoptikon::inferio::http: processing local inference predict model=textembed/all-MiniLM-L6-v2 inputs=1
2026-09-17T01:32:22.716351Z DEBUG panoptikon::inferio::http: processing local inference predict model=textembed/all-MiniLM-L6-v2 inputs=1
2026-09-17T01:32:22.710912Z DEBUG panoptikon::inferio::http: processing local inference predict model=textembed/all-MiniLM-L6-v2 inputs=1
2026-09-17T01:32:22.716420Z DEBUG panoptikon::inferio::http: processing local inference predict model=textembed/all-MiniLM-L6-v2 inputs=1
2026-09-17T01:32:22.715092Z DEBUG panoptikon::inferio::http: processing local inference predict model=textembed/all-MiniLM-L6-v2 inputs=1
2026-09-17T01:32:22.716483Z DEBUG panoptikon::inferio::http: processing local inference predict model=textembed/all-MiniLM-L6-v2 inputs=1
2026-09-17T01:32:22.715133Z DEBUG panoptikon::inferio::http: processing local inference predict model=textembed/all-MiniLM-L6-v2 inputs=1
2026-09-17T01:32:22.715199Z DEBUG panoptikon::inferio::http: processing local inference predict model=textembed/all-MiniLM-L6-v2 inputs=1
2026-09-17T01:32:22.715213Z DEBUG panoptikon::inferio::http: processing local inference predict model=textembed/all-MiniLM-L6-v2 inputs=1
2026-09-17T01:32:22.713725Z DEBUG panoptikon::inferio::http: processing local inference predict model=textembed/all-MiniLM-L6-v2 inputs=1
2026-09-17T01:32:22.713843Z DEBUG panoptikon::inferio::http: processing local inference predict model=textembed/all-MiniLM-L6-v2 inputs=1
2026-09-17T01:32:22.716722Z DEBUG panoptikon::inferio::http: processing local inference predict model=textembed/all-MiniLM-L6-v2 inputs=1
2026-09-17T01:32:22.715382Z DEBUG panoptikon::inferio::http: processing local inference predict model=textembed/all-MiniLM-L6-v2 inputs=1
2026-09-17T01:32:22.715429Z DEBUG panoptikon::inferio::http: processing local inference predict model=textembed/all-MiniLM-L6-v2 inputs=1
2026-09-17T01:32:22.715433Z DEBUG panoptikon::inferio::http: processing local inference predict model=textembed/all-MiniLM-L6-v2 inputs=1
2026-09-17T01:32:22.716871Z DEBUG panoptikon::inferio::http: processing local inference predict model=textembed/all-MiniLM-L6-v2 inputs=1
2026-09-17T01:32:22.714041Z DEBUG panoptikon::inferio::http: processing local inference predict model=textembed/all-MiniLM-L6-v2 inputs=1
2026-09-17T01:32:22.715512Z DEBUG panoptikon::inferio::http: processing local inference predict model=textembed/all-MiniLM-L6-v2 inputs=1
2026-09-17T01:32:22.715508Z DEBUG panoptikon::inferio::http: processing local inference predict model=textembed/all-MiniLM-L6-v2 inputs=1
2026-09-17T01:32:22.717005Z DEBUG panoptikon::inferio::http: processing local inference predict model=textembed/all-MiniLM-L6-v2 inputs=1
2026-09-17T01:32:22.715552Z DEBUG panoptikon::inferio::http: processing local inference predict model=textembed/all-MiniLM-L6-v2 inputs=1
2026-09-17T01:32:22.715573Z DEBUG panoptikon::inferio::http: processing local inference predict model=textembed/all-MiniLM-L6-v2 inputs=1
2026-09-17T01:32:22.717125Z DEBUG panoptikon::inferio::http: processing local inference predict model=textembed/all-MiniLM-L6-v2 inputs=1
2026-09-17T01:32:22.715635Z DEBUG panoptikon::inferio::http: processing local inference predict model=textembed/all-MiniLM-L6-v2 inputs=1
2026-09-17T01:32:22.717218Z DEBUG panoptikon::inferio::http: processing local inference predict model=textembed/all-MiniLM-L6-v2 inputs=1
2026-09-17T01:32:22.717245Z DEBUG panoptikon::inferio::http: processing local inference predict model=textembed/all-MiniLM-L6-v2 inputs=1
2026-09-17T01:32:22.714271Z DEBUG panoptikon::inferio::http: processing local inference predict model=textembed/all-MiniLM-L6-v2 inputs=1
2026-09-17T01:32:22.717314Z DEBUG panoptikon::inferio::http: processing local inference predict model=textembed/all-MiniLM-L6-v2 inputs=1
2026-09-17T01:32:22.714348Z DEBUG panoptikon::inferio::http: processing local inference predict model=textembed/all-MiniLM-L6-v2 inputs=1
2026-09-17T01:32:22.717396Z DEBUG panoptikon::inferio::http: processing local inference predict model=textembed/all-MiniLM-L6-v2 inputs=1
2026-09-17T01:32:22.715840Z DEBUG panoptikon::inferio::http: processing local inference predict model=textembed/all-MiniLM-L6-v2 inputs=1
2026-09-17T01:32:22.712988Z DEBUG panoptikon::inferio::http: processing local inference predict model=textembed/all-MiniLM-L6-v2 inputs=1
2026-09-17T01:32:22.714527Z DEBUG panoptikon::inferio::http: processing local inference predict model=textembed/all-MiniLM-L6-v2 inputs=1
2026-09-17T01:32:22.717526Z DEBUG panoptikon::inferio::http: processing local inference predict model=textembed/all-MiniLM-L6-v2 inputs=1
2026-09-17T01:32:22.715933Z DEBUG panoptikon::inferio::http: processing local inference predict model=textembed/all-MiniLM-L6-v2 inputs=1
2026-09-17T01:32:22.715971Z DEBUG panoptikon::inferio::http: processing local inference predict model=textembed/all-MiniLM-L6-v2 inputs=1
2026-09-17T01:32:22.715994Z DEBUG panoptikon::inferio::http: processing local inference predict model=textembed/all-MiniLM-L6-v2 inputs=1
2026-09-17T01:32:22.717670Z DEBUG panoptikon::inferio::http: processing local inference predict model=textembed/all-MiniLM-L6-v2 inputs=1
2026-09-17T01:32:22.715997Z DEBUG panoptikon::inferio::http: processing local inference predict model=textembed/all-MiniLM-L6-v2 inputs=1
2026-09-17T01:32:22.716087Z DEBUG panoptikon::inferio::http: processing local inference predict model=textembed/all-MiniLM-L6-v2 inputs=1
2026-09-17T01:32:22.717767Z DEBUG panoptikon::inferio::http: processing local inference predict model=textembed/all-MiniLM-L6-v2 inputs=1
2026-09-17T01:32:22.713352Z DEBUG panoptikon::inferio::http: processing local inference predict model=textembed/all-MiniLM-L6-v2 inputs=1
2026-09-17T01:32:22.717838Z DEBUG panoptikon::inferio::http: processing local inference predict model=textembed/all-MiniLM-L6-v2 inputs=1
2026-09-17T01:32:22.717877Z DEBUG panoptikon::inferio::http: processing local inference predict model=textembed/all-MiniLM-L6-v2 inputs=1
2026-09-17T01:32:22.714896Z DEBUG panoptikon::inferio::http: processing local inference predict model=textembed/all-MiniLM-L6-v2 inputs=1
2026-09-17T01:32:22.717941Z DEBUG panoptikon::inferio::http: processing local inference predict model=textembed/all-MiniLM-L6-v2 inputs=1
2026-09-17T01:32:22.714973Z DEBUG panoptikon::inferio::http: processing local inference predict model=textembed/all-MiniLM-L6-v2 inputs=1
2026-09-17T01:32:22.716397Z DEBUG panoptikon::inferio::http: processing local inference predict model=textembed/all-MiniLM-L6-v2 inputs=1
2026-09-17T01:32:22.713549Z DEBUG panoptikon::inferio::http: processing local inference predict model=textembed/all-MiniLM-L6-v2 inputs=1
2026-09-17T01:32:22.716434Z DEBUG panoptikon::inferio::http: processing local inference predict model=textembed/all-MiniLM-L6-v2 inputs=1
2026-09-17T01:32:22.718128Z DEBUG panoptikon::inferio::http: processing local inference predict model=textembed/all-MiniLM-L6-v2 inputs=1
2026-09-17T01:32:22.716569Z DEBUG panoptikon::inferio::http: processing local inference predict model=textembed/all-MiniLM-L6-v2 inputs=1
2026-09-17T01:32:22.716595Z DEBUG panoptikon::inferio::http: processing local inference predict model=textembed/all-MiniLM-L6-v2 inputs=1
2026-09-17T01:32:22.716656Z DEBUG panoptikon::inferio::http: processing local inference predict model=textembed/all-MiniLM-L6-v2 inputs=1
2026-09-17T01:32:22.718305Z DEBUG panoptikon::inferio::http: processing local inference predict model=textembed/all-MiniLM-L6-v2 inputs=1
2026-09-17T01:32:22.715344Z DEBUG panoptikon::inferio::http: processing local inference predict model=textembed/all-MiniLM-L6-v2 inputs=1
2026-09-17T01:32:22.716722Z DEBUG panoptikon::inferio::http: processing local inference predict model=textembed/all-MiniLM-L6-v2 inputs=1
2026-09-17T01:32:22.716771Z DEBUG panoptikon::inferio::http: processing local inference predict model=textembed/all-MiniLM-L6-v2 inputs=1
2026-09-17T01:32:22.716805Z DEBUG panoptikon::inferio::http: processing local inference predict model=textembed/all-MiniLM-L6-v2 inputs=1
2026-09-17T01:32:22.718494Z DEBUG panoptikon::inferio::http: processing local inference predict model=textembed/all-MiniLM-L6-v2 inputs=1
2026-09-17T01:32:22.714025Z DEBUG panoptikon::inferio::http: processing local inference predict model=textembed/all-MiniLM-L6-v2 inputs=1
2026-09-17T01:32:22.716926Z DEBUG panoptikon::inferio::http: processing local inference predict model=textembed/all-MiniLM-L6-v2 inputs=1
2026-09-17T01:32:22.716931Z DEBUG panoptikon::inferio::http: processing local inference predict model=textembed/all-MiniLM-L6-v2 inputs=1
2026-09-17T01:32:22.716958Z DEBUG panoptikon::inferio::http: processing local inference predict model=textembed/all-MiniLM-L6-v2 inputs=1
2026-09-17T01:32:22.718676Z DEBUG panoptikon::inferio::http: processing local inference predict model=textembed/all-MiniLM-L6-v2 inputs=1
2026-09-17T01:32:22.717099Z DEBUG panoptikon::inferio::http: processing local inference predict model=textembed/all-MiniLM-L6-v2 inputs=1
2026-09-17T01:32:22.717104Z DEBUG panoptikon::inferio::http: processing local inference predict model=textembed/all-MiniLM-L6-v2 inputs=1
2026-09-17T01:32:22.718790Z DEBUG panoptikon::inferio::http: processing local inference predict model=textembed/all-MiniLM-L6-v2 inputs=1
2026-09-17T01:32:22.718827Z DEBUG panoptikon::inferio::http: processing local inference predict model=textembed/all-MiniLM-L6-v2 inputs=1
2026-09-17T01:32:22.717248Z DEBUG panoptikon::inferio::http: processing local inference predict model=textembed/all-MiniLM-L6-v2 inputs=1
2026-09-17T01:32:22.715695Z DEBUG panoptikon::inferio::http: processing local inference predict model=textembed/all-MiniLM-L6-v2 inputs=1
2026-09-17T01:32:22.717299Z DEBUG panoptikon::inferio::http: processing local inference predict model=textembed/all-MiniLM-L6-v2 inputs=1
2026-09-17T01:32:22.715749Z DEBUG panoptikon::inferio::http: processing local inference predict model=textembed/all-MiniLM-L6-v2 inputs=1
2026-09-17T01:32:22.717348Z DEBUG panoptikon::inferio::http: processing local inference predict model=textembed/all-MiniLM-L6-v2 inputs=1
2026-09-17T01:32:22.715785Z DEBUG panoptikon::inferio::http: processing local inference predict model=textembed/all-MiniLM-L6-v2 inputs=1
2026-09-17T01:32:22.719074Z DEBUG panoptikon::inferio::http: processing local inference predict model=textembed/all-MiniLM-L6-v2 inputs=1
2026-09-17T01:32:22.717471Z DEBUG panoptikon::inferio::http: processing local inference predict model=textembed/all-MiniLM-L6-v2 inputs=1
2026-09-17T01:32:22.719147Z DEBUG panoptikon::inferio::http: processing local inference predict model=textembed/all-MiniLM-L6-v2 inputs=1
2026-09-17T01:32:22.710598Z DEBUG panoptikon::inferio::http: processing local inference predict model=textembed/all-MiniLM-L6-v2 inputs=1
2026-09-17T01:32:22.717593Z DEBUG panoptikon::inferio::http: processing local inference predict model=textembed/all-MiniLM-L6-v2 inputs=1
2026-09-17T01:32:22.717602Z DEBUG panoptikon::inferio::http: processing local inference predict model=textembed/all-MiniLM-L6-v2 inputs=1
2026-09-17T01:32:22.719276Z DEBUG panoptikon::inferio::http: processing local inference predict model=textembed/all-MiniLM-L6-v2 inputs=1
2026-09-17T01:32:22.717690Z DEBUG panoptikon::inferio::http: processing local inference predict model=textembed/all-MiniLM-L6-v2 inputs=1
2026-09-17T01:32:22.717767Z DEBUG panoptikon::inferio::http: processing local inference predict model=textembed/all-MiniLM-L6-v2 inputs=1
2026-09-17T01:32:22.719398Z DEBUG panoptikon::inferio::http: processing local inference predict model=textembed/all-MiniLM-L6-v2 inputs=1
2026-09-17T01:32:22.717830Z DEBUG panoptikon::inferio::http: processing local inference predict model=textembed/all-MiniLM-L6-v2 inputs=1
2026-09-17T01:32:22.716154Z DEBUG panoptikon::inferio::http: processing local inference predict model=textembed/all-MiniLM-L6-v2 inputs=1
2026-09-17T01:32:22.719497Z DEBUG panoptikon::inferio::http: processing local inference predict model=textembed/all-MiniLM-L6-v2 inputs=1
2026-09-17T01:32:22.716333Z DEBUG panoptikon::inferio::http: processing local inference predict model=textembed/all-MiniLM-L6-v2 inputs=1
2026-09-17T01:32:22.717952Z DEBUG panoptikon::inferio::http: processing local inference predict model=textembed/all-MiniLM-L6-v2 inputs=1
2026-09-17T01:32:22.718002Z DEBUG panoptikon::inferio::http: processing local inference predict model=textembed/all-MiniLM-L6-v2 inputs=1
2026-09-17T01:32:22.718003Z DEBUG panoptikon::inferio::http: processing local inference predict model=textembed/all-MiniLM-L6-v2 inputs=1
2026-09-17T01:32:22.718038Z DEBUG panoptikon::inferio::http: processing local inference predict model=textembed/all-MiniLM-L6-v2 inputs=1
2026-09-17T01:32:22.719775Z DEBUG panoptikon::inferio::http: processing local inference predict model=textembed/all-MiniLM-L6-v2 inputs=1
2026-09-17T01:32:22.713631Z DEBUG panoptikon::inferio::http: processing local inference predict model=textembed/all-MiniLM-L6-v2 inputs=1
2026-09-17T01:32:22.718243Z DEBUG panoptikon::inferio::http: processing local inference predict model=textembed/all-MiniLM-L6-v2 inputs=1
2026-09-17T01:32:22.716656Z DEBUG panoptikon::inferio::http: processing local inference predict model=textembed/all-MiniLM-L6-v2 inputs=1
2026-09-17T01:32:22.718331Z DEBUG panoptikon::inferio::http: processing local inference predict model=textembed/all-MiniLM-L6-v2 inputs=1
2026-09-17T01:32:22.719983Z DEBUG panoptikon::inferio::http: processing local inference predict model=textembed/all-MiniLM-L6-v2 inputs=1
2026-09-17T01:32:22.718406Z DEBUG panoptikon::inferio::http: processing local inference predict model=textembed/all-MiniLM-L6-v2 inputs=1
2026-09-17T01:32:22.720071Z DEBUG panoptikon::inferio::http: processing local inference predict model=textembed/all-MiniLM-L6-v2 inputs=1
2026-09-17T01:32:22.718482Z DEBUG panoptikon::inferio::http: processing local inference predict model=textembed/all-MiniLM-L6-v2 inputs=1
2026-09-17T01:32:22.716810Z DEBUG panoptikon::inferio::http: processing local inference predict model=textembed/all-MiniLM-L6-v2 inputs=1
2026-09-17T01:32:22.720174Z DEBUG panoptikon::inferio::http: processing local inference predict model=textembed/all-MiniLM-L6-v2 inputs=1
2026-09-17T01:32:22.718594Z DEBUG panoptikon::inferio::http: processing local inference predict model=textembed/all-MiniLM-L6-v2 inputs=1
2026-09-17T01:32:22.720252Z DEBUG panoptikon::inferio::http: processing local inference predict model=textembed/all-MiniLM-L6-v2 inputs=1
2026-09-17T01:32:22.720270Z DEBUG panoptikon::inferio::http: processing local inference predict model=textembed/all-MiniLM-L6-v2 inputs=1
2026-09-17T01:32:22.715542Z DEBUG panoptikon::inferio::http: processing local inference predict model=textembed/all-MiniLM-L6-v2 inputs=1
2026-09-17T01:32:22.720333Z DEBUG panoptikon::inferio::http: processing local inference predict model=textembed/all-MiniLM-L6-v2 inputs=1
2026-09-17T01:32:22.720367Z DEBUG panoptikon::inferio::http: processing local inference predict model=textembed/all-MiniLM-L6-v2 inputs=1
2026-09-17T01:32:22.715599Z DEBUG panoptikon::inferio::http: processing local inference predict model=textembed/all-MiniLM-L6-v2 inputs=1
2026-09-17T01:32:22.714244Z DEBUG panoptikon::inferio::http: processing local inference predict model=textembed/all-MiniLM-L6-v2 inputs=1
2026-09-17T01:32:22.718873Z DEBUG panoptikon::inferio::http: processing local inference predict model=textembed/all-MiniLM-L6-v2 inputs=1
2026-09-17T01:32:22.718908Z DEBUG panoptikon::inferio::http: processing local inference predict model=textembed/all-MiniLM-L6-v2 inputs=1
2026-09-17T01:32:22.718953Z DEBUG panoptikon::inferio::http: processing local inference predict model=textembed/all-MiniLM-L6-v2 inputs=1
2026-09-17T01:32:22.719032Z DEBUG panoptikon::inferio::http: processing local inference predict model=textembed/all-MiniLM-L6-v2 inputs=1
2026-09-17T01:32:22.719034Z DEBUG panoptikon::inferio::http: processing local inference predict model=textembed/all-MiniLM-L6-v2 inputs=1
2026-09-17T01:32:22.717410Z DEBUG panoptikon::inferio::http: processing local inference predict model=textembed/all-MiniLM-L6-v2 inputs=1
2026-09-17T01:32:22.720679Z DEBUG panoptikon::inferio::http: processing local inference predict model=textembed/all-MiniLM-L6-v2 inputs=1
2026-09-17T01:32:22.717479Z DEBUG panoptikon::inferio::http: processing local inference predict model=textembed/all-MiniLM-L6-v2 inputs=1
2026-09-17T01:32:22.720744Z DEBUG panoptikon::inferio::http: processing local inference predict model=textembed/all-MiniLM-L6-v2 inputs=1
2026-09-17T01:32:22.720768Z DEBUG panoptikon::inferio::http: processing local inference predict model=textembed/all-MiniLM-L6-v2 inputs=1
2026-09-17T01:32:22.719286Z DEBUG panoptikon::inferio::http: processing local inference predict model=textembed/all-MiniLM-L6-v2 inputs=1
2026-09-17T01:32:22.720854Z DEBUG panoptikon::inferio::http: processing local inference predict model=textembed/all-MiniLM-L6-v2 inputs=1
2026-09-17T01:32:22.720884Z DEBUG panoptikon::inferio::http: processing local inference predict model=textembed/all-MiniLM-L6-v2 inputs=1
2026-09-17T01:32:22.719387Z DEBUG panoptikon::inferio::http: processing local inference predict model=textembed/all-MiniLM-L6-v2 inputs=1
2026-09-17T01:32:22.720954Z DEBUG panoptikon::inferio::http: processing local inference predict model=textembed/all-MiniLM-L6-v2 inputs=1
2026-09-17T01:32:22.719443Z DEBUG panoptikon::inferio::http: processing local inference predict model=textembed/all-MiniLM-L6-v2 inputs=1
2026-09-17T01:32:22.721014Z DEBUG panoptikon::inferio::http: processing local inference predict model=textembed/all-MiniLM-L6-v2 inputs=1
2026-09-17T01:32:22.719476Z DEBUG panoptikon::inferio::http: processing local inference predict model=textembed/all-MiniLM-L6-v2 inputs=1
2026-09-17T01:32:22.716182Z DEBUG panoptikon::inferio::http: processing local inference predict model=textembed/all-MiniLM-L6-v2 inputs=1
2026-09-17T01:32:22.719567Z DEBUG panoptikon::inferio::http: processing local inference predict model=textembed/all-MiniLM-L6-v2 inputs=1
2026-09-17T01:32:22.719627Z DEBUG panoptikon::inferio::http: processing local inference predict model=textembed/all-MiniLM-L6-v2 inputs=1
2026-09-17T01:32:22.719635Z DEBUG panoptikon::inferio::http: processing local inference predict model=textembed/all-MiniLM-L6-v2 inputs=1
2026-09-17T01:32:22.719754Z DEBUG panoptikon::inferio::http: processing local inference predict model=textembed/all-MiniLM-L6-v2 inputs=1
2026-09-17T01:32:22.721265Z DEBUG panoptikon::inferio::http: processing local inference predict model=textembed/all-MiniLM-L6-v2 inputs=1
2026-09-17T01:32:22.721293Z DEBUG panoptikon::inferio::http: processing local inference predict model=textembed/all-MiniLM-L6-v2 inputs=1
2026-09-17T01:32:22.718126Z DEBUG panoptikon::inferio::http: processing local inference predict model=textembed/all-MiniLM-L6-v2 inputs=1
2026-09-17T01:32:22.721352Z DEBUG panoptikon::inferio::http: processing local inference predict model=textembed/all-MiniLM-L6-v2 inputs=1
2026-09-17T01:32:22.721381Z DEBUG panoptikon::inferio::http: processing local inference predict model=textembed/all-MiniLM-L6-v2 inputs=1
2026-09-17T01:32:22.719933Z DEBUG panoptikon::inferio::http: processing local inference predict model=textembed/all-MiniLM-L6-v2 inputs=1
2026-09-17T01:32:22.718365Z DEBUG panoptikon::inferio::http: processing local inference predict model=textembed/all-MiniLM-L6-v2 inputs=1
2026-09-17T01:32:22.720035Z DEBUG panoptikon::inferio::http: processing local inference predict model=textembed/all-MiniLM-L6-v2 inputs=1
2026-09-17T01:32:22.720038Z DEBUG panoptikon::inferio::http: processing local inference predict model=textembed/all-MiniLM-L6-v2 inputs=1
2026-09-17T01:32:22.721554Z DEBUG panoptikon::inferio::http: processing local inference predict model=textembed/all-MiniLM-L6-v2 inputs=1
2026-09-17T01:32:22.720184Z DEBUG panoptikon::inferio::http: processing local inference predict model=textembed/all-MiniLM-L6-v2 inputs=1
2026-09-17T01:32:22.718589Z DEBUG panoptikon::inferio::http: processing local inference predict model=textembed/all-MiniLM-L6-v2 inputs=1
2026-09-17T01:32:22.721656Z DEBUG panoptikon::inferio::http: processing local inference predict model=textembed/all-MiniLM-L6-v2 inputs=1
2026-09-17T01:32:22.720259Z DEBUG panoptikon::inferio::http: processing local inference predict model=textembed/all-MiniLM-L6-v2 inputs=1
2026-09-17T01:32:22.718677Z DEBUG panoptikon::inferio::http: processing local inference predict model=textembed/all-MiniLM-L6-v2 inputs=1
2026-09-17T01:32:22.720317Z DEBUG panoptikon::inferio::http: processing local inference predict model=textembed/all-MiniLM-L6-v2 inputs=1
2026-09-17T01:32:22.718732Z DEBUG panoptikon::inferio::http: processing local inference predict model=textembed/all-MiniLM-L6-v2 inputs=1
2026-09-17T01:32:22.718773Z DEBUG panoptikon::inferio::http: processing local inference predict model=textembed/all-MiniLM-L6-v2 inputs=1
2026-09-17T01:32:22.720406Z DEBUG panoptikon::inferio::http: processing local inference predict model=textembed/all-MiniLM-L6-v2 inputs=1
2026-09-17T01:32:22.720444Z DEBUG panoptikon::inferio::http: processing local inference predict model=textembed/all-MiniLM-L6-v2 inputs=1
2026-09-17T01:32:22.721981Z DEBUG panoptikon::inferio::http: processing local inference predict model=textembed/all-MiniLM-L6-v2 inputs=1
2026-09-17T01:32:22.720479Z DEBUG panoptikon::inferio::http: processing local inference predict model=textembed/all-MiniLM-L6-v2 inputs=1
2026-09-17T01:32:22.722069Z DEBUG panoptikon::inferio::http: processing local inference predict model=textembed/all-MiniLM-L6-v2 inputs=1
2026-09-17T01:32:22.720551Z DEBUG panoptikon::inferio::http: processing local inference predict model=textembed/all-MiniLM-L6-v2 inputs=1
2026-09-17T01:32:22.722138Z DEBUG panoptikon::inferio::http: processing local inference predict model=textembed/all-MiniLM-L6-v2 inputs=1
2026-09-17T01:32:22.720590Z DEBUG panoptikon::inferio::http: processing local inference predict model=textembed/all-MiniLM-L6-v2 inputs=1
2026-09-17T01:32:22.722219Z DEBUG panoptikon::inferio::http: processing local inference predict model=textembed/all-MiniLM-L6-v2 inputs=1
2026-09-17T01:32:22.720696Z DEBUG panoptikon::inferio::http: processing local inference predict model=textembed/all-MiniLM-L6-v2 inputs=1
2026-09-17T01:32:22.722288Z DEBUG panoptikon::inferio::http: processing local inference predict model=textembed/all-MiniLM-L6-v2 inputs=1
2026-09-17T01:32:22.722323Z DEBUG panoptikon::inferio::http: processing local inference predict model=textembed/all-MiniLM-L6-v2 inputs=1
2026-09-17T01:32:22.722352Z DEBUG panoptikon::inferio::http: processing local inference predict model=textembed/all-MiniLM-L6-v2 inputs=1
2026-09-17T01:32:22.722371Z DEBUG panoptikon::inferio::http: processing local inference predict model=textembed/all-MiniLM-L6-v2 inputs=1
2026-09-17T01:32:22.720872Z DEBUG panoptikon::inferio::http: processing local inference predict model=textembed/all-MiniLM-L6-v2 inputs=1
2026-09-17T01:32:22.719351Z DEBUG panoptikon::inferio::http: processing local inference predict model=textembed/all-MiniLM-L6-v2 inputs=1
2026-09-17T01:32:22.720932Z DEBUG panoptikon::inferio::http: processing local inference predict model=textembed/all-MiniLM-L6-v2 inputs=1
2026-09-17T01:32:22.720934Z DEBUG panoptikon::inferio::http: processing local inference predict model=textembed/all-MiniLM-L6-v2 inputs=1
2026-09-17T01:32:22.716091Z DEBUG panoptikon::inferio::http: processing local inference predict model=textembed/all-MiniLM-L6-v2 inputs=1
2026-09-17T01:32:22.720997Z DEBUG panoptikon::inferio::http: processing local inference predict model=textembed/all-MiniLM-L6-v2 inputs=1
2026-09-17T01:32:22.719459Z DEBUG panoptikon::inferio::http: processing local inference predict model=textembed/all-MiniLM-L6-v2 inputs=1
2026-09-17T01:32:22.721074Z DEBUG panoptikon::inferio::http: processing local inference predict model=textembed/all-MiniLM-L6-v2 inputs=1
2026-09-17T01:32:22.722731Z DEBUG panoptikon::inferio::http: processing local inference predict model=textembed/all-MiniLM-L6-v2 inputs=1
2026-09-17T01:32:22.721180Z DEBUG panoptikon::inferio::http: processing local inference predict model=textembed/all-MiniLM-L6-v2 inputs=1
2026-09-17T01:32:22.721189Z DEBUG panoptikon::inferio::http: processing local inference predict model=textembed/all-MiniLM-L6-v2 inputs=1
2026-09-17T01:32:22.722871Z DEBUG panoptikon::inferio::http: processing local inference predict model=textembed/all-MiniLM-L6-v2 inputs=1
2026-09-17T01:32:22.719760Z DEBUG panoptikon::inferio::http: processing local inference predict model=textembed/all-MiniLM-L6-v2 inputs=1
2026-09-17T01:32:22.719804Z DEBUG panoptikon::inferio::http: processing local inference predict model=textembed/all-MiniLM-L6-v2 inputs=1
2026-09-17T01:32:22.719872Z DEBUG panoptikon::inferio::http: processing local inference predict model=textembed/all-MiniLM-L6-v2 inputs=1
2026-09-17T01:32:22.721369Z DEBUG panoptikon::inferio::http: processing local inference predict model=textembed/all-MiniLM-L6-v2 inputs=1
2026-09-17T01:32:22.723070Z DEBUG panoptikon::inferio::http: processing local inference predict model=textembed/all-MiniLM-L6-v2 inputs=1
2026-09-17T01:32:22.721421Z DEBUG panoptikon::inferio::http: processing local inference predict model=textembed/all-MiniLM-L6-v2 inputs=1
2026-09-17T01:32:22.721454Z DEBUG panoptikon::inferio::http: processing local inference predict model=textembed/all-MiniLM-L6-v2 inputs=1
2026-09-17T01:32:22.723182Z DEBUG panoptikon::inferio::http: processing local inference predict model=textembed/all-MiniLM-L6-v2 inputs=1
2026-09-17T01:32:22.721506Z DEBUG panoptikon::inferio::http: processing local inference predict model=textembed/all-MiniLM-L6-v2 inputs=1
2026-09-17T01:32:22.718430Z DEBUG panoptikon::inferio::http: processing local inference predict model=textembed/all-MiniLM-L6-v2 inputs=1
2026-09-17T01:32:22.723290Z DEBUG panoptikon::inferio::http: processing local inference predict model=textembed/all-MiniLM-L6-v2 inputs=1
2026-09-17T01:32:22.721620Z DEBUG panoptikon::inferio::http: processing local inference predict model=textembed/all-MiniLM-L6-v2 inputs=1
2026-09-17T01:32:22.718599Z DEBUG panoptikon::inferio::http: processing local inference predict model=textembed/all-MiniLM-L6-v2 inputs=1
2026-09-17T01:32:22.723395Z DEBUG panoptikon::inferio::http: processing local inference predict model=textembed/all-MiniLM-L6-v2 inputs=1
2026-09-17T01:32:22.721784Z DEBUG panoptikon::inferio::http: processing local inference predict model=textembed/all-MiniLM-L6-v2 inputs=1
2026-09-17T01:32:22.721798Z DEBUG panoptikon::inferio::http: processing local inference predict model=textembed/all-MiniLM-L6-v2 inputs=1
2026-09-17T01:32:22.721853Z DEBUG panoptikon::inferio::http: processing local inference predict model=textembed/all-MiniLM-L6-v2 inputs=1
2026-09-17T01:32:22.721873Z DEBUG panoptikon::inferio::http: processing local inference predict model=textembed/all-MiniLM-L6-v2 inputs=1
2026-09-17T01:32:22.721887Z DEBUG panoptikon::inferio::http: processing local inference predict model=textembed/all-MiniLM-L6-v2 inputs=1
2026-09-17T01:32:22.721963Z DEBUG panoptikon::inferio::http: processing local inference predict model=textembed/all-MiniLM-L6-v2 inputs=1
2026-09-17T01:32:22.723651Z DEBUG panoptikon::inferio::http: processing local inference predict model=textembed/all-MiniLM-L6-v2 inputs=1
2026-09-17T01:32:22.723684Z DEBUG panoptikon::inferio::http: processing local inference predict model=textembed/all-MiniLM-L6-v2 inputs=1
2026-09-17T01:32:22.723718Z DEBUG panoptikon::inferio::http: processing local inference predict model=textembed/all-MiniLM-L6-v2 inputs=1
2026-09-17T01:32:22.723747Z DEBUG panoptikon::inferio::http: processing local inference predict model=textembed/all-MiniLM-L6-v2 inputs=1
2026-09-17T01:32:22.720589Z DEBUG panoptikon::inferio::http: processing local inference predict model=textembed/all-MiniLM-L6-v2 inputs=1
2026-09-17T01:32:22.719123Z DEBUG panoptikon::inferio::http: processing local inference predict model=textembed/all-MiniLM-L6-v2 inputs=1
2026-09-17T01:32:22.723850Z DEBUG panoptikon::inferio::http: processing local inference predict model=textembed/all-MiniLM-L6-v2 inputs=1
2026-09-17T01:32:22.720732Z DEBUG panoptikon::inferio::http: processing local inference predict model=textembed/all-MiniLM-L6-v2 inputs=1
2026-09-17T01:32:22.719182Z DEBUG panoptikon::inferio::http: processing local inference predict model=textembed/all-MiniLM-L6-v2 inputs=1
2026-09-17T01:32:22.723953Z DEBUG panoptikon::inferio::http: processing local inference predict model=textembed/all-MiniLM-L6-v2 inputs=1
2026-09-17T01:32:22.719289Z DEBUG panoptikon::inferio::http: processing local inference predict model=textembed/all-MiniLM-L6-v2 inputs=1
2026-09-17T01:32:22.724032Z DEBUG panoptikon::inferio::http: processing local inference predict model=textembed/all-MiniLM-L6-v2 inputs=1
2026-09-17T01:32:22.724061Z DEBUG panoptikon::inferio::http: processing local inference predict model=textembed/all-MiniLM-L6-v2 inputs=1
2026-09-17T01:32:22.722443Z DEBUG panoptikon::inferio::http: processing local inference predict model=textembed/all-MiniLM-L6-v2 inputs=1
2026-09-17T01:32:22.722478Z DEBUG panoptikon::inferio::http: processing local inference predict model=textembed/all-MiniLM-L6-v2 inputs=1
2026-09-17T01:32:22.722542Z DEBUG panoptikon::inferio::http: processing local inference predict model=textembed/all-MiniLM-L6-v2 inputs=1
2026-09-17T01:32:22.722561Z DEBUG panoptikon::inferio::http: processing local inference predict model=textembed/all-MiniLM-L6-v2 inputs=1
2026-09-17T01:32:22.722564Z DEBUG panoptikon::inferio::http: processing local inference predict model=textembed/all-MiniLM-L6-v2 inputs=1
2026-09-17T01:32:22.722577Z DEBUG panoptikon::inferio::http: processing local inference predict model=textembed/all-MiniLM-L6-v2 inputs=1
2026-09-17T01:32:22.724316Z DEBUG panoptikon::inferio::http: processing local inference predict model=textembed/all-MiniLM-L6-v2 inputs=1
2026-09-17T01:32:22.722669Z DEBUG panoptikon::inferio::http: processing local inference predict model=textembed/all-MiniLM-L6-v2 inputs=1
2026-09-17T01:32:22.721075Z DEBUG panoptikon::inferio::http: processing local inference predict model=textembed/all-MiniLM-L6-v2 inputs=1
2026-09-17T01:32:22.724413Z DEBUG panoptikon::inferio::http: processing local inference predict model=textembed/all-MiniLM-L6-v2 inputs=1
2026-09-17T01:32:22.722800Z DEBUG panoptikon::inferio::http: processing local inference predict model=textembed/all-MiniLM-L6-v2 inputs=1
2026-09-17T01:32:22.724473Z DEBUG panoptikon::inferio::http: processing local inference predict model=textembed/all-MiniLM-L6-v2 inputs=1
2026-09-17T01:32:22.722880Z DEBUG panoptikon::inferio::http: processing local inference predict model=textembed/all-MiniLM-L6-v2 inputs=1
2026-09-17T01:32:22.722948Z DEBUG panoptikon::inferio::http: processing local inference predict model=textembed/all-MiniLM-L6-v2 inputs=1
2026-09-17T01:32:22.722954Z DEBUG panoptikon::inferio::http: processing local inference predict model=textembed/all-MiniLM-L6-v2 inputs=1
2026-09-17T01:32:22.723019Z DEBUG panoptikon::inferio::http: processing local inference predict model=textembed/all-MiniLM-L6-v2 inputs=1
2026-09-17T01:32:22.719917Z DEBUG panoptikon::inferio::http: processing local inference predict model=textembed/all-MiniLM-L6-v2 inputs=1
2026-09-17T01:32:22.724686Z DEBUG panoptikon::inferio::http: processing local inference predict model=textembed/all-MiniLM-L6-v2 inputs=1
2026-09-17T01:32:22.723139Z DEBUG panoptikon::inferio::http: processing local inference predict model=textembed/all-MiniLM-L6-v2 inputs=1
2026-09-17T01:32:22.721464Z DEBUG panoptikon::inferio::http: processing local inference predict model=textembed/all-MiniLM-L6-v2 inputs=1
2026-09-17T01:32:22.724786Z DEBUG panoptikon::inferio::http: processing local inference predict model=textembed/all-MiniLM-L6-v2 inputs=1
2026-09-17T01:32:22.723231Z DEBUG panoptikon::inferio::http: processing local inference predict model=textembed/all-MiniLM-L6-v2 inputs=1
2026-09-17T01:32:22.721615Z DEBUG panoptikon::inferio::http: processing local inference predict model=textembed/all-MiniLM-L6-v2 inputs=1
2026-09-17T01:32:22.724893Z DEBUG panoptikon::inferio::http: processing local inference predict model=textembed/all-MiniLM-L6-v2 inputs=1
2026-09-17T01:32:22.724932Z DEBUG panoptikon::inferio::http: processing local inference predict model=textembed/all-MiniLM-L6-v2 inputs=1
2026-09-17T01:32:22.724960Z DEBUG panoptikon::inferio::http: processing local inference predict model=textembed/all-MiniLM-L6-v2 inputs=1
2026-09-17T01:32:22.723439Z DEBUG panoptikon::inferio::http: processing local inference predict model=textembed/all-MiniLM-L6-v2 inputs=1
2026-09-17T01:32:22.723464Z DEBUG panoptikon::inferio::http: processing local inference predict model=textembed/all-MiniLM-L6-v2 inputs=1
2026-09-17T01:32:22.723489Z DEBUG panoptikon::inferio::http: processing local inference predict model=textembed/all-MiniLM-L6-v2 inputs=1
2026-09-17T01:32:22.723568Z DEBUG panoptikon::inferio::http: processing local inference predict model=textembed/all-MiniLM-L6-v2 inputs=1
2026-09-17T01:32:22.725115Z DEBUG panoptikon::inferio::http: processing local inference predict model=textembed/all-MiniLM-L6-v2 inputs=1
2026-09-17T01:32:22.723637Z DEBUG panoptikon::inferio::http: processing local inference predict model=textembed/all-MiniLM-L6-v2 inputs=1
2026-09-17T01:32:22.720479Z DEBUG panoptikon::inferio::http: processing local inference predict model=textembed/all-MiniLM-L6-v2 inputs=1
2026-09-17T01:32:22.725206Z DEBUG panoptikon::inferio::http: processing local inference predict model=textembed/all-MiniLM-L6-v2 inputs=1
2026-09-17T01:32:22.722026Z DEBUG panoptikon::inferio::http: processing local inference predict model=textembed/all-MiniLM-L6-v2 inputs=1
2026-09-17T01:32:22.720490Z DEBUG panoptikon::inferio::http: processing local inference predict model=textembed/all-MiniLM-L6-v2 inputs=1
2026-09-17T01:32:22.723763Z DEBUG panoptikon::inferio::http: processing local inference predict model=textembed/all-MiniLM-L6-v2 inputs=1
2026-09-17T01:32:22.723819Z DEBUG panoptikon::inferio::http: processing local inference predict model=textembed/all-MiniLM-L6-v2 inputs=1
2026-09-17T01:32:22.722224Z DEBUG panoptikon::inferio::http: processing local inference predict model=textembed/all-MiniLM-L6-v2 inputs=1
2026-09-17T01:32:22.723902Z DEBUG panoptikon::inferio::http: processing local inference predict model=textembed/all-MiniLM-L6-v2 inputs=1
2026-09-17T01:32:22.725416Z DEBUG panoptikon::inferio::http: processing local inference predict model=textembed/all-MiniLM-L6-v2 inputs=1
2026-09-17T01:32:22.723958Z DEBUG panoptikon::inferio::http: processing local inference predict model=textembed/all-MiniLM-L6-v2 inputs=1
2026-09-17T01:32:22.717652Z DEBUG panoptikon::inferio::http: processing local inference predict model=textembed/all-MiniLM-L6-v2 inputs=1
2026-09-17T01:32:22.722396Z DEBUG panoptikon::inferio::http: processing local inference predict model=textembed/all-MiniLM-L6-v2 inputs=1
2026-09-17T01:32:22.722438Z DEBUG panoptikon::inferio::http: processing local inference predict model=textembed/all-MiniLM-L6-v2 inputs=1
2026-09-17T01:32:22.724101Z DEBUG panoptikon::inferio::http: processing local inference predict model=textembed/all-MiniLM-L6-v2 inputs=1
2026-09-17T01:32:22.724158Z DEBUG panoptikon::inferio::http: processing local inference predict model=textembed/all-MiniLM-L6-v2 inputs=1
2026-09-17T01:32:22.725673Z DEBUG panoptikon::inferio::http: processing local inference predict model=textembed/all-MiniLM-L6-v2 inputs=1
2026-09-17T01:32:22.724224Z DEBUG panoptikon::inferio::http: processing local inference predict model=textembed/all-MiniLM-L6-v2 inputs=1
2026-09-17T01:32:22.725732Z DEBUG panoptikon::inferio::http: processing local inference predict model=textembed/all-MiniLM-L6-v2 inputs=1
2026-09-17T01:32:22.725761Z DEBUG panoptikon::inferio::http: processing local inference predict model=textembed/all-MiniLM-L6-v2 inputs=1
2026-09-17T01:32:22.722609Z DEBUG panoptikon::inferio::http: processing local inference predict model=textembed/all-MiniLM-L6-v2 inputs=1
2026-09-17T01:32:22.725833Z DEBUG panoptikon::inferio::http: processing local inference predict model=textembed/all-MiniLM-L6-v2 inputs=1
2026-09-17T01:32:22.724367Z DEBUG panoptikon::inferio::http: processing local inference predict model=textembed/all-MiniLM-L6-v2 inputs=1
2026-09-17T01:32:22.724402Z DEBUG panoptikon::inferio::http: processing local inference predict model=textembed/all-MiniLM-L6-v2 inputs=1
2026-09-17T01:32:22.724403Z DEBUG panoptikon::inferio::http: processing local inference predict model=textembed/all-MiniLM-L6-v2 inputs=1
2026-09-17T01:32:22.722753Z DEBUG panoptikon::inferio::http: processing local inference predict model=textembed/all-MiniLM-L6-v2 inputs=1
2026-09-17T01:32:22.725998Z DEBUG panoptikon::inferio::http: processing local inference predict model=textembed/all-MiniLM-L6-v2 inputs=1
2026-09-17T01:32:22.724520Z DEBUG panoptikon::inferio::http: processing local inference predict model=textembed/all-MiniLM-L6-v2 inputs=1
2026-09-17T01:32:22.726055Z DEBUG panoptikon::inferio::http: processing local inference predict model=textembed/all-MiniLM-L6-v2 inputs=1
2026-09-17T01:32:22.724637Z DEBUG panoptikon::inferio::http: processing local inference predict model=textembed/all-MiniLM-L6-v2 inputs=1
2026-09-17T01:32:22.724647Z DEBUG panoptikon::inferio::http: processing local inference predict model=textembed/all-MiniLM-L6-v2 inputs=1
2026-09-17T01:32:22.726158Z DEBUG panoptikon::inferio::http: processing local inference predict model=textembed/all-MiniLM-L6-v2 inputs=1
2026-09-17T01:32:22.726203Z DEBUG panoptikon::inferio::http: processing local inference predict model=textembed/all-MiniLM-L6-v2 inputs=1
2026-09-17T01:32:22.723137Z DEBUG panoptikon::inferio::http: processing local inference predict model=textembed/all-MiniLM-L6-v2 inputs=1
2026-09-17T01:32:22.726267Z DEBUG panoptikon::inferio::http: processing local inference predict model=textembed/all-MiniLM-L6-v2 inputs=1
2026-09-17T01:32:22.723194Z DEBUG panoptikon::inferio::http: processing local inference predict model=textembed/all-MiniLM-L6-v2 inputs=1
2026-09-17T01:32:22.724826Z DEBUG panoptikon::inferio::http: processing local inference predict model=textembed/all-MiniLM-L6-v2 inputs=1
2026-09-17T01:32:22.726371Z DEBUG panoptikon::inferio::http: processing local inference predict model=textembed/all-MiniLM-L6-v2 inputs=1
2026-09-17T01:32:22.723311Z DEBUG panoptikon::inferio::http: processing local inference predict model=textembed/all-MiniLM-L6-v2 inputs=1
2026-09-17T01:32:22.726454Z DEBUG panoptikon::inferio::http: processing local inference predict model=textembed/all-MiniLM-L6-v2 inputs=1
2026-09-17T01:32:22.726474Z DEBUG panoptikon::inferio::http: processing local inference predict model=textembed/all-MiniLM-L6-v2 inputs=1
2026-09-17T01:32:22.721749Z DEBUG panoptikon::inferio::http: processing local inference predict model=textembed/all-MiniLM-L6-v2 inputs=1
2026-09-17T01:32:22.726556Z DEBUG panoptikon::inferio::http: processing local inference predict model=textembed/all-MiniLM-L6-v2 inputs=1
2026-09-17T01:32:22.725096Z DEBUG panoptikon::inferio::http: processing local inference predict model=textembed/all-MiniLM-L6-v2 inputs=1
2026-09-17T01:32:22.725116Z DEBUG panoptikon::inferio::http: processing local inference predict model=textembed/all-MiniLM-L6-v2 inputs=1
2026-09-17T01:32:22.725119Z DEBUG panoptikon::inferio::http: processing local inference predict model=textembed/all-MiniLM-L6-v2 inputs=1
2026-09-17T01:32:22.726666Z DEBUG panoptikon::inferio::http: processing local inference predict model=textembed/all-MiniLM-L6-v2 inputs=1
2026-09-17T01:32:22.726724Z DEBUG panoptikon::inferio::http: processing local inference predict model=textembed/all-MiniLM-L6-v2 inputs=1
2026-09-17T01:32:22.725151Z DEBUG panoptikon::inferio::http: processing local inference predict model=textembed/all-MiniLM-L6-v2 inputs=1
2026-09-17T01:32:22.725184Z DEBUG panoptikon::inferio::http: processing local inference predict model=textembed/all-MiniLM-L6-v2 inputs=1
2026-09-17T01:32:22.726888Z DEBUG panoptikon::inferio::http: processing local inference predict model=textembed/all-MiniLM-L6-v2 inputs=1
2026-09-17T01:32:22.726913Z DEBUG panoptikon::inferio::http: processing local inference predict model=textembed/all-MiniLM-L6-v2 inputs=1
2026-09-17T01:32:22.726943Z DEBUG panoptikon::inferio::http: processing local inference predict model=textembed/all-MiniLM-L6-v2 inputs=1
2026-09-17T01:32:22.726966Z DEBUG panoptikon::inferio::http: processing local inference predict model=textembed/all-MiniLM-L6-v2 inputs=1
2026-09-17T01:32:22.725273Z DEBUG panoptikon::inferio::http: processing local inference predict model=textembed/all-MiniLM-L6-v2 inputs=1
2026-09-17T01:32:22.725308Z DEBUG panoptikon::inferio::http: processing local inference predict model=textembed/all-MiniLM-L6-v2 inputs=1
2026-09-17T01:32:22.727063Z DEBUG panoptikon::inferio::http: processing local inference predict model=textembed/all-MiniLM-L6-v2 inputs=1
2026-09-17T01:32:22.725381Z DEBUG panoptikon::inferio::http: processing local inference predict model=textembed/all-MiniLM-L6-v2 inputs=1
2026-09-17T01:32:22.723944Z DEBUG panoptikon::inferio::http: processing local inference predict model=textembed/all-MiniLM-L6-v2 inputs=1
2026-09-17T01:32:22.725477Z DEBUG panoptikon::inferio::http: processing local inference predict model=textembed/all-MiniLM-L6-v2 inputs=1
2026-09-17T01:32:22.725484Z DEBUG panoptikon::inferio::http: processing local inference predict model=textembed/all-MiniLM-L6-v2 inputs=1
2026-09-17T01:32:22.727257Z DEBUG panoptikon::inferio::http: processing local inference predict model=textembed/all-MiniLM-L6-v2 inputs=1
2026-09-17T01:32:22.725523Z DEBUG panoptikon::inferio::http: processing local inference predict model=textembed/all-MiniLM-L6-v2 inputs=1
2026-09-17T01:32:22.725611Z DEBUG panoptikon::inferio::http: processing local inference predict model=textembed/all-MiniLM-L6-v2 inputs=1
2026-09-17T01:32:22.724185Z DEBUG panoptikon::inferio::http: processing local inference predict model=textembed/all-MiniLM-L6-v2 inputs=1
2026-09-17T01:32:22.725684Z DEBUG panoptikon::inferio::http: processing local inference predict model=textembed/all-MiniLM-L6-v2 inputs=1
2026-09-17T01:32:22.724272Z DEBUG panoptikon::inferio::http: processing local inference predict model=textembed/all-MiniLM-L6-v2 inputs=1
2026-09-17T01:32:22.725818Z DEBUG panoptikon::inferio::http: processing local inference predict model=textembed/all-MiniLM-L6-v2 inputs=1
2026-09-17T01:32:22.725826Z DEBUG panoptikon::inferio::http: processing local inference predict model=textembed/all-MiniLM-L6-v2 inputs=1
2026-09-17T01:32:22.727552Z DEBUG panoptikon::inferio::http: processing local inference predict model=textembed/all-MiniLM-L6-v2 inputs=1
2026-09-17T01:32:22.724360Z DEBUG panoptikon::inferio::http: processing local inference predict model=textembed/all-MiniLM-L6-v2 inputs=1
2026-09-17T01:32:22.725929Z DEBUG panoptikon::inferio::http: processing local inference predict model=textembed/all-MiniLM-L6-v2 inputs=1
2026-09-17T01:32:22.727667Z DEBUG panoptikon::inferio::http: processing local inference predict model=textembed/all-MiniLM-L6-v2 inputs=1
2026-09-17T01:32:22.725959Z DEBUG panoptikon::inferio::http: processing local inference predict model=textembed/all-MiniLM-L6-v2 inputs=1
2026-09-17T01:32:22.721240Z DEBUG panoptikon::inferio::http: processing local inference predict model=textembed/all-MiniLM-L6-v2 inputs=1
2026-09-17T01:32:22.726027Z DEBUG panoptikon::inferio::http: processing local inference predict model=textembed/all-MiniLM-L6-v2 inputs=1
2026-09-17T01:32:22.727820Z DEBUG panoptikon::inferio::http: processing local inference predict model=textembed/all-MiniLM-L6-v2 inputs=1
2026-09-17T01:32:22.724551Z DEBUG panoptikon::inferio::http: processing local inference predict model=textembed/all-MiniLM-L6-v2 inputs=1
2026-09-17T01:32:22.726091Z DEBUG panoptikon::inferio::http: processing local inference predict model=textembed/all-MiniLM-L6-v2 inputs=1
2026-09-17T01:32:22.727917Z DEBUG panoptikon::inferio::http: processing local inference predict model=textembed/all-MiniLM-L6-v2 inputs=1
2026-09-17T01:32:22.727947Z DEBUG panoptikon::inferio::http: processing local inference predict model=textembed/all-MiniLM-L6-v2 inputs=1
2026-09-17T01:32:22.726278Z DEBUG panoptikon::inferio::http: processing local inference predict model=textembed/all-MiniLM-L6-v2 inputs=1
2026-09-17T01:32:22.728016Z DEBUG panoptikon::inferio::http: processing local inference predict model=textembed/all-MiniLM-L6-v2 inputs=1
2026-09-17T01:32:22.724837Z DEBUG panoptikon::inferio::http: processing local inference predict model=textembed/all-MiniLM-L6-v2 inputs=1
2026-09-17T01:32:22.726398Z DEBUG panoptikon::inferio::http: processing local inference predict model=textembed/all-MiniLM-L6-v2 inputs=1
2026-09-17T01:32:22.728127Z DEBUG panoptikon::inferio::http: processing local inference predict model=textembed/all-MiniLM-L6-v2 inputs=1
2026-09-17T01:32:22.723382Z DEBUG panoptikon::inferio::http: processing local inference predict model=textembed/all-MiniLM-L6-v2 inputs=1
2026-09-17T01:32:22.726535Z DEBUG panoptikon::inferio::http: processing local inference predict model=textembed/all-MiniLM-L6-v2 inputs=1
2026-09-17T01:32:22.725013Z DEBUG panoptikon::inferio::http: processing local inference predict model=textembed/all-MiniLM-L6-v2 inputs=1
2026-09-17T01:32:22.726569Z DEBUG panoptikon::inferio::http: processing local inference predict model=textembed/all-MiniLM-L6-v2 inputs=1
2026-09-17T01:32:22.723573Z DEBUG panoptikon::inferio::http: processing local inference predict model=textembed/all-MiniLM-L6-v2 inputs=1
2026-09-17T01:32:22.728353Z DEBUG panoptikon::inferio::http: processing local inference predict model=textembed/all-MiniLM-L6-v2 inputs=1
2026-09-17T01:32:22.726842Z DEBUG panoptikon::inferio::http: processing local inference predict model=textembed/all-MiniLM-L6-v2 inputs=1
2026-09-17T01:32:22.728409Z DEBUG panoptikon::inferio::http: processing local inference predict model=textembed/all-MiniLM-L6-v2 inputs=1
2026-09-17T01:32:22.728438Z DEBUG panoptikon::inferio::http: processing local inference predict model=textembed/all-MiniLM-L6-v2 inputs=1
2026-09-17T01:32:22.728463Z DEBUG panoptikon::inferio::http: processing local inference predict model=textembed/all-MiniLM-L6-v2 inputs=1
2026-09-17T01:32:22.726987Z DEBUG panoptikon::inferio::http: processing local inference predict model=textembed/all-MiniLM-L6-v2 inputs=1
2026-09-17T01:32:22.728530Z DEBUG panoptikon::inferio::http: processing local inference predict model=textembed/all-MiniLM-L6-v2 inputs=1
2026-09-17T01:32:22.725184Z DEBUG panoptikon::inferio::http: processing local inference predict model=textembed/all-MiniLM-L6-v2 inputs=1
2026-09-17T01:32:22.728589Z DEBUG panoptikon::inferio::http: processing local inference predict model=textembed/all-MiniLM-L6-v2 inputs=1
2026-09-17T01:32:22.727079Z DEBUG panoptikon::inferio::http: processing local inference predict model=textembed/all-MiniLM-L6-v2 inputs=1
2026-09-17T01:32:22.728646Z DEBUG panoptikon::inferio::http: processing local inference predict model=textembed/all-MiniLM-L6-v2 inputs=1
2026-09-17T01:32:22.727149Z DEBUG panoptikon::inferio::http: processing local inference predict model=textembed/all-MiniLM-L6-v2 inputs=1
2026-09-17T01:32:22.728703Z DEBUG panoptikon::inferio::http: processing local inference predict model=textembed/all-MiniLM-L6-v2 inputs=1
2026-09-17T01:32:22.727191Z DEBUG panoptikon::inferio::http: processing local inference predict model=textembed/all-MiniLM-L6-v2 inputs=1
2026-09-17T01:32:22.728765Z DEBUG panoptikon::inferio::http: processing local inference predict model=textembed/all-MiniLM-L6-v2 inputs=1
2026-09-17T01:32:22.725496Z DEBUG panoptikon::inferio::http: processing local inference predict model=textembed/all-MiniLM-L6-v2 inputs=1
2026-09-17T01:32:22.727301Z DEBUG panoptikon::inferio::http: processing local inference predict model=textembed/all-MiniLM-L6-v2 inputs=1
2026-09-17T01:32:22.728860Z DEBUG panoptikon::inferio::http: processing local inference predict model=textembed/all-MiniLM-L6-v2 inputs=1
2026-09-17T01:32:22.727351Z DEBUG panoptikon::inferio::http: processing local inference predict model=textembed/all-MiniLM-L6-v2 inputs=1
2026-09-17T01:32:22.727382Z DEBUG panoptikon::inferio::http: processing local inference predict model=textembed/all-MiniLM-L6-v2 inputs=1
2026-09-17T01:32:22.727424Z DEBUG panoptikon::inferio::http: processing local inference predict model=textembed/all-MiniLM-L6-v2 inputs=1
2026-09-17T01:32:22.728972Z DEBUG panoptikon::inferio::http: processing local inference predict model=textembed/all-MiniLM-L6-v2 inputs=1
2026-09-17T01:32:22.725841Z DEBUG panoptikon::inferio::http: processing local inference predict model=textembed/all-MiniLM-L6-v2 inputs=1
2026-09-17T01:32:22.727568Z DEBUG panoptikon::inferio::http: processing local inference predict model=textembed/all-MiniLM-L6-v2 inputs=1
2026-09-17T01:32:22.727598Z DEBUG panoptikon::inferio::http: processing local inference predict model=textembed/all-MiniLM-L6-v2 inputs=1
2026-09-17T01:32:22.729099Z DEBUG panoptikon::inferio::http: processing local inference predict model=textembed/all-MiniLM-L6-v2 inputs=1
2026-09-17T01:32:22.727681Z DEBUG panoptikon::inferio::http: processing local inference predict model=textembed/all-MiniLM-L6-v2 inputs=1
2026-09-17T01:32:22.729178Z DEBUG panoptikon::inferio::http: processing local inference predict model=textembed/all-MiniLM-L6-v2 inputs=1
2026-09-17T01:32:22.727762Z DEBUG panoptikon::inferio::http: processing local inference predict model=textembed/all-MiniLM-L6-v2 inputs=1
2026-09-17T01:32:22.726040Z  INFO panoptikon::inferio::worker: Batches:   0%|          | 0/1 [00:00<?, ?it/s]Batches: 100%|██████████| 1/1 [00:00<00:00, 31.68it/s] worker=sentence_transformers
2026-09-17T01:32:22.727890Z DEBUG panoptikon::inferio::http: processing local inference predict model=textembed/all-MiniLM-L6-v2 inputs=1
2026-09-17T01:32:22.727909Z DEBUG panoptikon::inferio::http: processing local inference predict model=textembed/all-MiniLM-L6-v2 inputs=1
2026-09-17T01:32:22.729321Z DEBUG panoptikon::inferio::http: processing local inference predict model=textembed/all-MiniLM-L6-v2 inputs=1
2026-09-17T01:32:22.724688Z DEBUG panoptikon::inferio::http: processing local inference predict model=textembed/all-MiniLM-L6-v2 inputs=1
2026-09-17T01:32:22.726370Z DEBUG panoptikon::inferio::http: processing local inference predict model=textembed/all-MiniLM-L6-v2 inputs=1
2026-09-17T01:32:22.729411Z DEBUG panoptikon::inferio::http: processing local inference predict model=textembed/all-MiniLM-L6-v2 inputs=1
2026-09-17T01:32:22.728109Z DEBUG panoptikon::inferio::http: processing local inference predict model=textembed/all-MiniLM-L6-v2 inputs=1
2026-09-17T01:32:22.729470Z DEBUG panoptikon::inferio::http: processing local inference predict model=textembed/all-MiniLM-L6-v2 inputs=1
2026-09-17T01:32:22.728167Z DEBUG panoptikon::inferio::http: processing local inference predict model=textembed/all-MiniLM-L6-v2 inputs=1
2026-09-17T01:32:22.729540Z DEBUG panoptikon::inferio::http: processing local inference predict model=textembed/all-MiniLM-L6-v2 inputs=1
2026-09-17T01:32:22.728228Z DEBUG panoptikon::inferio::http: processing local inference predict model=textembed/all-MiniLM-L6-v2 inputs=1
2026-09-17T01:32:22.729602Z DEBUG panoptikon::inferio::http: processing local inference predict model=textembed/all-MiniLM-L6-v2 inputs=1
2026-09-17T01:32:22.728337Z DEBUG panoptikon::inferio::http: processing local inference predict model=textembed/all-MiniLM-L6-v2 inputs=1
2026-09-17T01:32:22.729676Z DEBUG panoptikon::inferio::http: processing local inference predict model=textembed/all-MiniLM-L6-v2 inputs=1
2026-09-17T01:32:22.726686Z DEBUG panoptikon::inferio::http: processing local inference predict model=textembed/all-MiniLM-L6-v2 inputs=1
2026-09-17T01:32:22.728418Z DEBUG panoptikon::inferio::http: processing local inference predict model=textembed/all-MiniLM-L6-v2 inputs=1
2026-09-17T01:32:22.729761Z DEBUG panoptikon::inferio::http: processing local inference predict model=textembed/all-MiniLM-L6-v2 inputs=1
2026-09-17T01:32:22.728420Z DEBUG panoptikon::inferio::http: processing local inference predict model=textembed/all-MiniLM-L6-v2 inputs=1
2026-09-17T01:32:22.729841Z DEBUG panoptikon::inferio::http: processing local inference predict model=textembed/all-MiniLM-L6-v2 inputs=1
2026-09-17T01:32:22.729869Z DEBUG panoptikon::inferio::http: processing local inference predict model=textembed/all-MiniLM-L6-v2 inputs=1
2026-09-17T01:32:22.728516Z DEBUG panoptikon::inferio::http: processing local inference predict model=textembed/all-MiniLM-L6-v2 inputs=1
2026-09-17T01:32:22.728519Z DEBUG panoptikon::inferio::http: processing local inference predict model=textembed/all-MiniLM-L6-v2 inputs=1
2026-09-17T01:32:22.727012Z DEBUG panoptikon::inferio::http: processing local inference predict model=textembed/all-MiniLM-L6-v2 inputs=1
2026-09-17T01:32:22.730012Z DEBUG panoptikon::inferio::http: processing local inference predict model=textembed/all-MiniLM-L6-v2 inputs=1
2026-09-17T01:32:22.728596Z DEBUG panoptikon::inferio::http: processing local inference predict model=textembed/all-MiniLM-L6-v2 inputs=1
2026-09-17T01:32:22.730078Z DEBUG panoptikon::inferio::http: processing local inference predict model=textembed/all-MiniLM-L6-v2 inputs=1
2026-09-17T01:32:22.730102Z DEBUG panoptikon::inferio::http: processing local inference predict model=textembed/all-MiniLM-L6-v2 inputs=1
2026-09-17T01:32:22.730127Z DEBUG panoptikon::inferio::http: processing local inference predict model=textembed/all-MiniLM-L6-v2 inputs=1
2026-09-17T01:32:22.730156Z DEBUG panoptikon::inferio::http: processing local inference predict model=textembed/all-MiniLM-L6-v2 inputs=1
2026-09-17T01:32:22.728760Z DEBUG panoptikon::inferio::http: processing local inference predict model=textembed/all-MiniLM-L6-v2 inputs=1
2026-09-17T01:32:22.727259Z DEBUG panoptikon::inferio::http: processing local inference predict model=textembed/all-MiniLM-L6-v2 inputs=1
2026-09-17T01:32:22.728810Z DEBUG panoptikon::inferio::http: processing local inference predict model=textembed/all-MiniLM-L6-v2 inputs=1
2026-09-17T01:32:22.728849Z DEBUG panoptikon::inferio::http: processing local inference predict model=textembed/all-MiniLM-L6-v2 inputs=1
2026-09-17T01:32:22.727340Z DEBUG panoptikon::inferio::http: processing local inference predict model=textembed/all-MiniLM-L6-v2 inputs=1
2026-09-17T01:32:22.730339Z DEBUG panoptikon::inferio::http: processing local inference predict model=textembed/all-MiniLM-L6-v2 inputs=1
2026-09-17T01:32:22.728926Z DEBUG panoptikon::inferio::http: processing local inference predict model=textembed/all-MiniLM-L6-v2 inputs=1
2026-09-17T01:32:22.730395Z DEBUG panoptikon::inferio::http: processing local inference predict model=textembed/all-MiniLM-L6-v2 inputs=1
2026-09-17T01:32:22.727501Z DEBUG panoptikon::inferio::http: processing local inference predict model=textembed/all-MiniLM-L6-v2 inputs=1
2026-09-17T01:32:22.729020Z DEBUG panoptikon::inferio::http: processing local inference predict model=textembed/all-MiniLM-L6-v2 inputs=1
2026-09-17T01:32:22.729035Z DEBUG panoptikon::inferio::http: processing local inference predict model=textembed/all-MiniLM-L6-v2 inputs=1
2026-09-17T01:32:22.725957Z DEBUG panoptikon::inferio::http: processing local inference predict model=textembed/all-MiniLM-L6-v2 inputs=1
2026-09-17T01:32:22.729152Z DEBUG panoptikon::inferio::http: processing local inference predict model=textembed/all-MiniLM-L6-v2 inputs=1
2026-09-17T01:32:22.727738Z DEBUG panoptikon::inferio::http: processing local inference predict model=textembed/all-MiniLM-L6-v2 inputs=1
2026-09-17T01:32:22.729187Z DEBUG panoptikon::inferio::http: processing local inference predict model=textembed/all-MiniLM-L6-v2 inputs=1
2026-09-17T01:32:22.730681Z DEBUG panoptikon::inferio::http: processing local inference predict model=textembed/all-MiniLM-L6-v2 inputs=1
2026-09-17T01:32:22.729254Z DEBUG panoptikon::inferio::http: processing local inference predict model=textembed/all-MiniLM-L6-v2 inputs=1
2026-09-17T01:32:22.724659Z DEBUG panoptikon::inferio::http: processing local inference predict model=textembed/all-MiniLM-L6-v2 inputs=1
2026-09-17T01:32:22.730774Z DEBUG panoptikon::inferio::http: processing local inference predict model=textembed/all-MiniLM-L6-v2 inputs=1
2026-09-17T01:32:22.729362Z DEBUG panoptikon::inferio::http: processing local inference predict model=textembed/all-MiniLM-L6-v2 inputs=1
2026-09-17T01:32:22.728059Z DEBUG panoptikon::inferio::http: processing local inference predict model=textembed/all-MiniLM-L6-v2 inputs=1
2026-09-17T01:32:22.729417Z DEBUG panoptikon::inferio::http: processing local inference predict model=textembed/all-MiniLM-L6-v2 inputs=1
2026-09-17T01:32:22.730978Z DEBUG panoptikon::inferio::http: processing local inference predict model=textembed/all-MiniLM-L6-v2 inputs=1
2026-09-17T01:32:22.729470Z DEBUG panoptikon::inferio::http: processing local inference predict model=textembed/all-MiniLM-L6-v2 inputs=1
2026-09-17T01:32:22.731048Z DEBUG panoptikon::inferio::http: processing local inference predict model=textembed/all-MiniLM-L6-v2 inputs=1
2026-09-17T01:32:22.729531Z DEBUG panoptikon::inferio::http: processing local inference predict model=textembed/all-MiniLM-L6-v2 inputs=1
2026-09-17T01:32:22.731111Z DEBUG panoptikon::inferio::http: processing local inference predict model=textembed/all-MiniLM-L6-v2 inputs=1
2026-09-17T01:32:22.731133Z DEBUG panoptikon::inferio::http: processing local inference predict model=textembed/all-MiniLM-L6-v2 inputs=1
2026-09-17T01:32:22.731165Z DEBUG panoptikon::inferio::http: processing local inference predict model=textembed/all-MiniLM-L6-v2 inputs=1
2026-09-17T01:32:22.728344Z DEBUG panoptikon::inferio::http: processing local inference predict model=textembed/all-MiniLM-L6-v2 inputs=1
2026-09-17T01:32:22.729687Z DEBUG panoptikon::inferio::http: processing local inference predict model=textembed/all-MiniLM-L6-v2 inputs=1
2026-09-17T01:32:22.726918Z DEBUG panoptikon::inferio::http: processing local inference predict model=textembed/all-MiniLM-L6-v2 inputs=1
2026-09-17T01:32:22.729780Z DEBUG panoptikon::inferio::http: processing local inference predict model=textembed/all-MiniLM-L6-v2 inputs=1
2026-09-17T01:32:22.729814Z DEBUG panoptikon::inferio::http: processing local inference predict model=textembed/all-MiniLM-L6-v2 inputs=1
2026-09-17T01:32:22.731382Z DEBUG panoptikon::inferio::http: processing local inference predict model=textembed/all-MiniLM-L6-v2 inputs=1
2026-09-17T01:32:22.731409Z DEBUG panoptikon::inferio::http: processing local inference predict model=textembed/all-MiniLM-L6-v2 inputs=1
2026-09-17T01:32:22.729889Z DEBUG panoptikon::inferio::http: processing local inference predict model=textembed/all-MiniLM-L6-v2 inputs=1
2026-09-17T01:32:22.729927Z DEBUG panoptikon::inferio::http: processing local inference predict model=textembed/all-MiniLM-L6-v2 inputs=1
2026-09-17T01:32:22.731499Z DEBUG panoptikon::inferio::http: processing local inference predict model=textembed/all-MiniLM-L6-v2 inputs=1
2026-09-17T01:32:22.731526Z DEBUG panoptikon::inferio::http: processing local inference predict model=textembed/all-MiniLM-L6-v2 inputs=1
2026-09-17T01:32:22.731561Z DEBUG panoptikon::inferio::http: processing local inference predict model=textembed/all-MiniLM-L6-v2 inputs=1
2026-09-17T01:32:22.725360Z DEBUG panoptikon::inferio::http: processing local inference predict model=textembed/all-MiniLM-L6-v2 inputs=1
2026-09-17T01:32:22.731628Z DEBUG panoptikon::inferio::http: processing local inference predict model=textembed/all-MiniLM-L6-v2 inputs=1
2026-09-17T01:32:22.727151Z DEBUG panoptikon::inferio::http: processing local inference predict model=textembed/all-MiniLM-L6-v2 inputs=1
2026-09-17T01:32:22.728755Z DEBUG panoptikon::inferio::http: processing local inference predict model=textembed/all-MiniLM-L6-v2 inputs=1
2026-09-17T01:32:22.730192Z DEBUG panoptikon::inferio::http: processing local inference predict model=textembed/all-MiniLM-L6-v2 inputs=1
2026-09-17T01:32:22.730191Z DEBUG panoptikon::inferio::http: processing local inference predict model=textembed/all-MiniLM-L6-v2 inputs=1
2026-09-17T01:32:22.731777Z DEBUG panoptikon::inferio::http: processing local inference predict model=textembed/all-MiniLM-L6-v2 inputs=1
2026-09-17T01:32:22.730233Z DEBUG panoptikon::inferio::http: processing local inference predict model=textembed/all-MiniLM-L6-v2 inputs=1
2026-09-17T01:32:22.730333Z DEBUG panoptikon::inferio::http: processing local inference predict model=textembed/all-MiniLM-L6-v2 inputs=1
2026-09-17T01:32:22.731858Z DEBUG panoptikon::inferio::http: processing local inference predict model=textembed/all-MiniLM-L6-v2 inputs=1
2026-09-17T01:32:22.728894Z DEBUG panoptikon::inferio::http: processing local inference predict model=textembed/all-MiniLM-L6-v2 inputs=1
2026-09-17T01:32:22.730391Z DEBUG panoptikon::inferio::http: processing local inference predict model=textembed/all-MiniLM-L6-v2 inputs=1
2026-09-17T01:32:22.731955Z DEBUG panoptikon::inferio::http: processing local inference predict model=textembed/all-MiniLM-L6-v2 inputs=1
2026-09-17T01:32:22.730401Z DEBUG panoptikon::inferio::http: processing local inference predict model=textembed/all-MiniLM-L6-v2 inputs=1
2026-09-17T01:32:22.730465Z DEBUG panoptikon::inferio::http: processing local inference predict model=textembed/all-MiniLM-L6-v2 inputs=1
2026-09-17T01:32:22.732043Z DEBUG panoptikon::inferio::http: processing local inference predict model=textembed/all-MiniLM-L6-v2 inputs=1
2026-09-17T01:32:22.732081Z DEBUG panoptikon::inferio::http: processing local inference predict model=textembed/all-MiniLM-L6-v2 inputs=1
2026-09-17T01:32:22.732097Z DEBUG panoptikon::inferio::http: processing local inference predict model=textembed/all-MiniLM-L6-v2 inputs=1
2026-09-17T01:32:22.730594Z DEBUG panoptikon::inferio::http: processing local inference predict model=textembed/all-MiniLM-L6-v2 inputs=1
2026-09-17T01:32:22.730621Z DEBUG panoptikon::inferio::http: processing local inference predict model=textembed/all-MiniLM-L6-v2 inputs=1
2026-09-17T01:32:22.729253Z DEBUG panoptikon::inferio::http: processing local inference predict model=textembed/all-MiniLM-L6-v2 inputs=1
2026-09-17T01:32:22.732222Z DEBUG panoptikon::inferio::http: processing local inference predict model=textembed/all-MiniLM-L6-v2 inputs=1
2026-09-17T01:32:22.730745Z DEBUG panoptikon::inferio::http: processing local inference predict model=textembed/all-MiniLM-L6-v2 inputs=1
2026-09-17T01:32:22.730751Z DEBUG panoptikon::inferio::http: processing local inference predict model=textembed/all-MiniLM-L6-v2 inputs=1
2026-09-17T01:32:22.732310Z DEBUG panoptikon::inferio::http: processing local inference predict model=textembed/all-MiniLM-L6-v2 inputs=1
2026-09-17T01:32:22.732331Z DEBUG panoptikon::inferio::http: processing local inference predict model=textembed/all-MiniLM-L6-v2 inputs=1
2026-09-17T01:32:22.730858Z DEBUG panoptikon::inferio::http: processing local inference predict model=textembed/all-MiniLM-L6-v2 inputs=1
2026-09-17T01:32:22.732387Z DEBUG panoptikon::inferio::http: processing local inference predict model=textembed/all-MiniLM-L6-v2 inputs=1
2026-09-17T01:32:22.732411Z DEBUG panoptikon::inferio::http: processing local inference predict model=textembed/all-MiniLM-L6-v2 inputs=1
2026-09-17T01:32:22.731052Z DEBUG panoptikon::inferio::http: processing local inference predict model=textembed/all-MiniLM-L6-v2 inputs=1
2026-09-17T01:32:22.724898Z DEBUG panoptikon::inferio::http: processing local inference predict model=textembed/all-MiniLM-L6-v2 inputs=1
2026-09-17T01:32:22.732495Z DEBUG panoptikon::inferio::http: processing local inference predict model=textembed/all-MiniLM-L6-v2 inputs=1
2026-09-17T01:32:22.728207Z DEBUG panoptikon::inferio::http: processing local inference predict model=textembed/all-MiniLM-L6-v2 inputs=1
2026-09-17T01:32:22.728296Z DEBUG panoptikon::inferio::http: processing local inference predict model=textembed/all-MiniLM-L6-v2 inputs=1
2026-09-17T01:32:22.732566Z DEBUG panoptikon::inferio::http: processing local inference predict model=textembed/all-MiniLM-L6-v2 inputs=1
2026-09-17T01:32:22.731220Z DEBUG panoptikon::inferio::http: processing local inference predict model=textembed/all-MiniLM-L6-v2 inputs=1
2026-09-17T01:32:22.731257Z DEBUG panoptikon::inferio::http: processing local inference predict model=textembed/all-MiniLM-L6-v2 inputs=1
2026-09-17T01:32:22.732651Z DEBUG panoptikon::inferio::http: processing local inference predict model=textembed/all-MiniLM-L6-v2 inputs=1
2026-09-17T01:32:22.722003Z DEBUG panoptikon::inferio::http: processing local inference predict model=textembed/all-MiniLM-L6-v2 inputs=1
2026-09-17T01:32:22.725245Z DEBUG panoptikon::inferio::http: processing local inference predict model=textembed/all-MiniLM-L6-v2 inputs=1
2026-09-17T01:32:22.731424Z DEBUG panoptikon::inferio::http: processing local inference predict model=textembed/all-MiniLM-L6-v2 inputs=1
2026-09-17T01:32:22.732771Z DEBUG panoptikon::inferio::http: processing local inference predict model=textembed/all-MiniLM-L6-v2 inputs=1
2026-09-17T01:32:22.731492Z DEBUG panoptikon::inferio::http: processing local inference predict model=textembed/all-MiniLM-L6-v2 inputs=1
2026-09-17T01:32:22.729972Z DEBUG panoptikon::inferio::http: processing local inference predict model=textembed/all-MiniLM-L6-v2 inputs=1
2026-09-17T01:32:22.727054Z DEBUG panoptikon::inferio::http: processing local inference predict model=textembed/all-MiniLM-L6-v2 inputs=1
2026-09-17T01:32:22.730051Z DEBUG panoptikon::inferio::http: processing local inference predict model=textembed/all-MiniLM-L6-v2 inputs=1
2026-09-17T01:32:22.731570Z DEBUG panoptikon::inferio::http: processing local inference predict model=textembed/all-MiniLM-L6-v2 inputs=1
2026-09-17T01:32:22.731600Z DEBUG panoptikon::inferio::http: processing local inference predict model=textembed/all-MiniLM-L6-v2 inputs=1
2026-09-17T01:32:22.728689Z DEBUG panoptikon::inferio::http: processing local inference predict model=textembed/all-MiniLM-L6-v2 inputs=1
2026-09-17T01:32:22.731703Z DEBUG panoptikon::inferio::http: processing local inference predict model=textembed/all-MiniLM-L6-v2 inputs=1
2026-09-17T01:32:22.731710Z DEBUG panoptikon::inferio::http: processing local inference predict model=textembed/all-MiniLM-L6-v2 inputs=1
2026-09-17T01:32:22.731806Z DEBUG panoptikon::inferio::http: processing local inference predict model=textembed/all-MiniLM-L6-v2 inputs=1
2026-09-17T01:32:22.733129Z DEBUG panoptikon::inferio::http: processing local inference predict model=textembed/all-MiniLM-L6-v2 inputs=1
2026-09-17T01:32:22.733156Z DEBUG panoptikon::inferio::http: processing local inference predict model=textembed/all-MiniLM-L6-v2 inputs=1
2026-09-17T01:32:22.730346Z DEBUG panoptikon::inferio::http: processing local inference predict model=textembed/all-MiniLM-L6-v2 inputs=1
2026-09-17T01:32:22.731910Z DEBUG panoptikon::inferio::http: processing local inference predict model=textembed/all-MiniLM-L6-v2 inputs=1
2026-09-17T01:32:22.731914Z DEBUG panoptikon::inferio::http: processing local inference predict model=textembed/all-MiniLM-L6-v2 inputs=1
2026-09-17T01:32:22.728973Z DEBUG panoptikon::inferio::http: processing local inference predict model=textembed/all-MiniLM-L6-v2 inputs=1
2026-09-17T01:32:22.730480Z DEBUG panoptikon::inferio::http: processing local inference predict model=textembed/all-MiniLM-L6-v2 inputs=1
2026-09-17T01:32:22.732046Z DEBUG panoptikon::inferio::http: processing local inference predict model=textembed/all-MiniLM-L6-v2 inputs=1
2026-09-17T01:32:22.733409Z DEBUG panoptikon::inferio::http: processing local inference predict model=textembed/all-MiniLM-L6-v2 inputs=1
2026-09-17T01:32:22.730550Z DEBUG panoptikon::inferio::http: processing local inference predict model=textembed/all-MiniLM-L6-v2 inputs=1
2026-09-17T01:32:22.730552Z DEBUG panoptikon::inferio::http: processing local inference predict model=textembed/all-MiniLM-L6-v2 inputs=1
2026-09-17T01:32:22.732140Z DEBUG panoptikon::inferio::http: processing local inference predict model=textembed/all-MiniLM-L6-v2 inputs=1
2026-09-17T01:32:22.732163Z DEBUG panoptikon::inferio::http: processing local inference predict model=textembed/all-MiniLM-L6-v2 inputs=1
2026-09-17T01:32:22.732165Z DEBUG panoptikon::inferio::http: processing local inference predict model=textembed/all-MiniLM-L6-v2 inputs=1
2026-09-17T01:32:22.732211Z DEBUG panoptikon::inferio::http: processing local inference predict model=textembed/all-MiniLM-L6-v2 inputs=1
2026-09-17T01:32:22.733613Z DEBUG panoptikon::inferio::http: processing local inference predict model=textembed/all-MiniLM-L6-v2 inputs=1
2026-09-17T01:32:22.732287Z DEBUG panoptikon::inferio::http: processing local inference predict model=textembed/all-MiniLM-L6-v2 inputs=1
2026-09-17T01:32:22.729350Z DEBUG panoptikon::inferio::http: processing local inference predict model=textembed/all-MiniLM-L6-v2 inputs=1
2026-09-17T01:32:22.730836Z DEBUG panoptikon::inferio::http: processing local inference predict model=textembed/all-MiniLM-L6-v2 inputs=1
2026-09-17T01:32:22.732369Z DEBUG panoptikon::inferio::http: processing local inference predict model=textembed/all-MiniLM-L6-v2 inputs=1
2026-09-17T01:32:22.730905Z DEBUG panoptikon::inferio::http: processing local inference predict model=textembed/all-MiniLM-L6-v2 inputs=1
2026-09-17T01:32:22.733767Z DEBUG panoptikon::inferio::http: processing local inference predict model=textembed/all-MiniLM-L6-v2 inputs=1
2026-09-17T01:32:22.732453Z DEBUG panoptikon::inferio::http: processing local inference predict model=textembed/all-MiniLM-L6-v2 inputs=1
2026-09-17T01:32:22.733821Z DEBUG panoptikon::inferio::http: processing local inference predict model=textembed/all-MiniLM-L6-v2 inputs=1
2026-09-17T01:32:22.729605Z DEBUG panoptikon::inferio::http: processing local inference predict model=textembed/all-MiniLM-L6-v2 inputs=1
2026-09-17T01:32:22.733879Z DEBUG panoptikon::inferio::http: processing local inference predict model=textembed/all-MiniLM-L6-v2 inputs=1
2026-09-17T01:32:22.732598Z DEBUG panoptikon::inferio::http: processing local inference predict model=textembed/all-MiniLM-L6-v2 inputs=1
2026-09-17T01:32:22.733930Z DEBUG panoptikon::inferio::http: processing local inference predict model=textembed/all-MiniLM-L6-v2 inputs=1
2026-09-17T01:32:22.733954Z DEBUG panoptikon::inferio::http: processing local inference predict model=textembed/all-MiniLM-L6-v2 inputs=1
2026-09-17T01:32:22.733974Z DEBUG panoptikon::inferio::http: processing local inference predict model=textembed/all-MiniLM-L6-v2 inputs=1
2026-09-17T01:32:22.733997Z DEBUG panoptikon::inferio::http: processing local inference predict model=textembed/all-MiniLM-L6-v2 inputs=1
2026-09-17T01:32:22.734012Z DEBUG panoptikon::inferio::http: processing local inference predict model=textembed/all-MiniLM-L6-v2 inputs=1
2026-09-17T01:32:22.734033Z DEBUG panoptikon::inferio::http: processing local inference predict model=textembed/all-MiniLM-L6-v2 inputs=1
2026-09-17T01:32:22.731452Z DEBUG panoptikon::inferio::http: processing local inference predict model=textembed/all-MiniLM-L6-v2 inputs=1
2026-09-17T01:32:22.734097Z DEBUG panoptikon::inferio::http: processing local inference predict model=textembed/all-MiniLM-L6-v2 inputs=1
2026-09-17T01:32:22.734119Z DEBUG panoptikon::inferio::http: processing local inference predict model=textembed/all-MiniLM-L6-v2 inputs=1
2026-09-17T01:32:22.732832Z DEBUG panoptikon::inferio::http: processing local inference predict model=textembed/all-MiniLM-L6-v2 inputs=1
2026-09-17T01:32:22.732874Z DEBUG panoptikon::inferio::ledger: refitted the memory cost model model=textembed/all-MiniLM-L6-v2 gpu=CPU slope_mb_per_unit=0.02160435844448619 intercept_mb=71.6545181288747 residual_mb=6.764042832988935 samples=43 version=13
2026-09-17T01:32:22.732896Z DEBUG panoptikon::inferio::http: processing local inference predict model=textembed/all-MiniLM-L6-v2 inputs=1
2026-09-17T01:32:22.732926Z DEBUG panoptikon::inferio::http: processing local inference predict model=textembed/all-MiniLM-L6-v2 inputs=1
2026-09-17T01:32:22.733016Z DEBUG panoptikon::inferio::http: processing local inference predict model=textembed/all-MiniLM-L6-v2 inputs=1
2026-09-17T01:32:22.733053Z DEBUG panoptikon::inferio::http: processing local inference predict model=textembed/all-MiniLM-L6-v2 inputs=1
2026-09-17T01:32:22.733081Z DEBUG panoptikon::inferio::http: processing local inference predict model=textembed/all-MiniLM-L6-v2 inputs=1
2026-09-17T01:32:22.733112Z DEBUG panoptikon::inferio::http: processing local inference predict model=textembed/all-MiniLM-L6-v2 inputs=1
2026-09-17T01:32:22.731808Z DEBUG panoptikon::inferio::http: processing local inference predict model=textembed/all-MiniLM-L6-v2 inputs=1
2026-09-17T01:32:22.731848Z DEBUG panoptikon::inferio::http: processing local inference predict model=textembed/all-MiniLM-L6-v2 inputs=1
2026-09-17T01:32:22.733201Z DEBUG panoptikon::inferio::http: processing local inference predict model=textembed/all-MiniLM-L6-v2 inputs=1
2026-09-17T01:32:22.733202Z DEBUG panoptikon::inferio::http: processing local inference predict model=textembed/all-MiniLM-L6-v2 inputs=1
2026-09-17T01:32:22.733239Z DEBUG panoptikon::inferio::http: processing local inference predict model=textembed/all-MiniLM-L6-v2 inputs=1
2026-09-17T01:32:22.733282Z DEBUG panoptikon::inferio::http: processing local inference predict model=textembed/all-MiniLM-L6-v2 inputs=1
2026-09-17T01:32:22.733357Z DEBUG panoptikon::inferio::http: processing local inference predict model=textembed/all-MiniLM-L6-v2 inputs=1
2026-09-17T01:32:22.734603Z DEBUG panoptikon::inferio::http: processing local inference predict model=textembed/all-MiniLM-L6-v2 inputs=1
2026-09-17T01:32:22.732051Z DEBUG panoptikon::inferio::http: processing local inference predict model=textembed/all-MiniLM-L6-v2 inputs=1
2026-09-17T01:32:22.733443Z DEBUG panoptikon::inferio::http: processing local inference predict model=textembed/all-MiniLM-L6-v2 inputs=1
2026-09-17T01:32:22.734692Z DEBUG panoptikon::inferio::http: processing local inference predict model=textembed/all-MiniLM-L6-v2 inputs=1
2026-09-17T01:32:22.733483Z DEBUG panoptikon::inferio::http: processing local inference predict model=textembed/all-MiniLM-L6-v2 inputs=1
2026-09-17T01:32:22.734750Z DEBUG panoptikon::inferio::http: processing local inference predict model=textembed/all-MiniLM-L6-v2 inputs=1
2026-09-17T01:32:22.733531Z DEBUG panoptikon::inferio::http: processing local inference predict model=textembed/all-MiniLM-L6-v2 inputs=1
2026-09-17T01:32:22.733558Z DEBUG panoptikon::inferio::http: processing local inference predict model=textembed/all-MiniLM-L6-v2 inputs=1
2026-09-17T01:32:22.733563Z DEBUG panoptikon::inferio::http: processing local inference predict model=textembed/all-MiniLM-L6-v2 inputs=1
2026-09-17T01:32:22.734864Z DEBUG panoptikon::inferio::http: processing local inference predict model=textembed/all-MiniLM-L6-v2 inputs=1
2026-09-17T01:32:22.734889Z DEBUG panoptikon::inferio::http: processing local inference predict model=textembed/all-MiniLM-L6-v2 inputs=1
2026-09-17T01:32:22.733683Z DEBUG panoptikon::inferio::http: processing local inference predict model=textembed/all-MiniLM-L6-v2 inputs=1
2026-09-17T01:32:22.733705Z DEBUG panoptikon::inferio::http: processing local inference predict model=textembed/all-MiniLM-L6-v2 inputs=1
2026-09-17T01:32:22.733760Z DEBUG panoptikon::inferio::http: processing local inference predict model=textembed/all-MiniLM-L6-v2 inputs=1
2026-09-17T01:32:22.734996Z DEBUG panoptikon::inferio::http: processing local inference predict model=textembed/all-MiniLM-L6-v2 inputs=1
2026-09-17T01:32:22.732484Z DEBUG panoptikon::inferio::http: processing local inference predict model=textembed/all-MiniLM-L6-v2 inputs=1
2026-09-17T01:32:22.733835Z DEBUG panoptikon::inferio::http: processing local inference predict model=textembed/all-MiniLM-L6-v2 inputs=1
2026-09-17T01:32:22.733860Z DEBUG panoptikon::inferio::http: processing local inference predict model=textembed/all-MiniLM-L6-v2 inputs=1
2026-09-17T01:32:22.731175Z DEBUG panoptikon::inferio::http: processing local inference predict model=textembed/all-MiniLM-L6-v2 inputs=1
2026-09-17T01:32:22.732615Z DEBUG panoptikon::inferio::http: processing local inference predict model=textembed/all-MiniLM-L6-v2 inputs=1
2026-09-17T01:32:22.732638Z DEBUG panoptikon::inferio::http: processing local inference predict model=textembed/all-MiniLM-L6-v2 inputs=1
2026-09-17T01:32:22.731302Z DEBUG panoptikon::inferio::http: processing local inference predict model=textembed/all-MiniLM-L6-v2 inputs=1
2026-09-17T01:32:22.735239Z DEBUG panoptikon::inferio::http: processing local inference predict model=textembed/all-MiniLM-L6-v2 inputs=1
2026-09-17T01:32:22.735266Z DEBUG panoptikon::inferio::http: processing local inference predict model=textembed/all-MiniLM-L6-v2 inputs=1
2026-09-17T01:32:22.734039Z DEBUG panoptikon::inferio::http: processing local inference predict model=textembed/all-MiniLM-L6-v2 inputs=1
2026-09-17T01:32:22.732719Z DEBUG panoptikon::inferio::http: processing local inference predict model=textembed/all-MiniLM-L6-v2 inputs=1
2026-09-17T01:32:22.735343Z DEBUG panoptikon::inferio::http: processing local inference predict model=textembed/all-MiniLM-L6-v2 inputs=1
2026-09-17T01:32:22.734102Z DEBUG panoptikon::inferio::http: processing local inference predict model=textembed/all-MiniLM-L6-v2 inputs=1
2026-09-17T01:32:22.732813Z DEBUG panoptikon::inferio::http: processing local inference predict model=textembed/all-MiniLM-L6-v2 inputs=1
2026-09-17T01:32:22.732814Z DEBUG panoptikon::inferio::http: processing local inference predict model=textembed/all-MiniLM-L6-v2 inputs=1
2026-09-17T01:32:22.734165Z DEBUG panoptikon::inferio::http: processing local inference predict model=textembed/all-MiniLM-L6-v2 inputs=1
2026-09-17T01:32:22.734196Z DEBUG panoptikon::inferio::http: processing local inference predict model=textembed/all-MiniLM-L6-v2 inputs=1
2026-09-17T01:32:22.735511Z DEBUG panoptikon::inferio::http: processing local inference predict model=textembed/all-MiniLM-L6-v2 inputs=1
2026-09-17T01:32:22.735539Z DEBUG panoptikon::inferio::http: processing local inference predict model=textembed/all-MiniLM-L6-v2 inputs=1
2026-09-17T01:32:22.734335Z DEBUG panoptikon::inferio::http: processing local inference predict model=textembed/all-MiniLM-L6-v2 inputs=1
2026-09-17T01:32:22.734335Z DEBUG panoptikon::inferio::http: processing local inference predict model=textembed/all-MiniLM-L6-v2 inputs=1
2026-09-17T01:32:22.735632Z DEBUG panoptikon::inferio::http: processing local inference predict model=textembed/all-MiniLM-L6-v2 inputs=1
2026-09-17T01:32:22.734379Z DEBUG panoptikon::inferio::http: processing local inference predict model=textembed/all-MiniLM-L6-v2 inputs=1
2026-09-17T01:32:22.735686Z DEBUG panoptikon::inferio::http: processing local inference predict model=textembed/all-MiniLM-L6-v2 inputs=1
2026-09-17T01:32:22.734433Z DEBUG panoptikon::inferio::http: processing local inference predict model=textembed/all-MiniLM-L6-v2 inputs=1
2026-09-17T01:32:22.734459Z DEBUG panoptikon::inferio::http: processing local inference predict model=textembed/all-MiniLM-L6-v2 inputs=1
2026-09-17T01:32:22.734461Z DEBUG panoptikon::inferio::http: processing local inference predict model=textembed/all-MiniLM-L6-v2 inputs=1
2026-09-17T01:32:22.734520Z DEBUG panoptikon::inferio::http: processing local inference predict model=textembed/all-MiniLM-L6-v2 inputs=1
2026-09-17T01:32:22.734560Z DEBUG panoptikon::inferio::http: processing local inference predict model=textembed/all-MiniLM-L6-v2 inputs=1
2026-09-17T01:32:22.734603Z DEBUG panoptikon::inferio::http: processing local inference predict model=textembed/all-MiniLM-L6-v2 inputs=1
2026-09-17T01:32:22.735896Z DEBUG panoptikon::inferio::http: processing local inference predict model=textembed/all-MiniLM-L6-v2 inputs=1
2026-09-17T01:32:22.735918Z DEBUG panoptikon::inferio::http: processing local inference predict model=textembed/all-MiniLM-L6-v2 inputs=1
2026-09-17T01:32:22.735938Z DEBUG panoptikon::inferio::http: processing local inference predict model=textembed/all-MiniLM-L6-v2 inputs=1
2026-09-17T01:32:22.735966Z DEBUG panoptikon::inferio::http: processing local inference predict model=textembed/all-MiniLM-L6-v2 inputs=1
2026-09-17T01:32:22.735985Z DEBUG panoptikon::inferio::http: processing local inference predict model=textembed/all-MiniLM-L6-v2 inputs=1
2026-09-17T01:32:22.736010Z DEBUG panoptikon::inferio::http: processing local inference predict model=textembed/all-MiniLM-L6-v2 inputs=1
2026-09-17T01:32:22.736029Z DEBUG panoptikon::inferio::http: processing local inference predict model=textembed/all-MiniLM-L6-v2 inputs=1
2026-09-17T01:32:22.734795Z DEBUG panoptikon::inferio::http: processing local inference predict model=textembed/all-MiniLM-L6-v2 inputs=1
2026-09-17T01:32:22.736110Z DEBUG panoptikon::inferio::http: processing local inference predict model=textembed/all-MiniLM-L6-v2 inputs=1
2026-09-17T01:32:22.730718Z DEBUG panoptikon::inferio::http: processing local inference predict model=textembed/all-MiniLM-L6-v2 inputs=1
2026-09-17T01:32:22.736172Z DEBUG panoptikon::inferio::http: processing local inference predict model=textembed/all-MiniLM-L6-v2 inputs=1
2026-09-17T01:32:22.736206Z DEBUG panoptikon::inferio::http: processing local inference predict model=textembed/all-MiniLM-L6-v2 inputs=1
2026-09-17T01:32:22.734929Z DEBUG panoptikon::inferio::http: processing local inference predict model=textembed/all-MiniLM-L6-v2 inputs=1
2026-09-17T01:32:22.736257Z DEBUG panoptikon::inferio::http: processing local inference predict model=textembed/all-MiniLM-L6-v2 inputs=1
2026-09-17T01:32:22.729469Z DEBUG panoptikon::inferio::http: processing local inference predict model=textembed/all-MiniLM-L6-v2 inputs=1
2026-09-17T01:32:22.735036Z DEBUG panoptikon::inferio::http: processing local inference predict model=textembed/all-MiniLM-L6-v2 inputs=1
2026-09-17T01:32:22.735047Z DEBUG panoptikon::inferio::http: processing local inference predict model=textembed/all-MiniLM-L6-v2 inputs=1
2026-09-17T01:32:22.735062Z DEBUG panoptikon::inferio::http: processing local inference predict model=textembed/all-MiniLM-L6-v2 inputs=1
2026-09-17T01:32:22.736410Z DEBUG panoptikon::inferio::http: processing local inference predict model=textembed/all-MiniLM-L6-v2 inputs=1
2026-09-17T01:32:22.736433Z DEBUG panoptikon::inferio::http: processing local inference predict model=textembed/all-MiniLM-L6-v2 inputs=1
2026-09-17T01:32:22.735211Z DEBUG panoptikon::inferio::http: processing local inference predict model=textembed/all-MiniLM-L6-v2 inputs=1
2026-09-17T01:32:22.736495Z DEBUG panoptikon::inferio::http: processing local inference predict model=textembed/all-MiniLM-L6-v2 inputs=1
2026-09-17T01:32:22.732655Z DEBUG panoptikon::inferio::http: processing local inference predict model=textembed/all-MiniLM-L6-v2 inputs=1
2026-09-17T01:32:22.736557Z DEBUG panoptikon::inferio::http: processing local inference predict model=textembed/all-MiniLM-L6-v2 inputs=1
2026-09-17T01:32:22.735322Z DEBUG panoptikon::inferio::http: processing local inference predict model=textembed/all-MiniLM-L6-v2 inputs=1
2026-09-17T01:32:22.735326Z DEBUG panoptikon::inferio::http: processing local inference predict model=textembed/all-MiniLM-L6-v2 inputs=1
2026-09-17T01:32:22.734070Z DEBUG panoptikon::inferio::http: processing local inference predict model=textembed/all-MiniLM-L6-v2 inputs=1
2026-09-17T01:32:22.735377Z DEBUG panoptikon::inferio::http: processing local inference predict model=textembed/all-MiniLM-L6-v2 inputs=1
2026-09-17T01:32:22.735386Z DEBUG panoptikon::inferio::http: processing local inference predict model=textembed/all-MiniLM-L6-v2 inputs=1
2026-09-17T01:32:22.736713Z DEBUG panoptikon::inferio::http: processing local inference predict model=textembed/all-MiniLM-L6-v2 inputs=1
2026-09-17T01:32:22.736737Z DEBUG panoptikon::inferio::http: processing local inference predict model=textembed/all-MiniLM-L6-v2 inputs=1
2026-09-17T01:32:22.734223Z DEBUG panoptikon::inferio::ledger: declining to read this model's throughput curve: the observations in one batch-size bucket disagree with each other by more than the knee's own decision band, so something outside this ledger was moving throughput while they were taken bucket=7 observations=3 dispersion=0.21146981773879803 threshold=0.2
2026-09-17T01:32:22.734249Z DEBUG panoptikon::inferio::http: processing local inference predict model=textembed/all-MiniLM-L6-v2 inputs=1
2026-09-17T01:32:22.735582Z DEBUG panoptikon::inferio::http: processing local inference predict model=textembed/all-MiniLM-L6-v2 inputs=1
2026-09-17T01:32:22.735615Z DEBUG panoptikon::inferio::http: processing local inference predict model=textembed/all-MiniLM-L6-v2 inputs=1
2026-09-17T01:32:22.734346Z DEBUG panoptikon::inferio::http: processing local inference predict model=textembed/all-MiniLM-L6-v2 inputs=1
2026-09-17T01:32:22.734382Z DEBUG panoptikon::inferio::http: processing local inference predict model=textembed/all-MiniLM-L6-v2 inputs=1
2026-09-17T01:32:22.735693Z DEBUG panoptikon::inferio::http: processing local inference predict model=textembed/all-MiniLM-L6-v2 inputs=1
2026-09-17T01:32:22.735698Z DEBUG panoptikon::inferio::http: processing local inference predict model=textembed/all-MiniLM-L6-v2 inputs=1
2026-09-17T01:32:22.735733Z DEBUG panoptikon::inferio::http: processing local inference predict model=textembed/all-MiniLM-L6-v2 inputs=1
2026-09-17T01:32:22.737046Z DEBUG panoptikon::inferio::http: processing local inference predict model=textembed/all-MiniLM-L6-v2 inputs=1
2026-09-17T01:32:22.735788Z DEBUG panoptikon::inferio::http: processing local inference predict model=textembed/all-MiniLM-L6-v2 inputs=1
2026-09-17T01:32:22.735821Z DEBUG panoptikon::inferio::http: processing local inference predict model=textembed/all-MiniLM-L6-v2 inputs=1
2026-09-17T01:32:22.737133Z DEBUG panoptikon::inferio::http: processing local inference predict model=textembed/all-MiniLM-L6-v2 inputs=1
2026-09-17T01:32:22.733392Z DEBUG panoptikon::inferio::http: processing local inference predict model=textembed/all-MiniLM-L6-v2 inputs=1
2026-09-17T01:32:22.737192Z DEBUG panoptikon::inferio::http: processing local inference predict model=textembed/all-MiniLM-L6-v2 inputs=1
2026-09-17T01:32:22.737213Z DEBUG panoptikon::inferio::http: processing local inference predict model=textembed/all-MiniLM-L6-v2 inputs=1
2026-09-17T01:32:22.734660Z DEBUG panoptikon::inferio::http: processing local inference predict model=textembed/all-MiniLM-L6-v2 inputs=1
2026-09-17T01:32:22.733472Z DEBUG panoptikon::inferio::http: processing local inference predict model=textembed/all-MiniLM-L6-v2 inputs=1
2026-09-17T01:32:22.737300Z DEBUG panoptikon::inferio::http: processing local inference predict model=textembed/all-MiniLM-L6-v2 inputs=1
2026-09-17T01:32:22.733528Z DEBUG panoptikon::inferio::http: processing local inference predict model=textembed/all-MiniLM-L6-v2 inputs=1
2026-09-17T01:32:22.737373Z DEBUG panoptikon::inferio::http: processing local inference predict model=textembed/all-MiniLM-L6-v2 inputs=1
2026-09-17T01:32:22.736050Z DEBUG panoptikon::inferio::http: processing local inference predict model=textembed/all-MiniLM-L6-v2 inputs=1
2026-09-17T01:32:22.734813Z DEBUG panoptikon::inferio::http: processing local inference predict model=textembed/all-MiniLM-L6-v2 inputs=1
2026-09-17T01:32:22.737461Z DEBUG panoptikon::inferio::http: processing local inference predict model=textembed/all-MiniLM-L6-v2 inputs=1
2026-09-17T01:32:22.737483Z DEBUG panoptikon::inferio::http: processing local inference predict model=textembed/all-MiniLM-L6-v2 inputs=1
2026-09-17T01:32:22.734932Z DEBUG panoptikon::inferio::http: processing local inference predict model=textembed/all-MiniLM-L6-v2 inputs=1
2026-09-17T01:32:22.736270Z DEBUG panoptikon::inferio::http: processing local inference predict model=textembed/all-MiniLM-L6-v2 inputs=1
2026-09-17T01:32:22.737568Z DEBUG panoptikon::inferio::http: processing local inference predict model=textembed/all-MiniLM-L6-v2 inputs=1
2026-09-17T01:32:22.737591Z DEBUG panoptikon::inferio::http: processing local inference predict model=textembed/all-MiniLM-L6-v2 inputs=1
2026-09-17T01:32:22.736357Z DEBUG panoptikon::inferio::http: processing local inference predict model=textembed/all-MiniLM-L6-v2 inputs=1
2026-09-17T01:32:22.737654Z DEBUG panoptikon::inferio::http: processing local inference predict model=textembed/all-MiniLM-L6-v2 inputs=1
2026-09-17T01:32:22.735132Z DEBUG panoptikon::inferio::http: processing local inference predict model=textembed/all-MiniLM-L6-v2 inputs=1
2026-09-17T01:32:22.737715Z DEBUG panoptikon::inferio::http: processing local inference predict model=textembed/all-MiniLM-L6-v2 inputs=1
2026-09-17T01:32:22.736444Z DEBUG panoptikon::inferio::http: processing local inference predict model=textembed/all-MiniLM-L6-v2 inputs=1
2026-09-17T01:32:22.735230Z DEBUG panoptikon::inferio::http: processing local inference predict model=textembed/all-MiniLM-L6-v2 inputs=1
2026-09-17T01:32:22.737782Z DEBUG panoptikon::inferio::http: processing local inference predict model=textembed/all-MiniLM-L6-v2 inputs=1
2026-09-17T01:32:22.737803Z DEBUG panoptikon::inferio::http: processing local inference predict model=textembed/all-MiniLM-L6-v2 inputs=1
2026-09-17T01:32:22.736511Z DEBUG panoptikon::inferio::http: processing local inference predict model=textembed/all-MiniLM-L6-v2 inputs=1
2026-09-17T01:32:22.737841Z DEBUG panoptikon::inferio::http: processing local inference predict model=textembed/all-MiniLM-L6-v2 inputs=1
2026-09-17T01:32:22.737861Z DEBUG panoptikon::inferio::http: processing local inference predict model=textembed/all-MiniLM-L6-v2 inputs=1
2026-09-17T01:32:22.736646Z DEBUG panoptikon::inferio::http: processing local inference predict model=textembed/all-MiniLM-L6-v2 inputs=1
2026-09-17T01:32:22.736652Z DEBUG panoptikon::inferio::http: processing local inference predict model=textembed/all-MiniLM-L6-v2 inputs=1
2026-09-17T01:32:22.736668Z DEBUG panoptikon::inferio::http: processing local inference predict model=textembed/all-MiniLM-L6-v2 inputs=1
2026-09-17T01:32:22.735444Z DEBUG panoptikon::inferio::http: processing local inference predict model=textembed/all-MiniLM-L6-v2 inputs=1
2026-09-17T01:32:22.736723Z DEBUG panoptikon::inferio::http: processing local inference predict model=textembed/all-MiniLM-L6-v2 inputs=1
2026-09-17T01:32:22.735499Z DEBUG panoptikon::inferio::http: processing local inference predict model=textembed/all-MiniLM-L6-v2 inputs=1
2026-09-17T01:32:22.736771Z DEBUG panoptikon::inferio::http: processing local inference predict model=textembed/all-MiniLM-L6-v2 inputs=1
2026-09-17T01:32:22.736781Z DEBUG panoptikon::inferio::http: processing local inference predict model=textembed/all-MiniLM-L6-v2 inputs=1
2026-09-17T01:32:22.736799Z DEBUG panoptikon::inferio::ledger: queued a calibration profile update for the store model=textembed/all-MiniLM-L6-v2 gpu=CPU reason="fit_changed" max_units_measured=11020 fit_version=13
2026-09-17T01:32:22.738173Z DEBUG panoptikon::inferio::http: processing local inference predict model=textembed/all-MiniLM-L6-v2 inputs=1
2026-09-17T01:32:22.738188Z DEBUG panoptikon::inferio::ledger: settled a granted window model=textembed/all-MiniLM-L6-v2 gpu=CPU outcome="clean" fit_samples=2 throughput_samples=1 clamped_samples=0 clamped=none ramp_step=7 deflation=0 clean_windows=14 max_units_measured=11020
2026-09-17T01:32:22.736962Z DEBUG panoptikon::inferio::http: processing local inference predict model=textembed/all-MiniLM-L6-v2 inputs=1
2026-09-17T01:32:22.736994Z DEBUG panoptikon::inferio::http: processing local inference predict model=textembed/all-MiniLM-L6-v2 inputs=1
2026-09-17T01:32:22.735767Z DEBUG panoptikon::inferio::http: processing local inference predict model=textembed/all-MiniLM-L6-v2 inputs=1
2026-09-17T01:32:22.737095Z DEBUG panoptikon::inferio::http: processing local inference predict model=textembed/all-MiniLM-L6-v2 inputs=1
2026-09-17T01:32:22.738366Z DEBUG panoptikon::inferio::http: processing local inference predict model=textembed/all-MiniLM-L6-v2 inputs=1
2026-09-17T01:32:22.737119Z DEBUG panoptikon::inferio::http: processing local inference predict model=textembed/all-MiniLM-L6-v2 inputs=1
2026-09-17T01:32:22.738436Z DEBUG panoptikon::inferio::http: processing local inference predict model=textembed/all-MiniLM-L6-v2 inputs=1
2026-09-17T01:32:22.735842Z DEBUG panoptikon::inferio::http: processing local inference predict model=textembed/all-MiniLM-L6-v2 inputs=1
2026-09-17T01:32:22.734636Z DEBUG panoptikon::inferio::http: processing local inference predict model=textembed/all-MiniLM-L6-v2 inputs=1
2026-09-17T01:32:22.735943Z DEBUG panoptikon::inferio::http: processing local inference predict model=textembed/all-MiniLM-L6-v2 inputs=1
2026-09-17T01:32:22.738571Z DEBUG panoptikon::inferio::http: processing local inference predict model=textembed/all-MiniLM-L6-v2 inputs=1
2026-09-17T01:32:22.737257Z DEBUG panoptikon::inferio::http: processing local inference predict model=textembed/all-MiniLM-L6-v2 inputs=1
2026-09-17T01:32:22.734705Z DEBUG panoptikon::inferio::http: processing local inference predict model=textembed/all-MiniLM-L6-v2 inputs=1
2026-09-17T01:32:22.737343Z DEBUG panoptikon::inferio::http: processing local inference predict model=textembed/all-MiniLM-L6-v2 inputs=1
2026-09-17T01:32:22.737345Z DEBUG panoptikon::inferio::http: processing local inference predict model=textembed/all-MiniLM-L6-v2 inputs=1
2026-09-17T01:32:22.738794Z DEBUG panoptikon::inferio::http: processing local inference predict model=textembed/all-MiniLM-L6-v2 inputs=1
2026-09-17T01:32:22.737410Z DEBUG panoptikon::inferio::http: processing local inference predict model=textembed/all-MiniLM-L6-v2 inputs=1
2026-09-17T01:32:22.737441Z DEBUG panoptikon::inferio::http: processing local inference predict model=textembed/all-MiniLM-L6-v2 inputs=1
2026-09-17T01:32:22.734876Z DEBUG panoptikon::inferio::http: processing local inference predict model=textembed/all-MiniLM-L6-v2 inputs=1
2026-09-17T01:32:22.738981Z DEBUG panoptikon::inferio::http: processing local inference predict model=textembed/all-MiniLM-L6-v2 inputs=1
2026-09-17T01:32:22.733680Z DEBUG panoptikon::inferio::http: processing local inference predict model=textembed/all-MiniLM-L6-v2 inputs=1
2026-09-17T01:32:22.739077Z DEBUG panoptikon::inferio::http: processing local inference predict model=textembed/all-MiniLM-L6-v2 inputs=1
2026-09-17T01:32:22.736322Z DEBUG panoptikon::inferio::http: processing local inference predict model=textembed/all-MiniLM-L6-v2 inputs=1
2026-09-17T01:32:22.739153Z DEBUG panoptikon::inferio::http: processing local inference predict model=textembed/all-MiniLM-L6-v2 inputs=1
2026-09-17T01:32:22.739183Z DEBUG panoptikon::inferio::http: processing local inference predict model=textembed/all-MiniLM-L6-v2 inputs=1
2026-09-17T01:32:22.739269Z DEBUG panoptikon::inferio::http: processing local inference predict model=textembed/all-MiniLM-L6-v2 inputs=1
2026-09-17T01:32:22.736383Z DEBUG panoptikon::inferio::http: processing local inference predict model=textembed/all-MiniLM-L6-v2 inputs=1
2026-09-17T01:32:22.737659Z DEBUG panoptikon::inferio::http: processing local inference predict model=textembed/all-MiniLM-L6-v2 inputs=1
2026-09-17T01:32:22.737696Z DEBUG panoptikon::inferio::http: processing local inference predict model=textembed/all-MiniLM-L6-v2 inputs=1
2026-09-17T01:32:22.739415Z DEBUG panoptikon::inferio::http: processing local inference predict model=textembed/all-MiniLM-L6-v2 inputs=1
2026-09-17T01:32:22.737773Z DEBUG panoptikon::inferio::http: processing local inference predict model=textembed/all-MiniLM-L6-v2 inputs=1
2026-09-17T01:32:22.737528Z DEBUG panoptikon::inferio::http: processing local inference predict model=textembed/all-MiniLM-L6-v2 inputs=1
2026-09-17T01:32:22.739597Z DEBUG panoptikon::inferio::http: processing local inference predict model=textembed/all-MiniLM-L6-v2 inputs=1
2026-09-17T01:32:22.739622Z DEBUG panoptikon::inferio::http: processing local inference predict model=textembed/all-MiniLM-L6-v2 inputs=1
2026-09-17T01:32:22.739728Z DEBUG panoptikon::inferio::http: processing local inference predict model=textembed/all-MiniLM-L6-v2 inputs=1
2026-09-17T01:32:22.739812Z DEBUG panoptikon::inferio::http: processing local inference predict model=textembed/all-MiniLM-L6-v2 inputs=1
2026-09-17T01:32:22.737860Z DEBUG panoptikon::inferio::http: processing local inference predict model=textembed/all-MiniLM-L6-v2 inputs=1
2026-09-17T01:32:22.739903Z DEBUG panoptikon::inferio::http: processing local inference predict model=textembed/all-MiniLM-L6-v2 inputs=1
2026-09-17T01:32:22.739980Z DEBUG panoptikon::inferio::http: processing local inference predict model=textembed/all-MiniLM-L6-v2 inputs=1
2026-09-17T01:32:22.740008Z DEBUG panoptikon::inferio::http: processing local inference predict model=textembed/all-MiniLM-L6-v2 inputs=1
2026-09-17T01:32:22.740078Z DEBUG panoptikon::inferio::http: processing local inference predict model=textembed/all-MiniLM-L6-v2 inputs=1
2026-09-17T01:32:22.740104Z DEBUG panoptikon::inferio::http: processing local inference predict model=textembed/all-MiniLM-L6-v2 inputs=1
2026-09-17T01:32:22.737909Z DEBUG panoptikon::inferio::http: processing local inference predict model=textembed/all-MiniLM-L6-v2 inputs=1
2026-09-17T01:32:22.740174Z DEBUG panoptikon::inferio::http: processing local inference predict model=textembed/all-MiniLM-L6-v2 inputs=1
2026-09-17T01:32:22.737897Z DEBUG panoptikon::inferio::http: processing local inference predict model=textembed/all-MiniLM-L6-v2 inputs=1
2026-09-17T01:32:22.740237Z DEBUG panoptikon::inferio::http: processing local inference predict model=textembed/all-MiniLM-L6-v2 inputs=1
2026-09-17T01:32:22.738059Z DEBUG panoptikon::inferio::http: processing local inference predict model=textembed/all-MiniLM-L6-v2 inputs=1
2026-09-17T01:32:22.740306Z DEBUG panoptikon::inferio::http: processing local inference predict model=textembed/all-MiniLM-L6-v2 inputs=1
2026-09-17T01:32:22.740326Z DEBUG panoptikon::inferio::http: processing local inference predict model=textembed/all-MiniLM-L6-v2 inputs=1
2026-09-17T01:32:22.740374Z DEBUG panoptikon::inferio::http: processing local inference predict model=textembed/all-MiniLM-L6-v2 inputs=1
2026-09-17T01:32:22.740405Z DEBUG panoptikon::inferio::http: processing local inference predict model=textembed/all-MiniLM-L6-v2 inputs=1
2026-09-17T01:32:22.740437Z DEBUG panoptikon::inferio::http: processing local inference predict model=textembed/all-MiniLM-L6-v2 inputs=1
2026-09-17T01:32:22.736935Z DEBUG panoptikon::inferio::http: processing local inference predict model=textembed/all-MiniLM-L6-v2 inputs=1
2026-09-17T01:32:22.738249Z DEBUG panoptikon::inferio::http: processing local inference predict model=textembed/all-MiniLM-L6-v2 inputs=1
2026-09-17T01:32:22.740552Z DEBUG panoptikon::inferio::http: processing local inference predict model=textembed/all-MiniLM-L6-v2 inputs=1
2026-09-17T01:32:22.740596Z DEBUG panoptikon::inferio::http: processing local inference predict model=textembed/all-MiniLM-L6-v2 inputs=1
2026-09-17T01:32:22.740629Z DEBUG panoptikon::inferio::http: processing local inference predict model=textembed/all-MiniLM-L6-v2 inputs=1
2026-09-17T01:32:22.740654Z DEBUG panoptikon::inferio::http: processing local inference predict model=textembed/all-MiniLM-L6-v2 inputs=1
2026-09-17T01:32:22.740703Z DEBUG panoptikon::inferio::http: processing local inference predict model=textembed/all-MiniLM-L6-v2 inputs=1
2026-09-17T01:32:22.738461Z DEBUG panoptikon::inferio::http: processing local inference predict model=textembed/all-MiniLM-L6-v2 inputs=1
2026-09-17T01:32:22.737254Z DEBUG panoptikon::inferio::http: processing local inference predict model=textembed/all-MiniLM-L6-v2 inputs=1
2026-09-17T01:32:22.740810Z DEBUG panoptikon::inferio::http: processing local inference predict model=textembed/all-MiniLM-L6-v2 inputs=1
2026-09-17T01:32:22.738632Z DEBUG panoptikon::inferio::http: processing local inference predict model=textembed/all-MiniLM-L6-v2 inputs=1
2026-09-17T01:32:22.740887Z DEBUG panoptikon::inferio::http: processing local inference predict model=textembed/all-MiniLM-L6-v2 inputs=1
2026-09-17T01:32:22.740953Z DEBUG panoptikon::inferio::http: processing local inference predict model=textembed/all-MiniLM-L6-v2 inputs=1
2026-09-17T01:32:22.738592Z DEBUG panoptikon::inferio::http: processing local inference predict model=textembed/all-MiniLM-L6-v2 inputs=1
2026-09-17T01:32:22.741057Z DEBUG panoptikon::inferio::http: processing local inference predict model=textembed/all-MiniLM-L6-v2 inputs=1
2026-09-17T01:32:22.741125Z DEBUG panoptikon::inferio::http: processing local inference predict model=textembed/all-MiniLM-L6-v2 inputs=1
2026-09-17T01:32:22.734759Z DEBUG panoptikon::inferio::http: processing local inference predict model=textembed/all-MiniLM-L6-v2 inputs=1
2026-09-17T01:32:22.741207Z DEBUG panoptikon::inferio::http: processing local inference predict model=textembed/all-MiniLM-L6-v2 inputs=1
2026-09-17T01:32:22.738872Z DEBUG panoptikon::inferio::http: processing local inference predict model=textembed/all-MiniLM-L6-v2 inputs=1
2026-09-17T01:32:22.739056Z DEBUG panoptikon::inferio::http: processing local inference predict model=textembed/all-MiniLM-L6-v2 inputs=1
2026-09-17T01:32:22.741310Z DEBUG panoptikon::inferio::http: processing local inference predict model=textembed/all-MiniLM-L6-v2 inputs=1
2026-09-17T01:32:22.741379Z DEBUG panoptikon::inferio::http: processing local inference predict model=textembed/all-MiniLM-L6-v2 inputs=1
2026-09-17T01:32:22.741394Z DEBUG panoptikon::inferio::http: processing local inference predict model=textembed/all-MiniLM-L6-v2 inputs=1
2026-09-17T01:32:22.741464Z DEBUG panoptikon::inferio::http: processing local inference predict model=textembed/all-MiniLM-L6-v2 inputs=1
2026-09-17T01:32:22.739101Z DEBUG panoptikon::inferio::http: processing local inference predict model=textembed/all-MiniLM-L6-v2 inputs=1
2026-09-17T01:32:22.741585Z DEBUG panoptikon::inferio::http: processing local inference predict model=textembed/all-MiniLM-L6-v2 inputs=1
2026-09-17T01:32:22.741654Z DEBUG panoptikon::inferio::http: processing local inference predict model=textembed/all-MiniLM-L6-v2 inputs=1
2026-09-17T01:32:22.741677Z DEBUG panoptikon::inferio::http: processing local inference predict model=textembed/all-MiniLM-L6-v2 inputs=1
2026-09-17T01:32:22.741729Z DEBUG panoptikon::inferio::http: processing local inference predict model=textembed/all-MiniLM-L6-v2 inputs=1
2026-09-17T01:32:22.741752Z DEBUG panoptikon::inferio::http: processing local inference predict model=textembed/all-MiniLM-L6-v2 inputs=1
2026-09-17T01:32:22.741803Z DEBUG panoptikon::inferio::http: processing local inference predict model=textembed/all-MiniLM-L6-v2 inputs=1
2026-09-17T01:32:22.735195Z DEBUG panoptikon::inferio::http: processing local inference predict model=textembed/all-MiniLM-L6-v2 inputs=1
2026-09-17T01:32:22.741878Z DEBUG panoptikon::inferio::http: processing local inference predict model=textembed/all-MiniLM-L6-v2 inputs=1
2026-09-17T01:32:22.741945Z DEBUG panoptikon::inferio::http: processing local inference predict model=textembed/all-MiniLM-L6-v2 inputs=1
2026-09-17T01:32:22.741972Z DEBUG panoptikon::inferio::http: processing local inference predict model=textembed/all-MiniLM-L6-v2 inputs=1
2026-09-17T01:32:22.742013Z DEBUG panoptikon::inferio::http: processing local inference predict model=textembed/all-MiniLM-L6-v2 inputs=1
2026-09-17T01:32:22.742061Z DEBUG panoptikon::inferio::http: processing local inference predict model=textembed/all-MiniLM-L6-v2 inputs=1
2026-09-17T01:32:22.739274Z DEBUG panoptikon::inferio::http: processing local inference predict model=textembed/all-MiniLM-L6-v2 inputs=1
2026-09-17T01:32:22.737767Z DEBUG panoptikon::inferio::http: processing local inference predict model=textembed/all-MiniLM-L6-v2 inputs=1
2026-09-17T01:32:22.742142Z DEBUG panoptikon::inferio::http: processing local inference predict model=textembed/all-MiniLM-L6-v2 inputs=1
2026-09-17T01:32:22.742174Z DEBUG panoptikon::inferio::http: processing local inference predict model=textembed/all-MiniLM-L6-v2 inputs=1
2026-09-17T01:32:22.739458Z DEBUG panoptikon::inferio::http: processing local inference predict model=textembed/all-MiniLM-L6-v2 inputs=1
2026-09-17T01:32:22.737784Z DEBUG panoptikon::inferio::http: processing local inference predict model=textembed/all-MiniLM-L6-v2 inputs=1
2026-09-17T01:32:22.736500Z DEBUG panoptikon::inferio::http: processing local inference predict model=textembed/all-MiniLM-L6-v2 inputs=1
2026-09-17T01:32:22.742361Z DEBUG panoptikon::inferio::http: processing local inference predict model=textembed/all-MiniLM-L6-v2 inputs=1
2026-09-17T01:32:22.739829Z DEBUG panoptikon::inferio::http: processing local inference predict model=textembed/all-MiniLM-L6-v2 inputs=1
2026-09-17T01:32:22.742433Z DEBUG panoptikon::inferio::http: processing local inference predict model=textembed/all-MiniLM-L6-v2 inputs=1
2026-09-17T01:32:22.739425Z DEBUG panoptikon::inferio::http: processing local inference predict model=textembed/all-MiniLM-L6-v2 inputs=1
2026-09-17T01:32:22.742491Z DEBUG panoptikon::inferio::http: processing local inference predict model=textembed/all-MiniLM-L6-v2 inputs=1
2026-09-17T01:32:22.737904Z DEBUG panoptikon::inferio::http: processing local inference predict model=textembed/all-MiniLM-L6-v2 inputs=1
2026-09-17T01:32:22.742536Z DEBUG panoptikon::inferio::http: processing local inference predict model=textembed/all-MiniLM-L6-v2 inputs=1
2026-09-17T01:32:22.740251Z DEBUG panoptikon::inferio::http: processing local inference predict model=textembed/all-MiniLM-L6-v2 inputs=1
2026-09-17T01:32:22.742602Z DEBUG panoptikon::inferio::http: processing local inference predict model=textembed/all-MiniLM-L6-v2 inputs=1
2026-09-17T01:32:22.742655Z DEBUG panoptikon::inferio::http: processing local inference predict model=textembed/all-MiniLM-L6-v2 inputs=1
2026-09-17T01:32:22.742675Z DEBUG panoptikon::inferio::http: processing local inference predict model=textembed/all-MiniLM-L6-v2 inputs=1
2026-09-17T01:32:22.742720Z DEBUG panoptikon::inferio::http: processing local inference predict model=textembed/all-MiniLM-L6-v2 inputs=1
2026-09-17T01:32:22.738124Z DEBUG panoptikon::inferio::http: processing local inference predict model=textembed/all-MiniLM-L6-v2 inputs=1
2026-09-17T01:32:22.742788Z DEBUG panoptikon::inferio::http: processing local inference predict model=textembed/all-MiniLM-L6-v2 inputs=1
2026-09-17T01:32:22.742879Z DEBUG panoptikon::inferio::http: processing local inference predict model=textembed/all-MiniLM-L6-v2 inputs=1
2026-09-17T01:32:22.742913Z DEBUG panoptikon::inferio::http: processing local inference predict model=textembed/all-MiniLM-L6-v2 inputs=1
2026-09-17T01:32:22.742970Z DEBUG panoptikon::inferio::http: processing local inference predict model=textembed/all-MiniLM-L6-v2 inputs=1
2026-09-17T01:32:22.743020Z DEBUG panoptikon::inferio::http: processing local inference predict model=textembed/all-MiniLM-L6-v2 inputs=1
2026-09-17T01:32:22.743049Z DEBUG panoptikon::inferio::http: processing local inference predict model=textembed/all-MiniLM-L6-v2 inputs=1
2026-09-17T01:32:22.743135Z DEBUG panoptikon::inferio::http: processing local inference predict model=textembed/all-MiniLM-L6-v2 inputs=1
2026-09-17T01:32:22.743230Z DEBUG panoptikon::inferio::http: processing local inference predict model=textembed/all-MiniLM-L6-v2 inputs=1
2026-09-17T01:32:22.743323Z DEBUG panoptikon::inferio::http: processing local inference predict model=textembed/all-MiniLM-L6-v2 inputs=1
2026-09-17T01:32:22.743391Z DEBUG panoptikon::inferio::http: processing local inference predict model=textembed/all-MiniLM-L6-v2 inputs=1
2026-09-17T01:32:22.743456Z DEBUG panoptikon::inferio::http: processing local inference predict model=textembed/all-MiniLM-L6-v2 inputs=1
2026-09-17T01:32:22.743535Z DEBUG panoptikon::inferio::http: processing local inference predict model=textembed/all-MiniLM-L6-v2 inputs=1
2026-09-17T01:32:22.743613Z DEBUG panoptikon::inferio::http: processing local inference predict model=textembed/all-MiniLM-L6-v2 inputs=1
2026-09-17T01:32:22.743689Z DEBUG panoptikon::inferio::http: processing local inference predict model=textembed/all-MiniLM-L6-v2 inputs=1
2026-09-17T01:32:22.743761Z DEBUG panoptikon::inferio::http: processing local inference predict model=textembed/all-MiniLM-L6-v2 inputs=1
2026-09-17T01:32:22.743832Z DEBUG panoptikon::inferio::http: processing local inference predict model=textembed/all-MiniLM-L6-v2 inputs=1
2026-09-17T01:32:22.743899Z DEBUG panoptikon::inferio::http: processing local inference predict model=textembed/all-MiniLM-L6-v2 inputs=1
2026-09-17T01:32:22.743971Z DEBUG panoptikon::inferio::http: processing local inference predict model=textembed/all-MiniLM-L6-v2 inputs=1
2026-09-17T01:32:22.744030Z DEBUG panoptikon::inferio::http: processing local inference predict model=textembed/all-MiniLM-L6-v2 inputs=1
2026-09-17T01:32:22.744087Z DEBUG panoptikon::inferio::http: processing local inference predict model=textembed/all-MiniLM-L6-v2 inputs=1
2026-09-17T01:32:22.744147Z DEBUG panoptikon::inferio::http: processing local inference predict model=textembed/all-MiniLM-L6-v2 inputs=1
2026-09-17T01:32:22.744227Z DEBUG panoptikon::inferio::http: processing local inference predict model=textembed/all-MiniLM-L6-v2 inputs=1
2026-09-17T01:32:22.744308Z DEBUG panoptikon::inferio::http: processing local inference predict model=textembed/all-MiniLM-L6-v2 inputs=1
2026-09-17T01:32:22.744366Z DEBUG panoptikon::inferio::http: processing local inference predict model=textembed/all-MiniLM-L6-v2 inputs=1
2026-09-17T01:32:22.744446Z DEBUG panoptikon::inferio::http: processing local inference predict model=textembed/all-MiniLM-L6-v2 inputs=1
2026-09-17T01:32:22.744518Z DEBUG panoptikon::inferio::http: processing local inference predict model=textembed/all-MiniLM-L6-v2 inputs=1
2026-09-17T01:32:22.744582Z DEBUG panoptikon::inferio::http: processing local inference predict model=textembed/all-MiniLM-L6-v2 inputs=1
2026-09-17T01:32:22.744631Z DEBUG panoptikon::inferio::http: processing local inference predict model=textembed/all-MiniLM-L6-v2 inputs=1
2026-09-17T01:32:22.744679Z DEBUG panoptikon::inferio::http: processing local inference predict model=textembed/all-MiniLM-L6-v2 inputs=1
2026-09-17T01:32:22.744723Z DEBUG panoptikon::inferio::http: processing local inference predict model=textembed/all-MiniLM-L6-v2 inputs=1
2026-09-17T01:32:22.744769Z DEBUG panoptikon::inferio::http: processing local inference predict model=textembed/all-MiniLM-L6-v2 inputs=1
2026-09-17T01:32:22.744821Z DEBUG panoptikon::inferio::http: processing local inference predict model=textembed/all-MiniLM-L6-v2 inputs=1
2026-09-17T01:32:22.744872Z DEBUG panoptikon::inferio::http: processing local inference predict model=textembed/all-MiniLM-L6-v2 inputs=1
2026-09-17T01:32:22.744937Z DEBUG panoptikon::inferio::http: processing local inference predict model=textembed/all-MiniLM-L6-v2 inputs=1
2026-09-17T01:32:22.745000Z DEBUG panoptikon::inferio::http: processing local inference predict model=textembed/all-MiniLM-L6-v2 inputs=1
2026-09-17T01:32:22.745074Z DEBUG panoptikon::inferio::http: processing local inference predict model=textembed/all-MiniLM-L6-v2 inputs=1
2026-09-17T01:32:22.745151Z DEBUG panoptikon::inferio::http: processing local inference predict model=textembed/all-MiniLM-L6-v2 inputs=1
2026-09-17T01:32:22.745222Z DEBUG panoptikon::inferio::http: processing local inference predict model=textembed/all-MiniLM-L6-v2 inputs=1
2026-09-17T01:32:22.745294Z DEBUG panoptikon::inferio::http: processing local inference predict model=textembed/all-MiniLM-L6-v2 inputs=1
2026-09-17T01:32:22.745370Z DEBUG panoptikon::inferio::http: processing local inference predict model=textembed/all-MiniLM-L6-v2 inputs=1
2026-09-17T01:32:22.745427Z DEBUG panoptikon::inferio::http: processing local inference predict model=textembed/all-MiniLM-L6-v2 inputs=1
2026-09-17T01:32:22.745532Z DEBUG panoptikon::inferio::http: processing local inference predict model=textembed/all-MiniLM-L6-v2 inputs=1
2026-09-17T01:32:22.745597Z DEBUG panoptikon::inferio::http: processing local inference predict model=textembed/all-MiniLM-L6-v2 inputs=1
2026-09-17T01:32:22.745652Z DEBUG panoptikon::inferio::http: processing local inference predict model=textembed/all-MiniLM-L6-v2 inputs=1
2026-09-17T01:32:22.745708Z DEBUG panoptikon::inferio::http: processing local inference predict model=textembed/all-MiniLM-L6-v2 inputs=1
2026-09-17T01:32:22.745769Z DEBUG panoptikon::inferio::http: processing local inference predict model=textembed/all-MiniLM-L6-v2 inputs=1
2026-09-17T01:32:22.745819Z DEBUG panoptikon::inferio::http: processing local inference predict model=textembed/all-MiniLM-L6-v2 inputs=1
2026-09-17T01:32:22.745865Z DEBUG panoptikon::inferio::http: processing local inference predict model=textembed/all-MiniLM-L6-v2 inputs=1
2026-09-17T01:32:22.745917Z DEBUG panoptikon::inferio::http: processing local inference predict model=textembed/all-MiniLM-L6-v2 inputs=1
2026-09-17T01:32:22.745972Z DEBUG panoptikon::inferio::http: processing local inference predict model=textembed/all-MiniLM-L6-v2 inputs=1
2026-09-17T01:32:22.746024Z DEBUG panoptikon::inferio::http: processing local inference predict model=textembed/all-MiniLM-L6-v2 inputs=1
2026-09-17T01:32:22.746074Z DEBUG panoptikon::inferio::http: processing local inference predict model=textembed/all-MiniLM-L6-v2 inputs=1
2026-09-17T01:32:22.746112Z DEBUG panoptikon::inferio::http: processing local inference predict model=textembed/all-MiniLM-L6-v2 inputs=1
2026-09-17T01:32:22.746148Z DEBUG panoptikon::inferio::http: processing local inference predict model=textembed/all-MiniLM-L6-v2 inputs=1
2026-09-17T01:32:22.738179Z DEBUG panoptikon::inferio::http: processing local inference predict model=textembed/all-MiniLM-L6-v2 inputs=1
2026-09-17T01:32:22.736872Z DEBUG panoptikon::inferio::http: processing local inference predict model=textembed/all-MiniLM-L6-v2 inputs=1
2026-09-17T01:32:22.746328Z DEBUG panoptikon::inferio::http: processing local inference predict model=textembed/all-MiniLM-L6-v2 inputs=1
2026-09-17T01:32:22.746400Z DEBUG panoptikon::inferio::http: processing local inference predict model=textembed/all-MiniLM-L6-v2 inputs=1
2026-09-17T01:32:22.738182Z DEBUG panoptikon::inferio::http: processing local inference predict model=textembed/all-MiniLM-L6-v2 inputs=1
2026-09-17T01:32:22.746501Z DEBUG panoptikon::inferio::http: processing local inference predict model=textembed/all-MiniLM-L6-v2 inputs=1
2026-09-17T01:32:22.746594Z DEBUG panoptikon::inferio::http: processing local inference predict model=textembed/all-MiniLM-L6-v2 inputs=1
2026-09-17T01:32:22.740503Z DEBUG panoptikon::inferio::http: processing local inference predict model=textembed/all-MiniLM-L6-v2 inputs=1
2026-09-17T01:32:22.746682Z DEBUG panoptikon::inferio::http: processing local inference predict model=textembed/all-MiniLM-L6-v2 inputs=1
2026-09-17T01:32:22.746720Z DEBUG panoptikon::inferio::http: processing local inference predict model=textembed/all-MiniLM-L6-v2 inputs=1
2026-09-17T01:32:22.746758Z DEBUG panoptikon::inferio::http: processing local inference predict model=textembed/all-MiniLM-L6-v2 inputs=1
2026-09-17T01:32:22.737117Z DEBUG panoptikon::inferio::http: processing local inference predict model=textembed/all-MiniLM-L6-v2 inputs=1
2026-09-17T01:32:22.746834Z DEBUG panoptikon::inferio::http: processing local inference predict model=textembed/all-MiniLM-L6-v2 inputs=1
2026-09-17T01:32:22.746873Z DEBUG panoptikon::inferio::http: processing local inference predict model=textembed/all-MiniLM-L6-v2 inputs=1
2026-09-17T01:32:22.746936Z DEBUG panoptikon::inferio::http: processing local inference predict model=textembed/all-MiniLM-L6-v2 inputs=1
2026-09-17T01:32:22.740715Z DEBUG panoptikon::inferio::http: processing local inference predict model=textembed/all-MiniLM-L6-v2 inputs=1
2026-09-17T01:32:22.738340Z DEBUG panoptikon::inferio::http: processing local inference predict model=textembed/all-MiniLM-L6-v2 inputs=1
2026-09-17T01:32:22.747066Z DEBUG panoptikon::inferio::http: processing local inference predict model=textembed/all-MiniLM-L6-v2 inputs=1
2026-09-17T01:32:22.747147Z DEBUG panoptikon::inferio::http: processing local inference predict model=textembed/all-MiniLM-L6-v2 inputs=1
2026-09-17T01:32:22.740898Z DEBUG panoptikon::inferio::http: processing local inference predict model=textembed/all-MiniLM-L6-v2 inputs=1
2026-09-17T01:32:22.747234Z DEBUG panoptikon::inferio::http: processing local inference predict model=textembed/all-MiniLM-L6-v2 inputs=1
2026-09-17T01:32:22.740799Z DEBUG panoptikon::inferio::http: processing local inference predict model=textembed/all-MiniLM-L6-v2 inputs=1
2026-09-17T01:32:22.740968Z DEBUG panoptikon::inferio::http: processing local inference predict model=textembed/all-MiniLM-L6-v2 inputs=1
2026-09-17T01:32:22.738782Z DEBUG panoptikon::inferio::http: processing local inference predict model=textembed/all-MiniLM-L6-v2 inputs=1
2026-09-17T01:32:22.741190Z DEBUG panoptikon::inferio::http: processing local inference predict model=textembed/all-MiniLM-L6-v2 inputs=1
2026-09-17T01:32:22.747434Z DEBUG panoptikon::inferio::http: processing local inference predict model=textembed/all-MiniLM-L6-v2 inputs=1
2026-09-17T01:32:22.741288Z DEBUG panoptikon::inferio::http: processing local inference predict model=textembed/all-MiniLM-L6-v2 inputs=1
2026-09-17T01:32:22.738696Z DEBUG panoptikon::inferio::http: processing local inference predict model=textembed/all-MiniLM-L6-v2 inputs=1
2026-09-17T01:32:22.741390Z DEBUG panoptikon::inferio::http: processing local inference predict model=textembed/all-MiniLM-L6-v2 inputs=1
2026-09-17T01:32:22.736330Z DEBUG panoptikon::inferio::http: processing local inference predict model=textembed/all-MiniLM-L6-v2 inputs=1
2026-09-17T01:32:22.741483Z DEBUG panoptikon::inferio::http: processing local inference predict model=textembed/all-MiniLM-L6-v2 inputs=1
2026-09-17T01:32:22.739273Z DEBUG panoptikon::inferio::http: processing local inference predict model=textembed/all-MiniLM-L6-v2 inputs=1
2026-09-17T01:32:22.747710Z DEBUG panoptikon::inferio::http: processing local inference predict model=textembed/all-MiniLM-L6-v2 inputs=1
2026-09-17T01:32:22.747752Z DEBUG panoptikon::inferio::http: processing local inference predict model=textembed/all-MiniLM-L6-v2 inputs=1
2026-09-17T01:32:22.737646Z DEBUG panoptikon::inferio::http: processing local inference predict model=textembed/all-MiniLM-L6-v2 inputs=1
2026-09-17T01:32:22.742076Z DEBUG panoptikon::inferio::http: processing local inference predict model=textembed/all-MiniLM-L6-v2 inputs=1
2026-09-17T01:32:22.739479Z DEBUG panoptikon::inferio::http: processing local inference predict model=textembed/all-MiniLM-L6-v2 inputs=1
2026-09-17T01:32:22.742216Z DEBUG panoptikon::inferio::http: processing local inference predict model=textembed/all-MiniLM-L6-v2 inputs=1
2026-09-17T01:32:22.742230Z DEBUG panoptikon::inferio::http: processing local inference predict model=textembed/all-MiniLM-L6-v2 inputs=1
2026-09-17T01:32:22.747971Z DEBUG panoptikon::inferio::http: processing local inference predict model=textembed/all-MiniLM-L6-v2 inputs=1
2026-09-17T01:32:22.747989Z DEBUG panoptikon::inferio::http: processing local inference predict model=textembed/all-MiniLM-L6-v2 inputs=1
2026-09-17T01:32:22.742268Z DEBUG panoptikon::inferio::http: processing local inference predict model=textembed/all-MiniLM-L6-v2 inputs=1
2026-09-17T01:32:22.742325Z DEBUG panoptikon::inferio::http: processing local inference predict model=textembed/all-MiniLM-L6-v2 inputs=1
2026-09-17T01:32:22.748112Z DEBUG panoptikon::inferio::http: processing local inference predict model=textembed/all-MiniLM-L6-v2 inputs=1
2026-09-17T01:32:22.736570Z DEBUG panoptikon::inferio::http: processing local inference predict model=textembed/all-MiniLM-L6-v2 inputs=1
2026-09-17T01:32:22.740092Z DEBUG panoptikon::inferio::http: processing local inference predict model=textembed/all-MiniLM-L6-v2 inputs=1
2026-09-17T01:32:22.742476Z DEBUG panoptikon::inferio::http: processing local inference predict model=textembed/all-MiniLM-L6-v2 inputs=1
2026-09-17T01:32:22.742515Z DEBUG panoptikon::inferio::http: processing local inference predict model=textembed/all-MiniLM-L6-v2 inputs=1
2026-09-17T01:32:22.748283Z DEBUG panoptikon::inferio::http: processing local inference predict model=textembed/all-MiniLM-L6-v2 inputs=1
2026-09-17T01:32:22.742571Z DEBUG panoptikon::inferio::http: processing local inference predict model=textembed/all-MiniLM-L6-v2 inputs=1
2026-09-17T01:32:22.748357Z DEBUG panoptikon::inferio::http: processing local inference predict model=textembed/all-MiniLM-L6-v2 inputs=1
2026-09-17T01:32:22.732692Z DEBUG panoptikon::inferio::http: processing local inference predict model=textembed/all-MiniLM-L6-v2 inputs=1
2026-09-17T01:32:22.748408Z DEBUG panoptikon::inferio::http: processing local inference predict model=textembed/all-MiniLM-L6-v2 inputs=1
2026-09-17T01:32:22.738122Z DEBUG panoptikon::inferio::http: processing local inference predict model=textembed/all-MiniLM-L6-v2 inputs=1
2026-09-17T01:32:22.748472Z DEBUG panoptikon::inferio::http: processing local inference predict model=textembed/all-MiniLM-L6-v2 inputs=1
2026-09-17T01:32:22.743233Z DEBUG panoptikon::inferio::http: processing local inference predict model=textembed/all-MiniLM-L6-v2 inputs=1
2026-09-17T01:32:22.738069Z DEBUG panoptikon::inferio::http: processing local inference predict model=textembed/all-MiniLM-L6-v2 inputs=1
2026-09-17T01:32:22.746612Z DEBUG panoptikon::inferio::http: processing local inference predict model=textembed/all-MiniLM-L6-v2 inputs=1
2026-09-17T01:32:22.746767Z DEBUG panoptikon::inferio::http: processing local inference predict model=textembed/all-MiniLM-L6-v2 inputs=1
2026-09-17T01:32:22.746815Z DEBUG panoptikon::inferio::http: processing local inference predict model=textembed/all-MiniLM-L6-v2 inputs=1
2026-09-17T01:32:22.748699Z DEBUG panoptikon::inferio::http: processing local inference predict model=textembed/all-MiniLM-L6-v2 inputs=1
2026-09-17T01:32:22.748727Z DEBUG panoptikon::inferio::http: processing local inference predict model=textembed/all-MiniLM-L6-v2 inputs=1
2026-09-17T01:32:22.747038Z DEBUG panoptikon::inferio::http: processing local inference predict model=textembed/all-MiniLM-L6-v2 inputs=1
2026-09-17T01:32:22.740482Z DEBUG panoptikon::inferio::http: processing local inference predict model=textembed/all-MiniLM-L6-v2 inputs=1
2026-09-17T01:32:22.747157Z DEBUG panoptikon::inferio::http: processing local inference predict model=textembed/all-MiniLM-L6-v2 inputs=1
2026-09-17T01:32:22.738527Z DEBUG panoptikon::inferio::http: processing local inference predict model=textembed/all-MiniLM-L6-v2 inputs=1
2026-09-17T01:32:22.748885Z DEBUG panoptikon::inferio::http: processing local inference predict model=textembed/all-MiniLM-L6-v2 inputs=1
2026-09-17T01:32:22.738410Z DEBUG panoptikon::inferio::http: processing local inference predict model=textembed/all-MiniLM-L6-v2 inputs=1
2026-09-17T01:32:22.738692Z DEBUG panoptikon::inferio::http: processing local inference predict model=textembed/all-MiniLM-L6-v2 inputs=1
2026-09-17T01:32:22.747319Z DEBUG panoptikon::inferio::http: processing local inference predict model=textembed/all-MiniLM-L6-v2 inputs=1
2026-09-17T01:32:22.749051Z DEBUG panoptikon::inferio::http: processing local inference predict model=textembed/all-MiniLM-L6-v2 inputs=1
2026-09-17T01:32:22.738810Z DEBUG panoptikon::inferio::http: processing local inference predict model=textembed/all-MiniLM-L6-v2 inputs=1
2026-09-17T01:32:22.747540Z DEBUG panoptikon::inferio::http: processing local inference predict model=textembed/all-MiniLM-L6-v2 inputs=1
2026-09-17T01:32:22.749149Z DEBUG panoptikon::inferio::http: processing local inference predict model=textembed/all-MiniLM-L6-v2 inputs=1
2026-09-17T01:32:22.749179Z DEBUG panoptikon::inferio::http: processing local inference predict model=textembed/all-MiniLM-L6-v2 inputs=1
2026-09-17T01:32:22.749220Z DEBUG panoptikon::inferio::http: processing local inference predict model=textembed/all-MiniLM-L6-v2 inputs=1
2026-09-17T01:32:22.749240Z DEBUG panoptikon::inferio::http: processing local inference predict model=textembed/all-MiniLM-L6-v2 inputs=1
2026-09-17T01:32:22.747760Z DEBUG panoptikon::inferio::http: processing local inference predict model=textembed/all-MiniLM-L6-v2 inputs=1
2026-09-17T01:32:22.749303Z DEBUG panoptikon::inferio::http: processing local inference predict model=textembed/all-MiniLM-L6-v2 inputs=1
2026-09-17T01:32:22.749318Z DEBUG panoptikon::inferio::http: processing local inference predict model=textembed/all-MiniLM-L6-v2 inputs=1
2026-09-17T01:32:22.741816Z DEBUG panoptikon::inferio::http: processing local inference predict model=textembed/all-MiniLM-L6-v2 inputs=1
2026-09-17T01:32:22.747800Z DEBUG panoptikon::inferio::http: processing local inference predict model=textembed/all-MiniLM-L6-v2 inputs=1
2026-09-17T01:32:22.747868Z DEBUG panoptikon::inferio::http: processing local inference predict model=textembed/all-MiniLM-L6-v2 inputs=1
2026-09-17T01:32:22.747922Z DEBUG panoptikon::inferio::http: processing local inference predict model=textembed/all-MiniLM-L6-v2 inputs=1
2026-09-17T01:32:22.748031Z DEBUG panoptikon::inferio::http: processing local inference predict model=textembed/all-MiniLM-L6-v2 inputs=1
2026-09-17T01:32:22.749545Z DEBUG panoptikon::inferio::http: processing local inference predict model=textembed/all-MiniLM-L6-v2 inputs=1
2026-09-17T01:32:22.749575Z DEBUG panoptikon::inferio::http: processing local inference predict model=textembed/all-MiniLM-L6-v2 inputs=1
2026-09-17T01:32:22.739480Z DEBUG panoptikon::inferio::http: processing local inference predict model=textembed/all-MiniLM-L6-v2 inputs=1
2026-09-17T01:32:22.749643Z DEBUG panoptikon::inferio::http: processing local inference predict model=textembed/all-MiniLM-L6-v2 inputs=1
2026-09-17T01:32:22.748189Z DEBUG panoptikon::inferio::http: processing local inference predict model=textembed/all-MiniLM-L6-v2 inputs=1
2026-09-17T01:32:22.749698Z DEBUG panoptikon::inferio::http: processing local inference predict model=textembed/all-MiniLM-L6-v2 inputs=1
2026-09-17T01:32:22.749717Z DEBUG panoptikon::inferio::http: processing local inference predict model=textembed/all-MiniLM-L6-v2 inputs=1
2026-09-17T01:32:22.740254Z DEBUG panoptikon::inferio::http: processing local inference predict model=textembed/all-MiniLM-L6-v2 inputs=1
2026-09-17T01:32:22.749776Z DEBUG panoptikon::inferio::http: processing local inference predict model=textembed/all-MiniLM-L6-v2 inputs=1
2026-09-17T01:32:22.742582Z DEBUG panoptikon::inferio::http: processing local inference predict model=textembed/all-MiniLM-L6-v2 inputs=1
2026-09-17T01:32:22.748368Z DEBUG panoptikon::inferio::http: processing local inference predict model=textembed/all-MiniLM-L6-v2 inputs=1
2026-09-17T01:32:22.748386Z DEBUG panoptikon::inferio::http: processing local inference predict model=textembed/all-MiniLM-L6-v2 inputs=1
2026-09-17T01:32:22.738101Z DEBUG panoptikon::inferio::http: processing local inference predict model=textembed/all-MiniLM-L6-v2 inputs=1
2026-09-17T01:32:22.748423Z DEBUG panoptikon::inferio::http: processing local inference predict model=textembed/all-MiniLM-L6-v2 inputs=1
2026-09-17T01:32:22.749960Z DEBUG panoptikon::inferio::http: processing local inference predict model=textembed/all-MiniLM-L6-v2 inputs=1
2026-09-17T01:32:22.742735Z DEBUG panoptikon::inferio::http: processing local inference predict model=textembed/all-MiniLM-L6-v2 inputs=1
2026-09-17T01:32:22.750025Z DEBUG panoptikon::inferio::http: processing local inference predict model=textembed/all-MiniLM-L6-v2 inputs=1
2026-09-17T01:32:22.750062Z DEBUG panoptikon::inferio::http: processing local inference predict model=textembed/all-MiniLM-L6-v2 inputs=1
2026-09-17T01:32:22.748611Z DEBUG panoptikon::inferio::http: processing local inference predict model=textembed/all-MiniLM-L6-v2 inputs=1
2026-09-17T01:32:22.748614Z DEBUG panoptikon::inferio::http: processing local inference predict model=textembed/all-MiniLM-L6-v2 inputs=1
2026-09-17T01:32:22.748706Z DEBUG panoptikon::inferio::http: processing local inference predict model=textembed/all-MiniLM-L6-v2 inputs=1
2026-09-17T01:32:22.750176Z DEBUG panoptikon::inferio::http: processing local inference predict model=textembed/all-MiniLM-L6-v2 inputs=1
2026-09-17T01:32:22.746948Z DEBUG panoptikon::inferio::http: processing local inference predict model=textembed/all-MiniLM-L6-v2 inputs=1
2026-09-17T01:32:22.750221Z DEBUG panoptikon::inferio::http: processing local inference predict model=textembed/all-MiniLM-L6-v2 inputs=1
2026-09-17T01:32:22.750246Z DEBUG panoptikon::inferio::http: processing local inference predict model=textembed/all-MiniLM-L6-v2 inputs=1
2026-09-17T01:32:22.750271Z DEBUG panoptikon::inferio::http: processing local inference predict model=textembed/all-MiniLM-L6-v2 inputs=1
2026-09-17T01:32:22.740901Z DEBUG panoptikon::inferio::http: processing local inference predict model=textembed/all-MiniLM-L6-v2 inputs=1
2026-09-17T01:32:22.748936Z DEBUG panoptikon::inferio::http: processing local inference predict model=textembed/all-MiniLM-L6-v2 inputs=1
2026-09-17T01:32:22.738636Z DEBUG panoptikon::inferio::http: processing local inference predict model=textembed/all-MiniLM-L6-v2 inputs=1
2026-09-17T01:32:22.748947Z DEBUG panoptikon::inferio::http: processing local inference predict model=textembed/all-MiniLM-L6-v2 inputs=1
2026-09-17T01:32:22.749036Z DEBUG panoptikon::inferio::http: processing local inference predict model=textembed/all-MiniLM-L6-v2 inputs=1
2026-09-17T01:32:22.747350Z DEBUG panoptikon::inferio::http: processing local inference predict model=textembed/all-MiniLM-L6-v2 inputs=1
2026-09-17T01:32:22.749069Z DEBUG panoptikon::inferio::http: processing local inference predict model=textembed/all-MiniLM-L6-v2 inputs=1
2026-09-17T01:32:22.750526Z DEBUG panoptikon::inferio::http: processing local inference predict model=textembed/all-MiniLM-L6-v2 inputs=1
2026-09-17T01:32:22.747603Z DEBUG panoptikon::inferio::http: processing local inference predict model=textembed/all-MiniLM-L6-v2 inputs=1
2026-09-17T01:32:22.749186Z DEBUG panoptikon::inferio::http: processing local inference predict model=textembed/all-MiniLM-L6-v2 inputs=1
2026-09-17T01:32:22.750619Z DEBUG panoptikon::inferio::http: processing local inference predict model=textembed/all-MiniLM-L6-v2 inputs=1
2026-09-17T01:32:22.750658Z DEBUG panoptikon::inferio::http: processing local inference predict model=textembed/all-MiniLM-L6-v2 inputs=1
2026-09-17T01:32:22.749323Z DEBUG panoptikon::inferio::http: processing local inference predict model=textembed/all-MiniLM-L6-v2 inputs=1
2026-09-17T01:32:22.747761Z DEBUG panoptikon::inferio::http: processing local inference predict model=textembed/all-MiniLM-L6-v2 inputs=1
2026-09-17T01:32:22.749367Z DEBUG panoptikon::inferio::http: processing local inference predict model=textembed/all-MiniLM-L6-v2 inputs=1
2026-09-17T01:32:22.749447Z DEBUG panoptikon::inferio::http: processing local inference predict model=textembed/all-MiniLM-L6-v2 inputs=1
2026-09-17T01:32:22.749489Z DEBUG panoptikon::inferio::http: processing local inference predict model=textembed/all-MiniLM-L6-v2 inputs=1
2026-09-17T01:32:22.749514Z DEBUG panoptikon::inferio::http: processing local inference predict model=textembed/all-MiniLM-L6-v2 inputs=1
2026-09-17T01:32:22.748032Z DEBUG panoptikon::inferio::http: processing local inference predict model=textembed/all-MiniLM-L6-v2 inputs=1
2026-09-17T01:32:22.750997Z DEBUG panoptikon::inferio::http: processing local inference predict model=textembed/all-MiniLM-L6-v2 inputs=1
2026-09-17T01:32:22.751032Z DEBUG panoptikon::inferio::http: processing local inference predict model=textembed/all-MiniLM-L6-v2 inputs=1
2026-09-17T01:32:22.748147Z DEBUG panoptikon::inferio::http: processing local inference predict model=textembed/all-MiniLM-L6-v2 inputs=1
2026-09-17T01:32:22.751118Z DEBUG panoptikon::inferio::http: processing local inference predict model=textembed/all-MiniLM-L6-v2 inputs=1
2026-09-17T01:32:22.749655Z DEBUG panoptikon::inferio::http: processing local inference predict model=textembed/all-MiniLM-L6-v2 inputs=1
2026-09-17T01:32:22.751216Z DEBUG panoptikon::inferio::http: processing local inference predict model=textembed/all-MiniLM-L6-v2 inputs=1
2026-09-17T01:32:22.751256Z DEBUG panoptikon::inferio::http: processing local inference predict model=textembed/all-MiniLM-L6-v2 inputs=1
2026-09-17T01:32:22.749766Z DEBUG panoptikon::inferio::http: processing local inference predict model=textembed/all-MiniLM-L6-v2 inputs=1
2026-09-17T01:32:22.751377Z DEBUG panoptikon::inferio::http: processing local inference predict model=textembed/all-MiniLM-L6-v2 inputs=1
2026-09-17T01:32:22.751420Z DEBUG panoptikon::inferio::http: processing local inference predict model=textembed/all-MiniLM-L6-v2 inputs=1
2026-09-17T01:32:22.751501Z DEBUG panoptikon::inferio::http: processing local inference predict model=textembed/all-MiniLM-L6-v2 inputs=1
2026-09-17T01:32:22.751579Z DEBUG panoptikon::inferio::http: processing local inference predict model=textembed/all-MiniLM-L6-v2 inputs=1
2026-09-17T01:32:22.751605Z DEBUG panoptikon::inferio::http: processing local inference predict model=textembed/all-MiniLM-L6-v2 inputs=1
2026-09-17T01:32:22.751674Z DEBUG panoptikon::inferio::http: processing local inference predict model=textembed/all-MiniLM-L6-v2 inputs=1
2026-09-17T01:32:22.748337Z DEBUG panoptikon::inferio::http: processing local inference predict model=textembed/all-MiniLM-L6-v2 inputs=1
2026-09-17T01:32:22.751934Z DEBUG panoptikon::inferio::http: processing local inference predict model=textembed/all-MiniLM-L6-v2 inputs=1
2026-09-17T01:32:22.752111Z DEBUG panoptikon::inferio::http: processing local inference predict model=textembed/all-MiniLM-L6-v2 inputs=1
2026-09-17T01:32:22.752168Z DEBUG panoptikon::inferio::http: processing local inference predict model=textembed/all-MiniLM-L6-v2 inputs=1
2026-09-17T01:32:22.752293Z DEBUG panoptikon::inferio::http: processing local inference predict model=textembed/all-MiniLM-L6-v2 inputs=1
2026-09-17T01:32:22.752384Z DEBUG panoptikon::inferio::http: processing local inference predict model=textembed/all-MiniLM-L6-v2 inputs=1
2026-09-17T01:32:22.749832Z DEBUG panoptikon::inferio::http: processing local inference predict model=textembed/all-MiniLM-L6-v2 inputs=1
2026-09-17T01:32:22.749860Z DEBUG panoptikon::inferio::http: processing local inference predict model=textembed/all-MiniLM-L6-v2 inputs=1
2026-09-17T01:32:22.752503Z DEBUG panoptikon::inferio::http: processing local inference predict model=textembed/all-MiniLM-L6-v2 inputs=1
2026-09-17T01:32:22.749904Z DEBUG panoptikon::inferio::http: processing local inference predict model=textembed/all-MiniLM-L6-v2 inputs=1
2026-09-17T01:32:22.748460Z DEBUG panoptikon::inferio::http: processing local inference predict model=textembed/all-MiniLM-L6-v2 inputs=1
2026-09-17T01:32:22.749981Z DEBUG panoptikon::inferio::http: processing local inference predict model=textembed/all-MiniLM-L6-v2 inputs=1
2026-09-17T01:32:22.752679Z DEBUG panoptikon::inferio::http: processing local inference predict model=textembed/all-MiniLM-L6-v2 inputs=1
2026-09-17T01:32:22.752738Z DEBUG panoptikon::inferio::http: processing local inference predict model=textembed/all-MiniLM-L6-v2 inputs=1
2026-09-17T01:32:22.748581Z DEBUG panoptikon::inferio::http: processing local inference predict model=textembed/all-MiniLM-L6-v2 inputs=1
2026-09-17T01:32:22.750025Z DEBUG panoptikon::inferio::http: processing local inference predict model=textembed/all-MiniLM-L6-v2 inputs=1
2026-09-17T01:32:22.752847Z DEBUG panoptikon::inferio::http: processing local inference predict model=textembed/all-MiniLM-L6-v2 inputs=1
2026-09-17T01:32:22.752908Z DEBUG panoptikon::inferio::http: processing local inference predict model=textembed/all-MiniLM-L6-v2 inputs=1
2026-09-17T01:32:22.752945Z DEBUG panoptikon::inferio::http: processing local inference predict model=textembed/all-MiniLM-L6-v2 inputs=1
2026-09-17T01:32:22.752962Z DEBUG panoptikon::inferio::http: processing local inference predict model=textembed/all-MiniLM-L6-v2 inputs=1
2026-09-17T01:32:22.752976Z DEBUG panoptikon::inferio::http: processing local inference predict model=textembed/all-MiniLM-L6-v2 inputs=1
2026-09-17T01:32:22.753047Z DEBUG panoptikon::inferio::http: processing local inference predict model=textembed/all-MiniLM-L6-v2 inputs=1
2026-09-17T01:32:22.750175Z DEBUG panoptikon::inferio::http: processing local inference predict model=textembed/all-MiniLM-L6-v2 inputs=1
2026-09-17T01:32:22.748793Z DEBUG panoptikon::inferio::http: processing local inference predict model=textembed/all-MiniLM-L6-v2 inputs=1
2026-09-17T01:32:22.750145Z DEBUG panoptikon::inferio::http: processing local inference predict model=textembed/all-MiniLM-L6-v2 inputs=1
2026-09-17T01:32:22.750252Z DEBUG panoptikon::inferio::http: processing local inference predict model=textembed/all-MiniLM-L6-v2 inputs=1
2026-09-17T01:32:22.748867Z DEBUG panoptikon::inferio::http: processing local inference predict model=textembed/all-MiniLM-L6-v2 inputs=1
2026-09-17T01:32:22.750279Z DEBUG panoptikon::inferio::http: processing local inference predict model=textembed/all-MiniLM-L6-v2 inputs=1
2026-09-17T01:32:22.753294Z DEBUG panoptikon::inferio::http: processing local inference predict model=textembed/all-MiniLM-L6-v2 inputs=1
2026-09-17T01:32:22.753333Z DEBUG panoptikon::inferio::http: processing local inference predict model=textembed/all-MiniLM-L6-v2 inputs=1
2026-09-17T01:32:22.750409Z DEBUG panoptikon::inferio::http: processing local inference predict model=textembed/all-MiniLM-L6-v2 inputs=1
2026-09-17T01:32:22.750414Z DEBUG panoptikon::inferio::http: processing local inference predict model=textembed/all-MiniLM-L6-v2 inputs=1
2026-09-17T01:32:22.750468Z DEBUG panoptikon::inferio::http: processing local inference predict model=textembed/all-MiniLM-L6-v2 inputs=1
2026-09-17T01:32:22.750503Z DEBUG panoptikon::inferio::http: processing local inference predict model=textembed/all-MiniLM-L6-v2 inputs=1
2026-09-17T01:32:22.753532Z DEBUG panoptikon::inferio::http: processing local inference predict model=textembed/all-MiniLM-L6-v2 inputs=1
2026-09-17T01:32:22.750564Z DEBUG panoptikon::inferio::http: processing local inference predict model=textembed/all-MiniLM-L6-v2 inputs=1
2026-09-17T01:32:22.753611Z DEBUG panoptikon::inferio::http: processing local inference predict model=textembed/all-MiniLM-L6-v2 inputs=1
2026-09-17T01:32:22.753641Z DEBUG panoptikon::inferio::http: processing local inference predict model=textembed/all-MiniLM-L6-v2 inputs=1
2026-09-17T01:32:22.750663Z DEBUG panoptikon::inferio::http: processing local inference predict model=textembed/all-MiniLM-L6-v2 inputs=1
2026-09-17T01:32:22.753710Z DEBUG panoptikon::inferio::http: processing local inference predict model=textembed/all-MiniLM-L6-v2 inputs=1
2026-09-17T01:32:22.753735Z DEBUG panoptikon::inferio::http: processing local inference predict model=textembed/all-MiniLM-L6-v2 inputs=1
2026-09-17T01:32:22.753771Z DEBUG panoptikon::inferio::http: processing local inference predict model=textembed/all-MiniLM-L6-v2 inputs=1
2026-09-17T01:32:22.750804Z DEBUG panoptikon::inferio::http: processing local inference predict model=textembed/all-MiniLM-L6-v2 inputs=1
2026-09-17T01:32:22.753850Z DEBUG panoptikon::inferio::http: processing local inference predict model=textembed/all-MiniLM-L6-v2 inputs=1
2026-09-17T01:32:22.750857Z DEBUG panoptikon::inferio::http: processing local inference predict model=textembed/all-MiniLM-L6-v2 inputs=1
2026-09-17T01:32:22.753915Z DEBUG panoptikon::inferio::http: processing local inference predict model=textembed/all-MiniLM-L6-v2 inputs=1
2026-09-17T01:32:22.748068Z DEBUG panoptikon::inferio::http: processing local inference predict model=textembed/all-MiniLM-L6-v2 inputs=1
2026-09-17T01:32:22.753981Z DEBUG panoptikon::inferio::http: processing local inference predict model=textembed/all-MiniLM-L6-v2 inputs=1
2026-09-17T01:32:22.751118Z DEBUG panoptikon::inferio::http: processing local inference predict model=textembed/all-MiniLM-L6-v2 inputs=1
2026-09-17T01:32:22.754045Z DEBUG panoptikon::inferio::http: processing local inference predict model=textembed/all-MiniLM-L6-v2 inputs=1
2026-09-17T01:32:22.748291Z DEBUG panoptikon::inferio::http: processing local inference predict model=textembed/all-MiniLM-L6-v2 inputs=1
2026-09-17T01:32:22.754102Z DEBUG panoptikon::inferio::http: processing local inference predict model=textembed/all-MiniLM-L6-v2 inputs=1
2026-09-17T01:32:22.751275Z DEBUG panoptikon::inferio::http: processing local inference predict model=textembed/all-MiniLM-L6-v2 inputs=1
2026-09-17T01:32:22.751320Z DEBUG panoptikon::inferio::http: processing local inference predict model=textembed/all-MiniLM-L6-v2 inputs=1
2026-09-17T01:32:22.749758Z DEBUG panoptikon::inferio::http: processing local inference predict model=textembed/all-MiniLM-L6-v2 inputs=1
2026-09-17T01:32:22.751771Z DEBUG panoptikon::inferio::http: processing local inference predict model=textembed/all-MiniLM-L6-v2 inputs=1
2026-09-17T01:32:22.752474Z DEBUG panoptikon::inferio::http: processing local inference predict model=textembed/all-MiniLM-L6-v2 inputs=1
2026-09-17T01:32:22.754341Z DEBUG panoptikon::inferio::http: processing local inference predict model=textembed/all-MiniLM-L6-v2 inputs=1
2026-09-17T01:32:22.752598Z DEBUG panoptikon::inferio::http: processing local inference predict model=textembed/all-MiniLM-L6-v2 inputs=1
2026-09-17T01:32:22.752743Z DEBUG panoptikon::inferio::http: processing local inference predict model=textembed/all-MiniLM-L6-v2 inputs=1
2026-09-17T01:32:22.752789Z DEBUG panoptikon::inferio::http: processing local inference predict model=textembed/all-MiniLM-L6-v2 inputs=1
2026-09-17T01:32:22.754483Z DEBUG panoptikon::inferio::http: processing local inference predict model=textembed/all-MiniLM-L6-v2 inputs=1
2026-09-17T01:32:22.750064Z DEBUG panoptikon::inferio::http: processing local inference predict model=textembed/all-MiniLM-L6-v2 inputs=1
2026-09-17T01:32:22.753054Z DEBUG panoptikon::inferio::http: processing local inference predict model=textembed/all-MiniLM-L6-v2 inputs=1
2026-09-17T01:32:22.754562Z DEBUG panoptikon::inferio::http: processing local inference predict model=textembed/all-MiniLM-L6-v2 inputs=1
2026-09-17T01:32:22.753060Z DEBUG panoptikon::inferio::http: processing local inference predict model=textembed/all-MiniLM-L6-v2 inputs=1
2026-09-17T01:32:22.753133Z DEBUG panoptikon::inferio::http: processing local inference predict model=textembed/all-MiniLM-L6-v2 inputs=1
2026-09-17T01:32:22.748808Z DEBUG panoptikon::inferio::http: processing local inference predict model=textembed/all-MiniLM-L6-v2 inputs=1
2026-09-17T01:32:22.754680Z DEBUG panoptikon::inferio::http: processing local inference predict model=textembed/all-MiniLM-L6-v2 inputs=1
2026-09-17T01:32:22.754704Z DEBUG panoptikon::inferio::http: processing local inference predict model=textembed/all-MiniLM-L6-v2 inputs=1
2026-09-17T01:32:22.753297Z DEBUG panoptikon::inferio::http: processing local inference predict model=textembed/all-MiniLM-L6-v2 inputs=1
2026-09-17T01:32:22.754764Z DEBUG panoptikon::inferio::http: processing local inference predict model=textembed/all-MiniLM-L6-v2 inputs=1
2026-09-17T01:32:22.754781Z DEBUG panoptikon::inferio::http: processing local inference predict model=textembed/all-MiniLM-L6-v2 inputs=1
2026-09-17T01:32:22.754809Z DEBUG panoptikon::inferio::http: processing local inference predict model=textembed/all-MiniLM-L6-v2 inputs=1
2026-09-17T01:32:22.754838Z DEBUG panoptikon::inferio::http: processing local inference predict model=textembed/all-MiniLM-L6-v2 inputs=1
2026-09-17T01:32:22.753414Z DEBUG panoptikon::inferio::http: processing local inference predict model=textembed/all-MiniLM-L6-v2 inputs=1
2026-09-17T01:32:22.754894Z DEBUG panoptikon::inferio::http: processing local inference predict model=textembed/all-MiniLM-L6-v2 inputs=1
2026-09-17T01:32:22.747587Z DEBUG panoptikon::inferio::http: processing local inference predict model=textembed/all-MiniLM-L6-v2 inputs=1
2026-09-17T01:32:22.754979Z DEBUG panoptikon::inferio::http: processing local inference predict model=textembed/all-MiniLM-L6-v2 inputs=1
2026-09-17T01:32:22.755006Z DEBUG panoptikon::inferio::http: processing local inference predict model=textembed/all-MiniLM-L6-v2 inputs=1
2026-09-17T01:32:22.750571Z DEBUG panoptikon::inferio::http: processing local inference predict model=textembed/all-MiniLM-L6-v2 inputs=1
2026-09-17T01:32:22.747610Z DEBUG panoptikon::inferio::http: processing local inference predict model=textembed/all-MiniLM-L6-v2 inputs=1
2026-09-17T01:32:22.755090Z DEBUG panoptikon::inferio::http: processing local inference predict model=textembed/all-MiniLM-L6-v2 inputs=1
2026-09-17T01:32:22.755125Z DEBUG panoptikon::inferio::http: processing local inference predict model=textembed/all-MiniLM-L6-v2 inputs=1
2026-09-17T01:32:22.750764Z DEBUG panoptikon::inferio::http: processing local inference predict model=textembed/all-MiniLM-L6-v2 inputs=1
2026-09-17T01:32:22.755319Z DEBUG panoptikon::inferio::http: processing local inference predict model=textembed/all-MiniLM-L6-v2 inputs=1
2026-09-17T01:32:22.753786Z DEBUG panoptikon::inferio::http: processing local inference predict model=textembed/all-MiniLM-L6-v2 inputs=1
2026-09-17T01:32:22.755381Z DEBUG panoptikon::inferio::http: processing local inference predict model=textembed/all-MiniLM-L6-v2 inputs=1
2026-09-17T01:32:22.750831Z DEBUG panoptikon::inferio::http: processing local inference predict model=textembed/all-MiniLM-L6-v2 inputs=1
2026-09-17T01:32:22.755443Z DEBUG panoptikon::inferio::http: processing local inference predict model=textembed/all-MiniLM-L6-v2 inputs=1
2026-09-17T01:32:22.753959Z DEBUG panoptikon::inferio::http: processing local inference predict model=textembed/all-MiniLM-L6-v2 inputs=1
2026-09-17T01:32:22.749649Z DEBUG panoptikon::inferio::http: processing local inference predict model=textembed/all-MiniLM-L6-v2 inputs=1
2026-09-17T01:32:22.754016Z DEBUG panoptikon::inferio::http: processing local inference predict model=textembed/all-MiniLM-L6-v2 inputs=1
2026-09-17T01:32:22.755588Z DEBUG panoptikon::inferio::http: processing local inference predict model=textembed/all-MiniLM-L6-v2 inputs=1
2026-09-17T01:32:22.755625Z DEBUG panoptikon::inferio::http: processing local inference predict model=textembed/all-MiniLM-L6-v2 inputs=1
2026-09-17T01:32:22.748194Z DEBUG panoptikon::inferio::http: processing local inference predict model=textembed/all-MiniLM-L6-v2 inputs=1
2026-09-17T01:32:22.754142Z DEBUG panoptikon::inferio::http: processing local inference predict model=textembed/all-MiniLM-L6-v2 inputs=1
2026-09-17T01:32:22.754164Z DEBUG panoptikon::inferio::http: processing local inference predict model=textembed/all-MiniLM-L6-v2 inputs=1
2026-09-17T01:32:22.755867Z DEBUG panoptikon::inferio::http: processing local inference predict model=textembed/all-MiniLM-L6-v2 inputs=1
2026-09-17T01:32:22.754232Z DEBUG panoptikon::inferio::http: processing local inference predict model=textembed/all-MiniLM-L6-v2 inputs=1
2026-09-17T01:32:22.755930Z DEBUG panoptikon::inferio::http: processing local inference predict model=textembed/all-MiniLM-L6-v2 inputs=1
2026-09-17T01:32:22.755974Z DEBUG panoptikon::inferio::http: processing local inference predict model=textembed/all-MiniLM-L6-v2 inputs=1
2026-09-17T01:32:22.756035Z DEBUG panoptikon::inferio::http: processing local inference predict model=textembed/all-MiniLM-L6-v2 inputs=1
2026-09-17T01:32:22.754202Z DEBUG panoptikon::inferio::http: processing local inference predict model=textembed/all-MiniLM-L6-v2 inputs=1
2026-09-17T01:32:22.752596Z DEBUG panoptikon::inferio::http: processing local inference predict model=textembed/all-MiniLM-L6-v2 inputs=1
2026-09-17T01:32:22.754423Z DEBUG panoptikon::inferio::http: processing local inference predict model=textembed/all-MiniLM-L6-v2 inputs=1
2026-09-17T01:32:22.754424Z DEBUG panoptikon::inferio::http: processing local inference predict model=textembed/all-MiniLM-L6-v2 inputs=1
2026-09-17T01:32:22.748597Z DEBUG panoptikon::inferio::http: processing local inference predict model=textembed/all-MiniLM-L6-v2 inputs=1
2026-09-17T01:32:22.756353Z DEBUG panoptikon::inferio::http: processing local inference predict model=textembed/all-MiniLM-L6-v2 inputs=1
2026-09-17T01:32:22.756386Z DEBUG panoptikon::inferio::http: processing local inference predict model=textembed/all-MiniLM-L6-v2 inputs=1
2026-09-17T01:32:22.756415Z DEBUG panoptikon::inferio::http: processing local inference predict model=textembed/all-MiniLM-L6-v2 inputs=1
2026-09-17T01:32:22.756452Z DEBUG panoptikon::inferio::http: processing local inference predict model=textembed/all-MiniLM-L6-v2 inputs=1
2026-09-17T01:32:22.756489Z DEBUG panoptikon::inferio::http: processing local inference predict model=textembed/all-MiniLM-L6-v2 inputs=1
2026-09-17T01:32:22.756539Z DEBUG panoptikon::inferio::http: processing local inference predict model=textembed/all-MiniLM-L6-v2 inputs=1
2026-09-17T01:32:22.746946Z DEBUG panoptikon::inferio::http: processing local inference predict model=textembed/all-MiniLM-L6-v2 inputs=1
2026-09-17T01:32:22.756619Z DEBUG panoptikon::inferio::http: processing local inference predict model=textembed/all-MiniLM-L6-v2 inputs=1
2026-09-17T01:32:22.754664Z DEBUG panoptikon::inferio::http: processing local inference predict model=textembed/all-MiniLM-L6-v2 inputs=1
2026-09-17T01:32:22.756698Z DEBUG panoptikon::inferio::http: processing local inference predict model=textembed/all-MiniLM-L6-v2 inputs=1
2026-09-17T01:32:22.754633Z DEBUG panoptikon::inferio::http: processing local inference predict model=textembed/all-MiniLM-L6-v2 inputs=1
2026-09-17T01:32:22.756756Z DEBUG panoptikon::inferio::http: processing local inference predict model=textembed/all-MiniLM-L6-v2 inputs=1
2026-09-17T01:32:22.754458Z DEBUG panoptikon::inferio::http: processing local inference predict model=textembed/all-MiniLM-L6-v2 inputs=1
2026-09-17T01:32:22.756866Z DEBUG panoptikon::inferio::http: processing local inference predict model=textembed/all-MiniLM-L6-v2 inputs=1
2026-09-17T01:32:22.753262Z DEBUG panoptikon::inferio::http: processing local inference predict model=textembed/all-MiniLM-L6-v2 inputs=1
2026-09-17T01:32:22.756940Z DEBUG panoptikon::inferio::http: processing local inference predict model=textembed/all-MiniLM-L6-v2 inputs=1
2026-09-17T01:32:22.757009Z DEBUG panoptikon::inferio::http: processing local inference predict model=textembed/all-MiniLM-L6-v2 inputs=1
2026-09-17T01:32:22.757059Z DEBUG panoptikon::inferio::http: processing local inference predict model=textembed/all-MiniLM-L6-v2 inputs=1
2026-09-17T01:32:22.754874Z DEBUG panoptikon::inferio::http: processing local inference predict model=textembed/all-MiniLM-L6-v2 inputs=1
2026-09-17T01:32:22.757224Z DEBUG panoptikon::inferio::http: processing local inference predict model=textembed/all-MiniLM-L6-v2 inputs=1
2026-09-17T01:32:22.757281Z DEBUG panoptikon::inferio::http: processing local inference predict model=textembed/all-MiniLM-L6-v2 inputs=1
2026-09-17T01:32:22.750148Z DEBUG panoptikon::inferio::http: processing local inference predict model=textembed/all-MiniLM-L6-v2 inputs=1
2026-09-17T01:32:22.757334Z DEBUG panoptikon::inferio::http: processing local inference predict model=textembed/all-MiniLM-L6-v2 inputs=1
2026-09-17T01:32:22.757388Z DEBUG panoptikon::inferio::http: processing local inference predict model=textembed/all-MiniLM-L6-v2 inputs=1
2026-09-17T01:32:22.757432Z DEBUG panoptikon::inferio::http: processing local inference predict model=textembed/all-MiniLM-L6-v2 inputs=1
2026-09-17T01:32:22.753542Z DEBUG panoptikon::inferio::http: processing local inference predict model=textembed/all-MiniLM-L6-v2 inputs=1
2026-09-17T01:32:22.754942Z DEBUG panoptikon::inferio::http: processing local inference predict model=textembed/all-MiniLM-L6-v2 inputs=1
2026-09-17T01:32:22.755077Z DEBUG panoptikon::inferio::http: processing local inference predict model=textembed/all-MiniLM-L6-v2 inputs=1
2026-09-17T01:32:22.757647Z DEBUG panoptikon::inferio::http: processing local inference predict model=textembed/all-MiniLM-L6-v2 inputs=1
2026-09-17T01:32:22.757699Z DEBUG panoptikon::inferio::http: processing local inference predict model=textembed/all-MiniLM-L6-v2 inputs=1
2026-09-17T01:32:22.755085Z DEBUG panoptikon::inferio::http: processing local inference predict model=textembed/all-MiniLM-L6-v2 inputs=1
2026-09-17T01:32:22.753572Z DEBUG panoptikon::inferio::http: processing local inference predict model=textembed/all-MiniLM-L6-v2 inputs=1
2026-09-17T01:32:22.757877Z DEBUG panoptikon::inferio::http: processing local inference predict model=textembed/all-MiniLM-L6-v2 inputs=1
2026-09-17T01:32:22.757928Z DEBUG panoptikon::inferio::http: processing local inference predict model=textembed/all-MiniLM-L6-v2 inputs=1
2026-09-17T01:32:22.757962Z DEBUG panoptikon::inferio::http: processing local inference predict model=textembed/all-MiniLM-L6-v2 inputs=1
2026-09-17T01:32:22.758002Z DEBUG panoptikon::inferio::http: processing local inference predict model=textembed/all-MiniLM-L6-v2 inputs=1
2026-09-17T01:32:22.758045Z DEBUG panoptikon::inferio::http: processing local inference predict model=textembed/all-MiniLM-L6-v2 inputs=1
2026-09-17T01:32:22.758073Z DEBUG panoptikon::inferio::http: processing local inference predict model=textembed/all-MiniLM-L6-v2 inputs=1
2026-09-17T01:32:22.758129Z DEBUG panoptikon::inferio::http: processing local inference predict model=textembed/all-MiniLM-L6-v2 inputs=1
2026-09-17T01:32:22.753688Z DEBUG panoptikon::inferio::http: processing local inference predict model=textembed/all-MiniLM-L6-v2 inputs=1
2026-09-17T01:32:22.755444Z DEBUG panoptikon::inferio::http: processing local inference predict model=textembed/all-MiniLM-L6-v2 inputs=1
2026-09-17T01:32:22.753823Z DEBUG panoptikon::inferio::http: processing local inference predict model=textembed/all-MiniLM-L6-v2 inputs=1
2026-09-17T01:32:22.758322Z DEBUG panoptikon::inferio::http: processing local inference predict model=textembed/all-MiniLM-L6-v2 inputs=1
2026-09-17T01:32:22.758353Z DEBUG panoptikon::inferio::http: processing local inference predict model=textembed/all-MiniLM-L6-v2 inputs=1
2026-09-17T01:32:22.758447Z DEBUG panoptikon::inferio::http: processing local inference predict model=textembed/all-MiniLM-L6-v2 inputs=1
2026-09-17T01:32:22.758559Z DEBUG panoptikon::inferio::http: processing local inference predict model=textembed/all-MiniLM-L6-v2 inputs=1
2026-09-17T01:32:22.758671Z DEBUG panoptikon::inferio::http: processing local inference predict model=textembed/all-MiniLM-L6-v2 inputs=1
2026-09-17T01:32:22.758759Z DEBUG panoptikon::inferio::http: processing local inference predict model=textembed/all-MiniLM-L6-v2 inputs=1
2026-09-17T01:32:22.758831Z DEBUG panoptikon::inferio::http: processing local inference predict model=textembed/all-MiniLM-L6-v2 inputs=1
2026-09-17T01:32:22.758897Z DEBUG panoptikon::inferio::http: processing local inference predict model=textembed/all-MiniLM-L6-v2 inputs=1
2026-09-17T01:32:22.758957Z DEBUG panoptikon::inferio::http: processing local inference predict model=textembed/all-MiniLM-L6-v2 inputs=1
2026-09-17T01:32:22.759014Z DEBUG panoptikon::inferio::http: processing local inference predict model=textembed/all-MiniLM-L6-v2 inputs=1
2026-09-17T01:32:22.759090Z DEBUG panoptikon::inferio::http: processing local inference predict model=textembed/all-MiniLM-L6-v2 inputs=1
2026-09-17T01:32:22.759167Z DEBUG panoptikon::inferio::http: processing local inference predict model=textembed/all-MiniLM-L6-v2 inputs=1
2026-09-17T01:32:22.759250Z DEBUG panoptikon::inferio::http: processing local inference predict model=textembed/all-MiniLM-L6-v2 inputs=1
2026-09-17T01:32:22.759324Z DEBUG panoptikon::inferio::http: processing local inference predict model=textembed/all-MiniLM-L6-v2 inputs=1
2026-09-17T01:32:22.759398Z DEBUG panoptikon::inferio::http: processing local inference predict model=textembed/all-MiniLM-L6-v2 inputs=1
2026-09-17T01:32:22.759444Z DEBUG panoptikon::inferio::http: processing local inference predict model=textembed/all-MiniLM-L6-v2 inputs=1
2026-09-17T01:32:22.759498Z DEBUG panoptikon::inferio::http: processing local inference predict model=textembed/all-MiniLM-L6-v2 inputs=1
2026-09-17T01:32:22.759566Z DEBUG panoptikon::inferio::http: processing local inference predict model=textembed/all-MiniLM-L6-v2 inputs=1
2026-09-17T01:32:22.759656Z DEBUG panoptikon::inferio::http: processing local inference predict model=textembed/all-MiniLM-L6-v2 inputs=1
2026-09-17T01:32:22.759739Z DEBUG panoptikon::inferio::http: processing local inference predict model=textembed/all-MiniLM-L6-v2 inputs=1
2026-09-17T01:32:22.759820Z DEBUG panoptikon::inferio::http: processing local inference predict model=textembed/all-MiniLM-L6-v2 inputs=1
2026-09-17T01:32:22.759924Z DEBUG panoptikon::inferio::http: processing local inference predict model=textembed/all-MiniLM-L6-v2 inputs=1
2026-09-17T01:32:22.755504Z DEBUG panoptikon::inferio::http: processing local inference predict model=textembed/all-MiniLM-L6-v2 inputs=1
2026-09-17T01:32:22.751148Z DEBUG panoptikon::inferio::http: processing local inference predict model=textembed/all-MiniLM-L6-v2 inputs=1
2026-09-17T01:32:22.754081Z DEBUG panoptikon::inferio::http: processing local inference predict model=textembed/all-MiniLM-L6-v2 inputs=1
2026-09-17T01:32:22.760076Z DEBUG panoptikon::inferio::http: processing local inference predict model=textembed/all-MiniLM-L6-v2 inputs=1
2026-09-17T01:32:22.760177Z DEBUG panoptikon::inferio::http: processing local inference predict model=textembed/all-MiniLM-L6-v2 inputs=1
2026-09-17T01:32:22.755675Z DEBUG panoptikon::inferio::http: processing local inference predict model=textembed/all-MiniLM-L6-v2 inputs=1
2026-09-17T01:32:22.760319Z DEBUG panoptikon::inferio::http: processing local inference predict model=textembed/all-MiniLM-L6-v2 inputs=1
2026-09-17T01:32:22.755774Z DEBUG panoptikon::inferio::http: processing local inference predict model=textembed/all-MiniLM-L6-v2 inputs=1
2026-09-17T01:32:22.760415Z DEBUG panoptikon::inferio::http: processing local inference predict model=textembed/all-MiniLM-L6-v2 inputs=1
2026-09-17T01:32:22.755724Z DEBUG panoptikon::inferio::http: processing local inference predict model=textembed/all-MiniLM-L6-v2 inputs=1
2026-09-17T01:32:22.755871Z DEBUG panoptikon::inferio::ledger: issued a memory grant model=textembed/all-MiniLM-L6-v2 gpu=CPU unit_budget=11020 mb=239 canvas_pixels=none share_mb=86312 room_mb=86312 headroom_mb=86014 external_mb=41093 reserve_mb=1024 reserve_rule="capped_default" pre_fit=false ramp_step=7 deflation=0 squeezed=false window_requests=742
2026-09-17T01:32:22.760580Z DEBUG panoptikon::inferio::http: processing local inference predict model=textembed/all-MiniLM-L6-v2 inputs=1
2026-09-17T01:32:22.754390Z DEBUG panoptikon::inferio::http: processing local inference predict model=textembed/all-MiniLM-L6-v2 inputs=1
2026-09-17T01:32:22.756131Z DEBUG panoptikon::inferio::http: processing local inference predict model=textembed/all-MiniLM-L6-v2 inputs=1
2026-09-17T01:32:22.756234Z DEBUG panoptikon::inferio::http: processing local inference predict model=textembed/all-MiniLM-L6-v2 inputs=1
2026-09-17T01:32:22.760740Z DEBUG panoptikon::inferio::http: processing local inference predict model=textembed/all-MiniLM-L6-v2 inputs=1
2026-09-17T01:32:22.760769Z DEBUG panoptikon::inferio::http: processing local inference predict model=textembed/all-MiniLM-L6-v2 inputs=1
2026-09-17T01:32:22.760805Z DEBUG panoptikon::inferio::http: processing local inference predict model=textembed/all-MiniLM-L6-v2 inputs=1
2026-09-17T01:32:22.754596Z DEBUG panoptikon::inferio::http: processing local inference predict model=textembed/all-MiniLM-L6-v2 inputs=1
2026-09-17T01:32:22.756563Z DEBUG panoptikon::inferio::http: processing local inference predict model=textembed/all-MiniLM-L6-v2 inputs=1
2026-09-17T01:32:22.754529Z DEBUG panoptikon::inferio::http: processing local inference predict model=textembed/all-MiniLM-L6-v2 inputs=1
2026-09-17T01:32:22.760954Z DEBUG panoptikon::inferio::http: processing local inference predict model=textembed/all-MiniLM-L6-v2 inputs=1
2026-09-17T01:32:22.756777Z DEBUG panoptikon::inferio::http: processing local inference predict model=textembed/all-MiniLM-L6-v2 inputs=1
2026-09-17T01:32:22.761073Z DEBUG panoptikon::inferio::http: processing local inference predict model=textembed/all-MiniLM-L6-v2 inputs=1
2026-09-17T01:32:22.761102Z DEBUG panoptikon::inferio::http: processing local inference predict model=textembed/all-MiniLM-L6-v2 inputs=1
2026-09-17T01:32:22.761170Z DEBUG panoptikon::inferio::http: processing local inference predict model=textembed/all-MiniLM-L6-v2 inputs=1
2026-09-17T01:32:22.756922Z DEBUG panoptikon::inferio::http: processing local inference predict model=textembed/all-MiniLM-L6-v2 inputs=1
2026-09-17T01:32:22.750317Z DEBUG panoptikon::inferio::http: processing local inference predict model=textembed/all-MiniLM-L6-v2 inputs=1
2026-09-17T01:32:22.753333Z DEBUG panoptikon::inferio::http: processing local inference predict model=textembed/all-MiniLM-L6-v2 inputs=1
2026-09-17T01:32:22.761321Z DEBUG panoptikon::inferio::http: processing local inference predict model=textembed/all-MiniLM-L6-v2 inputs=1
2026-09-17T01:32:22.761391Z DEBUG panoptikon::inferio::http: processing local inference predict model=textembed/all-MiniLM-L6-v2 inputs=1
2026-09-17T01:32:22.761414Z DEBUG panoptikon::inferio::http: processing local inference predict model=textembed/all-MiniLM-L6-v2 inputs=1
2026-09-17T01:32:22.761444Z DEBUG panoptikon::inferio::http: processing local inference predict model=textembed/all-MiniLM-L6-v2 inputs=1
2026-09-17T01:32:22.761514Z DEBUG panoptikon::inferio::http: processing local inference predict model=textembed/all-MiniLM-L6-v2 inputs=1
2026-09-17T01:32:22.761550Z DEBUG panoptikon::inferio::http: processing local inference predict model=textembed/all-MiniLM-L6-v2 inputs=1
2026-09-17T01:32:22.750318Z DEBUG panoptikon::inferio::http: processing local inference predict model=textembed/all-MiniLM-L6-v2 inputs=1
2026-09-17T01:32:22.761637Z DEBUG panoptikon::inferio::http: processing local inference predict model=textembed/all-MiniLM-L6-v2 inputs=1
2026-09-17T01:32:22.753411Z DEBUG panoptikon::inferio::http: processing local inference predict model=textembed/all-MiniLM-L6-v2 inputs=1
2026-09-17T01:32:22.761722Z DEBUG panoptikon::inferio::http: processing local inference predict model=textembed/all-MiniLM-L6-v2 inputs=1
2026-09-17T01:32:22.757143Z DEBUG panoptikon::inferio::http: processing local inference predict model=textembed/all-MiniLM-L6-v2 inputs=1
2026-09-17T01:32:22.761783Z DEBUG panoptikon::inferio::http: processing local inference predict model=textembed/all-MiniLM-L6-v2 inputs=1
2026-09-17T01:32:22.761802Z DEBUG panoptikon::inferio::http: processing local inference predict model=textembed/all-MiniLM-L6-v2 inputs=1
2026-09-17T01:32:22.757655Z DEBUG panoptikon::inferio::http: processing local inference predict model=textembed/all-MiniLM-L6-v2 inputs=1
2026-09-17T01:32:22.761872Z DEBUG panoptikon::inferio::http: processing local inference predict model=textembed/all-MiniLM-L6-v2 inputs=1
2026-09-17T01:32:22.757808Z DEBUG panoptikon::inferio::http: processing local inference predict model=textembed/all-MiniLM-L6-v2 inputs=1
2026-09-17T01:32:22.761946Z DEBUG panoptikon::inferio::http: processing local inference predict model=textembed/all-MiniLM-L6-v2 inputs=1
2026-09-17T01:32:22.761984Z DEBUG panoptikon::inferio::http: processing local inference predict model=textembed/all-MiniLM-L6-v2 inputs=1
2026-09-17T01:32:22.762033Z DEBUG panoptikon::inferio::http: processing local inference predict model=textembed/all-MiniLM-L6-v2 inputs=1
2026-09-17T01:32:22.762118Z DEBUG panoptikon::inferio::http: processing local inference predict model=textembed/all-MiniLM-L6-v2 inputs=1
2026-09-17T01:32:22.762154Z DEBUG panoptikon::inferio::http: processing local inference predict model=textembed/all-MiniLM-L6-v2 inputs=1
2026-09-17T01:32:22.750783Z DEBUG panoptikon::inferio::http: processing local inference predict model=textembed/all-MiniLM-L6-v2 inputs=1
2026-09-17T01:32:22.762248Z DEBUG panoptikon::inferio::http: processing local inference predict model=textembed/all-MiniLM-L6-v2 inputs=1
2026-09-17T01:32:22.758252Z DEBUG panoptikon::inferio::http: processing local inference predict model=textembed/all-MiniLM-L6-v2 inputs=1
2026-09-17T01:32:22.755422Z DEBUG panoptikon::inferio::http: processing local inference predict model=textembed/all-MiniLM-L6-v2 inputs=1
2026-09-17T01:32:22.750949Z DEBUG panoptikon::inferio::http: processing local inference predict model=textembed/all-MiniLM-L6-v2 inputs=1
2026-09-17T01:32:22.762409Z DEBUG panoptikon::inferio::http: processing local inference predict model=textembed/all-MiniLM-L6-v2 inputs=1
2026-09-17T01:32:22.758466Z DEBUG panoptikon::inferio::http: processing local inference predict model=textembed/all-MiniLM-L6-v2 inputs=1
2026-09-17T01:32:22.762504Z DEBUG panoptikon::inferio::http: processing local inference predict model=textembed/all-MiniLM-L6-v2 inputs=1
2026-09-17T01:32:22.762593Z DEBUG panoptikon::inferio::http: processing local inference predict model=textembed/all-MiniLM-L6-v2 inputs=1
2026-09-17T01:32:22.760015Z DEBUG panoptikon::inferio::http: processing local inference predict model=textembed/all-MiniLM-L6-v2 inputs=1
2026-09-17T01:32:22.760023Z DEBUG panoptikon::inferio::http: processing local inference predict model=textembed/all-MiniLM-L6-v2 inputs=1
2026-09-17T01:32:22.760181Z DEBUG panoptikon::inferio::http: processing local inference predict model=textembed/all-MiniLM-L6-v2 inputs=1
2026-09-17T01:32:22.762826Z DEBUG panoptikon::inferio::http: processing local inference predict model=textembed/all-MiniLM-L6-v2 inputs=1
2026-09-17T01:32:22.762886Z DEBUG panoptikon::inferio::http: processing local inference predict model=textembed/all-MiniLM-L6-v2 inputs=1
2026-09-17T01:32:22.762984Z DEBUG panoptikon::inferio::http: processing local inference predict model=textembed/all-MiniLM-L6-v2 inputs=1
2026-09-17T01:32:22.763024Z DEBUG panoptikon::inferio::http: processing local inference predict model=textembed/all-MiniLM-L6-v2 inputs=1
2026-09-17T01:32:22.763096Z DEBUG panoptikon::inferio::http: processing local inference predict model=textembed/all-MiniLM-L6-v2 inputs=1
2026-09-17T01:32:22.763123Z DEBUG panoptikon::inferio::http: processing local inference predict model=textembed/all-MiniLM-L6-v2 inputs=1
2026-09-17T01:32:22.763154Z DEBUG panoptikon::inferio::http: processing local inference predict model=textembed/all-MiniLM-L6-v2 inputs=1
2026-09-17T01:32:22.763230Z DEBUG panoptikon::inferio::http: processing local inference predict model=textembed/all-MiniLM-L6-v2 inputs=1
2026-09-17T01:32:22.763328Z DEBUG panoptikon::inferio::http: processing local inference predict model=textembed/all-MiniLM-L6-v2 inputs=1
2026-09-17T01:32:22.763397Z DEBUG panoptikon::inferio::http: processing local inference predict model=textembed/all-MiniLM-L6-v2 inputs=1
2026-09-17T01:32:22.763444Z DEBUG panoptikon::inferio::http: processing local inference predict model=textembed/all-MiniLM-L6-v2 inputs=1
2026-09-17T01:32:22.755699Z DEBUG panoptikon::inferio::http: processing local inference predict model=textembed/all-MiniLM-L6-v2 inputs=1
2026-09-17T01:32:22.763536Z DEBUG panoptikon::inferio::http: processing local inference predict model=textembed/all-MiniLM-L6-v2 inputs=1
2026-09-17T01:32:22.763603Z DEBUG panoptikon::inferio::http: processing local inference predict model=textembed/all-MiniLM-L6-v2 inputs=1
2026-09-17T01:32:22.763705Z DEBUG panoptikon::inferio::http: processing local inference predict model=textembed/all-MiniLM-L6-v2 inputs=1
2026-09-17T01:32:22.763796Z DEBUG panoptikon::inferio::http: processing local inference predict model=textembed/all-MiniLM-L6-v2 inputs=1
2026-09-17T01:32:22.763887Z DEBUG panoptikon::inferio::http: processing local inference predict model=textembed/all-MiniLM-L6-v2 inputs=1
2026-09-17T01:32:22.763957Z DEBUG panoptikon::inferio::http: processing local inference predict model=textembed/all-MiniLM-L6-v2 inputs=1
2026-09-17T01:32:22.763980Z DEBUG panoptikon::inferio::http: processing local inference predict model=textembed/all-MiniLM-L6-v2 inputs=1
2026-09-17T01:32:22.764044Z DEBUG panoptikon::inferio::http: processing local inference predict model=textembed/all-MiniLM-L6-v2 inputs=1
2026-09-17T01:32:22.764147Z DEBUG panoptikon::inferio::http: processing local inference predict model=textembed/all-MiniLM-L6-v2 inputs=1
2026-09-17T01:32:22.764202Z DEBUG panoptikon::inferio::http: processing local inference predict model=textembed/all-MiniLM-L6-v2 inputs=1
2026-09-17T01:32:22.760680Z DEBUG panoptikon::inferio::http: processing local inference predict model=textembed/all-MiniLM-L6-v2 inputs=1
2026-09-17T01:32:22.756242Z DEBUG panoptikon::inferio::http: processing local inference predict model=textembed/all-MiniLM-L6-v2 inputs=1
2026-09-17T01:32:22.756477Z DEBUG panoptikon::inferio::http: processing local inference predict model=textembed/all-MiniLM-L6-v2 inputs=1
2026-09-17T01:32:22.764377Z DEBUG panoptikon::inferio::http: processing local inference predict model=textembed/all-MiniLM-L6-v2 inputs=1
2026-09-17T01:32:22.764432Z DEBUG panoptikon::inferio::http: processing local inference predict model=textembed/all-MiniLM-L6-v2 inputs=1
2026-09-17T01:32:22.758134Z DEBUG panoptikon::inferio::http: processing local inference predict model=textembed/all-MiniLM-L6-v2 inputs=1
2026-09-17T01:32:22.760843Z DEBUG panoptikon::inferio::http: processing local inference predict model=textembed/all-MiniLM-L6-v2 inputs=1
2026-09-17T01:32:22.760873Z DEBUG panoptikon::inferio::http: processing local inference predict model=textembed/all-MiniLM-L6-v2 inputs=1
2026-09-17T01:32:22.753190Z DEBUG panoptikon::inferio::http: processing local inference predict model=textembed/all-MiniLM-L6-v2 inputs=1
2026-09-17T01:32:22.764829Z DEBUG panoptikon::inferio::http: processing local inference predict model=textembed/all-MiniLM-L6-v2 inputs=1
2026-09-17T01:32:22.764875Z DEBUG panoptikon::inferio::http: processing local inference predict model=textembed/all-MiniLM-L6-v2 inputs=1
2026-09-17T01:32:22.764957Z DEBUG panoptikon::inferio::http: processing local inference predict model=textembed/all-MiniLM-L6-v2 inputs=1
2026-09-17T01:32:22.765001Z DEBUG panoptikon::inferio::http: processing local inference predict model=textembed/all-MiniLM-L6-v2 inputs=1
2026-09-17T01:32:22.765065Z DEBUG panoptikon::inferio::http: processing local inference predict model=textembed/all-MiniLM-L6-v2 inputs=1
2026-09-17T01:32:22.765162Z DEBUG panoptikon::inferio::http: processing local inference predict model=textembed/all-MiniLM-L6-v2 inputs=1
2026-09-17T01:32:22.765244Z DEBUG panoptikon::inferio::http: processing local inference predict model=textembed/all-MiniLM-L6-v2 inputs=1
2026-09-17T01:32:22.765342Z DEBUG panoptikon::inferio::http: processing local inference predict model=textembed/all-MiniLM-L6-v2 inputs=1
2026-09-17T01:32:22.765442Z DEBUG panoptikon::inferio::http: processing local inference predict model=textembed/all-MiniLM-L6-v2 inputs=1
2026-09-17T01:32:22.765513Z DEBUG panoptikon::inferio::http: processing local inference predict model=textembed/all-MiniLM-L6-v2 inputs=1
2026-09-17T01:32:22.765591Z DEBUG panoptikon::inferio::http: processing local inference predict model=textembed/all-MiniLM-L6-v2 inputs=1
2026-09-17T01:32:22.765662Z DEBUG panoptikon::inferio::http: processing local inference predict model=textembed/all-MiniLM-L6-v2 inputs=1
2026-09-17T01:32:22.765735Z DEBUG panoptikon::inferio::http: processing local inference predict model=textembed/all-MiniLM-L6-v2 inputs=1
2026-09-17T01:32:22.765844Z DEBUG panoptikon::inferio::http: processing local inference predict model=textembed/all-MiniLM-L6-v2 inputs=1
2026-09-17T01:32:22.765935Z DEBUG panoptikon::inferio::http: processing local inference predict model=textembed/all-MiniLM-L6-v2 inputs=1
2026-09-17T01:32:22.765991Z DEBUG panoptikon::inferio::http: processing local inference predict model=textembed/all-MiniLM-L6-v2 inputs=1
2026-09-17T01:32:22.766048Z DEBUG panoptikon::inferio::http: processing local inference predict model=textembed/all-MiniLM-L6-v2 inputs=1
2026-09-17T01:32:22.766134Z DEBUG panoptikon::inferio::http: processing local inference predict model=textembed/all-MiniLM-L6-v2 inputs=1
2026-09-17T01:32:22.766235Z DEBUG panoptikon::inferio::http: processing local inference predict model=textembed/all-MiniLM-L6-v2 inputs=1
2026-09-17T01:32:22.766338Z DEBUG panoptikon::inferio::http: processing local inference predict model=textembed/all-MiniLM-L6-v2 inputs=1
2026-09-17T01:32:22.766408Z DEBUG panoptikon::inferio::http: processing local inference predict model=textembed/all-MiniLM-L6-v2 inputs=1
2026-09-17T01:32:22.766503Z DEBUG panoptikon::inferio::http: processing local inference predict model=textembed/all-MiniLM-L6-v2 inputs=1
2026-09-17T01:32:22.766630Z DEBUG panoptikon::inferio::http: processing local inference predict model=textembed/all-MiniLM-L6-v2 inputs=1
2026-09-17T01:32:22.766755Z DEBUG panoptikon::inferio::http: processing local inference predict model=textembed/all-MiniLM-L6-v2 inputs=1
2026-09-17T01:32:22.766864Z DEBUG panoptikon::inferio::http: processing local inference predict model=textembed/all-MiniLM-L6-v2 inputs=1
2026-09-17T01:32:22.766929Z DEBUG panoptikon::inferio::http: processing local inference predict model=textembed/all-MiniLM-L6-v2 inputs=1
2026-09-17T01:32:22.767004Z DEBUG panoptikon::inferio::http: processing local inference predict model=textembed/all-MiniLM-L6-v2 inputs=1
2026-09-17T01:32:22.767104Z DEBUG panoptikon::inferio::http: processing local inference predict model=textembed/all-MiniLM-L6-v2 inputs=1
2026-09-17T01:32:22.767189Z DEBUG panoptikon::inferio::http: processing local inference predict model=textembed/all-MiniLM-L6-v2 inputs=1
2026-09-17T01:32:22.767246Z DEBUG panoptikon::inferio::http: processing local inference predict model=textembed/all-MiniLM-L6-v2 inputs=1
2026-09-17T01:32:22.767329Z DEBUG panoptikon::inferio::http: processing local inference predict model=textembed/all-MiniLM-L6-v2 inputs=1
2026-09-17T01:32:22.767405Z DEBUG panoptikon::inferio::http: processing local inference predict model=textembed/all-MiniLM-L6-v2 inputs=1
2026-09-17T01:32:22.767521Z DEBUG panoptikon::inferio::http: processing local inference predict model=textembed/all-MiniLM-L6-v2 inputs=1
2026-09-17T01:32:22.767614Z DEBUG panoptikon::inferio::http: processing local inference predict model=textembed/all-MiniLM-L6-v2 inputs=1
2026-09-17T01:32:22.767739Z DEBUG panoptikon::inferio::http: processing local inference predict model=textembed/all-MiniLM-L6-v2 inputs=1
2026-09-17T01:32:22.767843Z DEBUG panoptikon::inferio::http: processing local inference predict model=textembed/all-MiniLM-L6-v2 inputs=1
2026-09-17T01:32:22.767944Z DEBUG panoptikon::inferio::http: processing local inference predict model=textembed/all-MiniLM-L6-v2 inputs=1
2026-09-17T01:32:22.768053Z DEBUG panoptikon::inferio::http: processing local inference predict model=textembed/all-MiniLM-L6-v2 inputs=1
2026-09-17T01:32:22.768143Z DEBUG panoptikon::inferio::http: processing local inference predict model=textembed/all-MiniLM-L6-v2 inputs=1
2026-09-17T01:32:22.768261Z DEBUG panoptikon::inferio::http: processing local inference predict model=textembed/all-MiniLM-L6-v2 inputs=1
2026-09-17T01:32:22.761092Z DEBUG panoptikon::inferio::http: processing local inference predict model=textembed/all-MiniLM-L6-v2 inputs=1
2026-09-17T01:32:22.756872Z DEBUG panoptikon::inferio::http: processing local inference predict model=textembed/all-MiniLM-L6-v2 inputs=1
2026-09-17T01:32:22.757020Z DEBUG panoptikon::inferio::http: processing local inference predict model=textembed/all-MiniLM-L6-v2 inputs=1
2026-09-17T01:32:22.768397Z DEBUG panoptikon::inferio::http: processing local inference predict model=textembed/all-MiniLM-L6-v2 inputs=1
2026-09-17T01:32:22.761181Z DEBUG panoptikon::inferio::http: processing local inference predict model=textembed/all-MiniLM-L6-v2 inputs=1
2026-09-17T01:32:22.761443Z DEBUG panoptikon::inferio::http: processing local inference predict model=textembed/all-MiniLM-L6-v2 inputs=1
2026-09-17T01:32:22.768563Z DEBUG panoptikon::inferio::http: processing local inference predict model=textembed/all-MiniLM-L6-v2 inputs=1
2026-09-17T01:32:22.761535Z DEBUG panoptikon::inferio::http: processing local inference predict model=textembed/all-MiniLM-L6-v2 inputs=1
2026-09-17T01:32:22.757149Z DEBUG panoptikon::inferio::http: processing local inference predict model=textembed/all-MiniLM-L6-v2 inputs=1
2026-09-17T01:32:22.768684Z DEBUG panoptikon::inferio::http: processing local inference predict model=textembed/all-MiniLM-L6-v2 inputs=1
2026-09-17T01:32:22.768783Z DEBUG panoptikon::inferio::http: processing local inference predict model=textembed/all-MiniLM-L6-v2 inputs=1
2026-09-17T01:32:22.768808Z DEBUG panoptikon::inferio::http: processing local inference predict model=textembed/all-MiniLM-L6-v2 inputs=1
2026-09-17T01:32:22.768912Z DEBUG panoptikon::inferio::http: processing local inference predict model=textembed/all-MiniLM-L6-v2 inputs=1
2026-09-17T01:32:22.769061Z DEBUG panoptikon::inferio::http: processing local inference predict model=textembed/all-MiniLM-L6-v2 inputs=1
2026-09-17T01:32:22.769094Z DEBUG panoptikon::inferio::http: processing local inference predict model=textembed/all-MiniLM-L6-v2 inputs=1
2026-09-17T01:32:22.769166Z DEBUG panoptikon::inferio::http: processing local inference predict model=textembed/all-MiniLM-L6-v2 inputs=1
2026-09-17T01:32:22.769191Z DEBUG panoptikon::inferio::http: processing local inference predict model=textembed/all-MiniLM-L6-v2 inputs=1
2026-09-17T01:32:22.769255Z DEBUG panoptikon::inferio::http: processing local inference predict model=textembed/all-MiniLM-L6-v2 inputs=1
2026-09-17T01:32:22.769285Z DEBUG panoptikon::inferio::http: processing local inference predict model=textembed/all-MiniLM-L6-v2 inputs=1
2026-09-17T01:32:22.769320Z DEBUG panoptikon::inferio::http: processing local inference predict model=textembed/all-MiniLM-L6-v2 inputs=1
2026-09-17T01:32:22.769367Z DEBUG panoptikon::inferio::http: processing local inference predict model=textembed/all-MiniLM-L6-v2 inputs=1
2026-09-17T01:32:22.769429Z DEBUG panoptikon::inferio::http: processing local inference predict model=textembed/all-MiniLM-L6-v2 inputs=1
2026-09-17T01:32:22.761845Z DEBUG panoptikon::inferio::http: processing local inference predict model=textembed/all-MiniLM-L6-v2 inputs=1
2026-09-17T01:32:22.769575Z DEBUG panoptikon::inferio::http: processing local inference predict model=textembed/all-MiniLM-L6-v2 inputs=1
2026-09-17T01:32:22.769607Z DEBUG panoptikon::inferio::http: processing local inference predict model=textembed/all-MiniLM-L6-v2 inputs=1
2026-09-17T01:32:22.747653Z DEBUG panoptikon::inferio::http: processing local inference predict model=textembed/all-MiniLM-L6-v2 inputs=1
2026-09-17T01:32:22.769698Z DEBUG panoptikon::inferio::http: processing local inference predict model=textembed/all-MiniLM-L6-v2 inputs=1
2026-09-17T01:32:22.769773Z DEBUG panoptikon::inferio::http: processing local inference predict model=textembed/all-MiniLM-L6-v2 inputs=1
2026-09-17T01:32:22.769829Z DEBUG panoptikon::inferio::http: processing local inference predict model=textembed/all-MiniLM-L6-v2 inputs=1
2026-09-17T01:32:22.769876Z DEBUG panoptikon::inferio::http: processing local inference predict model=textembed/all-MiniLM-L6-v2 inputs=1
2026-09-17T01:32:22.769913Z DEBUG panoptikon::inferio::http: processing local inference predict model=textembed/all-MiniLM-L6-v2 inputs=1
2026-09-17T01:32:22.755181Z DEBUG panoptikon::inferio::http: processing local inference predict model=textembed/all-MiniLM-L6-v2 inputs=1
2026-09-17T01:32:22.762168Z DEBUG panoptikon::inferio::http: processing local inference predict model=textembed/all-MiniLM-L6-v2 inputs=1
2026-09-17T01:32:22.770077Z DEBUG panoptikon::inferio::http: processing local inference predict model=textembed/all-MiniLM-L6-v2 inputs=1
2026-09-17T01:32:22.762395Z DEBUG panoptikon::inferio::http: processing local inference predict model=textembed/all-MiniLM-L6-v2 inputs=1
2026-09-17T01:32:22.762454Z DEBUG panoptikon::inferio::http: processing local inference predict model=textembed/all-MiniLM-L6-v2 inputs=1
2026-09-17T01:32:22.770296Z DEBUG panoptikon::inferio::http: processing local inference predict model=textembed/all-MiniLM-L6-v2 inputs=1
2026-09-17T01:32:22.770350Z DEBUG panoptikon::inferio::http: processing local inference predict model=textembed/all-MiniLM-L6-v2 inputs=1
2026-09-17T01:32:22.770415Z DEBUG panoptikon::inferio::http: processing local inference predict model=textembed/all-MiniLM-L6-v2 inputs=1
2026-09-17T01:32:22.770446Z DEBUG panoptikon::inferio::http: processing local inference predict model=textembed/all-MiniLM-L6-v2 inputs=1
2026-09-17T01:32:22.770513Z DEBUG panoptikon::inferio::http: processing local inference predict model=textembed/all-MiniLM-L6-v2 inputs=1
2026-09-17T01:32:22.755519Z DEBUG panoptikon::inferio::http: processing local inference predict model=textembed/all-MiniLM-L6-v2 inputs=1
2026-09-17T01:32:22.760206Z DEBUG panoptikon::inferio::http: processing local inference predict model=textembed/all-MiniLM-L6-v2 inputs=1
2026-09-17T01:32:22.760324Z DEBUG panoptikon::inferio::http: processing local inference predict model=textembed/all-MiniLM-L6-v2 inputs=1
2026-09-17T01:32:22.770675Z DEBUG panoptikon::inferio::http: processing local inference predict model=textembed/all-MiniLM-L6-v2 inputs=1
2026-09-17T01:32:22.770735Z DEBUG panoptikon::inferio::http: processing local inference predict model=textembed/all-MiniLM-L6-v2 inputs=1
2026-09-17T01:32:22.763240Z DEBUG panoptikon::inferio::http: processing local inference predict model=textembed/all-MiniLM-L6-v2 inputs=1
2026-09-17T01:32:22.763246Z DEBUG panoptikon::inferio::http: processing local inference predict model=textembed/all-MiniLM-L6-v2 inputs=1
2026-09-17T01:32:22.763339Z DEBUG panoptikon::inferio::http: processing local inference predict model=textembed/all-MiniLM-L6-v2 inputs=1
2026-09-17T01:32:22.763464Z DEBUG panoptikon::inferio::http: processing local inference predict model=textembed/all-MiniLM-L6-v2 inputs=1
2026-09-17T01:32:22.756040Z DEBUG panoptikon::inferio::http: processing local inference predict model=textembed/all-MiniLM-L6-v2 inputs=1
2026-09-17T01:32:22.763472Z DEBUG panoptikon::inferio::http: processing local inference predict model=textembed/all-MiniLM-L6-v2 inputs=1
2026-09-17T01:32:22.760487Z DEBUG panoptikon::inferio::http: processing local inference predict model=textembed/all-MiniLM-L6-v2 inputs=1
2026-09-17T01:32:22.771386Z DEBUG panoptikon::inferio::http: processing local inference predict model=textembed/all-MiniLM-L6-v2 inputs=1
2026-09-17T01:32:22.771417Z DEBUG panoptikon::inferio::http: processing local inference predict model=textembed/all-MiniLM-L6-v2 inputs=1
2026-09-17T01:32:22.771486Z DEBUG panoptikon::inferio::http: processing local inference predict model=textembed/all-MiniLM-L6-v2 inputs=1
2026-09-17T01:32:22.764052Z DEBUG panoptikon::inferio::http: processing local inference predict model=textembed/all-MiniLM-L6-v2 inputs=1
2026-09-17T01:32:22.771543Z DEBUG panoptikon::inferio::http: processing local inference predict model=textembed/all-MiniLM-L6-v2 inputs=1
2026-09-17T01:32:22.771604Z DEBUG panoptikon::inferio::http: processing local inference predict model=textembed/all-MiniLM-L6-v2 inputs=1
2026-09-17T01:32:22.771665Z DEBUG panoptikon::inferio::http: processing local inference predict model=textembed/all-MiniLM-L6-v2 inputs=1
2026-09-17T01:32:22.764468Z DEBUG panoptikon::inferio::http: processing local inference predict model=textembed/all-MiniLM-L6-v2 inputs=1
2026-09-17T01:32:22.754572Z DEBUG panoptikon::inferio::http: processing local inference predict model=textembed/all-MiniLM-L6-v2 inputs=1
2026-09-17T01:32:22.771755Z DEBUG panoptikon::inferio::http: processing local inference predict model=textembed/all-MiniLM-L6-v2 inputs=1
2026-09-17T01:32:22.771782Z DEBUG panoptikon::inferio::http: processing local inference predict model=textembed/all-MiniLM-L6-v2 inputs=1
2026-09-17T01:32:22.764478Z DEBUG panoptikon::inferio::http: processing local inference predict model=textembed/all-MiniLM-L6-v2 inputs=1
2026-09-17T01:32:22.771863Z DEBUG panoptikon::inferio::http: processing local inference predict model=textembed/all-MiniLM-L6-v2 inputs=1
2026-09-17T01:32:22.760842Z DEBUG panoptikon::inferio::http: processing local inference predict model=textembed/all-MiniLM-L6-v2 inputs=1
2026-09-17T01:32:22.764535Z DEBUG panoptikon::inferio::http: processing local inference predict model=textembed/all-MiniLM-L6-v2 inputs=1
2026-09-17T01:32:22.760464Z DEBUG panoptikon::inferio::http: processing local inference predict model=textembed/all-MiniLM-L6-v2 inputs=1
2026-09-17T01:32:22.772103Z DEBUG panoptikon::inferio::http: processing local inference predict model=textembed/all-MiniLM-L6-v2 inputs=1
2026-09-17T01:32:22.772122Z DEBUG panoptikon::inferio::http: processing local inference predict model=textembed/all-MiniLM-L6-v2 inputs=1
2026-09-17T01:32:22.768508Z DEBUG panoptikon::inferio::http: processing local inference predict model=textembed/all-MiniLM-L6-v2 inputs=1
2026-09-17T01:32:22.768612Z DEBUG panoptikon::inferio::http: processing local inference predict model=textembed/all-MiniLM-L6-v2 inputs=1
2026-09-17T01:32:22.772259Z DEBUG panoptikon::inferio::http: processing local inference predict model=textembed/all-MiniLM-L6-v2 inputs=1
2026-09-17T01:32:22.772303Z DEBUG panoptikon::inferio::http: processing local inference predict model=textembed/all-MiniLM-L6-v2 inputs=1
2026-09-17T01:32:22.772364Z DEBUG panoptikon::inferio::http: processing local inference predict model=textembed/all-MiniLM-L6-v2 inputs=1
2026-09-17T01:32:22.761660Z DEBUG panoptikon::inferio::http: processing local inference predict model=textembed/all-MiniLM-L6-v2 inputs=1
2026-09-17T01:32:22.754764Z DEBUG panoptikon::inferio::http: processing local inference predict model=textembed/all-MiniLM-L6-v2 inputs=1
2026-09-17T01:32:22.757437Z DEBUG panoptikon::inferio::http: processing local inference predict model=textembed/all-MiniLM-L6-v2 inputs=1
2026-09-17T01:32:22.768922Z DEBUG panoptikon::inferio::http: processing local inference predict model=textembed/all-MiniLM-L6-v2 inputs=1
2026-09-17T01:32:22.769058Z DEBUG panoptikon::inferio::http: processing local inference predict model=textembed/all-MiniLM-L6-v2 inputs=1
2026-09-17T01:32:22.772667Z DEBUG panoptikon::inferio::http: processing local inference predict model=textembed/all-MiniLM-L6-v2 inputs=1
2026-09-17T01:32:22.757545Z DEBUG panoptikon::inferio::http: processing local inference predict model=textembed/all-MiniLM-L6-v2 inputs=1
2026-09-17T01:32:22.768627Z DEBUG panoptikon::inferio::http: processing local inference predict model=textembed/all-MiniLM-L6-v2 inputs=1
2026-09-17T01:32:22.761892Z DEBUG panoptikon::inferio::http: processing local inference predict model=textembed/all-MiniLM-L6-v2 inputs=1
2026-09-17T01:32:22.772899Z DEBUG panoptikon::inferio::http: processing local inference predict model=textembed/all-MiniLM-L6-v2 inputs=1
2026-09-17T01:32:22.772943Z DEBUG panoptikon::inferio::http: processing local inference predict model=textembed/all-MiniLM-L6-v2 inputs=1
2026-09-17T01:32:22.772968Z DEBUG panoptikon::inferio::http: processing local inference predict model=textembed/all-MiniLM-L6-v2 inputs=1
2026-09-17T01:32:22.773020Z DEBUG panoptikon::inferio::http: processing local inference predict model=textembed/all-MiniLM-L6-v2 inputs=1
2026-09-17T01:32:22.769961Z DEBUG panoptikon::inferio::http: processing local inference predict model=textembed/all-MiniLM-L6-v2 inputs=1
2026-09-17T01:32:22.755185Z DEBUG panoptikon::inferio::http: processing local inference predict model=textembed/all-MiniLM-L6-v2 inputs=1
2026-09-17T01:32:22.770087Z DEBUG panoptikon::inferio::http: processing local inference predict model=textembed/all-MiniLM-L6-v2 inputs=1
2026-09-17T01:32:22.758216Z DEBUG panoptikon::inferio::http: processing local inference predict model=textembed/all-MiniLM-L6-v2 inputs=1
2026-09-17T01:32:22.773187Z DEBUG panoptikon::inferio::http: processing local inference predict model=textembed/all-MiniLM-L6-v2 inputs=1
2026-09-17T01:32:22.770220Z DEBUG panoptikon::inferio::http: processing local inference predict model=textembed/all-MiniLM-L6-v2 inputs=1
2026-09-17T01:32:22.773285Z DEBUG panoptikon::inferio::http: processing local inference predict model=textembed/all-MiniLM-L6-v2 inputs=1
2026-09-17T01:32:22.773329Z DEBUG panoptikon::inferio::http: processing local inference predict model=textembed/all-MiniLM-L6-v2 inputs=1
2026-09-17T01:32:22.773376Z DEBUG panoptikon::inferio::http: processing local inference predict model=textembed/all-MiniLM-L6-v2 inputs=1
2026-09-17T01:32:22.773412Z DEBUG panoptikon::inferio::http: processing local inference predict model=textembed/all-MiniLM-L6-v2 inputs=1
2026-09-17T01:32:22.773444Z DEBUG panoptikon::inferio::http: processing local inference predict model=textembed/all-MiniLM-L6-v2 inputs=1
2026-09-17T01:32:22.773465Z DEBUG panoptikon::inferio::http: processing local inference predict model=textembed/all-MiniLM-L6-v2 inputs=1
2026-09-17T01:32:22.762457Z DEBUG panoptikon::inferio::http: processing local inference predict model=textembed/all-MiniLM-L6-v2 inputs=1
2026-09-17T01:32:22.770518Z DEBUG panoptikon::inferio::http: processing local inference predict model=textembed/all-MiniLM-L6-v2 inputs=1
2026-09-17T01:32:22.773721Z DEBUG panoptikon::inferio::http: processing local inference predict model=textembed/all-MiniLM-L6-v2 inputs=1
2026-09-17T01:32:22.773760Z DEBUG panoptikon::inferio::http: processing local inference predict model=textembed/all-MiniLM-L6-v2 inputs=1
2026-09-17T01:32:22.773791Z DEBUG panoptikon::inferio::http: processing local inference predict model=textembed/all-MiniLM-L6-v2 inputs=1
2026-09-17T01:32:22.770827Z DEBUG panoptikon::inferio::http: processing local inference predict model=textembed/all-MiniLM-L6-v2 inputs=1
2026-09-17T01:32:22.773865Z DEBUG panoptikon::inferio::http: processing local inference predict model=textembed/all-MiniLM-L6-v2 inputs=1
2026-09-17T01:32:22.773932Z DEBUG panoptikon::inferio::http: processing local inference predict model=textembed/all-MiniLM-L6-v2 inputs=1
2026-09-17T01:32:22.770957Z DEBUG panoptikon::inferio::http: processing local inference predict model=textembed/all-MiniLM-L6-v2 inputs=1
2026-09-17T01:32:22.774022Z DEBUG panoptikon::inferio::http: processing local inference predict model=textembed/all-MiniLM-L6-v2 inputs=1
2026-09-17T01:32:22.771504Z DEBUG panoptikon::inferio::http: processing local inference predict model=textembed/all-MiniLM-L6-v2 inputs=1
2026-09-17T01:32:22.756061Z DEBUG panoptikon::inferio::http: processing local inference predict model=textembed/all-MiniLM-L6-v2 inputs=1
2026-09-17T01:32:22.774283Z DEBUG panoptikon::inferio::http: processing local inference predict model=textembed/all-MiniLM-L6-v2 inputs=1
2026-09-17T01:32:22.774401Z DEBUG panoptikon::inferio::http: processing local inference predict model=textembed/all-MiniLM-L6-v2 inputs=1
2026-09-17T01:32:22.771535Z DEBUG panoptikon::inferio::http: processing local inference predict model=textembed/all-MiniLM-L6-v2 inputs=1
2026-09-17T01:32:22.774669Z DEBUG panoptikon::inferio::http: processing local inference predict model=textembed/all-MiniLM-L6-v2 inputs=1
2026-09-17T01:32:22.774786Z DEBUG panoptikon::inferio::http: processing local inference predict model=textembed/all-MiniLM-L6-v2 inputs=1
2026-09-17T01:32:22.771618Z DEBUG panoptikon::inferio::http: processing local inference predict model=textembed/all-MiniLM-L6-v2 inputs=1
2026-09-17T01:32:22.774892Z DEBUG panoptikon::inferio::http: processing local inference predict model=textembed/all-MiniLM-L6-v2 inputs=1
2026-09-17T01:32:22.775004Z DEBUG panoptikon::inferio::http: processing local inference predict model=textembed/all-MiniLM-L6-v2 inputs=1
2026-09-17T01:32:22.771837Z DEBUG panoptikon::inferio::http: processing local inference predict model=textembed/all-MiniLM-L6-v2 inputs=1
2026-09-17T01:32:22.771864Z DEBUG panoptikon::inferio::http: processing local inference predict model=textembed/all-MiniLM-L6-v2 inputs=1
2026-09-17T01:32:22.775105Z DEBUG panoptikon::inferio::http: processing local inference predict model=textembed/all-MiniLM-L6-v2 inputs=1
2026-09-17T01:32:22.764294Z DEBUG panoptikon::inferio::http: processing local inference predict model=textembed/all-MiniLM-L6-v2 inputs=1
2026-09-17T01:32:22.771924Z DEBUG panoptikon::inferio::http: processing local inference predict model=textembed/all-MiniLM-L6-v2 inputs=1
2026-09-17T01:32:22.764568Z DEBUG panoptikon::inferio::http: processing local inference predict model=textembed/all-MiniLM-L6-v2 inputs=1
2026-09-17T01:32:22.775357Z DEBUG panoptikon::inferio::http: processing local inference predict model=textembed/all-MiniLM-L6-v2 inputs=1
2026-09-17T01:32:22.775421Z DEBUG panoptikon::inferio::http: processing local inference predict model=textembed/all-MiniLM-L6-v2 inputs=1
2026-09-17T01:32:22.775482Z DEBUG panoptikon::inferio::http: processing local inference predict model=textembed/all-MiniLM-L6-v2 inputs=1
2026-09-17T01:32:22.775521Z DEBUG panoptikon::inferio::http: processing local inference predict model=textembed/all-MiniLM-L6-v2 inputs=1
2026-09-17T01:32:22.775594Z DEBUG panoptikon::inferio::http: processing local inference predict model=textembed/all-MiniLM-L6-v2 inputs=1
2026-09-17T01:32:22.775679Z DEBUG panoptikon::inferio::http: processing local inference predict model=textembed/all-MiniLM-L6-v2 inputs=1
2026-09-17T01:32:22.765077Z DEBUG panoptikon::inferio::http: processing local inference predict model=textembed/all-MiniLM-L6-v2 inputs=1
2026-09-17T01:32:22.772108Z DEBUG panoptikon::inferio::http: processing local inference predict model=textembed/all-MiniLM-L6-v2 inputs=1
2026-09-17T01:32:22.772171Z DEBUG panoptikon::inferio::http: processing local inference predict model=textembed/all-MiniLM-L6-v2 inputs=1
2026-09-17T01:32:22.772371Z DEBUG panoptikon::inferio::http: processing local inference predict model=textembed/all-MiniLM-L6-v2 inputs=1
2026-09-17T01:32:22.761251Z DEBUG panoptikon::inferio::http: processing local inference predict model=textembed/all-MiniLM-L6-v2 inputs=1
2026-09-17T01:32:22.772508Z DEBUG panoptikon::inferio::http: processing local inference predict model=textembed/all-MiniLM-L6-v2 inputs=1
2026-09-17T01:32:22.772514Z DEBUG panoptikon::inferio::http: processing local inference predict model=textembed/all-MiniLM-L6-v2 inputs=1
2026-09-17T01:32:22.772741Z DEBUG panoptikon::inferio::http: processing local inference predict model=textembed/all-MiniLM-L6-v2 inputs=1
2026-09-17T01:32:22.769305Z DEBUG panoptikon::inferio::http: processing local inference predict model=textembed/all-MiniLM-L6-v2 inputs=1
2026-09-17T01:32:22.772902Z DEBUG panoptikon::inferio::http: processing local inference predict model=textembed/all-MiniLM-L6-v2 inputs=1
2026-09-17T01:32:22.769775Z DEBUG panoptikon::inferio::http: processing local inference predict model=textembed/all-MiniLM-L6-v2 inputs=1
2026-09-17T01:32:22.769780Z DEBUG panoptikon::inferio::http: processing local inference predict model=textembed/all-MiniLM-L6-v2 inputs=1
2026-09-17T01:32:22.773032Z DEBUG panoptikon::inferio::http: processing local inference predict model=textembed/all-MiniLM-L6-v2 inputs=1
2026-09-17T01:32:22.773039Z DEBUG panoptikon::inferio::http: processing local inference predict model=textembed/all-MiniLM-L6-v2 inputs=1
2026-09-17T01:32:22.761743Z DEBUG panoptikon::inferio::http: processing local inference predict model=textembed/all-MiniLM-L6-v2 inputs=1
2026-09-17T01:32:22.773087Z DEBUG panoptikon::inferio::http: processing local inference predict model=textembed/all-MiniLM-L6-v2 inputs=1
2026-09-17T01:32:22.773113Z DEBUG panoptikon::inferio::http: processing local inference predict model=textembed/all-MiniLM-L6-v2 inputs=1
2026-09-17T01:32:22.769788Z DEBUG panoptikon::inferio::http: processing local inference predict model=textembed/all-MiniLM-L6-v2 inputs=1
2026-09-17T01:32:22.773277Z DEBUG panoptikon::inferio::http: processing local inference predict model=textembed/all-MiniLM-L6-v2 inputs=1
2026-09-17T01:32:22.773483Z DEBUG panoptikon::inferio::http: processing local inference predict model=textembed/all-MiniLM-L6-v2 inputs=1
2026-09-17T01:32:22.773545Z DEBUG panoptikon::inferio::http: processing local inference predict model=textembed/all-MiniLM-L6-v2 inputs=1
2026-09-17T01:32:22.773574Z DEBUG panoptikon::inferio::http: processing local inference predict model=textembed/all-MiniLM-L6-v2 inputs=1
2026-09-17T01:32:22.773677Z DEBUG panoptikon::inferio::http: processing local inference predict model=textembed/all-MiniLM-L6-v2 inputs=1
2026-09-17T01:32:22.770613Z DEBUG panoptikon::inferio::http: processing local inference predict model=textembed/all-MiniLM-L6-v2 inputs=1
2026-09-17T01:32:22.773772Z DEBUG panoptikon::inferio::http: processing local inference predict model=textembed/all-MiniLM-L6-v2 inputs=1
2026-09-17T01:32:22.770742Z DEBUG panoptikon::inferio::http: processing local inference predict model=textembed/all-MiniLM-L6-v2 inputs=1
2026-09-17T01:32:22.770563Z DEBUG panoptikon::inferio::http: processing local inference predict model=textembed/all-MiniLM-L6-v2 inputs=1
2026-09-17T01:32:22.773872Z DEBUG panoptikon::inferio::http: processing local inference predict model=textembed/all-MiniLM-L6-v2 inputs=1
2026-09-17T01:32:22.773936Z DEBUG panoptikon::inferio::http: processing local inference predict model=textembed/all-MiniLM-L6-v2 inputs=1
2026-09-17T01:32:22.770953Z DEBUG panoptikon::inferio::http: processing local inference predict model=textembed/all-MiniLM-L6-v2 inputs=1
2026-09-17T01:32:22.763330Z DEBUG panoptikon::inferio::http: processing local inference predict model=textembed/all-MiniLM-L6-v2 inputs=1
2026-09-17T01:32:22.774097Z DEBUG panoptikon::inferio::http: processing local inference predict model=textembed/all-MiniLM-L6-v2 inputs=1
2026-09-17T01:32:22.774122Z DEBUG panoptikon::inferio::http: processing local inference predict model=textembed/all-MiniLM-L6-v2 inputs=1
2026-09-17T01:32:22.774520Z DEBUG panoptikon::inferio::http: processing local inference predict model=textembed/all-MiniLM-L6-v2 inputs=1
2026-09-17T01:32:22.774686Z DEBUG panoptikon::inferio::http: processing local inference predict model=textembed/all-MiniLM-L6-v2 inputs=1
2026-09-17T01:32:22.764451Z DEBUG panoptikon::inferio::http: processing local inference predict model=textembed/all-MiniLM-L6-v2 inputs=1
2026-09-17T01:32:22.771737Z DEBUG panoptikon::inferio::http: processing local inference predict model=textembed/all-MiniLM-L6-v2 inputs=1
2026-09-17T01:32:22.775062Z DEBUG panoptikon::inferio::http: processing local inference predict model=textembed/all-MiniLM-L6-v2 inputs=1
2026-09-17T01:32:22.771881Z DEBUG panoptikon::inferio::http: processing local inference predict model=textembed/all-MiniLM-L6-v2 inputs=1
2026-09-17T01:32:22.775160Z DEBUG panoptikon::inferio::http: processing local inference predict model=textembed/all-MiniLM-L6-v2 inputs=1
2026-09-17T01:32:22.775185Z DEBUG panoptikon::inferio::http: processing local inference predict model=textembed/all-MiniLM-L6-v2 inputs=1
2026-09-17T01:32:22.775211Z DEBUG panoptikon::inferio::http: processing local inference predict model=textembed/all-MiniLM-L6-v2 inputs=1
2026-09-17T01:32:22.775597Z DEBUG panoptikon::inferio::http: processing local inference predict model=textembed/all-MiniLM-L6-v2 inputs=1
2026-09-17T01:32:22.771960Z DEBUG panoptikon::inferio::http: processing local inference predict model=textembed/all-MiniLM-L6-v2 inputs=1
2026-09-17T01:32:22.775686Z DEBUG panoptikon::inferio::http: processing local inference predict model=textembed/all-MiniLM-L6-v2 inputs=1
2026-09-17T01:32:22.775691Z DEBUG panoptikon::inferio::http: processing local inference predict model=textembed/all-MiniLM-L6-v2 inputs=1
2026-09-17T01:32:22.775860Z DEBUG panoptikon::inferio::http: processing local inference predict model=textembed/all-MiniLM-L6-v2 inputs=1
2026-09-17T01:32:22.772407Z DEBUG panoptikon::inferio::http: processing local inference predict model=textembed/all-MiniLM-L6-v2 inputs=1
2026-09-17T01:32:23.380268Z  INFO panoptikon::inferio::worker: Batches:   0%|          | 0/1 [00:00<?, ?it/s]Batches: 100%|██████████| 1/1 [00:00<00:00,  1.73it/s]Batches: 100%|██████████| 1/1 [00:00<00:00,  1.73it/s] worker=sentence_transformers
2026-09-17T01:32:23.914881Z  INFO panoptikon::inferio::worker: Batches:   0%|          | 0/1 [00:00<?, ?it/s]Batches: 100%|██████████| 1/1 [00:00<00:00,  1.99it/s]Batches: 100%|██████████| 1/1 [00:00<00:00,  1.99it/s] worker=sentence_transformers
2026-09-17T01:32:24.436041Z  INFO panoptikon::inferio::worker: Batches:   0%|          | 0/1 [00:00<?, ?it/s]Batches: 100%|██████████| 1/1 [00:00<00:00,  2.04it/s]Batches: 100%|██████████| 1/1 [00:00<00:00,  2.04it/s] worker=sentence_transformers
2026-09-17T01:32:24.892922Z  INFO panoptikon::inferio::worker: Batches:   0%|          | 0/1 [00:00<?, ?it/s]Batches: 100%|██████████| 1/1 [00:00<00:00,  2.29it/s]Batches: 100%|██████████| 1/1 [00:00<00:00,  2.29it/s] worker=sentence_transformers
2026-09-17T01:32:24.919577Z DEBUG panoptikon::inferio::ledger: declining to read this model's throughput curve: the observations in one batch-size bucket disagree with each other by more than the knee's own decision band, so something outside this ledger was moving throughput while they were taken bucket=7 observations=3 dispersion=0.21146981773879803 threshold=0.2
2026-09-17T01:32:24.919678Z  INFO panoptikon::inferio::ledger: the throughput ramp is free to grow again model=textembed/all-MiniLM-L6-v2 gpu=CPU
2026-09-17T01:32:24.919773Z DEBUG panoptikon::inferio::ledger: refitted the memory cost model model=textembed/all-MiniLM-L6-v2 gpu=CPU slope_mb_per_unit=0.01923957856161246 intercept_mb=72.72766834631241 residual_mb=8.917773705909305 samples=46 version=14
2026-09-17T01:32:24.919803Z DEBUG panoptikon::inferio::ledger: declining to read this model's throughput curve: the observations in one batch-size bucket disagree with each other by more than the knee's own decision band, so something outside this ledger was moving throughput while they were taken bucket=7 observations=3 dispersion=0.21146981773879803 threshold=0.2
2026-09-17T01:32:24.919822Z DEBUG panoptikon::inferio::ledger: queued a calibration profile update for the store model=textembed/all-MiniLM-L6-v2 gpu=CPU reason="fit_changed" max_units_measured=11020 fit_version=14
2026-09-17T01:32:24.919842Z DEBUG panoptikon::inferio::ledger: settled a granted window model=textembed/all-MiniLM-L6-v2 gpu=CPU outcome="clean" fit_samples=4 throughput_samples=2 clamped_samples=0 clamped=none ramp_step=8 deflation=0 clean_windows=15 max_units_measured=11020
2026-09-17T01:32:24.919949Z DEBUG panoptikon::inferio::ledger: issued a memory grant model=textembed/all-MiniLM-L6-v2 gpu=CPU unit_budget=22040 mb=496 canvas_pixels=none share_mb=85375 room_mb=85375 headroom_mb=85068 external_mb=42030 reserve_mb=1024 reserve_rule="capped_default" pre_fit=false ramp_step=8 deflation=0 squeezed=false window_requests=1495
2026-09-17T01:32:26.076249Z  INFO panoptikon::inferio::worker: Batches:   0%|          | 0/1 [00:00<?, ?it/s]Batches: 100%|██████████| 1/1 [00:01<00:00,  1.10s/it]Batches: 100%|██████████| 1/1 [00:01<00:00,  1.10s/it] worker=sentence_transformers
2026-09-17T01:32:27.366229Z  INFO panoptikon::inferio::worker: Batches:   0%|          | 0/1 [00:00<?, ?it/s]Batches: 100%|██████████| 1/1 [00:01<00:00,  1.23s/it]Batches: 100%|██████████| 1/1 [00:01<00:00,  1.23s/it] worker=sentence_transformers
2026-09-17T01:32:28.526951Z  INFO panoptikon::inferio::worker: Batches:   0%|          | 0/1 [00:00<?, ?it/s]Batches: 100%|██████████| 1/1 [00:01<00:00,  1.11s/it]Batches: 100%|██████████| 1/1 [00:01<00:00,  1.11s/it] worker=sentence_transformers
2026-09-17T01:32:29.586898Z  INFO panoptikon::inferio::worker: Batches:   0%|          | 0/1 [00:00<?, ?it/s]Batches: 100%|██████████| 1/1 [00:01<00:00,  1.01s/it]Batches: 100%|██████████| 1/1 [00:01<00:00,  1.01s/it] worker=sentence_transformers
2026-09-17T01:32:29.656300Z  INFO panoptikon::inferio::ledger: holding the throughput ramp at this rung: the ring cannot certify this rung yet model=textembed/all-MiniLM-L6-v2 gpu=CPU units=22032 certified=false knee_binds=false
2026-09-17T01:32:29.656524Z DEBUG panoptikon::inferio::ledger: refitted the memory cost model model=textembed/all-MiniLM-L6-v2 gpu=CPU slope_mb_per_unit=0.01893068532015849 intercept_mb=72.83639876730422 residual_mb=12.395685564741001 samples=50 version=15
2026-09-17T01:32:29.656563Z DEBUG panoptikon::inferio::ledger: declining to read this model's throughput curve: the observations in one batch-size bucket disagree with each other by more than the knee's own decision band, so something outside this ledger was moving throughput while they were taken bucket=7 observations=3 dispersion=0.21146981773879803 threshold=0.2
2026-09-17T01:32:29.656585Z DEBUG panoptikon::inferio::ledger: queued a calibration profile update for the store model=textembed/all-MiniLM-L6-v2 gpu=CPU reason="fit_changed" max_units_measured=22032 fit_version=15
2026-09-17T01:32:29.656602Z DEBUG panoptikon::inferio::ledger: settled a granted window model=textembed/all-MiniLM-L6-v2 gpu=CPU outcome="clean" fit_samples=4 throughput_samples=1 clamped_samples=0 clamped=none ramp_step=8 deflation=0 clean_windows=16 max_units_measured=22032
2026-09-17T01:32:29.659680Z DEBUG panoptikon::inferio::ledger: issued a memory grant model=textembed/all-MiniLM-L6-v2 gpu=CPU unit_budget=11315 mb=228 canvas_pixels=none share_mb=84626 room_mb=84626 headroom_mb=84082 external_mb=42779 reserve_mb=1024 reserve_rule="capped_default" pre_fit=false ramp_step=8 deflation=0 squeezed=false window_requests=254
2026-09-17T01:32:30.388205Z  INFO panoptikon::inferio::worker: Batches:   0%|          | 0/1 [00:00<?, ?it/s]Batches: 100%|██████████| 1/1 [00:00<00:00,  1.43it/s]Batches: 100%|██████████| 1/1 [00:00<00:00,  1.43it/s] worker=sentence_transformers
2026-09-17T01:32:30.846210Z  INFO panoptikon::inferio::worker: Batches:   0%|          | 0/1 [00:00<?, ?it/s]Batches: 100%|██████████| 1/1 [00:00<00:00,  2.27it/s]Batches: 100%|██████████| 1/1 [00:00<00:00,  2.27it/s] worker=sentence_transformers
2026-09-17T01:32:30.848589Z DEBUG panoptikon::inferio::ledger: refitted the memory cost model model=textembed/all-MiniLM-L6-v2 gpu=CPU slope_mb_per_unit=0.019254001921911096 intercept_mb=73.36495739666819 residual_mb=8.98520113919026 samples=52 version=16
2026-09-17T01:32:30.848640Z DEBUG panoptikon::inferio::ledger: declining to read this model's throughput curve: the observations in one batch-size bucket disagree with each other by more than the knee's own decision band, so something outside this ledger was moving throughput while they were taken bucket=7 observations=3 dispersion=0.21146981773879803 threshold=0.2
2026-09-17T01:32:30.848660Z DEBUG panoptikon::inferio::ledger: queued a calibration profile update for the store model=textembed/all-MiniLM-L6-v2 gpu=CPU reason="fit_changed" max_units_measured=22032 fit_version=16
2026-09-17T01:32:30.848678Z DEBUG panoptikon::inferio::ledger: settled a granted window model=textembed/all-MiniLM-L6-v2 gpu=CPU outcome="clean" fit_samples=2 throughput_samples=1 clamped_samples=0 clamped=none ramp_step=8 deflation=0 clean_windows=17 max_units_measured=22032
2026-09-17T01:32:30.987954Z  INFO panoptikon::jobs::extraction: extraction job phase timing data_load_busy_secs=0.01811429600000001 data_load_work_secs=0.018214901999999974 inference_busy_secs=15.73576025 inference_work_secs=39780.64404707798
2026-09-17T01:32:31.000182Z  INFO panoptikon::jobs::vector_quants: vector quant metadata synced index_db="cal"
2026-09-17T01:32:31.008425Z  INFO panoptikon::jobs::vector_quants: vector quant reconcile: data work starting index_db="cal" removals=0 builds=1
2026-09-17T01:32:31.190362Z  INFO panoptikon::jobs::vector_quants: quant space build complete index_db="cal" profile=default setters=[2]
2026-09-17T01:32:31.199468Z  INFO Actor{id="0.3" name="job-runner"}: panoptikon::jobs::queue: scheduling deferred database maintenance index_db="cal" queue_id=2 owed=wrote_data
2026-09-17T01:32:31.199511Z  INFO Actor{id="0.3" name="job-runner"}: panoptikon::jobs::queue: unloading batch model at job boundary setter=textembed/all-MiniLM-L6-v2
2026-09-17T01:32:31.199919Z DEBUG panoptikon::inferio::manager: unload requested model=textembed/all-MiniLM-L6-v2 cache_key=batch
2026-09-17T01:32:31.199970Z DEBUG panoptikon::inferio::manager: unloading model model=textembed/all-MiniLM-L6-v2
2026-09-17T01:32:31.200062Z DEBUG panoptikon::inferio::ledger: credited a departed replica's footprint back to the GPU's free reading, so its memory is not reattributed to external usage, and flagged the reading for a refresh model=textembed/all-MiniLM-L6-v2 gpu=CPU footprint_mb=764 adjusted_free_mb=85667
2026-09-17T01:32:31.200611Z  INFO panoptikon::inferio::worker: 2026-09-17 01:32:31,200 [INFO] inferio_worker: Unloaded; exiting. worker=sentence_transformers
