2026-09-17T01:19:33.180992Z  INFO panoptikon::logging: logging to file path=data/panoptikon.log
2026-09-17T01:19:33.181143Z  INFO panoptikon::rlimit: open file descriptor limit is already at its maximum soft_nofile=524288
2026-09-17T01:19:33.218958Z  INFO panoptikon::accelerator_report: accelerator backend: using CPU backend="cpu" backend_source=managed venv (setup sentinel) devices=["nvidia:NVIDIA RTX PRO 6000 Blackwell Workstation Edition (CC 12.0)", "nvidia:NVIDIA RTX PRO 6000 Blackwell Workstation Edition (CC 12.0)"]
2026-09-17T01:19:33.404682Z  INFO panoptikon::inferio::gpu: admitting batches from workers that run on the CPU against system RAM (running out of it is an OS process kill rather than a catchable allocation failure, so the device ships with a default ceiling) uuid=CPU name=CPU (128 GB) total_mb=128649 default_cap_fraction=0.75 accelerators=0
2026-09-17T01:19:33.405099Z  INFO panoptikon: serving /api/inference locally (inference_local.enabled)
2026-09-17T01:19:33.517354Z  INFO panoptikon: gateway listening endpoint=default address=127.0.0.1:17862
2026-09-17T01:19:33.517462Z  INFO panoptikon: gateway listening endpoint=test address=127.0.0.1:17863
2026-09-17T01:19:33.517499Z  INFO panoptikon: gateway listening endpoint=legacy_ui address=127.0.0.1:17859
2026-09-17T01:19:33.517525Z  INFO panoptikon: serving HTTP/1.1 and HTTP/2 cleartext max_concurrent_streams=512
2026-09-17T01:19:44.491718Z  INFO panoptikon::media_tools: media tools resolved ffmpeg=ffmpeg ffprobe=ffprobe
2026-09-17T01:19:44.933278Z  INFO panoptikon::media_tools::transcode::hw: no hardware H.264 encoder; the fast channel uses libx264 hwaccel="auto"
2026-09-17T01:19:45.169312Z  WARN panoptikon::jobs::files: no headless browser found; HTML files will not be indexed
2026-09-17T01:19:55.761602Z  INFO panoptikon::jobs::files: file scan phase timing folder="/home/admin/tmp-run4-upgrade/corpus/ramp/image/img-1024-jpg/" hashing_busy_secs=1.8701254789999948 hashing_work_secs=2.417473270999996 metadata_busy_secs=0.28213203500000034 metadata_work_secs=0.29193665399999963 thumbgen_busy_secs=6.329855398 thumbgen_work_secs=153.75995675500022 blurhash_busy_secs=3.966811321000001 blurhash_work_secs=13.866911936999985
2026-09-17T01:19:59.731267Z  INFO panoptikon::jobs::files: file scan phase timing folder="/home/admin/tmp-run4-upgrade/corpus/ramp/image/img-1024-jpg/" hashing_busy_secs=0.0 hashing_work_secs=0.0 metadata_busy_secs=0.0 metadata_work_secs=0.0 thumbgen_busy_secs=0.0 thumbgen_work_secs=0.0 blurhash_busy_secs=0.0 blurhash_work_secs=0.0
2026-09-17T01:19:59.739827Z  INFO Actor{id="0.6" name="job-runner"}: panoptikon::jobs::queue: scheduling deferred database maintenance index_db="cal" queue_id=3 owed=wrote_data
2026-09-17T01:20:11.156631Z DEBUG panoptikon::inferio_client: multiplexing inference requests over HTTP/2 cleartext endpoint=http://127.0.0.1:17862/api/inference connection_lanes=64 streams_per_lane=64 max_concurrent=256 max_concurrent_ceiling=4096
2026-09-17T01:20:11.230578Z DEBUG panoptikon::inferio::manager: resolved cost dimension model=tags/wd-vit-tagger-v3 unit="item" aggregation="count" epoch=1 seed_units=64 priced=true degraded=false
2026-09-17T01:20:11.230633Z DEBUG panoptikon::inferio::ledger: probing the host for this GPU's free memory before pricing a load against it model="tags/wd-vit-tagger-v3" gpu="CPU" reason="no free sample: this GPU has never had a resident" sample_age_ms=None
2026-09-17T01:20:11.230872Z DEBUG panoptikon::inferio::ledger: refreshed the GPU's free memory from the host probe gpu=CPU source="ram" free_mb=89210 total_mb=128649 external_mb=39439 previous_age_ms=None recorded=true
2026-09-17T01:20:11.265766Z DEBUG panoptikon::inferio::worker: spawned an inferio worker worker=wd_tagger inference_id="tags/wd-vit-tagger-v3" pid=Some(592301)
2026-09-17T01:20:16.311291Z  INFO panoptikon::inferio::worker: 2026-09-17 01:20:16,311 [INFO] inferio_worker: Resolved impl class wd_tagger to /home/admin/tmp-final-deploy/Ftags/app/python/inferio/impl/wd_tagger.py worker=wd_tagger
2026-09-17T01:20:16.311442Z  INFO panoptikon::inferio::worker: 2026-09-17 01:20:16,311 [INFO] inferio_worker: Handshake ok for impl class wd_tagger worker=wd_tagger
2026-09-17T01:20:16.313133Z  INFO panoptikon::inferio::worker: 2026-09-17 01:20:16,313 [INFO] inferio_worker: Configured as tags/wd-vit-tagger-v3 worker=wd_tagger
2026-09-17T01:20:26.881863Z  INFO panoptikon::inferio::worker: 2026-09-17 01:20:26,881 [INFO] timm.models._hub: [SmilingWolf/wd-vit-tagger-v3] Safe alternative available for 'pytorch_model.bin' (as 'model.safetensors'). Loading weights using safetensors. worker=wd_tagger
2026-09-17T01:20:27.156324Z DEBUG panoptikon::inferio::worker: worker reported its load footprint worker=tags/wd-vit-tagger-v3 base_mb=486 base_method="rss" dtype="fp32" dtype_method="inferred" gpu_name="CPU (128 GB)" gpu_arch="cpu" gpu_total_mb=128649 torch="2.7.1+cpu"
2026-09-17T01:20:27.156414Z DEBUG panoptikon::inferio::manager: replica loaded model=tags/wd-vit-tagger-v3 replica=0 device="<unpinned>"
2026-09-17T01:20:27.156980Z DEBUG panoptikon::inferio::ledger: admitted a worker to a GPU's ledger model=tags/wd-vit-tagger-v3 gpu=CPU replica=2 base_mb=Some(486) base_method="rss" reserved_at_load_mb=Some(1068) seeded_from_store=false
2026-09-17T01:20:27.202915Z DEBUG panoptikon::inferio::http: processing local inference predict model=tags/wd-vit-tagger-v3 inputs=1
2026-09-17T01:20:27.202978Z DEBUG panoptikon::inferio::http: processing local inference predict model=tags/wd-vit-tagger-v3 inputs=1
2026-09-17T01:20:27.202983Z DEBUG panoptikon::inferio::http: processing local inference predict model=tags/wd-vit-tagger-v3 inputs=1
2026-09-17T01:20:27.202983Z DEBUG panoptikon::inferio::http: processing local inference predict model=tags/wd-vit-tagger-v3 inputs=1
2026-09-17T01:20:27.202989Z DEBUG panoptikon::inferio::http: processing local inference predict model=tags/wd-vit-tagger-v3 inputs=1
2026-09-17T01:20:27.203072Z DEBUG panoptikon::inferio::ledger: issued a memory grant model=tags/wd-vit-tagger-v3 gpu=CPU unit_budget=1 mb=88087 canvas_pixels=none share_mb=88087 room_mb=88087 headroom_mb=88087 external_mb=39052 reserve_mb=1024 reserve_rule="capped_default" pre_fit=true ramp_step=0 deflation=0 squeezed=false window_requests=1
2026-09-17T01:20:27.203868Z DEBUG panoptikon::inferio::http: processing local inference predict model=tags/wd-vit-tagger-v3 inputs=1
2026-09-17T01:20:27.203874Z DEBUG panoptikon::inferio::http: processing local inference predict model=tags/wd-vit-tagger-v3 inputs=1
2026-09-17T01:20:27.204334Z DEBUG panoptikon::inferio::http: processing local inference predict model=tags/wd-vit-tagger-v3 inputs=1
2026-09-17T01:20:27.204585Z DEBUG panoptikon::inferio::http: processing local inference predict model=tags/wd-vit-tagger-v3 inputs=1
2026-09-17T01:20:27.204987Z DEBUG panoptikon::inferio::http: processing local inference predict model=tags/wd-vit-tagger-v3 inputs=1
2026-09-17T01:20:27.205015Z DEBUG panoptikon::inferio::http: processing local inference predict model=tags/wd-vit-tagger-v3 inputs=1
2026-09-17T01:20:27.205046Z DEBUG panoptikon::inferio::http: processing local inference predict model=tags/wd-vit-tagger-v3 inputs=1
2026-09-17T01:20:27.205327Z DEBUG panoptikon::inferio::http: processing local inference predict model=tags/wd-vit-tagger-v3 inputs=1
2026-09-17T01:20:27.205350Z DEBUG panoptikon::inferio::http: processing local inference predict model=tags/wd-vit-tagger-v3 inputs=1
2026-09-17T01:20:27.205363Z DEBUG panoptikon::inferio::http: processing local inference predict model=tags/wd-vit-tagger-v3 inputs=1
2026-09-17T01:20:27.205379Z DEBUG panoptikon::inferio::http: processing local inference predict model=tags/wd-vit-tagger-v3 inputs=1
2026-09-17T01:20:27.205390Z DEBUG panoptikon::inferio::http: processing local inference predict model=tags/wd-vit-tagger-v3 inputs=1
2026-09-17T01:20:27.205592Z DEBUG panoptikon::inferio::http: processing local inference predict model=tags/wd-vit-tagger-v3 inputs=1
2026-09-17T01:20:27.206219Z DEBUG panoptikon::inferio::http: processing local inference predict model=tags/wd-vit-tagger-v3 inputs=1
2026-09-17T01:20:27.206296Z DEBUG panoptikon::inferio::http: processing local inference predict model=tags/wd-vit-tagger-v3 inputs=1
2026-09-17T01:20:27.206397Z DEBUG panoptikon::inferio::http: processing local inference predict model=tags/wd-vit-tagger-v3 inputs=1
2026-09-17T01:20:27.206582Z DEBUG panoptikon::inferio::http: processing local inference predict model=tags/wd-vit-tagger-v3 inputs=1
2026-09-17T01:20:27.207200Z DEBUG panoptikon::inferio::http: processing local inference predict model=tags/wd-vit-tagger-v3 inputs=1
2026-09-17T01:20:27.207596Z DEBUG panoptikon::inferio::http: processing local inference predict model=tags/wd-vit-tagger-v3 inputs=1
2026-09-17T01:20:27.208437Z DEBUG panoptikon::inferio::http: processing local inference predict model=tags/wd-vit-tagger-v3 inputs=1
2026-09-17T01:20:27.208913Z DEBUG panoptikon::inferio::http: processing local inference predict model=tags/wd-vit-tagger-v3 inputs=1
2026-09-17T01:20:27.209182Z DEBUG panoptikon::inferio::http: processing local inference predict model=tags/wd-vit-tagger-v3 inputs=1
2026-09-17T01:20:27.209297Z DEBUG panoptikon::inferio::http: processing local inference predict model=tags/wd-vit-tagger-v3 inputs=1
2026-09-17T01:20:27.209135Z DEBUG panoptikon::inferio::http: processing local inference predict model=tags/wd-vit-tagger-v3 inputs=1
2026-09-17T01:20:27.209743Z DEBUG panoptikon::inferio::http: processing local inference predict model=tags/wd-vit-tagger-v3 inputs=1
2026-09-17T01:20:27.209302Z DEBUG panoptikon::inferio::http: processing local inference predict model=tags/wd-vit-tagger-v3 inputs=1
2026-09-17T01:20:27.209923Z DEBUG panoptikon::inferio::http: processing local inference predict model=tags/wd-vit-tagger-v3 inputs=1
2026-09-17T01:20:27.209405Z DEBUG panoptikon::inferio::http: processing local inference predict model=tags/wd-vit-tagger-v3 inputs=1
2026-09-17T01:20:27.209419Z DEBUG panoptikon::inferio::http: processing local inference predict model=tags/wd-vit-tagger-v3 inputs=1
2026-09-17T01:20:27.209507Z DEBUG panoptikon::inferio::http: processing local inference predict model=tags/wd-vit-tagger-v3 inputs=1
2026-09-17T01:20:27.209513Z DEBUG panoptikon::inferio::http: processing local inference predict model=tags/wd-vit-tagger-v3 inputs=1
2026-09-17T01:20:27.210656Z DEBUG panoptikon::inferio::http: processing local inference predict model=tags/wd-vit-tagger-v3 inputs=1
2026-09-17T01:20:27.210688Z DEBUG panoptikon::inferio::http: processing local inference predict model=tags/wd-vit-tagger-v3 inputs=1
2026-09-17T01:20:27.210729Z DEBUG panoptikon::inferio::http: processing local inference predict model=tags/wd-vit-tagger-v3 inputs=1
2026-09-17T01:20:27.208966Z DEBUG panoptikon::inferio::http: processing local inference predict model=tags/wd-vit-tagger-v3 inputs=1
2026-09-17T01:20:27.210774Z DEBUG panoptikon::inferio::http: processing local inference predict model=tags/wd-vit-tagger-v3 inputs=1
2026-09-17T01:20:27.210810Z DEBUG panoptikon::inferio::http: processing local inference predict model=tags/wd-vit-tagger-v3 inputs=1
2026-09-17T01:20:27.210653Z DEBUG panoptikon::inferio::http: processing local inference predict model=tags/wd-vit-tagger-v3 inputs=1
2026-09-17T01:20:27.211521Z DEBUG panoptikon::inferio::http: processing local inference predict model=tags/wd-vit-tagger-v3 inputs=1
2026-09-17T01:20:27.212200Z DEBUG panoptikon::inferio::http: processing local inference predict model=tags/wd-vit-tagger-v3 inputs=1
2026-09-17T01:20:27.211575Z DEBUG panoptikon::inferio::http: processing local inference predict model=tags/wd-vit-tagger-v3 inputs=1
2026-09-17T01:20:27.211589Z DEBUG panoptikon::inferio::http: processing local inference predict model=tags/wd-vit-tagger-v3 inputs=1
2026-09-17T01:20:27.211605Z DEBUG panoptikon::inferio::http: processing local inference predict model=tags/wd-vit-tagger-v3 inputs=1
2026-09-17T01:20:27.212206Z DEBUG panoptikon::inferio::http: processing local inference predict model=tags/wd-vit-tagger-v3 inputs=1
2026-09-17T01:20:27.212208Z DEBUG panoptikon::inferio::http: processing local inference predict model=tags/wd-vit-tagger-v3 inputs=1
2026-09-17T01:20:27.211568Z DEBUG panoptikon::inferio::http: processing local inference predict model=tags/wd-vit-tagger-v3 inputs=1
2026-09-17T01:20:27.212295Z DEBUG panoptikon::inferio::http: processing local inference predict model=tags/wd-vit-tagger-v3 inputs=1
2026-09-17T01:20:27.212771Z DEBUG panoptikon::inferio::http: processing local inference predict model=tags/wd-vit-tagger-v3 inputs=1
2026-09-17T01:20:27.212839Z DEBUG panoptikon::inferio::http: processing local inference predict model=tags/wd-vit-tagger-v3 inputs=1
2026-09-17T01:20:27.212970Z DEBUG panoptikon::inferio::http: processing local inference predict model=tags/wd-vit-tagger-v3 inputs=1
2026-09-17T01:20:27.213020Z DEBUG panoptikon::inferio::http: processing local inference predict model=tags/wd-vit-tagger-v3 inputs=1
2026-09-17T01:20:27.214046Z DEBUG panoptikon::inferio::http: processing local inference predict model=tags/wd-vit-tagger-v3 inputs=1
2026-09-17T01:20:27.214105Z DEBUG panoptikon::inferio::http: processing local inference predict model=tags/wd-vit-tagger-v3 inputs=1
2026-09-17T01:20:27.214108Z DEBUG panoptikon::inferio::http: processing local inference predict model=tags/wd-vit-tagger-v3 inputs=1
2026-09-17T01:20:27.214107Z DEBUG panoptikon::inferio::http: processing local inference predict model=tags/wd-vit-tagger-v3 inputs=1
2026-09-17T01:20:27.214241Z DEBUG panoptikon::inferio::http: processing local inference predict model=tags/wd-vit-tagger-v3 inputs=1
2026-09-17T01:20:27.214245Z DEBUG panoptikon::inferio::http: processing local inference predict model=tags/wd-vit-tagger-v3 inputs=1
2026-09-17T01:20:27.214261Z DEBUG panoptikon::inferio::http: processing local inference predict model=tags/wd-vit-tagger-v3 inputs=1
2026-09-17T01:20:27.214260Z DEBUG panoptikon::inferio::http: processing local inference predict model=tags/wd-vit-tagger-v3 inputs=1
2026-09-17T01:20:28.325655Z DEBUG panoptikon::inferio::ledger: queued a calibration profile update for the store model=tags/wd-vit-tagger-v3 gpu=CPU reason="anchor_advanced" max_units_measured=0 fit_version=0
2026-09-17T01:20:28.325895Z DEBUG panoptikon::inferio::ledger: settled a granted window model=tags/wd-vit-tagger-v3 gpu=CPU outcome="clean" fit_samples=1 throughput_samples=1 clamped_samples=0 clamped=none ramp_step=0 deflation=0 clean_windows=1 max_units_measured=1
2026-09-17T01:20:28.326089Z DEBUG panoptikon::inferio::ledger: issued a memory grant model=tags/wd-vit-tagger-v3 gpu=CPU unit_budget=2 mb=86418 canvas_pixels=none share_mb=86418 room_mb=86418 headroom_mb=86418 external_mb=40721 reserve_mb=1024 reserve_rule="capped_default" pre_fit=true ramp_step=0 deflation=0 squeezed=false window_requests=6
2026-09-17T01:20:28.328254Z DEBUG panoptikon::inferio::http: processing local inference predict model=tags/wd-vit-tagger-v3 inputs=1
2026-09-17T01:20:28.333003Z  INFO panoptikon::inferio::calibration: wrote the local calibration store path=data/inferio/calibration.toml profiles=1
2026-09-17T01:20:28.345009Z DEBUG panoptikon::inferio::http: processing local inference predict model=tags/wd-vit-tagger-v3 inputs=1
2026-09-17T01:20:28.345029Z DEBUG panoptikon::inferio::http: processing local inference predict model=tags/wd-vit-tagger-v3 inputs=1
2026-09-17T01:20:28.345062Z DEBUG panoptikon::inferio::http: processing local inference predict model=tags/wd-vit-tagger-v3 inputs=1
2026-09-17T01:20:28.345153Z DEBUG panoptikon::inferio::http: processing local inference predict model=tags/wd-vit-tagger-v3 inputs=1
2026-09-17T01:20:28.345205Z DEBUG panoptikon::inferio::http: processing local inference predict model=tags/wd-vit-tagger-v3 inputs=1
2026-09-17T01:20:28.345345Z DEBUG panoptikon::inferio::http: processing local inference predict model=tags/wd-vit-tagger-v3 inputs=1
2026-09-17T01:20:28.345662Z DEBUG panoptikon::inferio::http: processing local inference predict model=tags/wd-vit-tagger-v3 inputs=1
2026-09-17T01:20:28.345736Z DEBUG panoptikon::inferio::http: processing local inference predict model=tags/wd-vit-tagger-v3 inputs=1
2026-09-17T01:20:28.346168Z DEBUG panoptikon::inferio::http: processing local inference predict model=tags/wd-vit-tagger-v3 inputs=1
2026-09-17T01:20:28.346189Z DEBUG panoptikon::inferio::http: processing local inference predict model=tags/wd-vit-tagger-v3 inputs=1
2026-09-17T01:20:28.346198Z DEBUG panoptikon::inferio::http: processing local inference predict model=tags/wd-vit-tagger-v3 inputs=1
2026-09-17T01:20:28.346200Z DEBUG panoptikon::inferio::http: processing local inference predict model=tags/wd-vit-tagger-v3 inputs=1
2026-09-17T01:20:28.346254Z DEBUG panoptikon::inferio::http: processing local inference predict model=tags/wd-vit-tagger-v3 inputs=1
2026-09-17T01:20:28.347780Z DEBUG panoptikon::inferio::http: processing local inference predict model=tags/wd-vit-tagger-v3 inputs=1
2026-09-17T01:20:28.347926Z DEBUG panoptikon::inferio::http: processing local inference predict model=tags/wd-vit-tagger-v3 inputs=1
2026-09-17T01:20:28.348567Z DEBUG panoptikon::inferio::http: processing local inference predict model=tags/wd-vit-tagger-v3 inputs=1
2026-09-17T01:20:28.350770Z DEBUG panoptikon::inferio::http: processing local inference predict model=tags/wd-vit-tagger-v3 inputs=1
2026-09-17T01:20:28.350971Z DEBUG panoptikon::inferio::http: processing local inference predict model=tags/wd-vit-tagger-v3 inputs=1
2026-09-17T01:20:28.351005Z DEBUG panoptikon::inferio::http: processing local inference predict model=tags/wd-vit-tagger-v3 inputs=1
2026-09-17T01:20:28.351048Z DEBUG panoptikon::inferio::http: processing local inference predict model=tags/wd-vit-tagger-v3 inputs=1
2026-09-17T01:20:28.352149Z DEBUG panoptikon::inferio::http: processing local inference predict model=tags/wd-vit-tagger-v3 inputs=1
2026-09-17T01:20:28.352163Z DEBUG panoptikon::inferio::http: processing local inference predict model=tags/wd-vit-tagger-v3 inputs=1
2026-09-17T01:20:28.352710Z DEBUG panoptikon::inferio::http: processing local inference predict model=tags/wd-vit-tagger-v3 inputs=1
2026-09-17T01:20:28.353746Z DEBUG panoptikon::inferio::http: processing local inference predict model=tags/wd-vit-tagger-v3 inputs=1
2026-09-17T01:20:28.353764Z DEBUG panoptikon::inferio::http: processing local inference predict model=tags/wd-vit-tagger-v3 inputs=1
2026-09-17T01:20:28.353779Z DEBUG panoptikon::inferio::http: processing local inference predict model=tags/wd-vit-tagger-v3 inputs=1
2026-09-17T01:20:28.354018Z DEBUG panoptikon::inferio::http: processing local inference predict model=tags/wd-vit-tagger-v3 inputs=1
2026-09-17T01:20:28.354161Z DEBUG panoptikon::inferio::http: processing local inference predict model=tags/wd-vit-tagger-v3 inputs=1
2026-09-17T01:20:28.353878Z DEBUG panoptikon::inferio::http: processing local inference predict model=tags/wd-vit-tagger-v3 inputs=1
2026-09-17T01:20:28.354269Z DEBUG panoptikon::inferio::http: processing local inference predict model=tags/wd-vit-tagger-v3 inputs=1
2026-09-17T01:20:28.353776Z DEBUG panoptikon::inferio::http: processing local inference predict model=tags/wd-vit-tagger-v3 inputs=1
2026-09-17T01:20:28.354032Z DEBUG panoptikon::inferio::http: processing local inference predict model=tags/wd-vit-tagger-v3 inputs=1
2026-09-17T01:20:28.354443Z DEBUG panoptikon::inferio::http: processing local inference predict model=tags/wd-vit-tagger-v3 inputs=1
2026-09-17T01:20:28.354585Z DEBUG panoptikon::inferio::http: processing local inference predict model=tags/wd-vit-tagger-v3 inputs=1
2026-09-17T01:20:28.354118Z DEBUG panoptikon::inferio::http: processing local inference predict model=tags/wd-vit-tagger-v3 inputs=1
2026-09-17T01:20:28.354165Z DEBUG panoptikon::inferio::http: processing local inference predict model=tags/wd-vit-tagger-v3 inputs=1
2026-09-17T01:20:28.354163Z DEBUG panoptikon::inferio::http: processing local inference predict model=tags/wd-vit-tagger-v3 inputs=1
2026-09-17T01:20:28.353840Z DEBUG panoptikon::inferio::http: processing local inference predict model=tags/wd-vit-tagger-v3 inputs=1
2026-09-17T01:20:28.354167Z DEBUG panoptikon::inferio::http: processing local inference predict model=tags/wd-vit-tagger-v3 inputs=1
2026-09-17T01:20:28.354185Z DEBUG panoptikon::inferio::http: processing local inference predict model=tags/wd-vit-tagger-v3 inputs=1
2026-09-17T01:20:28.354193Z DEBUG panoptikon::inferio::http: processing local inference predict model=tags/wd-vit-tagger-v3 inputs=1
2026-09-17T01:20:28.354217Z DEBUG panoptikon::inferio::http: processing local inference predict model=tags/wd-vit-tagger-v3 inputs=1
2026-09-17T01:20:28.354227Z DEBUG panoptikon::inferio::http: processing local inference predict model=tags/wd-vit-tagger-v3 inputs=1
2026-09-17T01:20:28.354218Z DEBUG panoptikon::inferio::http: processing local inference predict model=tags/wd-vit-tagger-v3 inputs=1
2026-09-17T01:20:28.354277Z DEBUG panoptikon::inferio::http: processing local inference predict model=tags/wd-vit-tagger-v3 inputs=1
2026-09-17T01:20:28.354281Z DEBUG panoptikon::inferio::http: processing local inference predict model=tags/wd-vit-tagger-v3 inputs=1
2026-09-17T01:20:28.353927Z DEBUG panoptikon::inferio::http: processing local inference predict model=tags/wd-vit-tagger-v3 inputs=1
2026-09-17T01:20:28.354281Z DEBUG panoptikon::inferio::http: processing local inference predict model=tags/wd-vit-tagger-v3 inputs=1
2026-09-17T01:20:28.354293Z DEBUG panoptikon::inferio::http: processing local inference predict model=tags/wd-vit-tagger-v3 inputs=1
2026-09-17T01:20:28.354300Z DEBUG panoptikon::inferio::http: processing local inference predict model=tags/wd-vit-tagger-v3 inputs=1
2026-09-17T01:20:28.354322Z DEBUG panoptikon::inferio::http: processing local inference predict model=tags/wd-vit-tagger-v3 inputs=1
2026-09-17T01:20:28.354330Z DEBUG panoptikon::inferio::http: processing local inference predict model=tags/wd-vit-tagger-v3 inputs=1
2026-09-17T01:20:28.354356Z DEBUG panoptikon::inferio::http: processing local inference predict model=tags/wd-vit-tagger-v3 inputs=1
2026-09-17T01:20:28.354365Z DEBUG panoptikon::inferio::http: processing local inference predict model=tags/wd-vit-tagger-v3 inputs=1
2026-09-17T01:20:28.354368Z DEBUG panoptikon::inferio::http: processing local inference predict model=tags/wd-vit-tagger-v3 inputs=1
2026-09-17T01:20:28.354380Z DEBUG panoptikon::inferio::http: processing local inference predict model=tags/wd-vit-tagger-v3 inputs=1
2026-09-17T01:20:28.354042Z DEBUG panoptikon::inferio::http: processing local inference predict model=tags/wd-vit-tagger-v3 inputs=1
2026-09-17T01:20:28.354475Z DEBUG panoptikon::inferio::http: processing local inference predict model=tags/wd-vit-tagger-v3 inputs=1
2026-09-17T01:20:28.354485Z DEBUG panoptikon::inferio::http: processing local inference predict model=tags/wd-vit-tagger-v3 inputs=1
2026-09-17T01:20:28.354531Z DEBUG panoptikon::inferio::http: processing local inference predict model=tags/wd-vit-tagger-v3 inputs=1
2026-09-17T01:20:28.354057Z DEBUG panoptikon::inferio::http: processing local inference predict model=tags/wd-vit-tagger-v3 inputs=1
2026-09-17T01:20:28.354612Z DEBUG panoptikon::inferio::http: processing local inference predict model=tags/wd-vit-tagger-v3 inputs=1
2026-09-17T01:20:28.354624Z DEBUG panoptikon::inferio::http: processing local inference predict model=tags/wd-vit-tagger-v3 inputs=1
2026-09-17T01:20:28.354642Z DEBUG panoptikon::inferio::http: processing local inference predict model=tags/wd-vit-tagger-v3 inputs=1
2026-09-17T01:20:28.364990Z DEBUG panoptikon::inferio::http: processing local inference predict model=tags/wd-vit-tagger-v3 inputs=1
2026-09-17T01:20:28.365096Z DEBUG panoptikon::inferio::http: processing local inference predict model=tags/wd-vit-tagger-v3 inputs=1
2026-09-17T01:20:28.365401Z DEBUG panoptikon::inferio::http: processing local inference predict model=tags/wd-vit-tagger-v3 inputs=1
2026-09-17T01:20:28.365445Z DEBUG panoptikon::inferio::http: processing local inference predict model=tags/wd-vit-tagger-v3 inputs=1
2026-09-17T01:20:28.365402Z DEBUG panoptikon::inferio::http: processing local inference predict model=tags/wd-vit-tagger-v3 inputs=1
2026-09-17T01:20:28.365470Z DEBUG panoptikon::inferio::http: processing local inference predict model=tags/wd-vit-tagger-v3 inputs=1
2026-09-17T01:20:28.365743Z DEBUG panoptikon::inferio::http: processing local inference predict model=tags/wd-vit-tagger-v3 inputs=1
2026-09-17T01:20:28.365937Z DEBUG panoptikon::inferio::http: processing local inference predict model=tags/wd-vit-tagger-v3 inputs=1
2026-09-17T01:20:28.366585Z DEBUG panoptikon::inferio::http: processing local inference predict model=tags/wd-vit-tagger-v3 inputs=1
2026-09-17T01:20:28.366634Z DEBUG panoptikon::inferio::http: processing local inference predict model=tags/wd-vit-tagger-v3 inputs=1
2026-09-17T01:20:28.366684Z DEBUG panoptikon::inferio::http: processing local inference predict model=tags/wd-vit-tagger-v3 inputs=1
2026-09-17T01:20:28.366697Z DEBUG panoptikon::inferio::http: processing local inference predict model=tags/wd-vit-tagger-v3 inputs=1
2026-09-17T01:20:28.366700Z DEBUG panoptikon::inferio::http: processing local inference predict model=tags/wd-vit-tagger-v3 inputs=1
2026-09-17T01:20:28.366910Z DEBUG panoptikon::inferio::http: processing local inference predict model=tags/wd-vit-tagger-v3 inputs=1
2026-09-17T01:20:28.366970Z DEBUG panoptikon::inferio::http: processing local inference predict model=tags/wd-vit-tagger-v3 inputs=1
2026-09-17T01:20:28.367131Z DEBUG panoptikon::inferio::http: processing local inference predict model=tags/wd-vit-tagger-v3 inputs=1
2026-09-17T01:20:28.367207Z DEBUG panoptikon::inferio::http: processing local inference predict model=tags/wd-vit-tagger-v3 inputs=1
2026-09-17T01:20:28.367551Z DEBUG panoptikon::inferio::http: processing local inference predict model=tags/wd-vit-tagger-v3 inputs=1
2026-09-17T01:20:28.367583Z DEBUG panoptikon::inferio::http: processing local inference predict model=tags/wd-vit-tagger-v3 inputs=1
2026-09-17T01:20:28.367801Z DEBUG panoptikon::inferio::http: processing local inference predict model=tags/wd-vit-tagger-v3 inputs=1
2026-09-17T01:20:28.367858Z DEBUG panoptikon::inferio::http: processing local inference predict model=tags/wd-vit-tagger-v3 inputs=1
2026-09-17T01:20:28.368036Z DEBUG panoptikon::inferio::http: processing local inference predict model=tags/wd-vit-tagger-v3 inputs=1
2026-09-17T01:20:28.368195Z DEBUG panoptikon::inferio::http: processing local inference predict model=tags/wd-vit-tagger-v3 inputs=1
2026-09-17T01:20:28.368215Z DEBUG panoptikon::inferio::http: processing local inference predict model=tags/wd-vit-tagger-v3 inputs=1
2026-09-17T01:20:28.368407Z DEBUG panoptikon::inferio::http: processing local inference predict model=tags/wd-vit-tagger-v3 inputs=1
2026-09-17T01:20:28.368789Z DEBUG panoptikon::inferio::http: processing local inference predict model=tags/wd-vit-tagger-v3 inputs=1
2026-09-17T01:20:28.368889Z DEBUG panoptikon::inferio::http: processing local inference predict model=tags/wd-vit-tagger-v3 inputs=1
2026-09-17T01:20:28.368999Z DEBUG panoptikon::inferio::http: processing local inference predict model=tags/wd-vit-tagger-v3 inputs=1
2026-09-17T01:20:28.369093Z DEBUG panoptikon::inferio::http: processing local inference predict model=tags/wd-vit-tagger-v3 inputs=1
2026-09-17T01:20:28.369250Z DEBUG panoptikon::inferio::http: processing local inference predict model=tags/wd-vit-tagger-v3 inputs=1
2026-09-17T01:20:28.369299Z DEBUG panoptikon::inferio::http: processing local inference predict model=tags/wd-vit-tagger-v3 inputs=1
2026-09-17T01:20:28.369403Z DEBUG panoptikon::inferio::http: processing local inference predict model=tags/wd-vit-tagger-v3 inputs=1
2026-09-17T01:20:28.369537Z DEBUG panoptikon::inferio::http: processing local inference predict model=tags/wd-vit-tagger-v3 inputs=1
2026-09-17T01:20:28.369847Z DEBUG panoptikon::inferio::http: processing local inference predict model=tags/wd-vit-tagger-v3 inputs=1
2026-09-17T01:20:28.369875Z DEBUG panoptikon::inferio::http: processing local inference predict model=tags/wd-vit-tagger-v3 inputs=1
2026-09-17T01:20:28.370210Z DEBUG panoptikon::inferio::http: processing local inference predict model=tags/wd-vit-tagger-v3 inputs=1
2026-09-17T01:20:28.370237Z DEBUG panoptikon::inferio::http: processing local inference predict model=tags/wd-vit-tagger-v3 inputs=1
2026-09-17T01:20:28.370351Z DEBUG panoptikon::inferio::http: processing local inference predict model=tags/wd-vit-tagger-v3 inputs=1
2026-09-17T01:20:28.370353Z DEBUG panoptikon::inferio::http: processing local inference predict model=tags/wd-vit-tagger-v3 inputs=1
2026-09-17T01:20:28.370658Z DEBUG panoptikon::inferio::http: processing local inference predict model=tags/wd-vit-tagger-v3 inputs=1
2026-09-17T01:20:28.370768Z DEBUG panoptikon::inferio::http: processing local inference predict model=tags/wd-vit-tagger-v3 inputs=1
2026-09-17T01:20:28.371142Z DEBUG panoptikon::inferio::http: processing local inference predict model=tags/wd-vit-tagger-v3 inputs=1
2026-09-17T01:20:28.371185Z DEBUG panoptikon::inferio::http: processing local inference predict model=tags/wd-vit-tagger-v3 inputs=1
2026-09-17T01:20:28.371195Z DEBUG panoptikon::inferio::http: processing local inference predict model=tags/wd-vit-tagger-v3 inputs=1
2026-09-17T01:20:28.371363Z DEBUG panoptikon::inferio::http: processing local inference predict model=tags/wd-vit-tagger-v3 inputs=1
2026-09-17T01:20:28.371443Z DEBUG panoptikon::inferio::http: processing local inference predict model=tags/wd-vit-tagger-v3 inputs=1
2026-09-17T01:20:28.371694Z DEBUG panoptikon::inferio::http: processing local inference predict model=tags/wd-vit-tagger-v3 inputs=1
2026-09-17T01:20:28.371741Z DEBUG panoptikon::inferio::http: processing local inference predict model=tags/wd-vit-tagger-v3 inputs=1
2026-09-17T01:20:28.372056Z DEBUG panoptikon::inferio::http: processing local inference predict model=tags/wd-vit-tagger-v3 inputs=1
2026-09-17T01:20:28.372325Z DEBUG panoptikon::inferio::http: processing local inference predict model=tags/wd-vit-tagger-v3 inputs=1
2026-09-17T01:20:28.373019Z DEBUG panoptikon::inferio::http: processing local inference predict model=tags/wd-vit-tagger-v3 inputs=1
2026-09-17T01:20:28.373140Z DEBUG panoptikon::inferio::http: processing local inference predict model=tags/wd-vit-tagger-v3 inputs=1
2026-09-17T01:20:28.373845Z DEBUG panoptikon::inferio::http: processing local inference predict model=tags/wd-vit-tagger-v3 inputs=1
2026-09-17T01:20:28.373935Z DEBUG panoptikon::inferio::http: processing local inference predict model=tags/wd-vit-tagger-v3 inputs=1
2026-09-17T01:20:28.373863Z DEBUG panoptikon::inferio::http: processing local inference predict model=tags/wd-vit-tagger-v3 inputs=1
2026-09-17T01:20:28.374104Z DEBUG panoptikon::inferio::http: processing local inference predict model=tags/wd-vit-tagger-v3 inputs=1
2026-09-17T01:20:28.373847Z DEBUG panoptikon::inferio::http: processing local inference predict model=tags/wd-vit-tagger-v3 inputs=1
2026-09-17T01:20:28.374055Z DEBUG panoptikon::inferio::http: processing local inference predict model=tags/wd-vit-tagger-v3 inputs=1
2026-09-17T01:20:28.373953Z DEBUG panoptikon::inferio::http: processing local inference predict model=tags/wd-vit-tagger-v3 inputs=1
2026-09-17T01:20:28.374335Z DEBUG panoptikon::inferio::http: processing local inference predict model=tags/wd-vit-tagger-v3 inputs=1
2026-09-17T01:20:28.374502Z DEBUG panoptikon::inferio::http: processing local inference predict model=tags/wd-vit-tagger-v3 inputs=1
2026-09-17T01:20:28.374522Z DEBUG panoptikon::inferio::http: processing local inference predict model=tags/wd-vit-tagger-v3 inputs=1
2026-09-17T01:20:28.374505Z DEBUG panoptikon::inferio::http: processing local inference predict model=tags/wd-vit-tagger-v3 inputs=1
2026-09-17T01:20:28.374709Z DEBUG panoptikon::inferio::http: processing local inference predict model=tags/wd-vit-tagger-v3 inputs=1
2026-09-17T01:20:28.387743Z DEBUG panoptikon::inferio::http: processing local inference predict model=tags/wd-vit-tagger-v3 inputs=1
2026-09-17T01:20:28.387804Z DEBUG panoptikon::inferio::http: processing local inference predict model=tags/wd-vit-tagger-v3 inputs=1
2026-09-17T01:20:28.388210Z DEBUG panoptikon::inferio::http: processing local inference predict model=tags/wd-vit-tagger-v3 inputs=1
2026-09-17T01:20:28.388842Z DEBUG panoptikon::inferio::http: processing local inference predict model=tags/wd-vit-tagger-v3 inputs=1
2026-09-17T01:20:28.388859Z DEBUG panoptikon::inferio::http: processing local inference predict model=tags/wd-vit-tagger-v3 inputs=1
2026-09-17T01:20:28.388880Z DEBUG panoptikon::inferio::http: processing local inference predict model=tags/wd-vit-tagger-v3 inputs=1
2026-09-17T01:20:28.388896Z DEBUG panoptikon::inferio::http: processing local inference predict model=tags/wd-vit-tagger-v3 inputs=1
2026-09-17T01:20:28.388948Z DEBUG panoptikon::inferio::http: processing local inference predict model=tags/wd-vit-tagger-v3 inputs=1
2026-09-17T01:20:28.389004Z DEBUG panoptikon::inferio::http: processing local inference predict model=tags/wd-vit-tagger-v3 inputs=1
2026-09-17T01:20:28.389334Z DEBUG panoptikon::inferio::http: processing local inference predict model=tags/wd-vit-tagger-v3 inputs=1
2026-09-17T01:20:28.389017Z DEBUG panoptikon::inferio::http: processing local inference predict model=tags/wd-vit-tagger-v3 inputs=1
2026-09-17T01:20:28.389050Z DEBUG panoptikon::inferio::http: processing local inference predict model=tags/wd-vit-tagger-v3 inputs=1
2026-09-17T01:20:28.389210Z DEBUG panoptikon::inferio::http: processing local inference predict model=tags/wd-vit-tagger-v3 inputs=1
2026-09-17T01:20:28.389313Z DEBUG panoptikon::inferio::http: processing local inference predict model=tags/wd-vit-tagger-v3 inputs=1
2026-09-17T01:20:28.390234Z DEBUG panoptikon::inferio::http: processing local inference predict model=tags/wd-vit-tagger-v3 inputs=1
2026-09-17T01:20:28.390460Z DEBUG panoptikon::inferio::http: processing local inference predict model=tags/wd-vit-tagger-v3 inputs=1
2026-09-17T01:20:28.390611Z DEBUG panoptikon::inferio::http: processing local inference predict model=tags/wd-vit-tagger-v3 inputs=1
2026-09-17T01:20:28.390719Z DEBUG panoptikon::inferio::http: processing local inference predict model=tags/wd-vit-tagger-v3 inputs=1
2026-09-17T01:20:28.390724Z DEBUG panoptikon::inferio::http: processing local inference predict model=tags/wd-vit-tagger-v3 inputs=1
2026-09-17T01:20:28.390743Z DEBUG panoptikon::inferio::http: processing local inference predict model=tags/wd-vit-tagger-v3 inputs=1
2026-09-17T01:20:28.390790Z DEBUG panoptikon::inferio::http: processing local inference predict model=tags/wd-vit-tagger-v3 inputs=1
2026-09-17T01:20:28.390881Z DEBUG panoptikon::inferio::http: processing local inference predict model=tags/wd-vit-tagger-v3 inputs=1
2026-09-17T01:20:28.390984Z DEBUG panoptikon::inferio::http: processing local inference predict model=tags/wd-vit-tagger-v3 inputs=1
2026-09-17T01:20:28.391169Z DEBUG panoptikon::inferio::http: processing local inference predict model=tags/wd-vit-tagger-v3 inputs=1
2026-09-17T01:20:28.391340Z DEBUG panoptikon::inferio::http: processing local inference predict model=tags/wd-vit-tagger-v3 inputs=1
2026-09-17T01:20:28.391342Z DEBUG panoptikon::inferio::http: processing local inference predict model=tags/wd-vit-tagger-v3 inputs=1
2026-09-17T01:20:28.391580Z DEBUG panoptikon::inferio::http: processing local inference predict model=tags/wd-vit-tagger-v3 inputs=1
2026-09-17T01:20:28.391654Z DEBUG panoptikon::inferio::http: processing local inference predict model=tags/wd-vit-tagger-v3 inputs=1
2026-09-17T01:20:28.391661Z DEBUG panoptikon::inferio::http: processing local inference predict model=tags/wd-vit-tagger-v3 inputs=1
2026-09-17T01:20:28.391766Z DEBUG panoptikon::inferio::http: processing local inference predict model=tags/wd-vit-tagger-v3 inputs=1
2026-09-17T01:20:28.391951Z DEBUG panoptikon::inferio::http: processing local inference predict model=tags/wd-vit-tagger-v3 inputs=1
2026-09-17T01:20:28.392000Z DEBUG panoptikon::inferio::http: processing local inference predict model=tags/wd-vit-tagger-v3 inputs=1
2026-09-17T01:20:28.392010Z DEBUG panoptikon::inferio::http: processing local inference predict model=tags/wd-vit-tagger-v3 inputs=1
2026-09-17T01:20:28.392166Z DEBUG panoptikon::inferio::http: processing local inference predict model=tags/wd-vit-tagger-v3 inputs=1
2026-09-17T01:20:28.392297Z DEBUG panoptikon::inferio::http: processing local inference predict model=tags/wd-vit-tagger-v3 inputs=1
2026-09-17T01:20:28.392511Z DEBUG panoptikon::inferio::http: processing local inference predict model=tags/wd-vit-tagger-v3 inputs=1
2026-09-17T01:20:28.392569Z DEBUG panoptikon::inferio::http: processing local inference predict model=tags/wd-vit-tagger-v3 inputs=1
2026-09-17T01:20:28.392584Z DEBUG panoptikon::inferio::http: processing local inference predict model=tags/wd-vit-tagger-v3 inputs=1
2026-09-17T01:20:28.392765Z DEBUG panoptikon::inferio::http: processing local inference predict model=tags/wd-vit-tagger-v3 inputs=1
2026-09-17T01:20:28.392922Z DEBUG panoptikon::inferio::http: processing local inference predict model=tags/wd-vit-tagger-v3 inputs=1
2026-09-17T01:20:28.393121Z DEBUG panoptikon::inferio::http: processing local inference predict model=tags/wd-vit-tagger-v3 inputs=1
2026-09-17T01:20:28.393126Z DEBUG panoptikon::inferio::http: processing local inference predict model=tags/wd-vit-tagger-v3 inputs=1
2026-09-17T01:20:28.393277Z DEBUG panoptikon::inferio::http: processing local inference predict model=tags/wd-vit-tagger-v3 inputs=1
2026-09-17T01:20:28.393362Z DEBUG panoptikon::inferio::http: processing local inference predict model=tags/wd-vit-tagger-v3 inputs=1
2026-09-17T01:20:28.393456Z DEBUG panoptikon::inferio::http: processing local inference predict model=tags/wd-vit-tagger-v3 inputs=1
2026-09-17T01:20:28.393622Z DEBUG panoptikon::inferio::http: processing local inference predict model=tags/wd-vit-tagger-v3 inputs=1
2026-09-17T01:20:28.393670Z DEBUG panoptikon::inferio::http: processing local inference predict model=tags/wd-vit-tagger-v3 inputs=1
2026-09-17T01:20:28.394166Z DEBUG panoptikon::inferio::http: processing local inference predict model=tags/wd-vit-tagger-v3 inputs=1
2026-09-17T01:20:28.394303Z DEBUG panoptikon::inferio::http: processing local inference predict model=tags/wd-vit-tagger-v3 inputs=1
2026-09-17T01:20:28.394342Z DEBUG panoptikon::inferio::http: processing local inference predict model=tags/wd-vit-tagger-v3 inputs=1
2026-09-17T01:20:28.394389Z DEBUG panoptikon::inferio::http: processing local inference predict model=tags/wd-vit-tagger-v3 inputs=1
2026-09-17T01:20:28.394891Z DEBUG panoptikon::inferio::http: processing local inference predict model=tags/wd-vit-tagger-v3 inputs=1
2026-09-17T01:20:28.395024Z DEBUG panoptikon::inferio::http: processing local inference predict model=tags/wd-vit-tagger-v3 inputs=1
2026-09-17T01:20:28.395092Z DEBUG panoptikon::inferio::http: processing local inference predict model=tags/wd-vit-tagger-v3 inputs=1
2026-09-17T01:20:28.395178Z DEBUG panoptikon::inferio::http: processing local inference predict model=tags/wd-vit-tagger-v3 inputs=1
2026-09-17T01:20:28.395309Z DEBUG panoptikon::inferio::http: processing local inference predict model=tags/wd-vit-tagger-v3 inputs=1
2026-09-17T01:20:28.395297Z DEBUG panoptikon::inferio::http: processing local inference predict model=tags/wd-vit-tagger-v3 inputs=1
2026-09-17T01:20:28.395522Z DEBUG panoptikon::inferio::http: processing local inference predict model=tags/wd-vit-tagger-v3 inputs=1
2026-09-17T01:20:28.395702Z DEBUG panoptikon::inferio::http: processing local inference predict model=tags/wd-vit-tagger-v3 inputs=1
2026-09-17T01:20:28.396022Z DEBUG panoptikon::inferio::http: processing local inference predict model=tags/wd-vit-tagger-v3 inputs=1
2026-09-17T01:20:28.396120Z DEBUG panoptikon::inferio::http: processing local inference predict model=tags/wd-vit-tagger-v3 inputs=1
2026-09-17T01:20:28.396168Z DEBUG panoptikon::inferio::http: processing local inference predict model=tags/wd-vit-tagger-v3 inputs=1
2026-09-17T01:20:28.396205Z DEBUG panoptikon::inferio::http: processing local inference predict model=tags/wd-vit-tagger-v3 inputs=1
2026-09-17T01:20:28.396252Z DEBUG panoptikon::inferio::http: processing local inference predict model=tags/wd-vit-tagger-v3 inputs=1
2026-09-17T01:20:28.412347Z DEBUG panoptikon::inferio::http: processing local inference predict model=tags/wd-vit-tagger-v3 inputs=1
2026-09-17T01:20:28.412746Z DEBUG panoptikon::inferio::http: processing local inference predict model=tags/wd-vit-tagger-v3 inputs=1
2026-09-17T01:20:28.412806Z DEBUG panoptikon::inferio::http: processing local inference predict model=tags/wd-vit-tagger-v3 inputs=1
2026-09-17T01:20:28.413067Z DEBUG panoptikon::inferio::http: processing local inference predict model=tags/wd-vit-tagger-v3 inputs=1
2026-09-17T01:20:28.413381Z DEBUG panoptikon::inferio::http: processing local inference predict model=tags/wd-vit-tagger-v3 inputs=1
2026-09-17T01:20:28.413569Z DEBUG panoptikon::inferio::http: processing local inference predict model=tags/wd-vit-tagger-v3 inputs=1
2026-09-17T01:20:28.413697Z DEBUG panoptikon::inferio::http: processing local inference predict model=tags/wd-vit-tagger-v3 inputs=1
2026-09-17T01:20:28.413591Z DEBUG panoptikon::inferio::http: processing local inference predict model=tags/wd-vit-tagger-v3 inputs=1
2026-09-17T01:20:28.413983Z DEBUG panoptikon::inferio::http: processing local inference predict model=tags/wd-vit-tagger-v3 inputs=1
2026-09-17T01:20:28.413591Z DEBUG panoptikon::inferio::http: processing local inference predict model=tags/wd-vit-tagger-v3 inputs=1
2026-09-17T01:20:28.414011Z DEBUG panoptikon::inferio::http: processing local inference predict model=tags/wd-vit-tagger-v3 inputs=1
2026-09-17T01:20:28.414143Z DEBUG panoptikon::inferio::http: processing local inference predict model=tags/wd-vit-tagger-v3 inputs=1
2026-09-17T01:20:28.414143Z DEBUG panoptikon::inferio::http: processing local inference predict model=tags/wd-vit-tagger-v3 inputs=1
2026-09-17T01:20:28.413652Z DEBUG panoptikon::inferio::http: processing local inference predict model=tags/wd-vit-tagger-v3 inputs=1
2026-09-17T01:20:28.414337Z DEBUG panoptikon::inferio::http: processing local inference predict model=tags/wd-vit-tagger-v3 inputs=1
2026-09-17T01:20:28.415018Z DEBUG panoptikon::inferio::http: processing local inference predict model=tags/wd-vit-tagger-v3 inputs=1
2026-09-17T01:20:28.415090Z DEBUG panoptikon::inferio::http: processing local inference predict model=tags/wd-vit-tagger-v3 inputs=1
2026-09-17T01:20:28.415166Z DEBUG panoptikon::inferio::http: processing local inference predict model=tags/wd-vit-tagger-v3 inputs=1
2026-09-17T01:20:28.416108Z DEBUG panoptikon::inferio::http: processing local inference predict model=tags/wd-vit-tagger-v3 inputs=1
2026-09-17T01:20:28.416535Z DEBUG panoptikon::inferio::http: processing local inference predict model=tags/wd-vit-tagger-v3 inputs=1
2026-09-17T01:20:28.416591Z DEBUG panoptikon::inferio::http: processing local inference predict model=tags/wd-vit-tagger-v3 inputs=1
2026-09-17T01:20:28.416565Z DEBUG panoptikon::inferio::http: processing local inference predict model=tags/wd-vit-tagger-v3 inputs=1
2026-09-17T01:20:28.416566Z DEBUG panoptikon::inferio::http: processing local inference predict model=tags/wd-vit-tagger-v3 inputs=1
2026-09-17T01:20:28.416593Z DEBUG panoptikon::inferio::http: processing local inference predict model=tags/wd-vit-tagger-v3 inputs=1
2026-09-17T01:20:28.417188Z DEBUG panoptikon::inferio::http: processing local inference predict model=tags/wd-vit-tagger-v3 inputs=1
2026-09-17T01:20:28.416665Z DEBUG panoptikon::inferio::http: processing local inference predict model=tags/wd-vit-tagger-v3 inputs=1
2026-09-17T01:20:28.416675Z DEBUG panoptikon::inferio::http: processing local inference predict model=tags/wd-vit-tagger-v3 inputs=1
2026-09-17T01:20:28.416540Z DEBUG panoptikon::inferio::http: processing local inference predict model=tags/wd-vit-tagger-v3 inputs=1
2026-09-17T01:20:28.416717Z DEBUG panoptikon::inferio::http: processing local inference predict model=tags/wd-vit-tagger-v3 inputs=1
2026-09-17T01:20:28.417627Z DEBUG panoptikon::inferio::http: processing local inference predict model=tags/wd-vit-tagger-v3 inputs=1
2026-09-17T01:20:28.417667Z DEBUG panoptikon::inferio::http: processing local inference predict model=tags/wd-vit-tagger-v3 inputs=1
2026-09-17T01:20:28.416835Z DEBUG panoptikon::inferio::http: processing local inference predict model=tags/wd-vit-tagger-v3 inputs=1
2026-09-17T01:20:28.416625Z DEBUG panoptikon::inferio::http: processing local inference predict model=tags/wd-vit-tagger-v3 inputs=1
2026-09-17T01:20:28.417487Z DEBUG panoptikon::inferio::http: processing local inference predict model=tags/wd-vit-tagger-v3 inputs=1
2026-09-17T01:20:28.416830Z DEBUG panoptikon::inferio::http: processing local inference predict model=tags/wd-vit-tagger-v3 inputs=1
2026-09-17T01:20:28.417687Z DEBUG panoptikon::inferio::http: processing local inference predict model=tags/wd-vit-tagger-v3 inputs=1
2026-09-17T01:20:28.417858Z DEBUG panoptikon::inferio::http: processing local inference predict model=tags/wd-vit-tagger-v3 inputs=1
2026-09-17T01:20:28.417869Z DEBUG panoptikon::inferio::http: processing local inference predict model=tags/wd-vit-tagger-v3 inputs=1
2026-09-17T01:20:28.417875Z DEBUG panoptikon::inferio::http: processing local inference predict model=tags/wd-vit-tagger-v3 inputs=1
2026-09-17T01:20:28.417961Z DEBUG panoptikon::inferio::http: processing local inference predict model=tags/wd-vit-tagger-v3 inputs=1
2026-09-17T01:20:28.418203Z DEBUG panoptikon::inferio::http: processing local inference predict model=tags/wd-vit-tagger-v3 inputs=1
2026-09-17T01:20:28.418399Z DEBUG panoptikon::inferio::http: processing local inference predict model=tags/wd-vit-tagger-v3 inputs=1
2026-09-17T01:20:28.418399Z DEBUG panoptikon::inferio::http: processing local inference predict model=tags/wd-vit-tagger-v3 inputs=1
2026-09-17T01:20:28.418423Z DEBUG panoptikon::inferio::http: processing local inference predict model=tags/wd-vit-tagger-v3 inputs=1
2026-09-17T01:20:28.418645Z DEBUG panoptikon::inferio::http: processing local inference predict model=tags/wd-vit-tagger-v3 inputs=1
2026-09-17T01:20:28.418797Z DEBUG panoptikon::inferio::http: processing local inference predict model=tags/wd-vit-tagger-v3 inputs=1
2026-09-17T01:20:28.418904Z DEBUG panoptikon::inferio::http: processing local inference predict model=tags/wd-vit-tagger-v3 inputs=1
2026-09-17T01:20:28.418945Z DEBUG panoptikon::inferio::http: processing local inference predict model=tags/wd-vit-tagger-v3 inputs=1
2026-09-17T01:20:28.419219Z DEBUG panoptikon::inferio::http: processing local inference predict model=tags/wd-vit-tagger-v3 inputs=1
2026-09-17T01:20:28.419308Z DEBUG panoptikon::inferio::http: processing local inference predict model=tags/wd-vit-tagger-v3 inputs=1
2026-09-17T01:20:28.419487Z DEBUG panoptikon::inferio::http: processing local inference predict model=tags/wd-vit-tagger-v3 inputs=1
2026-09-17T01:20:28.419500Z DEBUG panoptikon::inferio::http: processing local inference predict model=tags/wd-vit-tagger-v3 inputs=1
2026-09-17T01:20:28.419729Z DEBUG panoptikon::inferio::http: processing local inference predict model=tags/wd-vit-tagger-v3 inputs=1
2026-09-17T01:20:28.419781Z DEBUG panoptikon::inferio::http: processing local inference predict model=tags/wd-vit-tagger-v3 inputs=1
2026-09-17T01:20:28.419822Z DEBUG panoptikon::inferio::http: processing local inference predict model=tags/wd-vit-tagger-v3 inputs=1
2026-09-17T01:20:28.420106Z DEBUG panoptikon::inferio::http: processing local inference predict model=tags/wd-vit-tagger-v3 inputs=1
2026-09-17T01:20:28.420137Z DEBUG panoptikon::inferio::http: processing local inference predict model=tags/wd-vit-tagger-v3 inputs=1
2026-09-17T01:20:28.420200Z DEBUG panoptikon::inferio::http: processing local inference predict model=tags/wd-vit-tagger-v3 inputs=1
2026-09-17T01:20:28.420435Z DEBUG panoptikon::inferio::http: processing local inference predict model=tags/wd-vit-tagger-v3 inputs=1
2026-09-17T01:20:28.420496Z DEBUG panoptikon::inferio::http: processing local inference predict model=tags/wd-vit-tagger-v3 inputs=1
2026-09-17T01:20:28.420555Z DEBUG panoptikon::inferio::http: processing local inference predict model=tags/wd-vit-tagger-v3 inputs=1
2026-09-17T01:20:28.420630Z DEBUG panoptikon::inferio::http: processing local inference predict model=tags/wd-vit-tagger-v3 inputs=1
2026-09-17T01:20:28.420632Z DEBUG panoptikon::inferio::http: processing local inference predict model=tags/wd-vit-tagger-v3 inputs=1
2026-09-17T01:20:28.420968Z DEBUG panoptikon::inferio::http: processing local inference predict model=tags/wd-vit-tagger-v3 inputs=1
2026-09-17T01:20:28.441465Z DEBUG panoptikon::inferio::http: processing local inference predict model=tags/wd-vit-tagger-v3 inputs=1
2026-09-17T01:20:28.441746Z DEBUG panoptikon::inferio::http: processing local inference predict model=tags/wd-vit-tagger-v3 inputs=1
2026-09-17T01:20:28.441777Z DEBUG panoptikon::inferio::http: processing local inference predict model=tags/wd-vit-tagger-v3 inputs=1
2026-09-17T01:20:28.441788Z DEBUG panoptikon::inferio::http: processing local inference predict model=tags/wd-vit-tagger-v3 inputs=1
2026-09-17T01:20:28.441839Z DEBUG panoptikon::inferio::http: processing local inference predict model=tags/wd-vit-tagger-v3 inputs=1
2026-09-17T01:20:28.441852Z DEBUG panoptikon::inferio::http: processing local inference predict model=tags/wd-vit-tagger-v3 inputs=1
2026-09-17T01:20:28.441882Z DEBUG panoptikon::inferio::http: processing local inference predict model=tags/wd-vit-tagger-v3 inputs=1
2026-09-17T01:20:28.441938Z DEBUG panoptikon::inferio::http: processing local inference predict model=tags/wd-vit-tagger-v3 inputs=1
2026-09-17T01:20:28.442832Z DEBUG panoptikon::inferio::http: processing local inference predict model=tags/wd-vit-tagger-v3 inputs=1
2026-09-17T01:20:28.442514Z DEBUG panoptikon::inferio::http: processing local inference predict model=tags/wd-vit-tagger-v3 inputs=1
2026-09-17T01:20:28.443303Z DEBUG panoptikon::inferio::http: processing local inference predict model=tags/wd-vit-tagger-v3 inputs=1
2026-09-17T01:20:28.442593Z DEBUG panoptikon::inferio::http: processing local inference predict model=tags/wd-vit-tagger-v3 inputs=1
2026-09-17T01:20:28.442699Z DEBUG panoptikon::inferio::http: processing local inference predict model=tags/wd-vit-tagger-v3 inputs=1
2026-09-17T01:20:28.442033Z DEBUG panoptikon::inferio::http: processing local inference predict model=tags/wd-vit-tagger-v3 inputs=1
2026-09-17T01:20:28.443768Z DEBUG panoptikon::inferio::http: processing local inference predict model=tags/wd-vit-tagger-v3 inputs=1
2026-09-17T01:20:28.443875Z DEBUG panoptikon::inferio::http: processing local inference predict model=tags/wd-vit-tagger-v3 inputs=1
2026-09-17T01:20:28.443916Z DEBUG panoptikon::inferio::http: processing local inference predict model=tags/wd-vit-tagger-v3 inputs=1
2026-09-17T01:20:28.443777Z DEBUG panoptikon::inferio::http: processing local inference predict model=tags/wd-vit-tagger-v3 inputs=1
2026-09-17T01:20:28.443854Z DEBUG panoptikon::inferio::http: processing local inference predict model=tags/wd-vit-tagger-v3 inputs=1
2026-09-17T01:20:28.444233Z DEBUG panoptikon::inferio::http: processing local inference predict model=tags/wd-vit-tagger-v3 inputs=1
2026-09-17T01:20:28.444315Z DEBUG panoptikon::inferio::http: processing local inference predict model=tags/wd-vit-tagger-v3 inputs=1
2026-09-17T01:20:28.444595Z DEBUG panoptikon::inferio::http: processing local inference predict model=tags/wd-vit-tagger-v3 inputs=1
2026-09-17T01:20:28.444608Z DEBUG panoptikon::inferio::http: processing local inference predict model=tags/wd-vit-tagger-v3 inputs=1
2026-09-17T01:20:28.444669Z DEBUG panoptikon::inferio::http: processing local inference predict model=tags/wd-vit-tagger-v3 inputs=1
2026-09-17T01:20:28.444719Z DEBUG panoptikon::inferio::http: processing local inference predict model=tags/wd-vit-tagger-v3 inputs=1
2026-09-17T01:20:28.444821Z DEBUG panoptikon::inferio::http: processing local inference predict model=tags/wd-vit-tagger-v3 inputs=1
2026-09-17T01:20:28.444955Z DEBUG panoptikon::inferio::http: processing local inference predict model=tags/wd-vit-tagger-v3 inputs=1
2026-09-17T01:20:28.445130Z DEBUG panoptikon::inferio::http: processing local inference predict model=tags/wd-vit-tagger-v3 inputs=1
2026-09-17T01:20:28.445194Z DEBUG panoptikon::inferio::http: processing local inference predict model=tags/wd-vit-tagger-v3 inputs=1
2026-09-17T01:20:28.445596Z DEBUG panoptikon::inferio::http: processing local inference predict model=tags/wd-vit-tagger-v3 inputs=1
2026-09-17T01:20:28.445607Z DEBUG panoptikon::inferio::http: processing local inference predict model=tags/wd-vit-tagger-v3 inputs=1
2026-09-17T01:20:28.445810Z DEBUG panoptikon::inferio::http: processing local inference predict model=tags/wd-vit-tagger-v3 inputs=1
2026-09-17T01:20:28.445825Z DEBUG panoptikon::inferio::http: processing local inference predict model=tags/wd-vit-tagger-v3 inputs=1
2026-09-17T01:20:28.446187Z DEBUG panoptikon::inferio::http: processing local inference predict model=tags/wd-vit-tagger-v3 inputs=1
2026-09-17T01:20:28.446345Z DEBUG panoptikon::inferio::http: processing local inference predict model=tags/wd-vit-tagger-v3 inputs=1
2026-09-17T01:20:28.446715Z DEBUG panoptikon::inferio::http: processing local inference predict model=tags/wd-vit-tagger-v3 inputs=1
2026-09-17T01:20:28.446989Z DEBUG panoptikon::inferio::http: processing local inference predict model=tags/wd-vit-tagger-v3 inputs=1
2026-09-17T01:20:28.447018Z DEBUG panoptikon::inferio::http: processing local inference predict model=tags/wd-vit-tagger-v3 inputs=1
2026-09-17T01:20:28.447022Z DEBUG panoptikon::inferio::http: processing local inference predict model=tags/wd-vit-tagger-v3 inputs=1
2026-09-17T01:20:28.447147Z DEBUG panoptikon::inferio::http: processing local inference predict model=tags/wd-vit-tagger-v3 inputs=1
2026-09-17T01:20:28.447353Z DEBUG panoptikon::inferio::http: processing local inference predict model=tags/wd-vit-tagger-v3 inputs=1
2026-09-17T01:20:28.447402Z DEBUG panoptikon::inferio::http: processing local inference predict model=tags/wd-vit-tagger-v3 inputs=1
2026-09-17T01:20:28.447621Z DEBUG panoptikon::inferio::http: processing local inference predict model=tags/wd-vit-tagger-v3 inputs=1
2026-09-17T01:20:28.447789Z DEBUG panoptikon::inferio::http: processing local inference predict model=tags/wd-vit-tagger-v3 inputs=1
2026-09-17T01:20:28.447957Z DEBUG panoptikon::inferio::http: processing local inference predict model=tags/wd-vit-tagger-v3 inputs=1
2026-09-17T01:20:28.448171Z DEBUG panoptikon::inferio::http: processing local inference predict model=tags/wd-vit-tagger-v3 inputs=1
2026-09-17T01:20:28.448290Z DEBUG panoptikon::inferio::http: processing local inference predict model=tags/wd-vit-tagger-v3 inputs=1
2026-09-17T01:20:28.448409Z DEBUG panoptikon::inferio::http: processing local inference predict model=tags/wd-vit-tagger-v3 inputs=1
2026-09-17T01:20:28.448608Z DEBUG panoptikon::inferio::http: processing local inference predict model=tags/wd-vit-tagger-v3 inputs=1
2026-09-17T01:20:28.448806Z DEBUG panoptikon::inferio::http: processing local inference predict model=tags/wd-vit-tagger-v3 inputs=1
2026-09-17T01:20:28.449035Z DEBUG panoptikon::inferio::http: processing local inference predict model=tags/wd-vit-tagger-v3 inputs=1
2026-09-17T01:20:28.449090Z DEBUG panoptikon::inferio::http: processing local inference predict model=tags/wd-vit-tagger-v3 inputs=1
2026-09-17T01:20:28.449430Z DEBUG panoptikon::inferio::http: processing local inference predict model=tags/wd-vit-tagger-v3 inputs=1
2026-09-17T01:20:28.449533Z DEBUG panoptikon::inferio::http: processing local inference predict model=tags/wd-vit-tagger-v3 inputs=1
2026-09-17T01:20:28.449854Z DEBUG panoptikon::inferio::http: processing local inference predict model=tags/wd-vit-tagger-v3 inputs=1
2026-09-17T01:20:28.450008Z DEBUG panoptikon::inferio::http: processing local inference predict model=tags/wd-vit-tagger-v3 inputs=1
2026-09-17T01:20:28.450229Z DEBUG panoptikon::inferio::http: processing local inference predict model=tags/wd-vit-tagger-v3 inputs=1
2026-09-17T01:20:28.450444Z DEBUG panoptikon::inferio::http: processing local inference predict model=tags/wd-vit-tagger-v3 inputs=1
2026-09-17T01:20:28.450602Z DEBUG panoptikon::inferio::http: processing local inference predict model=tags/wd-vit-tagger-v3 inputs=1
2026-09-17T01:20:28.450466Z DEBUG panoptikon::inferio::http: processing local inference predict model=tags/wd-vit-tagger-v3 inputs=1
2026-09-17T01:20:28.450541Z DEBUG panoptikon::inferio::http: processing local inference predict model=tags/wd-vit-tagger-v3 inputs=1
2026-09-17T01:20:28.450453Z DEBUG panoptikon::inferio::http: processing local inference predict model=tags/wd-vit-tagger-v3 inputs=1
2026-09-17T01:20:28.450817Z DEBUG panoptikon::inferio::http: processing local inference predict model=tags/wd-vit-tagger-v3 inputs=1
2026-09-17T01:20:28.451446Z DEBUG panoptikon::inferio::http: processing local inference predict model=tags/wd-vit-tagger-v3 inputs=1
2026-09-17T01:20:30.452651Z DEBUG panoptikon::inferio::ledger: declining to fit a throughput knee: the ring's quiet buckets hold too few observations to read as a curve observations=3 min_observations=12 buckets=1 min_buckets=3
2026-09-17T01:20:30.452783Z DEBUG panoptikon::inferio::ledger: queued a calibration profile update for the store model=tags/wd-vit-tagger-v3 gpu=CPU reason="anchor_advanced" max_units_measured=2 fit_version=0
2026-09-17T01:20:30.452903Z DEBUG panoptikon::inferio::ledger: settled a granted window model=tags/wd-vit-tagger-v3 gpu=CPU outcome="clean" fit_samples=3 throughput_samples=3 clamped_samples=0 clamped=none ramp_step=1 deflation=0 clean_windows=2 max_units_measured=2
2026-09-17T01:20:30.453084Z DEBUG panoptikon::inferio::ledger: issued a memory grant model=tags/wd-vit-tagger-v3 gpu=CPU unit_budget=4 mb=86753 canvas_pixels=none share_mb=86753 room_mb=86753 headroom_mb=86753 external_mb=40386 reserve_mb=1024 reserve_rule="capped_default" pre_fit=true ramp_step=1 deflation=0 squeezed=false window_requests=12
2026-09-17T01:20:32.876281Z DEBUG panoptikon::inferio::ledger: refitted the memory cost model model=tags/wd-vit-tagger-v3 gpu=CPU slope_mb_per_unit=45.666666666666664 intercept_mb=18.333333333333343 residual_mb=0.0 samples=3 version=1
2026-09-17T01:20:32.876455Z DEBUG panoptikon::inferio::ledger: declining to fit a throughput knee: the ring's quiet buckets hold too few observations to read as a curve observations=6 min_observations=12 buckets=2 min_buckets=3
2026-09-17T01:20:32.876526Z DEBUG panoptikon::inferio::ledger: queued a calibration profile update for the store model=tags/wd-vit-tagger-v3 gpu=CPU reason="fit_changed" max_units_measured=4 fit_version=1
2026-09-17T01:20:32.876563Z DEBUG panoptikon::inferio::ledger: settled a granted window model=tags/wd-vit-tagger-v3 gpu=CPU outcome="clean" fit_samples=3 throughput_samples=3 clamped_samples=0 clamped=none ramp_step=2 deflation=0 clean_windows=3 max_units_measured=4
2026-09-17T01:20:32.876692Z DEBUG panoptikon::inferio::ledger: issued a memory grant model=tags/wd-vit-tagger-v3 gpu=CPU unit_budget=8 mb=457 canvas_pixels=none share_mb=87341 room_mb=87341 headroom_mb=87341 external_mb=39798 reserve_mb=1024 reserve_rule="capped_default" pre_fit=false ramp_step=2 deflation=0 squeezed=false window_requests=24
2026-09-17T01:20:37.725803Z DEBUG panoptikon::inferio::ledger: refitted the memory cost model model=tags/wd-vit-tagger-v3 gpu=CPU slope_mb_per_unit=38.89285714285714 intercept_mb=40.14285714285717 residual_mb=6.678571428571416 samples=4 version=2
2026-09-17T01:20:37.725928Z DEBUG panoptikon::inferio::ledger: declining to fit a throughput knee: the ring's quiet buckets hold too few observations to read as a curve observations=9 min_observations=12 buckets=3 min_buckets=3
2026-09-17T01:20:37.725988Z DEBUG panoptikon::inferio::ledger: queued a calibration profile update for the store model=tags/wd-vit-tagger-v3 gpu=CPU reason="fit_changed" max_units_measured=8 fit_version=2
2026-09-17T01:20:37.726007Z DEBUG panoptikon::inferio::ledger: settled a granted window model=tags/wd-vit-tagger-v3 gpu=CPU outcome="clean" fit_samples=3 throughput_samples=3 clamped_samples=0 clamped=none ramp_step=3 deflation=0 clean_windows=4 max_units_measured=8
2026-09-17T01:20:37.726121Z DEBUG panoptikon::inferio::ledger: issued a memory grant model=tags/wd-vit-tagger-v3 gpu=CPU unit_budget=16 mb=778 canvas_pixels=none share_mb=86849 room_mb=86849 headroom_mb=86849 external_mb=40290 reserve_mb=1024 reserve_rule="capped_default" pre_fit=false ramp_step=3 deflation=0 squeezed=false window_requests=48
2026-09-17T01:20:49.712365Z  INFO panoptikon::inferio::ledger: holding the throughput ramp at this rung: the ring cannot certify this rung yet model=tags/wd-vit-tagger-v3 gpu=CPU units=16 certified=false knee_binds=false
2026-09-17T01:20:49.712467Z DEBUG panoptikon::inferio::ledger: refitted the memory cost model model=tags/wd-vit-tagger-v3 gpu=CPU slope_mb_per_unit=37.08333333333333 intercept_mb=49.33333333333337 residual_mb=3.3333333333333144 samples=5 version=3
2026-09-17T01:20:49.712654Z DEBUG panoptikon::inferio::ledger: declining to fit a throughput knee: the ring's quiet buckets hold too few observations to read as a curve observations=9 min_observations=12 buckets=3 min_buckets=3
2026-09-17T01:20:49.712708Z DEBUG panoptikon::inferio::ledger: queued a calibration profile update for the store model=tags/wd-vit-tagger-v3 gpu=CPU reason="fit_changed" max_units_measured=16 fit_version=3
2026-09-17T01:20:49.712727Z DEBUG panoptikon::inferio::ledger: settled a granted window model=tags/wd-vit-tagger-v3 gpu=CPU outcome="clean" fit_samples=3 throughput_samples=1 clamped_samples=0 clamped=none ramp_step=3 deflation=0 clean_windows=5 max_units_measured=16
2026-09-17T01:20:49.712830Z DEBUG panoptikon::inferio::ledger: issued a memory grant model=tags/wd-vit-tagger-v3 gpu=CPU unit_budget=16 mb=594 canvas_pixels=none share_mb=84811 room_mb=84811 headroom_mb=84536 external_mb=42328 reserve_mb=1024 reserve_rule="capped_default" pre_fit=false ramp_step=3 deflation=0 squeezed=false window_requests=48
2026-09-17T01:20:58.328688Z  INFO panoptikon::inferio::calibration: wrote the local calibration store path=data/inferio/calibration.toml profiles=1
2026-09-17T01:21:03.038156Z DEBUG panoptikon::inferio::ledger: fitted a throughput knee; batches larger than this are no longer admitted however much memory is free model=tags/wd-vit-tagger-v3 gpu=CPU knee_units=7 previous=None observations=13
2026-09-17T01:21:03.038356Z DEBUG panoptikon::inferio::ledger: queued a calibration profile update for the store model=tags/wd-vit-tagger-v3 gpu=CPU reason="knee_changed" max_units_measured=16 fit_version=3
2026-09-17T01:21:03.038391Z DEBUG panoptikon::inferio::ledger: settled a granted window model=tags/wd-vit-tagger-v3 gpu=CPU outcome="clean" fit_samples=3 throughput_samples=2 clamped_samples=0 clamped=none ramp_step=3 deflation=0 clean_windows=6 max_units_measured=16
2026-09-17T01:21:03.038543Z DEBUG panoptikon::inferio::ledger: issued a memory grant model=tags/wd-vit-tagger-v3 gpu=CPU unit_budget=7 mb=260 canvas_pixels=none share_mb=86848 room_mb=86848 headroom_mb=86572 external_mb=40291 reserve_mb=1024 reserve_rule="capped_default" pre_fit=false ramp_step=3 deflation=0 squeezed=false window_requests=21
2026-09-17T01:21:03.041807Z DEBUG panoptikon::inferio::http: processing local inference predict model=tags/wd-vit-tagger-v3 inputs=1
2026-09-17T01:21:08.606528Z DEBUG panoptikon::inferio::ledger: refitted the memory cost model model=tags/wd-vit-tagger-v3 gpu=CPU slope_mb_per_unit=37.5 intercept_mb=48.5 residual_mb=7.5 samples=6 version=4
2026-09-17T01:21:08.610236Z DEBUG panoptikon::inferio::ledger: declining to fit a throughput knee: the plateau is not established above the knee yet: fewer quiet buckets above it than the rule asks for bucket=3 observed_floor=1 observed_top=4 anchor=16 observations=16
2026-09-17T01:21:08.610373Z DEBUG panoptikon::inferio::ledger: queued a calibration profile update for the store model=tags/wd-vit-tagger-v3 gpu=CPU reason="fit_changed" max_units_measured=16 fit_version=4
2026-09-17T01:21:08.610459Z DEBUG panoptikon::inferio::ledger: settled a granted window model=tags/wd-vit-tagger-v3 gpu=CPU outcome="clean" fit_samples=3 throughput_samples=3 clamped_samples=0 clamped=none ramp_step=3 deflation=0 clean_windows=7 max_units_measured=16
2026-09-17T01:21:08.610616Z DEBUG panoptikon::inferio::ledger: issued a memory grant model=tags/wd-vit-tagger-v3 gpu=CPU unit_budget=7 mb=263 canvas_pixels=none share_mb=84395 room_mb=84395 headroom_mb=84119 external_mb=42744 reserve_mb=1024 reserve_rule="capped_default" pre_fit=false ramp_step=3 deflation=0 squeezed=false window_requests=21
2026-09-17T01:21:13.747868Z DEBUG panoptikon::inferio::ledger: declining to fit a throughput knee: the plateau is not established above the knee yet: fewer quiet buckets above it than the rule asks for bucket=3 observed_floor=1 observed_top=4 anchor=16 observations=19
2026-09-17T01:21:13.748098Z DEBUG panoptikon::inferio::ledger: settled a granted window model=tags/wd-vit-tagger-v3 gpu=CPU outcome="clean" fit_samples=3 throughput_samples=3 clamped_samples=0 clamped=none ramp_step=3 deflation=0 clean_windows=8 max_units_measured=16
2026-09-17T01:21:13.748225Z DEBUG panoptikon::inferio::ledger: issued a memory grant model=tags/wd-vit-tagger-v3 gpu=CPU unit_budget=7 mb=263 canvas_pixels=none share_mb=87299 room_mb=87299 headroom_mb=87023 external_mb=39840 reserve_mb=1024 reserve_rule="capped_default" pre_fit=false ramp_step=3 deflation=0 squeezed=false window_requests=21
2026-09-17T01:21:19.358966Z DEBUG panoptikon::inferio::ledger: declining to fit a throughput knee: the plateau is not established above the knee yet: fewer quiet buckets above it than the rule asks for bucket=3 observed_floor=1 observed_top=4 anchor=16 observations=22
2026-09-17T01:21:19.359793Z DEBUG panoptikon::inferio::ledger: settled a granted window model=tags/wd-vit-tagger-v3 gpu=CPU outcome="clean" fit_samples=3 throughput_samples=3 clamped_samples=0 clamped=none ramp_step=3 deflation=0 clean_windows=9 max_units_measured=16
2026-09-17T01:21:19.359935Z DEBUG panoptikon::inferio::ledger: issued a memory grant model=tags/wd-vit-tagger-v3 gpu=CPU unit_budget=7 mb=263 canvas_pixels=none share_mb=86321 room_mb=86321 headroom_mb=86045 external_mb=40818 reserve_mb=1024 reserve_rule="capped_default" pre_fit=false ramp_step=3 deflation=0 squeezed=false window_requests=21
2026-09-17T01:21:25.116079Z DEBUG panoptikon::inferio::ledger: declining to fit a throughput knee: the plateau is not established above the knee yet: fewer quiet buckets above it than the rule asks for bucket=3 observed_floor=1 observed_top=4 anchor=16 observations=25
2026-09-17T01:21:25.116250Z DEBUG panoptikon::inferio::ledger: settled a granted window model=tags/wd-vit-tagger-v3 gpu=CPU outcome="clean" fit_samples=3 throughput_samples=3 clamped_samples=0 clamped=none ramp_step=3 deflation=0 clean_windows=10 max_units_measured=16
2026-09-17T01:21:25.116323Z DEBUG panoptikon::inferio::ledger: issued a memory grant model=tags/wd-vit-tagger-v3 gpu=CPU unit_budget=7 mb=263 canvas_pixels=none share_mb=84957 room_mb=84957 headroom_mb=84681 external_mb=42182 reserve_mb=1024 reserve_rule="capped_default" pre_fit=false ramp_step=3 deflation=0 squeezed=false window_requests=21
2026-09-17T01:21:28.330437Z  INFO panoptikon::inferio::calibration: wrote the local calibration store path=data/inferio/calibration.toml profiles=1
2026-09-17T01:21:30.811298Z DEBUG panoptikon::inferio::ledger: declining to fit a throughput knee: the plateau is not established above the knee yet: fewer quiet buckets above it than the rule asks for bucket=3 observed_floor=1 observed_top=4 anchor=16 observations=28
2026-09-17T01:21:30.811521Z DEBUG panoptikon::inferio::ledger: settled a granted window model=tags/wd-vit-tagger-v3 gpu=CPU outcome="clean" fit_samples=3 throughput_samples=3 clamped_samples=0 clamped=none ramp_step=3 deflation=0 clean_windows=11 max_units_measured=16
2026-09-17T01:21:30.811689Z DEBUG panoptikon::inferio::ledger: issued a memory grant model=tags/wd-vit-tagger-v3 gpu=CPU unit_budget=7 mb=263 canvas_pixels=none share_mb=87948 room_mb=87948 headroom_mb=87672 external_mb=39191 reserve_mb=1024 reserve_rule="capped_default" pre_fit=false ramp_step=3 deflation=0 squeezed=false window_requests=21
2026-09-17T01:21:36.079614Z DEBUG panoptikon::inferio::ledger: declining to fit a throughput knee: the plateau is not established above the knee yet: fewer quiet buckets above it than the rule asks for bucket=3 observed_floor=1 observed_top=4 anchor=16 observations=31
2026-09-17T01:21:36.079859Z DEBUG panoptikon::inferio::ledger: settled a granted window model=tags/wd-vit-tagger-v3 gpu=CPU outcome="clean" fit_samples=3 throughput_samples=3 clamped_samples=0 clamped=none ramp_step=3 deflation=0 clean_windows=12 max_units_measured=16
2026-09-17T01:21:36.080028Z DEBUG panoptikon::inferio::ledger: issued a memory grant model=tags/wd-vit-tagger-v3 gpu=CPU unit_budget=7 mb=263 canvas_pixels=none share_mb=88354 room_mb=88354 headroom_mb=88078 external_mb=38785 reserve_mb=1024 reserve_rule="capped_default" pre_fit=false ramp_step=3 deflation=0 squeezed=false window_requests=21
2026-09-17T01:21:39.547019Z DEBUG panoptikon::inferio::ledger: declining to fit a throughput knee: the plateau is not established above the knee yet: fewer quiet buckets above it than the rule asks for bucket=3 observed_floor=1 observed_top=4 anchor=16 observations=34
2026-09-17T01:21:39.547251Z DEBUG panoptikon::inferio::ledger: settled a granted window model=tags/wd-vit-tagger-v3 gpu=CPU outcome="clean" fit_samples=3 throughput_samples=3 clamped_samples=0 clamped=none ramp_step=3 deflation=0 clean_windows=13 max_units_measured=16
2026-09-17T01:21:39.547391Z DEBUG panoptikon::inferio::ledger: issued a memory grant model=tags/wd-vit-tagger-v3 gpu=CPU unit_budget=7 mb=263 canvas_pixels=none share_mb=88369 room_mb=88369 headroom_mb=88093 external_mb=38770 reserve_mb=1024 reserve_rule="capped_default" pre_fit=false ramp_step=3 deflation=0 squeezed=false window_requests=21
2026-09-17T01:21:43.057284Z DEBUG panoptikon::inferio::ledger: declining to fit a throughput knee: the plateau is not established above the knee yet: fewer quiet buckets above it than the rule asks for bucket=3 observed_floor=1 observed_top=4 anchor=16 observations=37
2026-09-17T01:21:43.057501Z DEBUG panoptikon::inferio::ledger: settled a granted window model=tags/wd-vit-tagger-v3 gpu=CPU outcome="clean" fit_samples=3 throughput_samples=3 clamped_samples=0 clamped=none ramp_step=3 deflation=0 clean_windows=14 max_units_measured=16
2026-09-17T01:21:43.057684Z DEBUG panoptikon::inferio::ledger: issued a memory grant model=tags/wd-vit-tagger-v3 gpu=CPU unit_budget=7 mb=263 canvas_pixels=none share_mb=88380 room_mb=88380 headroom_mb=88104 external_mb=38759 reserve_mb=1024 reserve_rule="capped_default" pre_fit=false ramp_step=3 deflation=0 squeezed=false window_requests=21
2026-09-17T01:21:46.537920Z DEBUG panoptikon::inferio::ledger: refitted the memory cost model model=tags/wd-vit-tagger-v3 gpu=CPU slope_mb_per_unit=37.0 intercept_mb=51.0 residual_mb=2.0 samples=6 version=5
2026-09-17T01:21:46.538160Z DEBUG panoptikon::inferio::ledger: declining to fit a throughput knee: the plateau is not established above the knee yet: fewer quiet buckets above it than the rule asks for bucket=3 observed_floor=1 observed_top=4 anchor=16 observations=40
2026-09-17T01:21:46.538181Z DEBUG panoptikon::inferio::ledger: queued a calibration profile update for the store model=tags/wd-vit-tagger-v3 gpu=CPU reason="fit_changed" max_units_measured=16 fit_version=5
2026-09-17T01:21:46.538248Z DEBUG panoptikon::inferio::ledger: settled a granted window model=tags/wd-vit-tagger-v3 gpu=CPU outcome="clean" fit_samples=3 throughput_samples=3 clamped_samples=0 clamped=none ramp_step=3 deflation=0 clean_windows=15 max_units_measured=16
2026-09-17T01:21:46.538376Z DEBUG panoptikon::inferio::ledger: issued a memory grant model=tags/wd-vit-tagger-v3 gpu=CPU unit_budget=7 mb=259 canvas_pixels=none share_mb=88387 room_mb=88387 headroom_mb=88111 external_mb=38752 reserve_mb=1024 reserve_rule="capped_default" pre_fit=false ramp_step=3 deflation=0 squeezed=false window_requests=21
2026-09-17T01:21:46.580510Z DEBUG panoptikon::inferio::http: processing local inference predict model=tags/wd-vit-tagger-v3 inputs=1
2026-09-17T01:21:46.580552Z DEBUG panoptikon::inferio::http: processing local inference predict model=tags/wd-vit-tagger-v3 inputs=1
2026-09-17T01:21:46.580699Z DEBUG panoptikon::inferio::http: processing local inference predict model=tags/wd-vit-tagger-v3 inputs=1
2026-09-17T01:21:46.580764Z DEBUG panoptikon::inferio::http: processing local inference predict model=tags/wd-vit-tagger-v3 inputs=1
2026-09-17T01:21:46.580920Z DEBUG panoptikon::inferio::http: processing local inference predict model=tags/wd-vit-tagger-v3 inputs=1
2026-09-17T01:21:46.581101Z DEBUG panoptikon::inferio::http: processing local inference predict model=tags/wd-vit-tagger-v3 inputs=1
2026-09-17T01:21:49.923130Z DEBUG panoptikon::inferio::ledger: declining to read this model's throughput curve: the observations in one batch-size bucket disagree with each other by more than the knee's own decision band, so something outside this ledger was moving throughput while they were taken bucket=2 observations=33 dispersion=0.21507668936222052 threshold=0.2
2026-09-17T01:21:49.923380Z DEBUG panoptikon::inferio::ledger: refitted the memory cost model model=tags/wd-vit-tagger-v3 gpu=CPU slope_mb_per_unit=37.5 intercept_mb=48.5 residual_mb=7.5 samples=6 version=6
2026-09-17T01:21:49.923469Z DEBUG panoptikon::inferio::ledger: declining to read this model's throughput curve: the observations in one batch-size bucket disagree with each other by more than the knee's own decision band, so something outside this ledger was moving throughput while they were taken bucket=2 observations=33 dispersion=0.21507668936222052 threshold=0.2
2026-09-17T01:21:49.923535Z DEBUG panoptikon::inferio::ledger: queued a calibration profile update for the store model=tags/wd-vit-tagger-v3 gpu=CPU reason="fit_changed" max_units_measured=16 fit_version=6
2026-09-17T01:21:49.923556Z DEBUG panoptikon::inferio::ledger: settled a granted window model=tags/wd-vit-tagger-v3 gpu=CPU outcome="clean" fit_samples=3 throughput_samples=3 clamped_samples=0 clamped=none ramp_step=3 deflation=0 clean_windows=16 max_units_measured=16
2026-09-17T01:21:49.923682Z DEBUG panoptikon::inferio::ledger: issued a memory grant model=tags/wd-vit-tagger-v3 gpu=CPU unit_budget=7 mb=263 canvas_pixels=none share_mb=88403 room_mb=88403 headroom_mb=88127 external_mb=38736 reserve_mb=1024 reserve_rule="capped_default" pre_fit=false ramp_step=3 deflation=0 squeezed=false window_requests=21
2026-09-17T01:21:49.924724Z DEBUG panoptikon::inferio::http: processing local inference predict model=tags/wd-vit-tagger-v3 inputs=1
2026-09-17T01:21:49.924738Z DEBUG panoptikon::inferio::http: processing local inference predict model=tags/wd-vit-tagger-v3 inputs=1
2026-09-17T01:21:49.924948Z DEBUG panoptikon::inferio::http: processing local inference predict model=tags/wd-vit-tagger-v3 inputs=1
2026-09-17T01:21:49.925132Z DEBUG panoptikon::inferio::http: processing local inference predict model=tags/wd-vit-tagger-v3 inputs=1
2026-09-17T01:21:49.925174Z DEBUG panoptikon::inferio::http: processing local inference predict model=tags/wd-vit-tagger-v3 inputs=1
2026-09-17T01:21:49.925222Z DEBUG panoptikon::inferio::http: processing local inference predict model=tags/wd-vit-tagger-v3 inputs=1
2026-09-17T01:21:49.925554Z DEBUG panoptikon::inferio::http: processing local inference predict model=tags/wd-vit-tagger-v3 inputs=1
2026-09-17T01:21:49.925652Z DEBUG panoptikon::inferio::http: processing local inference predict model=tags/wd-vit-tagger-v3 inputs=1
2026-09-17T01:21:49.925738Z DEBUG panoptikon::inferio::http: processing local inference predict model=tags/wd-vit-tagger-v3 inputs=1
2026-09-17T01:21:49.926019Z DEBUG panoptikon::inferio::http: processing local inference predict model=tags/wd-vit-tagger-v3 inputs=1
2026-09-17T01:21:49.926143Z DEBUG panoptikon::inferio::http: processing local inference predict model=tags/wd-vit-tagger-v3 inputs=1
2026-09-17T01:21:49.926092Z DEBUG panoptikon::inferio::http: processing local inference predict model=tags/wd-vit-tagger-v3 inputs=1
2026-09-17T01:21:49.926175Z DEBUG panoptikon::inferio::http: processing local inference predict model=tags/wd-vit-tagger-v3 inputs=1
2026-09-17T01:21:49.926181Z DEBUG panoptikon::inferio::http: processing local inference predict model=tags/wd-vit-tagger-v3 inputs=1
2026-09-17T01:21:49.926200Z DEBUG panoptikon::inferio::http: processing local inference predict model=tags/wd-vit-tagger-v3 inputs=1
2026-09-17T01:21:49.926565Z DEBUG panoptikon::inferio::http: processing local inference predict model=tags/wd-vit-tagger-v3 inputs=1
2026-09-17T01:21:49.926571Z DEBUG panoptikon::inferio::http: processing local inference predict model=tags/wd-vit-tagger-v3 inputs=1
2026-09-17T01:21:49.926588Z DEBUG panoptikon::inferio::http: processing local inference predict model=tags/wd-vit-tagger-v3 inputs=1
2026-09-17T01:21:49.926615Z DEBUG panoptikon::inferio::http: processing local inference predict model=tags/wd-vit-tagger-v3 inputs=1
2026-09-17T01:21:49.926760Z DEBUG panoptikon::inferio::http: processing local inference predict model=tags/wd-vit-tagger-v3 inputs=1
2026-09-17T01:21:49.926863Z DEBUG panoptikon::inferio::http: processing local inference predict model=tags/wd-vit-tagger-v3 inputs=1
2026-09-17T01:21:53.319758Z DEBUG panoptikon::inferio::ledger: declining to read this model's throughput curve: the observations in one batch-size bucket disagree with each other by more than the knee's own decision band, so something outside this ledger was moving throughput while they were taken bucket=2 observations=36 dispersion=0.24762570044133592 threshold=0.2
2026-09-17T01:21:53.320022Z DEBUG panoptikon::inferio::ledger: declining to read this model's throughput curve: the observations in one batch-size bucket disagree with each other by more than the knee's own decision band, so something outside this ledger was moving throughput while they were taken bucket=2 observations=36 dispersion=0.24762570044133592 threshold=0.2
2026-09-17T01:21:53.320121Z DEBUG panoptikon::inferio::ledger: settled a granted window model=tags/wd-vit-tagger-v3 gpu=CPU outcome="clean" fit_samples=3 throughput_samples=3 clamped_samples=0 clamped=none ramp_step=3 deflation=0 clean_windows=17 max_units_measured=16
2026-09-17T01:21:53.320247Z DEBUG panoptikon::inferio::ledger: issued a memory grant model=tags/wd-vit-tagger-v3 gpu=CPU unit_budget=7 mb=263 canvas_pixels=none share_mb=88397 room_mb=88397 headroom_mb=88121 external_mb=38742 reserve_mb=1024 reserve_rule="capped_default" pre_fit=false ramp_step=3 deflation=0 squeezed=false window_requests=21
2026-09-17T01:21:53.321495Z DEBUG panoptikon::inferio::http: processing local inference predict model=tags/wd-vit-tagger-v3 inputs=1
2026-09-17T01:21:53.321521Z DEBUG panoptikon::inferio::http: processing local inference predict model=tags/wd-vit-tagger-v3 inputs=1
2026-09-17T01:21:53.321539Z DEBUG panoptikon::inferio::http: processing local inference predict model=tags/wd-vit-tagger-v3 inputs=1
2026-09-17T01:21:53.322010Z DEBUG panoptikon::inferio::http: processing local inference predict model=tags/wd-vit-tagger-v3 inputs=1
2026-09-17T01:21:53.322014Z DEBUG panoptikon::inferio::http: processing local inference predict model=tags/wd-vit-tagger-v3 inputs=1
2026-09-17T01:21:53.322023Z DEBUG panoptikon::inferio::http: processing local inference predict model=tags/wd-vit-tagger-v3 inputs=1
2026-09-17T01:21:53.322046Z DEBUG panoptikon::inferio::http: processing local inference predict model=tags/wd-vit-tagger-v3 inputs=1
2026-09-17T01:21:53.322179Z DEBUG panoptikon::inferio::http: processing local inference predict model=tags/wd-vit-tagger-v3 inputs=1
2026-09-17T01:21:53.322361Z DEBUG panoptikon::inferio::http: processing local inference predict model=tags/wd-vit-tagger-v3 inputs=1
2026-09-17T01:21:53.322413Z DEBUG panoptikon::inferio::http: processing local inference predict model=tags/wd-vit-tagger-v3 inputs=1
2026-09-17T01:21:53.322423Z DEBUG panoptikon::inferio::http: processing local inference predict model=tags/wd-vit-tagger-v3 inputs=1
2026-09-17T01:21:53.322529Z DEBUG panoptikon::inferio::http: processing local inference predict model=tags/wd-vit-tagger-v3 inputs=1
2026-09-17T01:21:53.322731Z DEBUG panoptikon::inferio::http: processing local inference predict model=tags/wd-vit-tagger-v3 inputs=1
2026-09-17T01:21:53.322944Z DEBUG panoptikon::inferio::http: processing local inference predict model=tags/wd-vit-tagger-v3 inputs=1
2026-09-17T01:21:53.323010Z DEBUG panoptikon::inferio::http: processing local inference predict model=tags/wd-vit-tagger-v3 inputs=1
2026-09-17T01:21:53.323155Z DEBUG panoptikon::inferio::http: processing local inference predict model=tags/wd-vit-tagger-v3 inputs=1
2026-09-17T01:21:53.323392Z DEBUG panoptikon::inferio::http: processing local inference predict model=tags/wd-vit-tagger-v3 inputs=1
2026-09-17T01:21:53.323401Z DEBUG panoptikon::inferio::http: processing local inference predict model=tags/wd-vit-tagger-v3 inputs=1
2026-09-17T01:21:53.323411Z DEBUG panoptikon::inferio::http: processing local inference predict model=tags/wd-vit-tagger-v3 inputs=1
2026-09-17T01:21:53.323418Z DEBUG panoptikon::inferio::http: processing local inference predict model=tags/wd-vit-tagger-v3 inputs=1
2026-09-17T01:21:53.323478Z DEBUG panoptikon::inferio::http: processing local inference predict model=tags/wd-vit-tagger-v3 inputs=1
2026-09-17T01:21:56.698718Z DEBUG panoptikon::inferio::ledger: declining to fit a throughput knee: this knee last expired and was widened, and the ring has not yet seen enough of the wider size to put it back bucket=2 observed_floor=1 observed_top=4 anchor=16 observations=49
2026-09-17T01:21:56.698947Z  INFO panoptikon::inferio::ledger: this model has run cleanly at its throughput knee for long enough, with memory to spare, that the knee is worth re-testing; widening the cap by one batch-size step. A knee is a brake, not a ceiling: if the curve really does flatten here, the next fit from honest samples puts it back model=tags/wd-vit-tagger-v3 gpu=CPU knee_units_before=7 knee_units_after=15 clean_windows_at_the_knee=12 last_grant_units=7
2026-09-17T01:21:56.699045Z DEBUG panoptikon::inferio::ledger: settled a granted window model=tags/wd-vit-tagger-v3 gpu=CPU outcome="clean" fit_samples=3 throughput_samples=3 clamped_samples=0 clamped=none ramp_step=3 deflation=0 clean_windows=18 max_units_measured=16
2026-09-17T01:21:56.700413Z DEBUG panoptikon::inferio::http: processing local inference predict model=tags/wd-vit-tagger-v3 inputs=1
2026-09-17T01:21:56.700413Z DEBUG panoptikon::inferio::http: processing local inference predict model=tags/wd-vit-tagger-v3 inputs=1
2026-09-17T01:21:56.700493Z DEBUG panoptikon::inferio::http: processing local inference predict model=tags/wd-vit-tagger-v3 inputs=1
2026-09-17T01:21:56.700718Z DEBUG panoptikon::inferio::ledger: issued a memory grant model=tags/wd-vit-tagger-v3 gpu=CPU unit_budget=15 mb=563 canvas_pixels=none share_mb=88314 room_mb=88314 headroom_mb=88038 external_mb=38825 reserve_mb=1024 reserve_rule="capped_default" pre_fit=false ramp_step=3 deflation=0 squeezed=false window_requests=45
2026-09-17T01:21:56.700864Z DEBUG panoptikon::inferio::http: processing local inference predict model=tags/wd-vit-tagger-v3 inputs=1
2026-09-17T01:21:56.700902Z DEBUG panoptikon::inferio::http: processing local inference predict model=tags/wd-vit-tagger-v3 inputs=1
2026-09-17T01:21:56.700982Z DEBUG panoptikon::inferio::http: processing local inference predict model=tags/wd-vit-tagger-v3 inputs=1
2026-09-17T01:21:56.701018Z DEBUG panoptikon::inferio::http: processing local inference predict model=tags/wd-vit-tagger-v3 inputs=1
2026-09-17T01:21:56.701067Z DEBUG panoptikon::inferio::http: processing local inference predict model=tags/wd-vit-tagger-v3 inputs=1
2026-09-17T01:21:56.701166Z DEBUG panoptikon::inferio::http: processing local inference predict model=tags/wd-vit-tagger-v3 inputs=1
2026-09-17T01:21:56.701550Z DEBUG panoptikon::inferio::http: processing local inference predict model=tags/wd-vit-tagger-v3 inputs=1
2026-09-17T01:21:56.701562Z DEBUG panoptikon::inferio::http: processing local inference predict model=tags/wd-vit-tagger-v3 inputs=1
2026-09-17T01:21:56.701655Z DEBUG panoptikon::inferio::http: processing local inference predict model=tags/wd-vit-tagger-v3 inputs=1
2026-09-17T01:21:56.701683Z DEBUG panoptikon::inferio::http: processing local inference predict model=tags/wd-vit-tagger-v3 inputs=1
2026-09-17T01:21:56.701724Z DEBUG panoptikon::inferio::http: processing local inference predict model=tags/wd-vit-tagger-v3 inputs=1
2026-09-17T01:21:56.701754Z DEBUG panoptikon::inferio::http: processing local inference predict model=tags/wd-vit-tagger-v3 inputs=1
2026-09-17T01:21:56.702096Z DEBUG panoptikon::inferio::http: processing local inference predict model=tags/wd-vit-tagger-v3 inputs=1
2026-09-17T01:21:56.702097Z DEBUG panoptikon::inferio::http: processing local inference predict model=tags/wd-vit-tagger-v3 inputs=1
2026-09-17T01:21:56.702111Z DEBUG panoptikon::inferio::http: processing local inference predict model=tags/wd-vit-tagger-v3 inputs=1
2026-09-17T01:21:56.702130Z DEBUG panoptikon::inferio::http: processing local inference predict model=tags/wd-vit-tagger-v3 inputs=1
2026-09-17T01:21:56.702239Z DEBUG panoptikon::inferio::http: processing local inference predict model=tags/wd-vit-tagger-v3 inputs=1
2026-09-17T01:21:56.702319Z DEBUG panoptikon::inferio::http: processing local inference predict model=tags/wd-vit-tagger-v3 inputs=1
2026-09-17T01:21:58.332017Z  INFO panoptikon::inferio::calibration: wrote the local calibration store path=data/inferio/calibration.toml profiles=1
2026-09-17T01:22:03.417173Z DEBUG panoptikon::inferio::ledger: refitted the memory cost model model=tags/wd-vit-tagger-v3 gpu=CPU slope_mb_per_unit=36.42857142857143 intercept_mb=53.14285714285714 residual_mb=2.142857142857139 samples=7 version=7
2026-09-17T01:22:03.417286Z DEBUG panoptikon::inferio::ledger: declining to fit a throughput knee: the plateau is not established above the knee yet: fewer quiet buckets above it than the rule asks for bucket=3 observed_floor=1 observed_top=4 anchor=16 observations=52
2026-09-17T01:22:03.417303Z DEBUG panoptikon::inferio::ledger: queued a calibration profile update for the store model=tags/wd-vit-tagger-v3 gpu=CPU reason="fit_changed" max_units_measured=16 fit_version=7
2026-09-17T01:22:03.417318Z DEBUG panoptikon::inferio::ledger: settled a granted window model=tags/wd-vit-tagger-v3 gpu=CPU outcome="clean" fit_samples=3 throughput_samples=3 clamped_samples=0 clamped=none ramp_step=3 deflation=0 clean_windows=19 max_units_measured=16
2026-09-17T01:22:03.419525Z DEBUG panoptikon::inferio::http: processing local inference predict model=tags/wd-vit-tagger-v3 inputs=1
2026-09-17T01:22:03.419613Z DEBUG panoptikon::inferio::http: processing local inference predict model=tags/wd-vit-tagger-v3 inputs=1
2026-09-17T01:22:03.419668Z DEBUG panoptikon::inferio::http: processing local inference predict model=tags/wd-vit-tagger-v3 inputs=1
2026-09-17T01:22:03.419945Z DEBUG panoptikon::inferio::http: processing local inference predict model=tags/wd-vit-tagger-v3 inputs=1
2026-09-17T01:22:03.419958Z DEBUG panoptikon::inferio::http: processing local inference predict model=tags/wd-vit-tagger-v3 inputs=1
2026-09-17T01:22:03.420102Z DEBUG panoptikon::inferio::http: processing local inference predict model=tags/wd-vit-tagger-v3 inputs=1
2026-09-17T01:22:03.420176Z DEBUG panoptikon::inferio::http: processing local inference predict model=tags/wd-vit-tagger-v3 inputs=1
2026-09-17T01:22:03.420340Z DEBUG panoptikon::inferio::http: processing local inference predict model=tags/wd-vit-tagger-v3 inputs=1
2026-09-17T01:22:03.420345Z DEBUG panoptikon::inferio::http: processing local inference predict model=tags/wd-vit-tagger-v3 inputs=1
2026-09-17T01:22:03.420371Z DEBUG panoptikon::inferio::http: processing local inference predict model=tags/wd-vit-tagger-v3 inputs=1
2026-09-17T01:22:03.420393Z DEBUG panoptikon::inferio::http: processing local inference predict model=tags/wd-vit-tagger-v3 inputs=1
2026-09-17T01:22:03.420522Z DEBUG panoptikon::inferio::http: processing local inference predict model=tags/wd-vit-tagger-v3 inputs=1
2026-09-17T01:22:03.420421Z DEBUG panoptikon::inferio::http: processing local inference predict model=tags/wd-vit-tagger-v3 inputs=1
2026-09-17T01:22:03.420395Z DEBUG panoptikon::inferio::http: processing local inference predict model=tags/wd-vit-tagger-v3 inputs=1
2026-09-17T01:22:03.420837Z DEBUG panoptikon::inferio::http: processing local inference predict model=tags/wd-vit-tagger-v3 inputs=1
2026-09-17T01:22:03.420858Z DEBUG panoptikon::inferio::http: processing local inference predict model=tags/wd-vit-tagger-v3 inputs=1
2026-09-17T01:22:03.420964Z DEBUG panoptikon::inferio::http: processing local inference predict model=tags/wd-vit-tagger-v3 inputs=1
2026-09-17T01:22:03.420998Z DEBUG panoptikon::inferio::http: processing local inference predict model=tags/wd-vit-tagger-v3 inputs=1
2026-09-17T01:22:03.421206Z DEBUG panoptikon::inferio::http: processing local inference predict model=tags/wd-vit-tagger-v3 inputs=1
2026-09-17T01:22:03.421303Z DEBUG panoptikon::inferio::http: processing local inference predict model=tags/wd-vit-tagger-v3 inputs=1
2026-09-17T01:22:03.421356Z DEBUG panoptikon::inferio::http: processing local inference predict model=tags/wd-vit-tagger-v3 inputs=1
2026-09-17T01:22:03.421395Z DEBUG panoptikon::inferio::http: processing local inference predict model=tags/wd-vit-tagger-v3 inputs=1
2026-09-17T01:22:03.421329Z DEBUG panoptikon::inferio::http: processing local inference predict model=tags/wd-vit-tagger-v3 inputs=1
2026-09-17T01:22:03.421410Z DEBUG panoptikon::inferio::http: processing local inference predict model=tags/wd-vit-tagger-v3 inputs=1
2026-09-17T01:22:03.421516Z DEBUG panoptikon::inferio::http: processing local inference predict model=tags/wd-vit-tagger-v3 inputs=1
2026-09-17T01:22:03.421495Z DEBUG panoptikon::inferio::http: processing local inference predict model=tags/wd-vit-tagger-v3 inputs=1
2026-09-17T01:22:03.421635Z DEBUG panoptikon::inferio::ledger: issued a memory grant model=tags/wd-vit-tagger-v3 gpu=CPU unit_budget=15 mb=547 canvas_pixels=none share_mb=88339 room_mb=88339 headroom_mb=88063 external_mb=38800 reserve_mb=1024 reserve_rule="capped_default" pre_fit=false ramp_step=3 deflation=0 squeezed=false window_requests=45
2026-09-17T01:22:03.421684Z DEBUG panoptikon::inferio::http: processing local inference predict model=tags/wd-vit-tagger-v3 inputs=1
2026-09-17T01:22:03.421663Z DEBUG panoptikon::inferio::http: processing local inference predict model=tags/wd-vit-tagger-v3 inputs=1
2026-09-17T01:22:03.421715Z DEBUG panoptikon::inferio::http: processing local inference predict model=tags/wd-vit-tagger-v3 inputs=1
2026-09-17T01:22:03.421903Z DEBUG panoptikon::inferio::http: processing local inference predict model=tags/wd-vit-tagger-v3 inputs=1
2026-09-17T01:22:03.421912Z DEBUG panoptikon::inferio::http: processing local inference predict model=tags/wd-vit-tagger-v3 inputs=1
2026-09-17T01:22:03.421945Z DEBUG panoptikon::inferio::http: processing local inference predict model=tags/wd-vit-tagger-v3 inputs=1
2026-09-17T01:22:03.421951Z DEBUG panoptikon::inferio::http: processing local inference predict model=tags/wd-vit-tagger-v3 inputs=1
2026-09-17T01:22:03.422263Z DEBUG panoptikon::inferio::http: processing local inference predict model=tags/wd-vit-tagger-v3 inputs=1
2026-09-17T01:22:03.422294Z DEBUG panoptikon::inferio::http: processing local inference predict model=tags/wd-vit-tagger-v3 inputs=1
2026-09-17T01:22:03.422324Z DEBUG panoptikon::inferio::http: processing local inference predict model=tags/wd-vit-tagger-v3 inputs=1
2026-09-17T01:22:03.422356Z DEBUG panoptikon::inferio::http: processing local inference predict model=tags/wd-vit-tagger-v3 inputs=1
2026-09-17T01:22:03.422362Z DEBUG panoptikon::inferio::http: processing local inference predict model=tags/wd-vit-tagger-v3 inputs=1
2026-09-17T01:22:03.422309Z DEBUG panoptikon::inferio::http: processing local inference predict model=tags/wd-vit-tagger-v3 inputs=1
2026-09-17T01:22:03.422530Z DEBUG panoptikon::inferio::http: processing local inference predict model=tags/wd-vit-tagger-v3 inputs=1
2026-09-17T01:22:03.422562Z DEBUG panoptikon::inferio::http: processing local inference predict model=tags/wd-vit-tagger-v3 inputs=1
2026-09-17T01:22:03.422603Z DEBUG panoptikon::inferio::http: processing local inference predict model=tags/wd-vit-tagger-v3 inputs=1
2026-09-17T01:22:03.422649Z DEBUG panoptikon::inferio::http: processing local inference predict model=tags/wd-vit-tagger-v3 inputs=1
2026-09-17T01:22:03.422654Z DEBUG panoptikon::inferio::http: processing local inference predict model=tags/wd-vit-tagger-v3 inputs=1
2026-09-17T01:22:03.422942Z DEBUG panoptikon::inferio::http: processing local inference predict model=tags/wd-vit-tagger-v3 inputs=1
2026-09-17T01:22:03.422982Z DEBUG panoptikon::inferio::http: processing local inference predict model=tags/wd-vit-tagger-v3 inputs=1
2026-09-17T01:22:03.423080Z DEBUG panoptikon::inferio::http: processing local inference predict model=tags/wd-vit-tagger-v3 inputs=1
2026-09-17T01:22:03.423082Z DEBUG panoptikon::inferio::http: processing local inference predict model=tags/wd-vit-tagger-v3 inputs=1
2026-09-17T01:22:03.423163Z DEBUG panoptikon::inferio::http: processing local inference predict model=tags/wd-vit-tagger-v3 inputs=1
2026-09-17T01:22:03.423192Z DEBUG panoptikon::inferio::http: processing local inference predict model=tags/wd-vit-tagger-v3 inputs=1
2026-09-17T01:22:03.423241Z DEBUG panoptikon::inferio::http: processing local inference predict model=tags/wd-vit-tagger-v3 inputs=1
2026-09-17T01:22:03.423247Z DEBUG panoptikon::inferio::http: processing local inference predict model=tags/wd-vit-tagger-v3 inputs=1
2026-09-17T01:22:03.423227Z DEBUG panoptikon::inferio::http: processing local inference predict model=tags/wd-vit-tagger-v3 inputs=1
2026-09-17T01:22:03.423303Z DEBUG panoptikon::inferio::http: processing local inference predict model=tags/wd-vit-tagger-v3 inputs=1
2026-09-17T01:22:03.423487Z DEBUG panoptikon::inferio::http: processing local inference predict model=tags/wd-vit-tagger-v3 inputs=1
2026-09-17T01:22:03.423665Z DEBUG panoptikon::inferio::http: processing local inference predict model=tags/wd-vit-tagger-v3 inputs=1
2026-09-17T01:22:03.423702Z DEBUG panoptikon::inferio::http: processing local inference predict model=tags/wd-vit-tagger-v3 inputs=1
2026-09-17T01:22:03.423729Z DEBUG panoptikon::inferio::http: processing local inference predict model=tags/wd-vit-tagger-v3 inputs=1
2026-09-17T01:22:03.423762Z DEBUG panoptikon::inferio::http: processing local inference predict model=tags/wd-vit-tagger-v3 inputs=1
2026-09-17T01:22:03.423738Z DEBUG panoptikon::inferio::http: processing local inference predict model=tags/wd-vit-tagger-v3 inputs=1
2026-09-17T01:22:03.423833Z DEBUG panoptikon::inferio::http: processing local inference predict model=tags/wd-vit-tagger-v3 inputs=1
2026-09-17T01:22:03.423784Z DEBUG panoptikon::inferio::http: processing local inference predict model=tags/wd-vit-tagger-v3 inputs=1
2026-09-17T01:22:03.423812Z DEBUG panoptikon::inferio::http: processing local inference predict model=tags/wd-vit-tagger-v3 inputs=1
2026-09-17T01:22:03.423950Z DEBUG panoptikon::inferio::http: processing local inference predict model=tags/wd-vit-tagger-v3 inputs=1
2026-09-17T01:22:03.423718Z DEBUG panoptikon::inferio::http: processing local inference predict model=tags/wd-vit-tagger-v3 inputs=1
2026-09-17T01:22:03.424006Z DEBUG panoptikon::inferio::http: processing local inference predict model=tags/wd-vit-tagger-v3 inputs=1
2026-09-17T01:22:03.423951Z DEBUG panoptikon::inferio::http: processing local inference predict model=tags/wd-vit-tagger-v3 inputs=1
2026-09-17T01:22:03.424039Z DEBUG panoptikon::inferio::http: processing local inference predict model=tags/wd-vit-tagger-v3 inputs=1
2026-09-17T01:22:03.424048Z DEBUG panoptikon::inferio::http: processing local inference predict model=tags/wd-vit-tagger-v3 inputs=1
2026-09-17T01:22:03.424069Z DEBUG panoptikon::inferio::http: processing local inference predict model=tags/wd-vit-tagger-v3 inputs=1
2026-09-17T01:22:03.424140Z DEBUG panoptikon::inferio::http: processing local inference predict model=tags/wd-vit-tagger-v3 inputs=1
2026-09-17T01:22:12.683366Z DEBUG panoptikon::inferio::ledger: refitted the memory cost model model=tags/wd-vit-tagger-v3 gpu=CPU slope_mb_per_unit=36.53846153846154 intercept_mb=52.92307692307692 residual_mb=1.5384615384615472 samples=7 version=8
2026-09-17T01:22:12.683523Z DEBUG panoptikon::inferio::ledger: declining to fit a throughput knee: the plateau is not established above the knee yet: fewer quiet buckets above it than the rule asks for bucket=3 observed_floor=1 observed_top=4 anchor=16 observations=55
2026-09-17T01:22:12.683548Z DEBUG panoptikon::inferio::ledger: queued a calibration profile update for the store model=tags/wd-vit-tagger-v3 gpu=CPU reason="fit_changed" max_units_measured=16 fit_version=8
2026-09-17T01:22:12.683573Z DEBUG panoptikon::inferio::ledger: settled a granted window model=tags/wd-vit-tagger-v3 gpu=CPU outcome="clean" fit_samples=3 throughput_samples=3 clamped_samples=0 clamped=none ramp_step=3 deflation=0 clean_windows=20 max_units_measured=16
2026-09-17T01:22:12.683631Z DEBUG panoptikon::inferio::ledger: issued a memory grant model=tags/wd-vit-tagger-v3 gpu=CPU unit_budget=15 mb=549 canvas_pixels=none share_mb=88236 room_mb=88236 headroom_mb=87960 external_mb=38903 reserve_mb=1024 reserve_rule="capped_default" pre_fit=false ramp_step=3 deflation=0 squeezed=false window_requests=45
2026-09-17T01:22:12.685485Z DEBUG panoptikon::inferio::http: processing local inference predict model=tags/wd-vit-tagger-v3 inputs=1
2026-09-17T01:22:12.685506Z DEBUG panoptikon::inferio::http: processing local inference predict model=tags/wd-vit-tagger-v3 inputs=1
2026-09-17T01:22:12.685945Z DEBUG panoptikon::inferio::http: processing local inference predict model=tags/wd-vit-tagger-v3 inputs=1
2026-09-17T01:22:12.686059Z DEBUG panoptikon::inferio::http: processing local inference predict model=tags/wd-vit-tagger-v3 inputs=1
2026-09-17T01:22:12.686336Z DEBUG panoptikon::inferio::http: processing local inference predict model=tags/wd-vit-tagger-v3 inputs=1
2026-09-17T01:22:12.686399Z DEBUG panoptikon::inferio::http: processing local inference predict model=tags/wd-vit-tagger-v3 inputs=1
2026-09-17T01:22:12.686409Z DEBUG panoptikon::inferio::http: processing local inference predict model=tags/wd-vit-tagger-v3 inputs=1
2026-09-17T01:22:12.686568Z DEBUG panoptikon::inferio::http: processing local inference predict model=tags/wd-vit-tagger-v3 inputs=1
2026-09-17T01:22:12.686929Z DEBUG panoptikon::inferio::http: processing local inference predict model=tags/wd-vit-tagger-v3 inputs=1
2026-09-17T01:22:12.686958Z DEBUG panoptikon::inferio::http: processing local inference predict model=tags/wd-vit-tagger-v3 inputs=1
2026-09-17T01:22:12.686935Z DEBUG panoptikon::inferio::http: processing local inference predict model=tags/wd-vit-tagger-v3 inputs=1
2026-09-17T01:22:12.686991Z DEBUG panoptikon::inferio::http: processing local inference predict model=tags/wd-vit-tagger-v3 inputs=1
2026-09-17T01:22:12.686999Z DEBUG panoptikon::inferio::http: processing local inference predict model=tags/wd-vit-tagger-v3 inputs=1
2026-09-17T01:22:12.687084Z DEBUG panoptikon::inferio::http: processing local inference predict model=tags/wd-vit-tagger-v3 inputs=1
2026-09-17T01:22:12.687240Z DEBUG panoptikon::inferio::http: processing local inference predict model=tags/wd-vit-tagger-v3 inputs=1
2026-09-17T01:22:12.687369Z DEBUG panoptikon::inferio::http: processing local inference predict model=tags/wd-vit-tagger-v3 inputs=1
2026-09-17T01:22:12.687403Z DEBUG panoptikon::inferio::http: processing local inference predict model=tags/wd-vit-tagger-v3 inputs=1
2026-09-17T01:22:12.687416Z DEBUG panoptikon::inferio::http: processing local inference predict model=tags/wd-vit-tagger-v3 inputs=1
2026-09-17T01:22:12.687497Z DEBUG panoptikon::inferio::http: processing local inference predict model=tags/wd-vit-tagger-v3 inputs=1
2026-09-17T01:22:12.687539Z DEBUG panoptikon::inferio::http: processing local inference predict model=tags/wd-vit-tagger-v3 inputs=1
2026-09-17T01:22:12.687767Z DEBUG panoptikon::inferio::http: processing local inference predict model=tags/wd-vit-tagger-v3 inputs=1
2026-09-17T01:22:12.687785Z DEBUG panoptikon::inferio::http: processing local inference predict model=tags/wd-vit-tagger-v3 inputs=1
2026-09-17T01:22:12.687869Z DEBUG panoptikon::inferio::http: processing local inference predict model=tags/wd-vit-tagger-v3 inputs=1
2026-09-17T01:22:12.687938Z DEBUG panoptikon::inferio::http: processing local inference predict model=tags/wd-vit-tagger-v3 inputs=1
2026-09-17T01:22:12.688053Z DEBUG panoptikon::inferio::http: processing local inference predict model=tags/wd-vit-tagger-v3 inputs=1
2026-09-17T01:22:12.688196Z DEBUG panoptikon::inferio::http: processing local inference predict model=tags/wd-vit-tagger-v3 inputs=1
2026-09-17T01:22:12.688236Z DEBUG panoptikon::inferio::http: processing local inference predict model=tags/wd-vit-tagger-v3 inputs=1
2026-09-17T01:22:12.688295Z DEBUG panoptikon::inferio::http: processing local inference predict model=tags/wd-vit-tagger-v3 inputs=1
2026-09-17T01:22:12.688312Z DEBUG panoptikon::inferio::http: processing local inference predict model=tags/wd-vit-tagger-v3 inputs=1
2026-09-17T01:22:12.688391Z DEBUG panoptikon::inferio::http: processing local inference predict model=tags/wd-vit-tagger-v3 inputs=1
2026-09-17T01:22:12.688423Z DEBUG panoptikon::inferio::http: processing local inference predict model=tags/wd-vit-tagger-v3 inputs=1
2026-09-17T01:22:12.688398Z DEBUG panoptikon::inferio::http: processing local inference predict model=tags/wd-vit-tagger-v3 inputs=1
2026-09-17T01:22:12.688499Z DEBUG panoptikon::inferio::http: processing local inference predict model=tags/wd-vit-tagger-v3 inputs=1
2026-09-17T01:22:12.688465Z DEBUG panoptikon::inferio::http: processing local inference predict model=tags/wd-vit-tagger-v3 inputs=1
2026-09-17T01:22:12.688472Z DEBUG panoptikon::inferio::http: processing local inference predict model=tags/wd-vit-tagger-v3 inputs=1
2026-09-17T01:22:12.688442Z DEBUG panoptikon::inferio::http: processing local inference predict model=tags/wd-vit-tagger-v3 inputs=1
2026-09-17T01:22:12.689002Z DEBUG panoptikon::inferio::http: processing local inference predict model=tags/wd-vit-tagger-v3 inputs=1
2026-09-17T01:22:12.689003Z DEBUG panoptikon::inferio::http: processing local inference predict model=tags/wd-vit-tagger-v3 inputs=1
2026-09-17T01:22:12.689040Z DEBUG panoptikon::inferio::http: processing local inference predict model=tags/wd-vit-tagger-v3 inputs=1
2026-09-17T01:22:12.689090Z DEBUG panoptikon::inferio::http: processing local inference predict model=tags/wd-vit-tagger-v3 inputs=1
2026-09-17T01:22:12.689264Z DEBUG panoptikon::inferio::http: processing local inference predict model=tags/wd-vit-tagger-v3 inputs=1
2026-09-17T01:22:12.689333Z DEBUG panoptikon::inferio::http: processing local inference predict model=tags/wd-vit-tagger-v3 inputs=1
2026-09-17T01:22:12.689408Z DEBUG panoptikon::inferio::http: processing local inference predict model=tags/wd-vit-tagger-v3 inputs=1
2026-09-17T01:22:12.689467Z DEBUG panoptikon::inferio::http: processing local inference predict model=tags/wd-vit-tagger-v3 inputs=1
2026-09-17T01:22:12.689510Z DEBUG panoptikon::inferio::http: processing local inference predict model=tags/wd-vit-tagger-v3 inputs=1
2026-09-17T01:22:25.022103Z DEBUG panoptikon::inferio::ledger: declining to read this model's throughput curve: the observations in one batch-size bucket disagree with each other by more than the knee's own decision band, so something outside this ledger was moving throughput while they were taken bucket=3 observations=12 dispersion=0.2194643663822753 threshold=0.2
2026-09-17T01:22:25.022340Z DEBUG panoptikon::inferio::ledger: refitted the memory cost model model=tags/wd-vit-tagger-v3 gpu=CPU slope_mb_per_unit=36.61538461538461 intercept_mb=52.76923076923083 residual_mb=1.7692307692307168 samples=7 version=9
2026-09-17T01:22:25.022388Z DEBUG panoptikon::inferio::ledger: declining to read this model's throughput curve: the observations in one batch-size bucket disagree with each other by more than the knee's own decision band, so something outside this ledger was moving throughput while they were taken bucket=3 observations=12 dispersion=0.2194643663822753 threshold=0.2
2026-09-17T01:22:25.022416Z DEBUG panoptikon::inferio::ledger: queued a calibration profile update for the store model=tags/wd-vit-tagger-v3 gpu=CPU reason="fit_changed" max_units_measured=16 fit_version=9
2026-09-17T01:22:25.022446Z DEBUG panoptikon::inferio::ledger: settled a granted window model=tags/wd-vit-tagger-v3 gpu=CPU outcome="clean" fit_samples=3 throughput_samples=3 clamped_samples=0 clamped=none ramp_step=3 deflation=0 clean_windows=21 max_units_measured=16
2026-09-17T01:22:25.022517Z DEBUG panoptikon::inferio::ledger: issued a memory grant model=tags/wd-vit-tagger-v3 gpu=CPU unit_budget=15 mb=550 canvas_pixels=none share_mb=88419 room_mb=88419 headroom_mb=88143 external_mb=38720 reserve_mb=1024 reserve_rule="capped_default" pre_fit=false ramp_step=3 deflation=0 squeezed=false window_requests=45
2026-09-17T01:22:25.023970Z DEBUG panoptikon::inferio::http: processing local inference predict model=tags/wd-vit-tagger-v3 inputs=1
2026-09-17T01:22:25.024443Z DEBUG panoptikon::inferio::http: processing local inference predict model=tags/wd-vit-tagger-v3 inputs=1
2026-09-17T01:22:25.024495Z DEBUG panoptikon::inferio::http: processing local inference predict model=tags/wd-vit-tagger-v3 inputs=1
2026-09-17T01:22:25.024644Z DEBUG panoptikon::inferio::http: processing local inference predict model=tags/wd-vit-tagger-v3 inputs=1
2026-09-17T01:22:25.025294Z DEBUG panoptikon::inferio::http: processing local inference predict model=tags/wd-vit-tagger-v3 inputs=1
2026-09-17T01:22:25.025347Z DEBUG panoptikon::inferio::http: processing local inference predict model=tags/wd-vit-tagger-v3 inputs=1
2026-09-17T01:22:25.025435Z DEBUG panoptikon::inferio::http: processing local inference predict model=tags/wd-vit-tagger-v3 inputs=1
2026-09-17T01:22:25.025424Z DEBUG panoptikon::inferio::http: processing local inference predict model=tags/wd-vit-tagger-v3 inputs=1
2026-09-17T01:22:25.025414Z DEBUG panoptikon::inferio::http: processing local inference predict model=tags/wd-vit-tagger-v3 inputs=1
2026-09-17T01:22:25.025561Z DEBUG panoptikon::inferio::http: processing local inference predict model=tags/wd-vit-tagger-v3 inputs=1
2026-09-17T01:22:25.025822Z DEBUG panoptikon::inferio::http: processing local inference predict model=tags/wd-vit-tagger-v3 inputs=1
2026-09-17T01:22:25.025868Z DEBUG panoptikon::inferio::http: processing local inference predict model=tags/wd-vit-tagger-v3 inputs=1
2026-09-17T01:22:25.026088Z DEBUG panoptikon::inferio::http: processing local inference predict model=tags/wd-vit-tagger-v3 inputs=1
2026-09-17T01:22:25.026117Z DEBUG panoptikon::inferio::http: processing local inference predict model=tags/wd-vit-tagger-v3 inputs=1
2026-09-17T01:22:25.026150Z DEBUG panoptikon::inferio::http: processing local inference predict model=tags/wd-vit-tagger-v3 inputs=1
2026-09-17T01:22:25.026202Z DEBUG panoptikon::inferio::http: processing local inference predict model=tags/wd-vit-tagger-v3 inputs=1
2026-09-17T01:22:25.026304Z DEBUG panoptikon::inferio::http: processing local inference predict model=tags/wd-vit-tagger-v3 inputs=1
2026-09-17T01:22:25.026403Z DEBUG panoptikon::inferio::http: processing local inference predict model=tags/wd-vit-tagger-v3 inputs=1
2026-09-17T01:22:25.026322Z DEBUG panoptikon::inferio::http: processing local inference predict model=tags/wd-vit-tagger-v3 inputs=1
2026-09-17T01:22:25.026503Z DEBUG panoptikon::inferio::http: processing local inference predict model=tags/wd-vit-tagger-v3 inputs=1
2026-09-17T01:22:25.026555Z DEBUG panoptikon::inferio::http: processing local inference predict model=tags/wd-vit-tagger-v3 inputs=1
2026-09-17T01:22:25.026674Z DEBUG panoptikon::inferio::http: processing local inference predict model=tags/wd-vit-tagger-v3 inputs=1
2026-09-17T01:22:25.026688Z DEBUG panoptikon::inferio::http: processing local inference predict model=tags/wd-vit-tagger-v3 inputs=1
2026-09-17T01:22:25.026904Z DEBUG panoptikon::inferio::http: processing local inference predict model=tags/wd-vit-tagger-v3 inputs=1
2026-09-17T01:22:25.027022Z DEBUG panoptikon::inferio::http: processing local inference predict model=tags/wd-vit-tagger-v3 inputs=1
2026-09-17T01:22:25.027030Z DEBUG panoptikon::inferio::http: processing local inference predict model=tags/wd-vit-tagger-v3 inputs=1
2026-09-17T01:22:25.027138Z DEBUG panoptikon::inferio::http: processing local inference predict model=tags/wd-vit-tagger-v3 inputs=1
2026-09-17T01:22:25.027163Z DEBUG panoptikon::inferio::http: processing local inference predict model=tags/wd-vit-tagger-v3 inputs=1
2026-09-17T01:22:25.027278Z DEBUG panoptikon::inferio::http: processing local inference predict model=tags/wd-vit-tagger-v3 inputs=1
2026-09-17T01:22:25.027288Z DEBUG panoptikon::inferio::http: processing local inference predict model=tags/wd-vit-tagger-v3 inputs=1
2026-09-17T01:22:25.027411Z DEBUG panoptikon::inferio::http: processing local inference predict model=tags/wd-vit-tagger-v3 inputs=1
2026-09-17T01:22:25.027417Z DEBUG panoptikon::inferio::http: processing local inference predict model=tags/wd-vit-tagger-v3 inputs=1
2026-09-17T01:22:25.027594Z DEBUG panoptikon::inferio::http: processing local inference predict model=tags/wd-vit-tagger-v3 inputs=1
2026-09-17T01:22:25.027602Z DEBUG panoptikon::inferio::http: processing local inference predict model=tags/wd-vit-tagger-v3 inputs=1
2026-09-17T01:22:25.027700Z DEBUG panoptikon::inferio::http: processing local inference predict model=tags/wd-vit-tagger-v3 inputs=1
2026-09-17T01:22:25.027728Z DEBUG panoptikon::inferio::http: processing local inference predict model=tags/wd-vit-tagger-v3 inputs=1
2026-09-17T01:22:25.027739Z DEBUG panoptikon::inferio::http: processing local inference predict model=tags/wd-vit-tagger-v3 inputs=1
2026-09-17T01:22:25.027795Z DEBUG panoptikon::inferio::http: processing local inference predict model=tags/wd-vit-tagger-v3 inputs=1
2026-09-17T01:22:25.028233Z DEBUG panoptikon::inferio::http: processing local inference predict model=tags/wd-vit-tagger-v3 inputs=1
2026-09-17T01:22:25.028381Z DEBUG panoptikon::inferio::http: processing local inference predict model=tags/wd-vit-tagger-v3 inputs=1
2026-09-17T01:22:25.028407Z DEBUG panoptikon::inferio::http: processing local inference predict model=tags/wd-vit-tagger-v3 inputs=1
2026-09-17T01:22:25.028409Z DEBUG panoptikon::inferio::http: processing local inference predict model=tags/wd-vit-tagger-v3 inputs=1
2026-09-17T01:22:25.028393Z DEBUG panoptikon::inferio::http: processing local inference predict model=tags/wd-vit-tagger-v3 inputs=1
2026-09-17T01:22:25.028477Z DEBUG panoptikon::inferio::http: processing local inference predict model=tags/wd-vit-tagger-v3 inputs=1
2026-09-17T01:22:25.028573Z DEBUG panoptikon::inferio::http: processing local inference predict model=tags/wd-vit-tagger-v3 inputs=1
2026-09-17T01:22:28.333975Z  INFO panoptikon::inferio::calibration: wrote the local calibration store path=data/inferio/calibration.toml profiles=1
2026-09-17T01:22:35.767844Z DEBUG panoptikon::inferio::ledger: declining to read this model's throughput curve: the observations in one batch-size bucket disagree with each other by more than the knee's own decision band, so something outside this ledger was moving throughput while they were taken bucket=3 observations=15 dispersion=0.23350526750710668 threshold=0.2
2026-09-17T01:22:35.768801Z DEBUG panoptikon::inferio::ledger: declining to read this model's throughput curve: the observations in one batch-size bucket disagree with each other by more than the knee's own decision band, so something outside this ledger was moving throughput while they were taken bucket=3 observations=15 dispersion=0.23350526750710668 threshold=0.2
2026-09-17T01:22:35.768834Z DEBUG panoptikon::inferio::ledger: settled a granted window model=tags/wd-vit-tagger-v3 gpu=CPU outcome="clean" fit_samples=3 throughput_samples=3 clamped_samples=0 clamped=none ramp_step=3 deflation=0 clean_windows=22 max_units_measured=16
2026-09-17T01:22:35.768886Z DEBUG panoptikon::inferio::ledger: issued a memory grant model=tags/wd-vit-tagger-v3 gpu=CPU unit_budget=15 mb=550 canvas_pixels=none share_mb=88251 room_mb=88251 headroom_mb=87975 external_mb=38888 reserve_mb=1024 reserve_rule="capped_default" pre_fit=false ramp_step=3 deflation=0 squeezed=false window_requests=45
2026-09-17T01:22:35.769454Z DEBUG panoptikon::inferio::http: processing local inference predict model=tags/wd-vit-tagger-v3 inputs=1
2026-09-17T01:22:35.769921Z DEBUG panoptikon::inferio::http: processing local inference predict model=tags/wd-vit-tagger-v3 inputs=1
2026-09-17T01:22:35.770013Z DEBUG panoptikon::inferio::http: processing local inference predict model=tags/wd-vit-tagger-v3 inputs=1
2026-09-17T01:22:35.770215Z DEBUG panoptikon::inferio::http: processing local inference predict model=tags/wd-vit-tagger-v3 inputs=1
2026-09-17T01:22:35.770462Z DEBUG panoptikon::inferio::http: processing local inference predict model=tags/wd-vit-tagger-v3 inputs=1
2026-09-17T01:22:35.770982Z DEBUG panoptikon::inferio::http: processing local inference predict model=tags/wd-vit-tagger-v3 inputs=1
2026-09-17T01:22:35.770991Z DEBUG panoptikon::inferio::http: processing local inference predict model=tags/wd-vit-tagger-v3 inputs=1
2026-09-17T01:22:35.771021Z DEBUG panoptikon::inferio::http: processing local inference predict model=tags/wd-vit-tagger-v3 inputs=1
2026-09-17T01:22:35.771234Z DEBUG panoptikon::inferio::http: processing local inference predict model=tags/wd-vit-tagger-v3 inputs=1
2026-09-17T01:22:35.771288Z DEBUG panoptikon::inferio::http: processing local inference predict model=tags/wd-vit-tagger-v3 inputs=1
2026-09-17T01:22:35.771389Z DEBUG panoptikon::inferio::http: processing local inference predict model=tags/wd-vit-tagger-v3 inputs=1
2026-09-17T01:22:35.771551Z DEBUG panoptikon::inferio::http: processing local inference predict model=tags/wd-vit-tagger-v3 inputs=1
2026-09-17T01:22:35.771553Z DEBUG panoptikon::inferio::http: processing local inference predict model=tags/wd-vit-tagger-v3 inputs=1
2026-09-17T01:22:35.771614Z DEBUG panoptikon::inferio::http: processing local inference predict model=tags/wd-vit-tagger-v3 inputs=1
2026-09-17T01:22:35.771730Z DEBUG panoptikon::inferio::http: processing local inference predict model=tags/wd-vit-tagger-v3 inputs=1
2026-09-17T01:22:35.771900Z DEBUG panoptikon::inferio::http: processing local inference predict model=tags/wd-vit-tagger-v3 inputs=1
2026-09-17T01:22:35.772003Z DEBUG panoptikon::inferio::http: processing local inference predict model=tags/wd-vit-tagger-v3 inputs=1
2026-09-17T01:22:35.772185Z DEBUG panoptikon::inferio::http: processing local inference predict model=tags/wd-vit-tagger-v3 inputs=1
2026-09-17T01:22:35.772261Z DEBUG panoptikon::inferio::http: processing local inference predict model=tags/wd-vit-tagger-v3 inputs=1
2026-09-17T01:22:35.772291Z DEBUG panoptikon::inferio::http: processing local inference predict model=tags/wd-vit-tagger-v3 inputs=1
2026-09-17T01:22:35.772295Z DEBUG panoptikon::inferio::http: processing local inference predict model=tags/wd-vit-tagger-v3 inputs=1
2026-09-17T01:22:35.772472Z DEBUG panoptikon::inferio::http: processing local inference predict model=tags/wd-vit-tagger-v3 inputs=1
2026-09-17T01:22:35.772485Z DEBUG panoptikon::inferio::http: processing local inference predict model=tags/wd-vit-tagger-v3 inputs=1
2026-09-17T01:22:35.772968Z DEBUG panoptikon::inferio::http: processing local inference predict model=tags/wd-vit-tagger-v3 inputs=1
2026-09-17T01:22:35.772994Z DEBUG panoptikon::inferio::http: processing local inference predict model=tags/wd-vit-tagger-v3 inputs=1
2026-09-17T01:22:35.773104Z DEBUG panoptikon::inferio::http: processing local inference predict model=tags/wd-vit-tagger-v3 inputs=1
2026-09-17T01:22:35.773114Z DEBUG panoptikon::inferio::http: processing local inference predict model=tags/wd-vit-tagger-v3 inputs=1
2026-09-17T01:22:35.773279Z DEBUG panoptikon::inferio::http: processing local inference predict model=tags/wd-vit-tagger-v3 inputs=1
2026-09-17T01:22:35.773314Z DEBUG panoptikon::inferio::http: processing local inference predict model=tags/wd-vit-tagger-v3 inputs=1
2026-09-17T01:22:35.773295Z DEBUG panoptikon::inferio::http: processing local inference predict model=tags/wd-vit-tagger-v3 inputs=1
2026-09-17T01:22:35.773384Z DEBUG panoptikon::inferio::http: processing local inference predict model=tags/wd-vit-tagger-v3 inputs=1
2026-09-17T01:22:35.773440Z DEBUG panoptikon::inferio::http: processing local inference predict model=tags/wd-vit-tagger-v3 inputs=1
2026-09-17T01:22:35.773448Z DEBUG panoptikon::inferio::http: processing local inference predict model=tags/wd-vit-tagger-v3 inputs=1
2026-09-17T01:22:35.773522Z DEBUG panoptikon::inferio::http: processing local inference predict model=tags/wd-vit-tagger-v3 inputs=1
2026-09-17T01:22:35.773939Z DEBUG panoptikon::inferio::http: processing local inference predict model=tags/wd-vit-tagger-v3 inputs=1
2026-09-17T01:22:35.773955Z DEBUG panoptikon::inferio::http: processing local inference predict model=tags/wd-vit-tagger-v3 inputs=1
2026-09-17T01:22:35.774008Z DEBUG panoptikon::inferio::http: processing local inference predict model=tags/wd-vit-tagger-v3 inputs=1
2026-09-17T01:22:35.773990Z DEBUG panoptikon::inferio::http: processing local inference predict model=tags/wd-vit-tagger-v3 inputs=1
2026-09-17T01:22:35.774073Z DEBUG panoptikon::inferio::http: processing local inference predict model=tags/wd-vit-tagger-v3 inputs=1
2026-09-17T01:22:35.773980Z DEBUG panoptikon::inferio::http: processing local inference predict model=tags/wd-vit-tagger-v3 inputs=1
2026-09-17T01:22:35.774171Z DEBUG panoptikon::inferio::http: processing local inference predict model=tags/wd-vit-tagger-v3 inputs=1
2026-09-17T01:22:35.774309Z DEBUG panoptikon::inferio::http: processing local inference predict model=tags/wd-vit-tagger-v3 inputs=1
2026-09-17T01:22:35.774327Z DEBUG panoptikon::inferio::http: processing local inference predict model=tags/wd-vit-tagger-v3 inputs=1
2026-09-17T01:22:35.774315Z DEBUG panoptikon::inferio::http: processing local inference predict model=tags/wd-vit-tagger-v3 inputs=1
2026-09-17T01:22:35.774379Z DEBUG panoptikon::inferio::http: processing local inference predict model=tags/wd-vit-tagger-v3 inputs=1
2026-09-17T01:22:49.017078Z DEBUG panoptikon::inferio::ledger: declining to read this model's throughput curve: the observations in one batch-size bucket disagree with each other by more than the knee's own decision band, so something outside this ledger was moving throughput while they were taken bucket=3 observations=18 dispersion=0.22429833676795535 threshold=0.2
2026-09-17T01:22:49.017751Z DEBUG panoptikon::inferio::ledger: declining to read this model's throughput curve: the observations in one batch-size bucket disagree with each other by more than the knee's own decision band, so something outside this ledger was moving throughput while they were taken bucket=3 observations=18 dispersion=0.22429833676795535 threshold=0.2
2026-09-17T01:22:49.017780Z DEBUG panoptikon::inferio::ledger: settled a granted window model=tags/wd-vit-tagger-v3 gpu=CPU outcome="clean" fit_samples=3 throughput_samples=3 clamped_samples=0 clamped=none ramp_step=3 deflation=0 clean_windows=23 max_units_measured=16
2026-09-17T01:22:49.017832Z DEBUG panoptikon::inferio::ledger: issued a memory grant model=tags/wd-vit-tagger-v3 gpu=CPU unit_budget=15 mb=550 canvas_pixels=none share_mb=87850 room_mb=87850 headroom_mb=87574 external_mb=39289 reserve_mb=1024 reserve_rule="capped_default" pre_fit=false ramp_step=3 deflation=0 squeezed=false window_requests=45
2026-09-17T01:22:49.018396Z DEBUG panoptikon::inferio::http: processing local inference predict model=tags/wd-vit-tagger-v3 inputs=1
2026-09-17T01:22:49.019922Z DEBUG panoptikon::inferio::http: processing local inference predict model=tags/wd-vit-tagger-v3 inputs=1
2026-09-17T01:22:49.019997Z DEBUG panoptikon::inferio::http: processing local inference predict model=tags/wd-vit-tagger-v3 inputs=1
2026-09-17T01:22:49.020460Z DEBUG panoptikon::inferio::http: processing local inference predict model=tags/wd-vit-tagger-v3 inputs=1
2026-09-17T01:22:49.020610Z DEBUG panoptikon::inferio::http: processing local inference predict model=tags/wd-vit-tagger-v3 inputs=1
2026-09-17T01:22:49.020674Z DEBUG panoptikon::inferio::http: processing local inference predict model=tags/wd-vit-tagger-v3 inputs=1
2026-09-17T01:22:49.020701Z DEBUG panoptikon::inferio::http: processing local inference predict model=tags/wd-vit-tagger-v3 inputs=1
2026-09-17T01:22:49.020756Z DEBUG panoptikon::inferio::http: processing local inference predict model=tags/wd-vit-tagger-v3 inputs=1
2026-09-17T01:22:49.020830Z DEBUG panoptikon::inferio::http: processing local inference predict model=tags/wd-vit-tagger-v3 inputs=1
2026-09-17T01:22:49.020978Z DEBUG panoptikon::inferio::http: processing local inference predict model=tags/wd-vit-tagger-v3 inputs=1
2026-09-17T01:22:49.021108Z DEBUG panoptikon::inferio::http: processing local inference predict model=tags/wd-vit-tagger-v3 inputs=1
2026-09-17T01:22:49.021156Z DEBUG panoptikon::inferio::http: processing local inference predict model=tags/wd-vit-tagger-v3 inputs=1
2026-09-17T01:22:49.021170Z DEBUG panoptikon::inferio::http: processing local inference predict model=tags/wd-vit-tagger-v3 inputs=1
2026-09-17T01:22:49.021170Z DEBUG panoptikon::inferio::http: processing local inference predict model=tags/wd-vit-tagger-v3 inputs=1
2026-09-17T01:22:49.021435Z DEBUG panoptikon::inferio::http: processing local inference predict model=tags/wd-vit-tagger-v3 inputs=1
2026-09-17T01:22:49.021498Z DEBUG panoptikon::inferio::http: processing local inference predict model=tags/wd-vit-tagger-v3 inputs=1
2026-09-17T01:22:49.021596Z DEBUG panoptikon::inferio::http: processing local inference predict model=tags/wd-vit-tagger-v3 inputs=1
2026-09-17T01:22:49.021600Z DEBUG panoptikon::inferio::http: processing local inference predict model=tags/wd-vit-tagger-v3 inputs=1
2026-09-17T01:22:49.021698Z DEBUG panoptikon::inferio::http: processing local inference predict model=tags/wd-vit-tagger-v3 inputs=1
2026-09-17T01:22:49.021789Z DEBUG panoptikon::inferio::http: processing local inference predict model=tags/wd-vit-tagger-v3 inputs=1
2026-09-17T01:22:49.022026Z DEBUG panoptikon::inferio::http: processing local inference predict model=tags/wd-vit-tagger-v3 inputs=1
2026-09-17T01:22:49.022166Z DEBUG panoptikon::inferio::http: processing local inference predict model=tags/wd-vit-tagger-v3 inputs=1
2026-09-17T01:22:49.022362Z DEBUG panoptikon::inferio::http: processing local inference predict model=tags/wd-vit-tagger-v3 inputs=1
2026-09-17T01:22:49.022409Z DEBUG panoptikon::inferio::http: processing local inference predict model=tags/wd-vit-tagger-v3 inputs=1
2026-09-17T01:22:49.022422Z DEBUG panoptikon::inferio::http: processing local inference predict model=tags/wd-vit-tagger-v3 inputs=1
2026-09-17T01:22:49.022497Z DEBUG panoptikon::inferio::http: processing local inference predict model=tags/wd-vit-tagger-v3 inputs=1
2026-09-17T01:22:49.022536Z DEBUG panoptikon::inferio::http: processing local inference predict model=tags/wd-vit-tagger-v3 inputs=1
2026-09-17T01:22:49.022432Z DEBUG panoptikon::inferio::http: processing local inference predict model=tags/wd-vit-tagger-v3 inputs=1
2026-09-17T01:22:49.022536Z DEBUG panoptikon::inferio::http: processing local inference predict model=tags/wd-vit-tagger-v3 inputs=1
2026-09-17T01:22:49.022692Z DEBUG panoptikon::inferio::http: processing local inference predict model=tags/wd-vit-tagger-v3 inputs=1
2026-09-17T01:22:49.022448Z DEBUG panoptikon::inferio::http: processing local inference predict model=tags/wd-vit-tagger-v3 inputs=1
2026-09-17T01:22:49.022836Z DEBUG panoptikon::inferio::http: processing local inference predict model=tags/wd-vit-tagger-v3 inputs=1
2026-09-17T01:22:49.022868Z DEBUG panoptikon::inferio::http: processing local inference predict model=tags/wd-vit-tagger-v3 inputs=1
2026-09-17T01:22:49.022937Z DEBUG panoptikon::inferio::http: processing local inference predict model=tags/wd-vit-tagger-v3 inputs=1
2026-09-17T01:22:49.023030Z DEBUG panoptikon::inferio::http: processing local inference predict model=tags/wd-vit-tagger-v3 inputs=1
2026-09-17T01:22:49.023057Z DEBUG panoptikon::inferio::http: processing local inference predict model=tags/wd-vit-tagger-v3 inputs=1
2026-09-17T01:22:49.023045Z DEBUG panoptikon::inferio::http: processing local inference predict model=tags/wd-vit-tagger-v3 inputs=1
2026-09-17T01:22:49.023104Z DEBUG panoptikon::inferio::http: processing local inference predict model=tags/wd-vit-tagger-v3 inputs=1
2026-09-17T01:22:49.023162Z DEBUG panoptikon::inferio::http: processing local inference predict model=tags/wd-vit-tagger-v3 inputs=1
2026-09-17T01:22:49.023328Z DEBUG panoptikon::inferio::http: processing local inference predict model=tags/wd-vit-tagger-v3 inputs=1
2026-09-17T01:22:49.023389Z DEBUG panoptikon::inferio::http: processing local inference predict model=tags/wd-vit-tagger-v3 inputs=1
2026-09-17T01:22:49.023430Z DEBUG panoptikon::inferio::http: processing local inference predict model=tags/wd-vit-tagger-v3 inputs=1
2026-09-17T01:22:49.023446Z DEBUG panoptikon::inferio::http: processing local inference predict model=tags/wd-vit-tagger-v3 inputs=1
2026-09-17T01:22:49.023730Z DEBUG panoptikon::inferio::http: processing local inference predict model=tags/wd-vit-tagger-v3 inputs=1
2026-09-17T01:22:49.023801Z DEBUG panoptikon::inferio::http: processing local inference predict model=tags/wd-vit-tagger-v3 inputs=1
2026-09-17T01:23:01.689794Z DEBUG panoptikon::inferio::ledger: declining to read this model's throughput curve: the observations in one batch-size bucket disagree with each other by more than the knee's own decision band, so something outside this ledger was moving throughput while they were taken bucket=3 observations=21 dispersion=0.20858404312827003 threshold=0.2
2026-09-17T01:23:01.690567Z DEBUG panoptikon::inferio::ledger: declining to read this model's throughput curve: the observations in one batch-size bucket disagree with each other by more than the knee's own decision band, so something outside this ledger was moving throughput while they were taken bucket=3 observations=21 dispersion=0.20858404312827003 threshold=0.2
2026-09-17T01:23:01.690597Z DEBUG panoptikon::inferio::ledger: settled a granted window model=tags/wd-vit-tagger-v3 gpu=CPU outcome="clean" fit_samples=3 throughput_samples=3 clamped_samples=0 clamped=none ramp_step=3 deflation=0 clean_windows=24 max_units_measured=16
2026-09-17T01:23:01.690651Z DEBUG panoptikon::inferio::ledger: issued a memory grant model=tags/wd-vit-tagger-v3 gpu=CPU unit_budget=15 mb=550 canvas_pixels=none share_mb=84870 room_mb=84870 headroom_mb=84594 external_mb=42269 reserve_mb=1024 reserve_rule="capped_default" pre_fit=false ramp_step=3 deflation=0 squeezed=false window_requests=45
2026-09-17T01:23:01.690949Z DEBUG panoptikon::inferio::http: processing local inference predict model=tags/wd-vit-tagger-v3 inputs=1
2026-09-17T01:23:01.691550Z DEBUG panoptikon::inferio::http: processing local inference predict model=tags/wd-vit-tagger-v3 inputs=1
2026-09-17T01:23:01.692570Z DEBUG panoptikon::inferio::http: processing local inference predict model=tags/wd-vit-tagger-v3 inputs=1
2026-09-17T01:23:01.692582Z DEBUG panoptikon::inferio::http: processing local inference predict model=tags/wd-vit-tagger-v3 inputs=1
2026-09-17T01:23:01.692585Z DEBUG panoptikon::inferio::http: processing local inference predict model=tags/wd-vit-tagger-v3 inputs=1
2026-09-17T01:23:01.692860Z DEBUG panoptikon::inferio::http: processing local inference predict model=tags/wd-vit-tagger-v3 inputs=1
2026-09-17T01:23:01.693181Z DEBUG panoptikon::inferio::http: processing local inference predict model=tags/wd-vit-tagger-v3 inputs=1
2026-09-17T01:23:01.693306Z DEBUG panoptikon::inferio::http: processing local inference predict model=tags/wd-vit-tagger-v3 inputs=1
2026-09-17T01:23:01.693571Z DEBUG panoptikon::inferio::http: processing local inference predict model=tags/wd-vit-tagger-v3 inputs=1
2026-09-17T01:23:01.693620Z DEBUG panoptikon::inferio::http: processing local inference predict model=tags/wd-vit-tagger-v3 inputs=1
2026-09-17T01:23:01.693660Z DEBUG panoptikon::inferio::http: processing local inference predict model=tags/wd-vit-tagger-v3 inputs=1
2026-09-17T01:23:01.693639Z DEBUG panoptikon::inferio::http: processing local inference predict model=tags/wd-vit-tagger-v3 inputs=1
2026-09-17T01:23:01.693869Z DEBUG panoptikon::inferio::http: processing local inference predict model=tags/wd-vit-tagger-v3 inputs=1
2026-09-17T01:23:01.694122Z DEBUG panoptikon::inferio::http: processing local inference predict model=tags/wd-vit-tagger-v3 inputs=1
2026-09-17T01:23:01.694330Z DEBUG panoptikon::inferio::http: processing local inference predict model=tags/wd-vit-tagger-v3 inputs=1
2026-09-17T01:23:01.694399Z DEBUG panoptikon::inferio::http: processing local inference predict model=tags/wd-vit-tagger-v3 inputs=1
2026-09-17T01:23:01.694418Z DEBUG panoptikon::inferio::http: processing local inference predict model=tags/wd-vit-tagger-v3 inputs=1
2026-09-17T01:23:01.694862Z DEBUG panoptikon::inferio::http: processing local inference predict model=tags/wd-vit-tagger-v3 inputs=1
2026-09-17T01:23:01.694925Z DEBUG panoptikon::inferio::http: processing local inference predict model=tags/wd-vit-tagger-v3 inputs=1
2026-09-17T01:23:01.694973Z DEBUG panoptikon::inferio::http: processing local inference predict model=tags/wd-vit-tagger-v3 inputs=1
2026-09-17T01:23:01.694995Z DEBUG panoptikon::inferio::http: processing local inference predict model=tags/wd-vit-tagger-v3 inputs=1
2026-09-17T01:23:01.695052Z DEBUG panoptikon::inferio::http: processing local inference predict model=tags/wd-vit-tagger-v3 inputs=1
2026-09-17T01:23:01.695107Z DEBUG panoptikon::inferio::http: processing local inference predict model=tags/wd-vit-tagger-v3 inputs=1
2026-09-17T01:23:01.695386Z DEBUG panoptikon::inferio::http: processing local inference predict model=tags/wd-vit-tagger-v3 inputs=1
2026-09-17T01:23:01.695416Z DEBUG panoptikon::inferio::http: processing local inference predict model=tags/wd-vit-tagger-v3 inputs=1
2026-09-17T01:23:01.734062Z DEBUG panoptikon::inferio::http: processing local inference predict model=tags/wd-vit-tagger-v3 inputs=1
2026-09-17T01:23:01.734076Z DEBUG panoptikon::inferio::http: processing local inference predict model=tags/wd-vit-tagger-v3 inputs=1
2026-09-17T01:23:01.734420Z DEBUG panoptikon::inferio::http: processing local inference predict model=tags/wd-vit-tagger-v3 inputs=1
2026-09-17T01:23:01.734473Z DEBUG panoptikon::inferio::http: processing local inference predict model=tags/wd-vit-tagger-v3 inputs=1
2026-09-17T01:23:01.734637Z DEBUG panoptikon::inferio::http: processing local inference predict model=tags/wd-vit-tagger-v3 inputs=1
2026-09-17T01:23:01.734710Z DEBUG panoptikon::inferio::http: processing local inference predict model=tags/wd-vit-tagger-v3 inputs=1
2026-09-17T01:23:01.734856Z DEBUG panoptikon::inferio::http: processing local inference predict model=tags/wd-vit-tagger-v3 inputs=1
2026-09-17T01:23:01.734875Z DEBUG panoptikon::inferio::http: processing local inference predict model=tags/wd-vit-tagger-v3 inputs=1
2026-09-17T01:23:01.734855Z DEBUG panoptikon::inferio::http: processing local inference predict model=tags/wd-vit-tagger-v3 inputs=1
2026-09-17T01:23:01.734951Z DEBUG panoptikon::inferio::http: processing local inference predict model=tags/wd-vit-tagger-v3 inputs=1
2026-09-17T01:23:01.735399Z DEBUG panoptikon::inferio::http: processing local inference predict model=tags/wd-vit-tagger-v3 inputs=1
2026-09-17T01:23:01.735488Z DEBUG panoptikon::inferio::http: processing local inference predict model=tags/wd-vit-tagger-v3 inputs=1
2026-09-17T01:23:01.735769Z DEBUG panoptikon::inferio::http: processing local inference predict model=tags/wd-vit-tagger-v3 inputs=1
2026-09-17T01:23:01.735786Z DEBUG panoptikon::inferio::http: processing local inference predict model=tags/wd-vit-tagger-v3 inputs=1
2026-09-17T01:23:01.736055Z DEBUG panoptikon::inferio::http: processing local inference predict model=tags/wd-vit-tagger-v3 inputs=1
2026-09-17T01:23:01.736088Z DEBUG panoptikon::inferio::http: processing local inference predict model=tags/wd-vit-tagger-v3 inputs=1
2026-09-17T01:23:01.736466Z DEBUG panoptikon::inferio::http: processing local inference predict model=tags/wd-vit-tagger-v3 inputs=1
2026-09-17T01:23:01.736531Z DEBUG panoptikon::inferio::http: processing local inference predict model=tags/wd-vit-tagger-v3 inputs=1
2026-09-17T01:23:01.736518Z DEBUG panoptikon::inferio::http: processing local inference predict model=tags/wd-vit-tagger-v3 inputs=1
2026-09-17T01:23:01.736509Z DEBUG panoptikon::inferio::http: processing local inference predict model=tags/wd-vit-tagger-v3 inputs=1
2026-09-17T01:23:10.520018Z DEBUG panoptikon::inferio::ledger: declining to read this model's throughput curve: the observations in one batch-size bucket disagree with each other by more than the knee's own decision band, so something outside this ledger was moving throughput while they were taken bucket=3 observations=24 dispersion=0.21290177679104846 threshold=0.2
2026-09-17T01:23:10.520136Z DEBUG panoptikon::inferio::ledger: refitted the memory cost model model=tags/wd-vit-tagger-v3 gpu=CPU slope_mb_per_unit=36.42857142857143 intercept_mb=53.14285714285714 residual_mb=2.142857142857139 samples=7 version=10
2026-09-17T01:23:10.520180Z DEBUG panoptikon::inferio::ledger: declining to read this model's throughput curve: the observations in one batch-size bucket disagree with each other by more than the knee's own decision band, so something outside this ledger was moving throughput while they were taken bucket=3 observations=24 dispersion=0.21290177679104846 threshold=0.2
2026-09-17T01:23:10.520210Z DEBUG panoptikon::inferio::ledger: queued a calibration profile update for the store model=tags/wd-vit-tagger-v3 gpu=CPU reason="fit_changed" max_units_measured=16 fit_version=10
2026-09-17T01:23:10.520235Z DEBUG panoptikon::inferio::ledger: settled a granted window model=tags/wd-vit-tagger-v3 gpu=CPU outcome="clean" fit_samples=3 throughput_samples=3 clamped_samples=0 clamped=none ramp_step=3 deflation=0 clean_windows=25 max_units_measured=16
2026-09-17T01:23:10.520283Z DEBUG panoptikon::inferio::ledger: issued a memory grant model=tags/wd-vit-tagger-v3 gpu=CPU unit_budget=15 mb=547 canvas_pixels=none share_mb=84972 room_mb=84972 headroom_mb=84696 external_mb=42167 reserve_mb=1024 reserve_rule="capped_default" pre_fit=false ramp_step=3 deflation=0 squeezed=false window_requests=45
2026-09-17T01:23:10.521631Z DEBUG panoptikon::inferio::http: processing local inference predict model=tags/wd-vit-tagger-v3 inputs=1
2026-09-17T01:23:10.521941Z DEBUG panoptikon::inferio::http: processing local inference predict model=tags/wd-vit-tagger-v3 inputs=1
2026-09-17T01:23:10.522037Z  INFO panoptikon::inferio::calibration: wrote the local calibration store path=data/inferio/calibration.toml profiles=1
2026-09-17T01:23:10.522453Z DEBUG panoptikon::inferio::http: processing local inference predict model=tags/wd-vit-tagger-v3 inputs=1
2026-09-17T01:23:10.522463Z DEBUG panoptikon::inferio::http: processing local inference predict model=tags/wd-vit-tagger-v3 inputs=1
2026-09-17T01:23:10.522537Z DEBUG panoptikon::inferio::http: processing local inference predict model=tags/wd-vit-tagger-v3 inputs=1
2026-09-17T01:23:10.522752Z DEBUG panoptikon::inferio::http: processing local inference predict model=tags/wd-vit-tagger-v3 inputs=1
2026-09-17T01:23:10.522786Z DEBUG panoptikon::inferio::http: processing local inference predict model=tags/wd-vit-tagger-v3 inputs=1
2026-09-17T01:23:10.522784Z DEBUG panoptikon::inferio::http: processing local inference predict model=tags/wd-vit-tagger-v3 inputs=1
2026-09-17T01:23:10.522827Z DEBUG panoptikon::inferio::http: processing local inference predict model=tags/wd-vit-tagger-v3 inputs=1
2026-09-17T01:23:10.522944Z DEBUG panoptikon::inferio::http: processing local inference predict model=tags/wd-vit-tagger-v3 inputs=1
2026-09-17T01:23:10.522991Z DEBUG panoptikon::inferio::http: processing local inference predict model=tags/wd-vit-tagger-v3 inputs=1
2026-09-17T01:23:10.523068Z DEBUG panoptikon::inferio::http: processing local inference predict model=tags/wd-vit-tagger-v3 inputs=1
2026-09-17T01:23:10.523177Z DEBUG panoptikon::inferio::http: processing local inference predict model=tags/wd-vit-tagger-v3 inputs=1
2026-09-17T01:23:10.523212Z DEBUG panoptikon::inferio::http: processing local inference predict model=tags/wd-vit-tagger-v3 inputs=1
2026-09-17T01:23:10.523283Z DEBUG panoptikon::inferio::http: processing local inference predict model=tags/wd-vit-tagger-v3 inputs=1
2026-09-17T01:23:10.523295Z DEBUG panoptikon::inferio::http: processing local inference predict model=tags/wd-vit-tagger-v3 inputs=1
2026-09-17T01:23:10.523398Z DEBUG panoptikon::inferio::http: processing local inference predict model=tags/wd-vit-tagger-v3 inputs=1
2026-09-17T01:23:10.523396Z DEBUG panoptikon::inferio::http: processing local inference predict model=tags/wd-vit-tagger-v3 inputs=1
2026-09-17T01:23:10.523481Z DEBUG panoptikon::inferio::http: processing local inference predict model=tags/wd-vit-tagger-v3 inputs=1
2026-09-17T01:23:10.523564Z DEBUG panoptikon::inferio::http: processing local inference predict model=tags/wd-vit-tagger-v3 inputs=1
2026-09-17T01:23:10.523603Z DEBUG panoptikon::inferio::http: processing local inference predict model=tags/wd-vit-tagger-v3 inputs=1
2026-09-17T01:23:10.523641Z DEBUG panoptikon::inferio::http: processing local inference predict model=tags/wd-vit-tagger-v3 inputs=1
2026-09-17T01:23:10.523718Z DEBUG panoptikon::inferio::http: processing local inference predict model=tags/wd-vit-tagger-v3 inputs=1
2026-09-17T01:23:10.523724Z DEBUG panoptikon::inferio::http: processing local inference predict model=tags/wd-vit-tagger-v3 inputs=1
2026-09-17T01:23:10.523985Z DEBUG panoptikon::inferio::http: processing local inference predict model=tags/wd-vit-tagger-v3 inputs=1
2026-09-17T01:23:10.524031Z DEBUG panoptikon::inferio::http: processing local inference predict model=tags/wd-vit-tagger-v3 inputs=1
2026-09-17T01:23:10.524145Z DEBUG panoptikon::inferio::http: processing local inference predict model=tags/wd-vit-tagger-v3 inputs=1
2026-09-17T01:23:10.524212Z DEBUG panoptikon::inferio::http: processing local inference predict model=tags/wd-vit-tagger-v3 inputs=1
2026-09-17T01:23:10.524247Z DEBUG panoptikon::inferio::http: processing local inference predict model=tags/wd-vit-tagger-v3 inputs=1
2026-09-17T01:23:10.524254Z DEBUG panoptikon::inferio::http: processing local inference predict model=tags/wd-vit-tagger-v3 inputs=1
2026-09-17T01:23:10.524349Z DEBUG panoptikon::inferio::http: processing local inference predict model=tags/wd-vit-tagger-v3 inputs=1
2026-09-17T01:23:10.524363Z DEBUG panoptikon::inferio::http: processing local inference predict model=tags/wd-vit-tagger-v3 inputs=1
2026-09-17T01:23:10.524414Z DEBUG panoptikon::inferio::http: processing local inference predict model=tags/wd-vit-tagger-v3 inputs=1
2026-09-17T01:23:10.524470Z DEBUG panoptikon::inferio::http: processing local inference predict model=tags/wd-vit-tagger-v3 inputs=1
2026-09-17T01:23:10.524477Z DEBUG panoptikon::inferio::http: processing local inference predict model=tags/wd-vit-tagger-v3 inputs=1
2026-09-17T01:23:10.524507Z DEBUG panoptikon::inferio::http: processing local inference predict model=tags/wd-vit-tagger-v3 inputs=1
2026-09-17T01:23:10.524544Z DEBUG panoptikon::inferio::http: processing local inference predict model=tags/wd-vit-tagger-v3 inputs=1
2026-09-17T01:23:10.524641Z DEBUG panoptikon::inferio::http: processing local inference predict model=tags/wd-vit-tagger-v3 inputs=1
2026-09-17T01:23:10.524668Z DEBUG panoptikon::inferio::http: processing local inference predict model=tags/wd-vit-tagger-v3 inputs=1
2026-09-17T01:23:10.524731Z DEBUG panoptikon::inferio::http: processing local inference predict model=tags/wd-vit-tagger-v3 inputs=1
2026-09-17T01:23:10.525076Z DEBUG panoptikon::inferio::http: processing local inference predict model=tags/wd-vit-tagger-v3 inputs=1
2026-09-17T01:23:10.525095Z DEBUG panoptikon::inferio::http: processing local inference predict model=tags/wd-vit-tagger-v3 inputs=1
2026-09-17T01:23:10.525106Z DEBUG panoptikon::inferio::http: processing local inference predict model=tags/wd-vit-tagger-v3 inputs=1
2026-09-17T01:23:10.525113Z DEBUG panoptikon::inferio::http: processing local inference predict model=tags/wd-vit-tagger-v3 inputs=1
2026-09-17T01:23:10.525268Z DEBUG panoptikon::inferio::http: processing local inference predict model=tags/wd-vit-tagger-v3 inputs=1
2026-09-17T01:23:22.381601Z DEBUG panoptikon::inferio::ledger: declining to read this model's throughput curve: the observations in one batch-size bucket disagree with each other by more than the knee's own decision band, so something outside this ledger was moving throughput while they were taken bucket=3 observations=27 dispersion=0.20073856505670004 threshold=0.2
2026-09-17T01:23:22.381804Z DEBUG panoptikon::inferio::ledger: refitted the memory cost model model=tags/wd-vit-tagger-v3 gpu=CPU slope_mb_per_unit=36.61538461538461 intercept_mb=52.76923076923083 residual_mb=1.7692307692307168 samples=7 version=11
2026-09-17T01:23:22.381853Z DEBUG panoptikon::inferio::ledger: declining to read this model's throughput curve: the observations in one batch-size bucket disagree with each other by more than the knee's own decision band, so something outside this ledger was moving throughput while they were taken bucket=3 observations=27 dispersion=0.20073856505670004 threshold=0.2
2026-09-17T01:23:22.381911Z DEBUG panoptikon::inferio::ledger: queued a calibration profile update for the store model=tags/wd-vit-tagger-v3 gpu=CPU reason="fit_changed" max_units_measured=16 fit_version=11
2026-09-17T01:23:22.381945Z DEBUG panoptikon::inferio::ledger: settled a granted window model=tags/wd-vit-tagger-v3 gpu=CPU outcome="clean" fit_samples=3 throughput_samples=3 clamped_samples=0 clamped=none ramp_step=3 deflation=0 clean_windows=26 max_units_measured=16
2026-09-17T01:23:22.382076Z DEBUG panoptikon::inferio::ledger: issued a memory grant model=tags/wd-vit-tagger-v3 gpu=CPU unit_budget=15 mb=550 canvas_pixels=none share_mb=87035 room_mb=87035 headroom_mb=86759 external_mb=40104 reserve_mb=1024 reserve_rule="capped_default" pre_fit=false ramp_step=3 deflation=0 squeezed=false window_requests=45
2026-09-17T01:23:22.384398Z DEBUG panoptikon::inferio::http: processing local inference predict model=tags/wd-vit-tagger-v3 inputs=1
2026-09-17T01:23:22.384529Z DEBUG panoptikon::inferio::http: processing local inference predict model=tags/wd-vit-tagger-v3 inputs=1
2026-09-17T01:23:22.384957Z DEBUG panoptikon::inferio::http: processing local inference predict model=tags/wd-vit-tagger-v3 inputs=1
2026-09-17T01:23:22.385270Z DEBUG panoptikon::inferio::http: processing local inference predict model=tags/wd-vit-tagger-v3 inputs=1
2026-09-17T01:23:22.385396Z DEBUG panoptikon::inferio::http: processing local inference predict model=tags/wd-vit-tagger-v3 inputs=1
2026-09-17T01:23:22.385554Z DEBUG panoptikon::inferio::http: processing local inference predict model=tags/wd-vit-tagger-v3 inputs=1
2026-09-17T01:23:22.385561Z DEBUG panoptikon::inferio::http: processing local inference predict model=tags/wd-vit-tagger-v3 inputs=1
2026-09-17T01:23:22.385587Z DEBUG panoptikon::inferio::http: processing local inference predict model=tags/wd-vit-tagger-v3 inputs=1
2026-09-17T01:23:22.385587Z DEBUG panoptikon::inferio::http: processing local inference predict model=tags/wd-vit-tagger-v3 inputs=1
2026-09-17T01:23:22.385909Z DEBUG panoptikon::inferio::http: processing local inference predict model=tags/wd-vit-tagger-v3 inputs=1
2026-09-17T01:23:22.385915Z DEBUG panoptikon::inferio::http: processing local inference predict model=tags/wd-vit-tagger-v3 inputs=1
2026-09-17T01:23:22.385963Z DEBUG panoptikon::inferio::http: processing local inference predict model=tags/wd-vit-tagger-v3 inputs=1
2026-09-17T01:23:22.385966Z DEBUG panoptikon::inferio::http: processing local inference predict model=tags/wd-vit-tagger-v3 inputs=1
2026-09-17T01:23:22.385994Z DEBUG panoptikon::inferio::http: processing local inference predict model=tags/wd-vit-tagger-v3 inputs=1
2026-09-17T01:23:22.386413Z DEBUG panoptikon::inferio::http: processing local inference predict model=tags/wd-vit-tagger-v3 inputs=1
2026-09-17T01:23:22.386524Z DEBUG panoptikon::inferio::http: processing local inference predict model=tags/wd-vit-tagger-v3 inputs=1
2026-09-17T01:23:22.386574Z DEBUG panoptikon::inferio::http: processing local inference predict model=tags/wd-vit-tagger-v3 inputs=1
2026-09-17T01:23:22.386585Z DEBUG panoptikon::inferio::http: processing local inference predict model=tags/wd-vit-tagger-v3 inputs=1
2026-09-17T01:23:22.386610Z DEBUG panoptikon::inferio::http: processing local inference predict model=tags/wd-vit-tagger-v3 inputs=1
2026-09-17T01:23:22.386626Z DEBUG panoptikon::inferio::http: processing local inference predict model=tags/wd-vit-tagger-v3 inputs=1
2026-09-17T01:23:22.386626Z DEBUG panoptikon::inferio::http: processing local inference predict model=tags/wd-vit-tagger-v3 inputs=1
2026-09-17T01:23:22.386794Z DEBUG panoptikon::inferio::http: processing local inference predict model=tags/wd-vit-tagger-v3 inputs=1
2026-09-17T01:23:22.386650Z DEBUG panoptikon::inferio::http: processing local inference predict model=tags/wd-vit-tagger-v3 inputs=1
2026-09-17T01:23:22.386949Z DEBUG panoptikon::inferio::http: processing local inference predict model=tags/wd-vit-tagger-v3 inputs=1
2026-09-17T01:23:22.386990Z DEBUG panoptikon::inferio::http: processing local inference predict model=tags/wd-vit-tagger-v3 inputs=1
2026-09-17T01:23:22.386969Z DEBUG panoptikon::inferio::http: processing local inference predict model=tags/wd-vit-tagger-v3 inputs=1
2026-09-17T01:23:22.387167Z DEBUG panoptikon::inferio::http: processing local inference predict model=tags/wd-vit-tagger-v3 inputs=1
2026-09-17T01:23:22.387223Z DEBUG panoptikon::inferio::http: processing local inference predict model=tags/wd-vit-tagger-v3 inputs=1
2026-09-17T01:23:22.387273Z DEBUG panoptikon::inferio::http: processing local inference predict model=tags/wd-vit-tagger-v3 inputs=1
2026-09-17T01:23:22.387402Z DEBUG panoptikon::inferio::http: processing local inference predict model=tags/wd-vit-tagger-v3 inputs=1
2026-09-17T01:23:22.387415Z DEBUG panoptikon::inferio::http: processing local inference predict model=tags/wd-vit-tagger-v3 inputs=1
2026-09-17T01:23:22.387610Z DEBUG panoptikon::inferio::http: processing local inference predict model=tags/wd-vit-tagger-v3 inputs=1
2026-09-17T01:23:22.387625Z DEBUG panoptikon::inferio::http: processing local inference predict model=tags/wd-vit-tagger-v3 inputs=1
2026-09-17T01:23:22.387684Z DEBUG panoptikon::inferio::http: processing local inference predict model=tags/wd-vit-tagger-v3 inputs=1
2026-09-17T01:23:22.387730Z DEBUG panoptikon::inferio::http: processing local inference predict model=tags/wd-vit-tagger-v3 inputs=1
2026-09-17T01:23:22.387948Z DEBUG panoptikon::inferio::http: processing local inference predict model=tags/wd-vit-tagger-v3 inputs=1
2026-09-17T01:23:22.388027Z DEBUG panoptikon::inferio::http: processing local inference predict model=tags/wd-vit-tagger-v3 inputs=1
2026-09-17T01:23:22.388204Z DEBUG panoptikon::inferio::http: processing local inference predict model=tags/wd-vit-tagger-v3 inputs=1
2026-09-17T01:23:22.388245Z DEBUG panoptikon::inferio::http: processing local inference predict model=tags/wd-vit-tagger-v3 inputs=1
2026-09-17T01:23:22.388289Z DEBUG panoptikon::inferio::http: processing local inference predict model=tags/wd-vit-tagger-v3 inputs=1
2026-09-17T01:23:22.388362Z DEBUG panoptikon::inferio::http: processing local inference predict model=tags/wd-vit-tagger-v3 inputs=1
2026-09-17T01:23:22.388453Z DEBUG panoptikon::inferio::http: processing local inference predict model=tags/wd-vit-tagger-v3 inputs=1
2026-09-17T01:23:22.388514Z DEBUG panoptikon::inferio::http: processing local inference predict model=tags/wd-vit-tagger-v3 inputs=1
2026-09-17T01:23:22.388548Z DEBUG panoptikon::inferio::http: processing local inference predict model=tags/wd-vit-tagger-v3 inputs=1
2026-09-17T01:23:22.388522Z DEBUG panoptikon::inferio::http: processing local inference predict model=tags/wd-vit-tagger-v3 inputs=1
2026-09-17T01:23:30.943095Z DEBUG panoptikon::inferio::ledger: declining to read this model's throughput curve: the observations in one batch-size bucket disagree with each other by more than the knee's own decision band, so something outside this ledger was moving throughput while they were taken bucket=3 observations=30 dispersion=0.20507142078358068 threshold=0.2
2026-09-17T01:23:30.943290Z DEBUG panoptikon::inferio::ledger: declining to read this model's throughput curve: the observations in one batch-size bucket disagree with each other by more than the knee's own decision band, so something outside this ledger was moving throughput while they were taken bucket=3 observations=30 dispersion=0.20507142078358068 threshold=0.2
2026-09-17T01:23:30.943322Z DEBUG panoptikon::inferio::ledger: settled a granted window model=tags/wd-vit-tagger-v3 gpu=CPU outcome="clean" fit_samples=3 throughput_samples=3 clamped_samples=0 clamped=none ramp_step=3 deflation=0 clean_windows=27 max_units_measured=16
2026-09-17T01:23:30.943392Z DEBUG panoptikon::inferio::ledger: issued a memory grant model=tags/wd-vit-tagger-v3 gpu=CPU unit_budget=15 mb=550 canvas_pixels=none share_mb=88831 room_mb=88831 headroom_mb=88555 external_mb=38308 reserve_mb=1024 reserve_rule="capped_default" pre_fit=false ramp_step=3 deflation=0 squeezed=false window_requests=45
2026-09-17T01:23:30.945077Z DEBUG panoptikon::inferio::http: processing local inference predict model=tags/wd-vit-tagger-v3 inputs=1
2026-09-17T01:23:30.945116Z DEBUG panoptikon::inferio::http: processing local inference predict model=tags/wd-vit-tagger-v3 inputs=1
2026-09-17T01:23:30.945355Z DEBUG panoptikon::inferio::http: processing local inference predict model=tags/wd-vit-tagger-v3 inputs=1
2026-09-17T01:23:30.945445Z DEBUG panoptikon::inferio::http: processing local inference predict model=tags/wd-vit-tagger-v3 inputs=1
2026-09-17T01:23:30.945542Z DEBUG panoptikon::inferio::http: processing local inference predict model=tags/wd-vit-tagger-v3 inputs=1
2026-09-17T01:23:30.945728Z DEBUG panoptikon::inferio::http: processing local inference predict model=tags/wd-vit-tagger-v3 inputs=1
2026-09-17T01:23:30.945782Z DEBUG panoptikon::inferio::http: processing local inference predict model=tags/wd-vit-tagger-v3 inputs=1
2026-09-17T01:23:30.945958Z DEBUG panoptikon::inferio::http: processing local inference predict model=tags/wd-vit-tagger-v3 inputs=1
2026-09-17T01:23:30.946103Z DEBUG panoptikon::inferio::http: processing local inference predict model=tags/wd-vit-tagger-v3 inputs=1
2026-09-17T01:23:30.946158Z DEBUG panoptikon::inferio::http: processing local inference predict model=tags/wd-vit-tagger-v3 inputs=1
2026-09-17T01:23:30.946182Z DEBUG panoptikon::inferio::http: processing local inference predict model=tags/wd-vit-tagger-v3 inputs=1
2026-09-17T01:23:30.946165Z DEBUG panoptikon::inferio::http: processing local inference predict model=tags/wd-vit-tagger-v3 inputs=1
2026-09-17T01:23:30.946279Z DEBUG panoptikon::inferio::http: processing local inference predict model=tags/wd-vit-tagger-v3 inputs=1
2026-09-17T01:23:30.946335Z DEBUG panoptikon::inferio::http: processing local inference predict model=tags/wd-vit-tagger-v3 inputs=1
2026-09-17T01:23:30.946340Z DEBUG panoptikon::inferio::http: processing local inference predict model=tags/wd-vit-tagger-v3 inputs=1
2026-09-17T01:23:30.946360Z DEBUG panoptikon::inferio::http: processing local inference predict model=tags/wd-vit-tagger-v3 inputs=1
2026-09-17T01:23:30.946543Z DEBUG panoptikon::inferio::http: processing local inference predict model=tags/wd-vit-tagger-v3 inputs=1
2026-09-17T01:23:30.946630Z DEBUG panoptikon::inferio::http: processing local inference predict model=tags/wd-vit-tagger-v3 inputs=1
2026-09-17T01:23:30.946695Z DEBUG panoptikon::inferio::http: processing local inference predict model=tags/wd-vit-tagger-v3 inputs=1
2026-09-17T01:23:30.946759Z DEBUG panoptikon::inferio::http: processing local inference predict model=tags/wd-vit-tagger-v3 inputs=1
2026-09-17T01:23:30.946845Z DEBUG panoptikon::inferio::http: processing local inference predict model=tags/wd-vit-tagger-v3 inputs=1
2026-09-17T01:23:30.946862Z DEBUG panoptikon::inferio::http: processing local inference predict model=tags/wd-vit-tagger-v3 inputs=1
2026-09-17T01:23:30.946865Z DEBUG panoptikon::inferio::http: processing local inference predict model=tags/wd-vit-tagger-v3 inputs=1
2026-09-17T01:23:30.946955Z DEBUG panoptikon::inferio::http: processing local inference predict model=tags/wd-vit-tagger-v3 inputs=1
2026-09-17T01:23:30.947056Z DEBUG panoptikon::inferio::http: processing local inference predict model=tags/wd-vit-tagger-v3 inputs=1
2026-09-17T01:23:30.947095Z DEBUG panoptikon::inferio::http: processing local inference predict model=tags/wd-vit-tagger-v3 inputs=1
2026-09-17T01:23:30.947115Z DEBUG panoptikon::inferio::http: processing local inference predict model=tags/wd-vit-tagger-v3 inputs=1
2026-09-17T01:23:30.947056Z DEBUG panoptikon::inferio::http: processing local inference predict model=tags/wd-vit-tagger-v3 inputs=1
2026-09-17T01:23:30.947168Z DEBUG panoptikon::inferio::http: processing local inference predict model=tags/wd-vit-tagger-v3 inputs=1
2026-09-17T01:23:30.947256Z DEBUG panoptikon::inferio::http: processing local inference predict model=tags/wd-vit-tagger-v3 inputs=1
2026-09-17T01:23:30.947348Z DEBUG panoptikon::inferio::http: processing local inference predict model=tags/wd-vit-tagger-v3 inputs=1
2026-09-17T01:23:30.947370Z DEBUG panoptikon::inferio::http: processing local inference predict model=tags/wd-vit-tagger-v3 inputs=1
2026-09-17T01:23:30.947421Z DEBUG panoptikon::inferio::http: processing local inference predict model=tags/wd-vit-tagger-v3 inputs=1
2026-09-17T01:23:30.947548Z DEBUG panoptikon::inferio::http: processing local inference predict model=tags/wd-vit-tagger-v3 inputs=1
2026-09-17T01:23:30.947563Z DEBUG panoptikon::inferio::http: processing local inference predict model=tags/wd-vit-tagger-v3 inputs=1
2026-09-17T01:23:30.947672Z DEBUG panoptikon::inferio::http: processing local inference predict model=tags/wd-vit-tagger-v3 inputs=1
2026-09-17T01:23:30.947687Z DEBUG panoptikon::inferio::http: processing local inference predict model=tags/wd-vit-tagger-v3 inputs=1
2026-09-17T01:23:30.947691Z DEBUG panoptikon::inferio::http: processing local inference predict model=tags/wd-vit-tagger-v3 inputs=1
2026-09-17T01:23:30.947679Z DEBUG panoptikon::inferio::http: processing local inference predict model=tags/wd-vit-tagger-v3 inputs=1
2026-09-17T01:23:30.947782Z DEBUG panoptikon::inferio::http: processing local inference predict model=tags/wd-vit-tagger-v3 inputs=1
2026-09-17T01:23:30.947888Z DEBUG panoptikon::inferio::http: processing local inference predict model=tags/wd-vit-tagger-v3 inputs=1
2026-09-17T01:23:30.947918Z DEBUG panoptikon::inferio::http: processing local inference predict model=tags/wd-vit-tagger-v3 inputs=1
2026-09-17T01:23:30.947919Z DEBUG panoptikon::inferio::http: processing local inference predict model=tags/wd-vit-tagger-v3 inputs=1
2026-09-17T01:23:30.947911Z DEBUG panoptikon::inferio::http: processing local inference predict model=tags/wd-vit-tagger-v3 inputs=1
2026-09-17T01:23:30.947944Z DEBUG panoptikon::inferio::http: processing local inference predict model=tags/wd-vit-tagger-v3 inputs=1
2026-09-17T01:23:39.292533Z DEBUG panoptikon::inferio::ledger: declining to read this model's throughput curve: the observations in one batch-size bucket disagree with each other by more than the knee's own decision band, so something outside this ledger was moving throughput while they were taken bucket=3 observations=33 dispersion=0.21406743027023364 threshold=0.2
2026-09-17T01:23:39.292658Z DEBUG panoptikon::inferio::ledger: declining to read this model's throughput curve: the observations in one batch-size bucket disagree with each other by more than the knee's own decision band, so something outside this ledger was moving throughput while they were taken bucket=3 observations=33 dispersion=0.21406743027023364 threshold=0.2
2026-09-17T01:23:39.292683Z DEBUG panoptikon::inferio::ledger: settled a granted window model=tags/wd-vit-tagger-v3 gpu=CPU outcome="clean" fit_samples=3 throughput_samples=3 clamped_samples=0 clamped=none ramp_step=3 deflation=0 clean_windows=28 max_units_measured=16
2026-09-17T01:23:39.292755Z DEBUG panoptikon::inferio::ledger: issued a memory grant model=tags/wd-vit-tagger-v3 gpu=CPU unit_budget=15 mb=550 canvas_pixels=none share_mb=88856 room_mb=88856 headroom_mb=88580 external_mb=38283 reserve_mb=1024 reserve_rule="capped_default" pre_fit=false ramp_step=3 deflation=0 squeezed=false window_requests=45
2026-09-17T01:23:39.294075Z DEBUG panoptikon::inferio::http: processing local inference predict model=tags/wd-vit-tagger-v3 inputs=1
2026-09-17T01:23:39.294508Z DEBUG panoptikon::inferio::http: processing local inference predict model=tags/wd-vit-tagger-v3 inputs=1
2026-09-17T01:23:39.294593Z DEBUG panoptikon::inferio::http: processing local inference predict model=tags/wd-vit-tagger-v3 inputs=1
2026-09-17T01:23:39.294784Z DEBUG panoptikon::inferio::http: processing local inference predict model=tags/wd-vit-tagger-v3 inputs=1
2026-09-17T01:23:39.294812Z DEBUG panoptikon::inferio::http: processing local inference predict model=tags/wd-vit-tagger-v3 inputs=1
2026-09-17T01:23:39.295063Z DEBUG panoptikon::inferio::http: processing local inference predict model=tags/wd-vit-tagger-v3 inputs=1
2026-09-17T01:23:39.295093Z DEBUG panoptikon::inferio::http: processing local inference predict model=tags/wd-vit-tagger-v3 inputs=1
2026-09-17T01:23:39.295073Z DEBUG panoptikon::inferio::http: processing local inference predict model=tags/wd-vit-tagger-v3 inputs=1
2026-09-17T01:23:39.295112Z DEBUG panoptikon::inferio::http: processing local inference predict model=tags/wd-vit-tagger-v3 inputs=1
2026-09-17T01:23:39.295162Z DEBUG panoptikon::inferio::http: processing local inference predict model=tags/wd-vit-tagger-v3 inputs=1
2026-09-17T01:23:39.295314Z DEBUG panoptikon::inferio::http: processing local inference predict model=tags/wd-vit-tagger-v3 inputs=1
2026-09-17T01:23:39.295343Z DEBUG panoptikon::inferio::http: processing local inference predict model=tags/wd-vit-tagger-v3 inputs=1
2026-09-17T01:23:39.295418Z DEBUG panoptikon::inferio::http: processing local inference predict model=tags/wd-vit-tagger-v3 inputs=1
2026-09-17T01:23:39.295425Z DEBUG panoptikon::inferio::http: processing local inference predict model=tags/wd-vit-tagger-v3 inputs=1
2026-09-17T01:23:39.295462Z DEBUG panoptikon::inferio::http: processing local inference predict model=tags/wd-vit-tagger-v3 inputs=1
2026-09-17T01:23:39.295573Z DEBUG panoptikon::inferio::http: processing local inference predict model=tags/wd-vit-tagger-v3 inputs=1
2026-09-17T01:23:39.295632Z DEBUG panoptikon::inferio::http: processing local inference predict model=tags/wd-vit-tagger-v3 inputs=1
2026-09-17T01:23:39.295636Z DEBUG panoptikon::inferio::http: processing local inference predict model=tags/wd-vit-tagger-v3 inputs=1
2026-09-17T01:23:39.295643Z DEBUG panoptikon::inferio::http: processing local inference predict model=tags/wd-vit-tagger-v3 inputs=1
2026-09-17T01:23:39.295660Z DEBUG panoptikon::inferio::http: processing local inference predict model=tags/wd-vit-tagger-v3 inputs=1
2026-09-17T01:23:39.295715Z DEBUG panoptikon::inferio::http: processing local inference predict model=tags/wd-vit-tagger-v3 inputs=1
2026-09-17T01:23:39.295879Z DEBUG panoptikon::inferio::http: processing local inference predict model=tags/wd-vit-tagger-v3 inputs=1
2026-09-17T01:23:39.295914Z DEBUG panoptikon::inferio::http: processing local inference predict model=tags/wd-vit-tagger-v3 inputs=1
2026-09-17T01:23:39.296004Z DEBUG panoptikon::inferio::http: processing local inference predict model=tags/wd-vit-tagger-v3 inputs=1
2026-09-17T01:23:39.296114Z DEBUG panoptikon::inferio::http: processing local inference predict model=tags/wd-vit-tagger-v3 inputs=1
2026-09-17T01:23:39.296134Z DEBUG panoptikon::inferio::http: processing local inference predict model=tags/wd-vit-tagger-v3 inputs=1
2026-09-17T01:23:39.296122Z DEBUG panoptikon::inferio::http: processing local inference predict model=tags/wd-vit-tagger-v3 inputs=1
2026-09-17T01:23:39.296126Z DEBUG panoptikon::inferio::http: processing local inference predict model=tags/wd-vit-tagger-v3 inputs=1
2026-09-17T01:23:39.296120Z DEBUG panoptikon::inferio::http: processing local inference predict model=tags/wd-vit-tagger-v3 inputs=1
2026-09-17T01:23:39.296206Z DEBUG panoptikon::inferio::http: processing local inference predict model=tags/wd-vit-tagger-v3 inputs=1
2026-09-17T01:23:39.296223Z DEBUG panoptikon::inferio::http: processing local inference predict model=tags/wd-vit-tagger-v3 inputs=1
2026-09-17T01:23:39.296269Z DEBUG panoptikon::inferio::http: processing local inference predict model=tags/wd-vit-tagger-v3 inputs=1
2026-09-17T01:23:39.296306Z DEBUG panoptikon::inferio::http: processing local inference predict model=tags/wd-vit-tagger-v3 inputs=1
2026-09-17T01:23:39.296481Z DEBUG panoptikon::inferio::http: processing local inference predict model=tags/wd-vit-tagger-v3 inputs=1
2026-09-17T01:23:39.296517Z DEBUG panoptikon::inferio::http: processing local inference predict model=tags/wd-vit-tagger-v3 inputs=1
2026-09-17T01:23:39.296551Z DEBUG panoptikon::inferio::http: processing local inference predict model=tags/wd-vit-tagger-v3 inputs=1
2026-09-17T01:23:39.296609Z DEBUG panoptikon::inferio::http: processing local inference predict model=tags/wd-vit-tagger-v3 inputs=1
2026-09-17T01:23:39.296664Z DEBUG panoptikon::inferio::http: processing local inference predict model=tags/wd-vit-tagger-v3 inputs=1
2026-09-17T01:23:39.296675Z DEBUG panoptikon::inferio::http: processing local inference predict model=tags/wd-vit-tagger-v3 inputs=1
2026-09-17T01:23:39.296721Z DEBUG panoptikon::inferio::http: processing local inference predict model=tags/wd-vit-tagger-v3 inputs=1
2026-09-17T01:23:39.296674Z DEBUG panoptikon::inferio::http: processing local inference predict model=tags/wd-vit-tagger-v3 inputs=1
2026-09-17T01:23:39.296844Z DEBUG panoptikon::inferio::http: processing local inference predict model=tags/wd-vit-tagger-v3 inputs=1
2026-09-17T01:23:39.296847Z DEBUG panoptikon::inferio::http: processing local inference predict model=tags/wd-vit-tagger-v3 inputs=1
2026-09-17T01:23:39.296915Z DEBUG panoptikon::inferio::http: processing local inference predict model=tags/wd-vit-tagger-v3 inputs=1
2026-09-17T01:23:39.296988Z DEBUG panoptikon::inferio::http: processing local inference predict model=tags/wd-vit-tagger-v3 inputs=1
2026-09-17T01:23:40.524334Z  INFO panoptikon::inferio::calibration: wrote the local calibration store path=data/inferio/calibration.toml profiles=1
2026-09-17T01:23:45.939047Z DEBUG panoptikon::inferio::ledger: declining to read this model's throughput curve: the observations in one batch-size bucket disagree with each other by more than the knee's own decision band, so something outside this ledger was moving throughput while they were taken bucket=3 observations=36 dispersion=0.24029242859301606 threshold=0.2
2026-09-17T01:23:45.939214Z DEBUG panoptikon::inferio::ledger: refitted the memory cost model model=tags/wd-vit-tagger-v3 gpu=CPU slope_mb_per_unit=36.53846153846154 intercept_mb=52.92307692307692 residual_mb=1.5384615384615472 samples=7 version=12
2026-09-17T01:23:45.939245Z DEBUG panoptikon::inferio::ledger: declining to read this model's throughput curve: the observations in one batch-size bucket disagree with each other by more than the knee's own decision band, so something outside this ledger was moving throughput while they were taken bucket=3 observations=36 dispersion=0.24029242859301606 threshold=0.2
2026-09-17T01:23:45.939261Z DEBUG panoptikon::inferio::ledger: queued a calibration profile update for the store model=tags/wd-vit-tagger-v3 gpu=CPU reason="fit_changed" max_units_measured=16 fit_version=12
2026-09-17T01:23:45.939279Z DEBUG panoptikon::inferio::ledger: settled a granted window model=tags/wd-vit-tagger-v3 gpu=CPU outcome="clean" fit_samples=3 throughput_samples=3 clamped_samples=0 clamped=none ramp_step=3 deflation=0 clean_windows=29 max_units_measured=16
2026-09-17T01:23:45.939337Z DEBUG panoptikon::inferio::ledger: issued a memory grant model=tags/wd-vit-tagger-v3 gpu=CPU unit_budget=15 mb=549 canvas_pixels=none share_mb=88814 room_mb=88814 headroom_mb=88538 external_mb=38325 reserve_mb=1024 reserve_rule="capped_default" pre_fit=false ramp_step=3 deflation=0 squeezed=false window_requests=45
2026-09-17T01:23:45.940442Z DEBUG panoptikon::inferio::http: processing local inference predict model=tags/wd-vit-tagger-v3 inputs=1
2026-09-17T01:23:45.940822Z DEBUG panoptikon::inferio::http: processing local inference predict model=tags/wd-vit-tagger-v3 inputs=1
2026-09-17T01:23:45.940909Z DEBUG panoptikon::inferio::http: processing local inference predict model=tags/wd-vit-tagger-v3 inputs=1
2026-09-17T01:23:45.941173Z DEBUG panoptikon::inferio::http: processing local inference predict model=tags/wd-vit-tagger-v3 inputs=1
2026-09-17T01:23:45.941286Z DEBUG panoptikon::inferio::http: processing local inference predict model=tags/wd-vit-tagger-v3 inputs=1
2026-09-17T01:23:45.941309Z DEBUG panoptikon::inferio::http: processing local inference predict model=tags/wd-vit-tagger-v3 inputs=1
2026-09-17T01:23:45.941474Z DEBUG panoptikon::inferio::http: processing local inference predict model=tags/wd-vit-tagger-v3 inputs=1
2026-09-17T01:23:45.941491Z DEBUG panoptikon::inferio::http: processing local inference predict model=tags/wd-vit-tagger-v3 inputs=1
2026-09-17T01:23:45.941535Z DEBUG panoptikon::inferio::http: processing local inference predict model=tags/wd-vit-tagger-v3 inputs=1
2026-09-17T01:23:45.941545Z DEBUG panoptikon::inferio::http: processing local inference predict model=tags/wd-vit-tagger-v3 inputs=1
2026-09-17T01:23:45.941552Z DEBUG panoptikon::inferio::http: processing local inference predict model=tags/wd-vit-tagger-v3 inputs=1
2026-09-17T01:23:45.941617Z DEBUG panoptikon::inferio::http: processing local inference predict model=tags/wd-vit-tagger-v3 inputs=1
2026-09-17T01:23:45.941832Z DEBUG panoptikon::inferio::http: processing local inference predict model=tags/wd-vit-tagger-v3 inputs=1
2026-09-17T01:23:45.942055Z DEBUG panoptikon::inferio::http: processing local inference predict model=tags/wd-vit-tagger-v3 inputs=1
2026-09-17T01:23:45.942075Z DEBUG panoptikon::inferio::http: processing local inference predict model=tags/wd-vit-tagger-v3 inputs=1
2026-09-17T01:23:45.942108Z DEBUG panoptikon::inferio::http: processing local inference predict model=tags/wd-vit-tagger-v3 inputs=1
2026-09-17T01:23:45.942091Z DEBUG panoptikon::inferio::http: processing local inference predict model=tags/wd-vit-tagger-v3 inputs=1
2026-09-17T01:23:45.942054Z DEBUG panoptikon::inferio::http: processing local inference predict model=tags/wd-vit-tagger-v3 inputs=1
2026-09-17T01:23:45.942204Z DEBUG panoptikon::inferio::http: processing local inference predict model=tags/wd-vit-tagger-v3 inputs=1
2026-09-17T01:23:45.942212Z DEBUG panoptikon::inferio::http: processing local inference predict model=tags/wd-vit-tagger-v3 inputs=1
2026-09-17T01:23:45.942584Z DEBUG panoptikon::inferio::http: processing local inference predict model=tags/wd-vit-tagger-v3 inputs=1
2026-09-17T01:23:45.942660Z DEBUG panoptikon::inferio::http: processing local inference predict model=tags/wd-vit-tagger-v3 inputs=1
2026-09-17T01:23:45.942687Z DEBUG panoptikon::inferio::http: processing local inference predict model=tags/wd-vit-tagger-v3 inputs=1
2026-09-17T01:23:45.942898Z DEBUG panoptikon::inferio::http: processing local inference predict model=tags/wd-vit-tagger-v3 inputs=1
2026-09-17T01:23:45.942957Z DEBUG panoptikon::inferio::http: processing local inference predict model=tags/wd-vit-tagger-v3 inputs=1
2026-09-17T01:23:45.943021Z DEBUG panoptikon::inferio::http: processing local inference predict model=tags/wd-vit-tagger-v3 inputs=1
2026-09-17T01:23:45.943027Z DEBUG panoptikon::inferio::http: processing local inference predict model=tags/wd-vit-tagger-v3 inputs=1
2026-09-17T01:23:45.943041Z DEBUG panoptikon::inferio::http: processing local inference predict model=tags/wd-vit-tagger-v3 inputs=1
2026-09-17T01:23:45.943118Z DEBUG panoptikon::inferio::http: processing local inference predict model=tags/wd-vit-tagger-v3 inputs=1
2026-09-17T01:23:45.943121Z DEBUG panoptikon::inferio::http: processing local inference predict model=tags/wd-vit-tagger-v3 inputs=1
2026-09-17T01:23:45.943199Z DEBUG panoptikon::inferio::http: processing local inference predict model=tags/wd-vit-tagger-v3 inputs=1
2026-09-17T01:23:45.943130Z DEBUG panoptikon::inferio::http: processing local inference predict model=tags/wd-vit-tagger-v3 inputs=1
2026-09-17T01:23:45.943135Z DEBUG panoptikon::inferio::http: processing local inference predict model=tags/wd-vit-tagger-v3 inputs=1
2026-09-17T01:23:45.943147Z DEBUG panoptikon::inferio::http: processing local inference predict model=tags/wd-vit-tagger-v3 inputs=1
2026-09-17T01:23:45.943330Z DEBUG panoptikon::inferio::http: processing local inference predict model=tags/wd-vit-tagger-v3 inputs=1
2026-09-17T01:23:45.943214Z DEBUG panoptikon::inferio::http: processing local inference predict model=tags/wd-vit-tagger-v3 inputs=1
2026-09-17T01:23:45.943306Z DEBUG panoptikon::inferio::http: processing local inference predict model=tags/wd-vit-tagger-v3 inputs=1
2026-09-17T01:23:45.943129Z DEBUG panoptikon::inferio::http: processing local inference predict model=tags/wd-vit-tagger-v3 inputs=1
2026-09-17T01:23:45.943404Z DEBUG panoptikon::inferio::http: processing local inference predict model=tags/wd-vit-tagger-v3 inputs=1
2026-09-17T01:23:45.943757Z DEBUG panoptikon::inferio::http: processing local inference predict model=tags/wd-vit-tagger-v3 inputs=1
2026-09-17T01:23:45.943778Z DEBUG panoptikon::inferio::http: processing local inference predict model=tags/wd-vit-tagger-v3 inputs=1
2026-09-17T01:23:45.943806Z DEBUG panoptikon::inferio::http: processing local inference predict model=tags/wd-vit-tagger-v3 inputs=1
2026-09-17T01:23:45.943788Z DEBUG panoptikon::inferio::http: processing local inference predict model=tags/wd-vit-tagger-v3 inputs=1
2026-09-17T01:23:45.943794Z DEBUG panoptikon::inferio::http: processing local inference predict model=tags/wd-vit-tagger-v3 inputs=1
2026-09-17T01:23:45.943778Z DEBUG panoptikon::inferio::http: processing local inference predict model=tags/wd-vit-tagger-v3 inputs=1
2026-09-17T01:23:52.494066Z DEBUG panoptikon::inferio::ledger: declining to read this model's throughput curve: the observations in one batch-size bucket disagree with each other by more than the knee's own decision band, so something outside this ledger was moving throughput while they were taken bucket=3 observations=39 dispersion=0.264339647280743 threshold=0.2
2026-09-17T01:23:52.494311Z DEBUG panoptikon::inferio::ledger: refitted the memory cost model model=tags/wd-vit-tagger-v3 gpu=CPU slope_mb_per_unit=36.61538461538461 intercept_mb=52.76923076923083 residual_mb=1.7692307692307168 samples=7 version=13
2026-09-17T01:23:52.494365Z DEBUG panoptikon::inferio::ledger: declining to read this model's throughput curve: the observations in one batch-size bucket disagree with each other by more than the knee's own decision band, so something outside this ledger was moving throughput while they were taken bucket=3 observations=39 dispersion=0.264339647280743 threshold=0.2
2026-09-17T01:23:52.494385Z DEBUG panoptikon::inferio::ledger: queued a calibration profile update for the store model=tags/wd-vit-tagger-v3 gpu=CPU reason="fit_changed" max_units_measured=16 fit_version=13
2026-09-17T01:23:52.494410Z  INFO panoptikon::inferio::ledger: this model's throughput knee has widened past the point where it could cap anything and has been withdrawn; the ramp and the extrapolation ratchet govern its batch size from here model=tags/wd-vit-tagger-v3 gpu=CPU knee_units_before=15 clean_windows_at_the_knee=12 last_grant_units=15
2026-09-17T01:23:52.494433Z DEBUG panoptikon::inferio::ledger: settled a granted window model=tags/wd-vit-tagger-v3 gpu=CPU outcome="clean" fit_samples=3 throughput_samples=3 clamped_samples=0 clamped=none ramp_step=3 deflation=0 clean_windows=30 max_units_measured=16
2026-09-17T01:23:52.495648Z DEBUG panoptikon::inferio::http: processing local inference predict model=tags/wd-vit-tagger-v3 inputs=1
2026-09-17T01:23:52.495866Z DEBUG panoptikon::inferio::http: processing local inference predict model=tags/wd-vit-tagger-v3 inputs=1
2026-09-17T01:23:52.496544Z DEBUG panoptikon::inferio::http: processing local inference predict model=tags/wd-vit-tagger-v3 inputs=1
2026-09-17T01:23:52.496611Z DEBUG panoptikon::inferio::ledger: issued a memory grant model=tags/wd-vit-tagger-v3 gpu=CPU unit_budget=16 mb=586 canvas_pixels=none share_mb=88745 room_mb=88745 headroom_mb=88469 external_mb=38394 reserve_mb=1024 reserve_rule="capped_default" pre_fit=false ramp_step=3 deflation=0 squeezed=false window_requests=48
2026-09-17T01:23:52.496688Z DEBUG panoptikon::inferio::http: processing local inference predict model=tags/wd-vit-tagger-v3 inputs=1
2026-09-17T01:23:52.496692Z DEBUG panoptikon::inferio::http: processing local inference predict model=tags/wd-vit-tagger-v3 inputs=1
2026-09-17T01:23:52.496704Z DEBUG panoptikon::inferio::http: processing local inference predict model=tags/wd-vit-tagger-v3 inputs=1
2026-09-17T01:23:52.496988Z DEBUG panoptikon::inferio::http: processing local inference predict model=tags/wd-vit-tagger-v3 inputs=1
2026-09-17T01:23:52.496999Z DEBUG panoptikon::inferio::http: processing local inference predict model=tags/wd-vit-tagger-v3 inputs=1
2026-09-17T01:23:52.496999Z DEBUG panoptikon::inferio::http: processing local inference predict model=tags/wd-vit-tagger-v3 inputs=1
2026-09-17T01:23:52.497429Z DEBUG panoptikon::inferio::http: processing local inference predict model=tags/wd-vit-tagger-v3 inputs=1
2026-09-17T01:23:52.497449Z DEBUG panoptikon::inferio::http: processing local inference predict model=tags/wd-vit-tagger-v3 inputs=1
2026-09-17T01:23:52.497548Z DEBUG panoptikon::inferio::http: processing local inference predict model=tags/wd-vit-tagger-v3 inputs=1
2026-09-17T01:23:52.497570Z DEBUG panoptikon::inferio::http: processing local inference predict model=tags/wd-vit-tagger-v3 inputs=1
2026-09-17T01:23:52.497595Z DEBUG panoptikon::inferio::http: processing local inference predict model=tags/wd-vit-tagger-v3 inputs=1
2026-09-17T01:23:52.497610Z DEBUG panoptikon::inferio::http: processing local inference predict model=tags/wd-vit-tagger-v3 inputs=1
2026-09-17T01:23:52.497772Z DEBUG panoptikon::inferio::http: processing local inference predict model=tags/wd-vit-tagger-v3 inputs=1
2026-09-17T01:23:52.497794Z DEBUG panoptikon::inferio::http: processing local inference predict model=tags/wd-vit-tagger-v3 inputs=1
2026-09-17T01:23:52.497861Z DEBUG panoptikon::inferio::http: processing local inference predict model=tags/wd-vit-tagger-v3 inputs=1
2026-09-17T01:23:52.498074Z DEBUG panoptikon::inferio::http: processing local inference predict model=tags/wd-vit-tagger-v3 inputs=1
2026-09-17T01:23:52.498110Z DEBUG panoptikon::inferio::http: processing local inference predict model=tags/wd-vit-tagger-v3 inputs=1
2026-09-17T01:23:52.498277Z DEBUG panoptikon::inferio::http: processing local inference predict model=tags/wd-vit-tagger-v3 inputs=1
2026-09-17T01:23:52.498290Z DEBUG panoptikon::inferio::http: processing local inference predict model=tags/wd-vit-tagger-v3 inputs=1
2026-09-17T01:23:52.498317Z DEBUG panoptikon::inferio::http: processing local inference predict model=tags/wd-vit-tagger-v3 inputs=1
2026-09-17T01:23:52.498324Z DEBUG panoptikon::inferio::http: processing local inference predict model=tags/wd-vit-tagger-v3 inputs=1
2026-09-17T01:23:52.498362Z DEBUG panoptikon::inferio::http: processing local inference predict model=tags/wd-vit-tagger-v3 inputs=1
2026-09-17T01:23:52.498411Z DEBUG panoptikon::inferio::http: processing local inference predict model=tags/wd-vit-tagger-v3 inputs=1
2026-09-17T01:23:52.498700Z DEBUG panoptikon::inferio::http: processing local inference predict model=tags/wd-vit-tagger-v3 inputs=1
2026-09-17T01:23:52.498730Z DEBUG panoptikon::inferio::http: processing local inference predict model=tags/wd-vit-tagger-v3 inputs=1
2026-09-17T01:23:52.498708Z DEBUG panoptikon::inferio::http: processing local inference predict model=tags/wd-vit-tagger-v3 inputs=1
2026-09-17T01:23:52.498735Z DEBUG panoptikon::inferio::http: processing local inference predict model=tags/wd-vit-tagger-v3 inputs=1
2026-09-17T01:23:52.498749Z DEBUG panoptikon::inferio::http: processing local inference predict model=tags/wd-vit-tagger-v3 inputs=1
2026-09-17T01:23:52.498818Z DEBUG panoptikon::inferio::http: processing local inference predict model=tags/wd-vit-tagger-v3 inputs=1
2026-09-17T01:23:52.499002Z DEBUG panoptikon::inferio::http: processing local inference predict model=tags/wd-vit-tagger-v3 inputs=1
2026-09-17T01:23:52.499012Z DEBUG panoptikon::inferio::http: processing local inference predict model=tags/wd-vit-tagger-v3 inputs=1
2026-09-17T01:23:52.499057Z DEBUG panoptikon::inferio::http: processing local inference predict model=tags/wd-vit-tagger-v3 inputs=1
2026-09-17T01:23:52.499054Z DEBUG panoptikon::inferio::http: processing local inference predict model=tags/wd-vit-tagger-v3 inputs=1
2026-09-17T01:23:52.499027Z DEBUG panoptikon::inferio::http: processing local inference predict model=tags/wd-vit-tagger-v3 inputs=1
2026-09-17T01:23:52.499076Z DEBUG panoptikon::inferio::http: processing local inference predict model=tags/wd-vit-tagger-v3 inputs=1
2026-09-17T01:23:52.499136Z DEBUG panoptikon::inferio::http: processing local inference predict model=tags/wd-vit-tagger-v3 inputs=1
2026-09-17T01:23:52.499135Z DEBUG panoptikon::inferio::http: processing local inference predict model=tags/wd-vit-tagger-v3 inputs=1
2026-09-17T01:23:52.499201Z DEBUG panoptikon::inferio::http: processing local inference predict model=tags/wd-vit-tagger-v3 inputs=1
2026-09-17T01:23:52.499225Z DEBUG panoptikon::inferio::http: processing local inference predict model=tags/wd-vit-tagger-v3 inputs=1
2026-09-17T01:23:52.499288Z DEBUG panoptikon::inferio::http: processing local inference predict model=tags/wd-vit-tagger-v3 inputs=1
2026-09-17T01:23:52.499305Z DEBUG panoptikon::inferio::http: processing local inference predict model=tags/wd-vit-tagger-v3 inputs=1
2026-09-17T01:23:52.499380Z DEBUG panoptikon::inferio::http: processing local inference predict model=tags/wd-vit-tagger-v3 inputs=1
2026-09-17T01:23:59.497797Z DEBUG panoptikon::inferio::ledger: declining to read this model's throughput curve: the observations in one batch-size bucket disagree with each other by more than the knee's own decision band, so something outside this ledger was moving throughput while they were taken bucket=3 observations=39 dispersion=0.264339647280743 threshold=0.2
2026-09-17T01:23:59.497957Z  INFO panoptikon::inferio::ledger: the throughput ramp is free to grow again model=tags/wd-vit-tagger-v3 gpu=CPU
2026-09-17T01:23:59.498020Z DEBUG panoptikon::inferio::ledger: declining to read this model's throughput curve: the observations in one batch-size bucket disagree with each other by more than the knee's own decision band, so something outside this ledger was moving throughput while they were taken bucket=3 observations=39 dispersion=0.264339647280743 threshold=0.2
2026-09-17T01:23:59.498045Z DEBUG panoptikon::inferio::ledger: settled a granted window model=tags/wd-vit-tagger-v3 gpu=CPU outcome="clean" fit_samples=3 throughput_samples=3 clamped_samples=0 clamped=none ramp_step=4 deflation=0 clean_windows=31 max_units_measured=16
2026-09-17T01:23:59.499315Z DEBUG panoptikon::inferio::http: processing local inference predict model=tags/wd-vit-tagger-v3 inputs=1
2026-09-17T01:23:59.499423Z DEBUG panoptikon::inferio::http: processing local inference predict model=tags/wd-vit-tagger-v3 inputs=1
2026-09-17T01:23:59.499443Z DEBUG panoptikon::inferio::http: processing local inference predict model=tags/wd-vit-tagger-v3 inputs=1
2026-09-17T01:23:59.499449Z DEBUG panoptikon::inferio::http: processing local inference predict model=tags/wd-vit-tagger-v3 inputs=1
2026-09-17T01:23:59.499946Z DEBUG panoptikon::inferio::http: processing local inference predict model=tags/wd-vit-tagger-v3 inputs=1
2026-09-17T01:23:59.500188Z DEBUG panoptikon::inferio::http: processing local inference predict model=tags/wd-vit-tagger-v3 inputs=1
2026-09-17T01:23:59.500371Z DEBUG panoptikon::inferio::http: processing local inference predict model=tags/wd-vit-tagger-v3 inputs=1
2026-09-17T01:23:59.500403Z DEBUG panoptikon::inferio::http: processing local inference predict model=tags/wd-vit-tagger-v3 inputs=1
2026-09-17T01:23:59.500619Z DEBUG panoptikon::inferio::http: processing local inference predict model=tags/wd-vit-tagger-v3 inputs=1
2026-09-17T01:23:59.500620Z DEBUG panoptikon::inferio::http: processing local inference predict model=tags/wd-vit-tagger-v3 inputs=1
2026-09-17T01:23:59.500622Z DEBUG panoptikon::inferio::http: processing local inference predict model=tags/wd-vit-tagger-v3 inputs=1
2026-09-17T01:23:59.500739Z DEBUG panoptikon::inferio::http: processing local inference predict model=tags/wd-vit-tagger-v3 inputs=1
2026-09-17T01:23:59.500731Z DEBUG panoptikon::inferio::http: processing local inference predict model=tags/wd-vit-tagger-v3 inputs=1
2026-09-17T01:23:59.500748Z DEBUG panoptikon::inferio::http: processing local inference predict model=tags/wd-vit-tagger-v3 inputs=1
2026-09-17T01:23:59.500890Z DEBUG panoptikon::inferio::http: processing local inference predict model=tags/wd-vit-tagger-v3 inputs=1
2026-09-17T01:23:59.500929Z DEBUG panoptikon::inferio::http: processing local inference predict model=tags/wd-vit-tagger-v3 inputs=1
2026-09-17T01:23:59.500909Z DEBUG panoptikon::inferio::http: processing local inference predict model=tags/wd-vit-tagger-v3 inputs=1
2026-09-17T01:23:59.501671Z DEBUG panoptikon::inferio::http: processing local inference predict model=tags/wd-vit-tagger-v3 inputs=1
2026-09-17T01:23:59.501674Z DEBUG panoptikon::inferio::http: processing local inference predict model=tags/wd-vit-tagger-v3 inputs=1
2026-09-17T01:23:59.501679Z DEBUG panoptikon::inferio::http: processing local inference predict model=tags/wd-vit-tagger-v3 inputs=1
2026-09-17T01:23:59.501680Z DEBUG panoptikon::inferio::http: processing local inference predict model=tags/wd-vit-tagger-v3 inputs=1
2026-09-17T01:23:59.501910Z DEBUG panoptikon::inferio::http: processing local inference predict model=tags/wd-vit-tagger-v3 inputs=1
2026-09-17T01:23:59.502197Z DEBUG panoptikon::inferio::http: processing local inference predict model=tags/wd-vit-tagger-v3 inputs=1
2026-09-17T01:23:59.502249Z DEBUG panoptikon::inferio::http: processing local inference predict model=tags/wd-vit-tagger-v3 inputs=1
2026-09-17T01:23:59.502259Z DEBUG panoptikon::inferio::http: processing local inference predict model=tags/wd-vit-tagger-v3 inputs=1
2026-09-17T01:23:59.502262Z DEBUG panoptikon::inferio::http: processing local inference predict model=tags/wd-vit-tagger-v3 inputs=1
2026-09-17T01:23:59.502264Z DEBUG panoptikon::inferio::http: processing local inference predict model=tags/wd-vit-tagger-v3 inputs=1
2026-09-17T01:23:59.502294Z DEBUG panoptikon::inferio::http: processing local inference predict model=tags/wd-vit-tagger-v3 inputs=1
2026-09-17T01:23:59.502427Z DEBUG panoptikon::inferio::http: processing local inference predict model=tags/wd-vit-tagger-v3 inputs=1
2026-09-17T01:23:59.502429Z DEBUG panoptikon::inferio::http: processing local inference predict model=tags/wd-vit-tagger-v3 inputs=1
2026-09-17T01:23:59.502530Z DEBUG panoptikon::inferio::http: processing local inference predict model=tags/wd-vit-tagger-v3 inputs=1
2026-09-17T01:23:59.502567Z DEBUG panoptikon::inferio::http: processing local inference predict model=tags/wd-vit-tagger-v3 inputs=1
2026-09-17T01:23:59.502574Z DEBUG panoptikon::inferio::http: processing local inference predict model=tags/wd-vit-tagger-v3 inputs=1
2026-09-17T01:23:59.502613Z DEBUG panoptikon::inferio::http: processing local inference predict model=tags/wd-vit-tagger-v3 inputs=1
2026-09-17T01:23:59.502790Z DEBUG panoptikon::inferio::http: processing local inference predict model=tags/wd-vit-tagger-v3 inputs=1
2026-09-17T01:23:59.502825Z DEBUG panoptikon::inferio::http: processing local inference predict model=tags/wd-vit-tagger-v3 inputs=1
2026-09-17T01:23:59.502859Z DEBUG panoptikon::inferio::http: processing local inference predict model=tags/wd-vit-tagger-v3 inputs=1
2026-09-17T01:23:59.502838Z DEBUG panoptikon::inferio::http: processing local inference predict model=tags/wd-vit-tagger-v3 inputs=1
2026-09-17T01:23:59.502943Z DEBUG panoptikon::inferio::http: processing local inference predict model=tags/wd-vit-tagger-v3 inputs=1
2026-09-17T01:23:59.502961Z DEBUG panoptikon::inferio::http: processing local inference predict model=tags/wd-vit-tagger-v3 inputs=1
2026-09-17T01:23:59.502870Z DEBUG panoptikon::inferio::http: processing local inference predict model=tags/wd-vit-tagger-v3 inputs=1
2026-09-17T01:23:59.502885Z DEBUG panoptikon::inferio::http: processing local inference predict model=tags/wd-vit-tagger-v3 inputs=1
2026-09-17T01:23:59.502920Z DEBUG panoptikon::inferio::http: processing local inference predict model=tags/wd-vit-tagger-v3 inputs=1
2026-09-17T01:23:59.502929Z DEBUG panoptikon::inferio::http: processing local inference predict model=tags/wd-vit-tagger-v3 inputs=1
2026-09-17T01:23:59.502930Z DEBUG panoptikon::inferio::http: processing local inference predict model=tags/wd-vit-tagger-v3 inputs=1
2026-09-17T01:23:59.502952Z DEBUG panoptikon::inferio::http: processing local inference predict model=tags/wd-vit-tagger-v3 inputs=1
2026-09-17T01:23:59.502856Z DEBUG panoptikon::inferio::http: processing local inference predict model=tags/wd-vit-tagger-v3 inputs=1
2026-09-17T01:23:59.502955Z DEBUG panoptikon::inferio::http: processing local inference predict model=tags/wd-vit-tagger-v3 inputs=1
2026-09-17T01:23:59.502833Z DEBUG panoptikon::inferio::http: processing local inference predict model=tags/wd-vit-tagger-v3 inputs=1
2026-09-17T01:23:59.503072Z DEBUG panoptikon::inferio::http: processing local inference predict model=tags/wd-vit-tagger-v3 inputs=1
2026-09-17T01:23:59.503250Z DEBUG panoptikon::inferio::http: processing local inference predict model=tags/wd-vit-tagger-v3 inputs=1
2026-09-17T01:23:59.503357Z DEBUG panoptikon::inferio::http: processing local inference predict model=tags/wd-vit-tagger-v3 inputs=1
2026-09-17T01:23:59.503549Z DEBUG panoptikon::inferio::http: processing local inference predict model=tags/wd-vit-tagger-v3 inputs=1
2026-09-17T01:23:59.503555Z DEBUG panoptikon::inferio::http: processing local inference predict model=tags/wd-vit-tagger-v3 inputs=1
2026-09-17T01:23:59.503631Z DEBUG panoptikon::inferio::ledger: issued a memory grant model=tags/wd-vit-tagger-v3 gpu=CPU unit_budget=32 mb=1172 canvas_pixels=none share_mb=88833 room_mb=88833 headroom_mb=88557 external_mb=38306 reserve_mb=1024 reserve_rule="capped_default" pre_fit=false ramp_step=4 deflation=0 squeezed=false window_requests=96
2026-09-17T01:24:10.526321Z  INFO panoptikon::inferio::calibration: wrote the local calibration store path=data/inferio/calibration.toml profiles=1
2026-09-17T01:24:27.171905Z  INFO panoptikon::inferio::ledger: holding the throughput ramp at this rung: the ring cannot certify this rung yet model=tags/wd-vit-tagger-v3 gpu=CPU units=32 certified=false knee_binds=false
2026-09-17T01:24:27.172919Z DEBUG panoptikon::inferio::ledger: refitted the memory cost model model=tags/wd-vit-tagger-v3 gpu=CPU slope_mb_per_unit=36.40584415584415 intercept_mb=53.97077922077925 residual_mb=1.7029220779220964 samples=8 version=14
2026-09-17T01:24:27.172976Z DEBUG panoptikon::inferio::ledger: declining to read this model's throughput curve: the observations in one batch-size bucket disagree with each other by more than the knee's own decision band, so something outside this ledger was moving throughput while they were taken bucket=3 observations=39 dispersion=0.264339647280743 threshold=0.2
2026-09-17T01:24:27.173001Z DEBUG panoptikon::inferio::ledger: queued a calibration profile update for the store model=tags/wd-vit-tagger-v3 gpu=CPU reason="fit_changed" max_units_measured=32 fit_version=14
2026-09-17T01:24:27.173024Z DEBUG panoptikon::inferio::ledger: settled a granted window model=tags/wd-vit-tagger-v3 gpu=CPU outcome="clean" fit_samples=3 throughput_samples=1 clamped_samples=0 clamped=none ramp_step=4 deflation=0 clean_windows=32 max_units_measured=32
2026-09-17T01:24:27.178704Z DEBUG panoptikon::inferio::http: processing local inference predict model=tags/wd-vit-tagger-v3 inputs=1
2026-09-17T01:24:27.178703Z DEBUG panoptikon::inferio::http: processing local inference predict model=tags/wd-vit-tagger-v3 inputs=1
2026-09-17T01:24:27.178709Z DEBUG panoptikon::inferio::http: processing local inference predict model=tags/wd-vit-tagger-v3 inputs=1
2026-09-17T01:24:27.178727Z DEBUG panoptikon::inferio::http: processing local inference predict model=tags/wd-vit-tagger-v3 inputs=1
2026-09-17T01:24:27.178743Z DEBUG panoptikon::inferio::http: processing local inference predict model=tags/wd-vit-tagger-v3 inputs=1
2026-09-17T01:24:27.178766Z DEBUG panoptikon::inferio::http: processing local inference predict model=tags/wd-vit-tagger-v3 inputs=1
2026-09-17T01:24:27.178904Z DEBUG panoptikon::inferio::http: processing local inference predict model=tags/wd-vit-tagger-v3 inputs=1
2026-09-17T01:24:27.179230Z DEBUG panoptikon::inferio::http: processing local inference predict model=tags/wd-vit-tagger-v3 inputs=1
2026-09-17T01:24:27.179385Z DEBUG panoptikon::inferio::http: processing local inference predict model=tags/wd-vit-tagger-v3 inputs=1
2026-09-17T01:24:27.179396Z DEBUG panoptikon::inferio::http: processing local inference predict model=tags/wd-vit-tagger-v3 inputs=1
2026-09-17T01:24:27.179397Z DEBUG panoptikon::inferio::http: processing local inference predict model=tags/wd-vit-tagger-v3 inputs=1
2026-09-17T01:24:27.179419Z DEBUG panoptikon::inferio::http: processing local inference predict model=tags/wd-vit-tagger-v3 inputs=1
2026-09-17T01:24:27.179429Z DEBUG panoptikon::inferio::http: processing local inference predict model=tags/wd-vit-tagger-v3 inputs=1
2026-09-17T01:24:27.180266Z DEBUG panoptikon::inferio::http: processing local inference predict model=tags/wd-vit-tagger-v3 inputs=1
2026-09-17T01:24:27.180291Z DEBUG panoptikon::inferio::http: processing local inference predict model=tags/wd-vit-tagger-v3 inputs=1
2026-09-17T01:24:27.180323Z DEBUG panoptikon::inferio::http: processing local inference predict model=tags/wd-vit-tagger-v3 inputs=1
2026-09-17T01:24:27.180323Z DEBUG panoptikon::inferio::http: processing local inference predict model=tags/wd-vit-tagger-v3 inputs=1
2026-09-17T01:24:27.180330Z DEBUG panoptikon::inferio::http: processing local inference predict model=tags/wd-vit-tagger-v3 inputs=1
2026-09-17T01:24:27.180339Z DEBUG panoptikon::inferio::http: processing local inference predict model=tags/wd-vit-tagger-v3 inputs=1
2026-09-17T01:24:27.180541Z DEBUG panoptikon::inferio::http: processing local inference predict model=tags/wd-vit-tagger-v3 inputs=1
2026-09-17T01:24:27.180666Z DEBUG panoptikon::inferio::http: processing local inference predict model=tags/wd-vit-tagger-v3 inputs=1
2026-09-17T01:24:27.180682Z DEBUG panoptikon::inferio::http: processing local inference predict model=tags/wd-vit-tagger-v3 inputs=1
2026-09-17T01:24:27.180722Z DEBUG panoptikon::inferio::http: processing local inference predict model=tags/wd-vit-tagger-v3 inputs=1
2026-09-17T01:24:27.180743Z DEBUG panoptikon::inferio::http: processing local inference predict model=tags/wd-vit-tagger-v3 inputs=1
2026-09-17T01:24:27.180748Z DEBUG panoptikon::inferio::http: processing local inference predict model=tags/wd-vit-tagger-v3 inputs=1
2026-09-17T01:24:27.180990Z DEBUG panoptikon::inferio::http: processing local inference predict model=tags/wd-vit-tagger-v3 inputs=1
2026-09-17T01:24:27.181082Z DEBUG panoptikon::inferio::http: processing local inference predict model=tags/wd-vit-tagger-v3 inputs=1
2026-09-17T01:24:27.181159Z DEBUG panoptikon::inferio::http: processing local inference predict model=tags/wd-vit-tagger-v3 inputs=1
2026-09-17T01:24:27.181181Z DEBUG panoptikon::inferio::http: processing local inference predict model=tags/wd-vit-tagger-v3 inputs=1
2026-09-17T01:24:27.181284Z DEBUG panoptikon::inferio::http: processing local inference predict model=tags/wd-vit-tagger-v3 inputs=1
2026-09-17T01:24:27.181344Z DEBUG panoptikon::inferio::http: processing local inference predict model=tags/wd-vit-tagger-v3 inputs=1
2026-09-17T01:24:27.181380Z DEBUG panoptikon::inferio::http: processing local inference predict model=tags/wd-vit-tagger-v3 inputs=1
2026-09-17T01:24:27.181492Z DEBUG panoptikon::inferio::http: processing local inference predict model=tags/wd-vit-tagger-v3 inputs=1
2026-09-17T01:24:27.181526Z DEBUG panoptikon::inferio::http: processing local inference predict model=tags/wd-vit-tagger-v3 inputs=1
2026-09-17T01:24:27.181500Z DEBUG panoptikon::inferio::http: processing local inference predict model=tags/wd-vit-tagger-v3 inputs=1
2026-09-17T01:24:27.181543Z DEBUG panoptikon::inferio::http: processing local inference predict model=tags/wd-vit-tagger-v3 inputs=1
2026-09-17T01:24:27.181556Z DEBUG panoptikon::inferio::http: processing local inference predict model=tags/wd-vit-tagger-v3 inputs=1
2026-09-17T01:24:27.181751Z DEBUG panoptikon::inferio::http: processing local inference predict model=tags/wd-vit-tagger-v3 inputs=1
2026-09-17T01:24:27.181676Z DEBUG panoptikon::inferio::http: processing local inference predict model=tags/wd-vit-tagger-v3 inputs=1
2026-09-17T01:24:27.181557Z DEBUG panoptikon::inferio::http: processing local inference predict model=tags/wd-vit-tagger-v3 inputs=1
2026-09-17T01:24:27.181890Z DEBUG panoptikon::inferio::http: processing local inference predict model=tags/wd-vit-tagger-v3 inputs=1
2026-09-17T01:24:27.181873Z DEBUG panoptikon::inferio::http: processing local inference predict model=tags/wd-vit-tagger-v3 inputs=1
2026-09-17T01:24:27.181810Z DEBUG panoptikon::inferio::http: processing local inference predict model=tags/wd-vit-tagger-v3 inputs=1
2026-09-17T01:24:27.182007Z DEBUG panoptikon::inferio::http: processing local inference predict model=tags/wd-vit-tagger-v3 inputs=1
2026-09-17T01:24:27.182017Z DEBUG panoptikon::inferio::http: processing local inference predict model=tags/wd-vit-tagger-v3 inputs=1
2026-09-17T01:24:27.182021Z DEBUG panoptikon::inferio::http: processing local inference predict model=tags/wd-vit-tagger-v3 inputs=1
2026-09-17T01:24:27.182130Z DEBUG panoptikon::inferio::http: processing local inference predict model=tags/wd-vit-tagger-v3 inputs=1
2026-09-17T01:24:27.182259Z DEBUG panoptikon::inferio::http: processing local inference predict model=tags/wd-vit-tagger-v3 inputs=1
2026-09-17T01:24:27.182365Z DEBUG panoptikon::inferio::http: processing local inference predict model=tags/wd-vit-tagger-v3 inputs=1
2026-09-17T01:24:27.182429Z DEBUG panoptikon::inferio::http: processing local inference predict model=tags/wd-vit-tagger-v3 inputs=1
2026-09-17T01:24:27.182500Z DEBUG panoptikon::inferio::http: processing local inference predict model=tags/wd-vit-tagger-v3 inputs=1
2026-09-17T01:24:27.182683Z DEBUG panoptikon::inferio::http: processing local inference predict model=tags/wd-vit-tagger-v3 inputs=1
2026-09-17T01:24:27.182709Z DEBUG panoptikon::inferio::http: processing local inference predict model=tags/wd-vit-tagger-v3 inputs=1
2026-09-17T01:24:27.183182Z DEBUG panoptikon::inferio::http: processing local inference predict model=tags/wd-vit-tagger-v3 inputs=1
2026-09-17T01:24:27.183235Z DEBUG panoptikon::inferio::http: processing local inference predict model=tags/wd-vit-tagger-v3 inputs=1
2026-09-17T01:24:27.183259Z DEBUG panoptikon::inferio::http: processing local inference predict model=tags/wd-vit-tagger-v3 inputs=1
2026-09-17T01:24:27.183331Z DEBUG panoptikon::inferio::http: processing local inference predict model=tags/wd-vit-tagger-v3 inputs=1
2026-09-17T01:24:27.183377Z DEBUG panoptikon::inferio::http: processing local inference predict model=tags/wd-vit-tagger-v3 inputs=1
2026-09-17T01:24:27.183293Z DEBUG panoptikon::inferio::http: processing local inference predict model=tags/wd-vit-tagger-v3 inputs=1
2026-09-17T01:24:27.183348Z DEBUG panoptikon::inferio::http: processing local inference predict model=tags/wd-vit-tagger-v3 inputs=1
2026-09-17T01:24:27.183358Z DEBUG panoptikon::inferio::http: processing local inference predict model=tags/wd-vit-tagger-v3 inputs=1
2026-09-17T01:24:27.183572Z DEBUG panoptikon::inferio::http: processing local inference predict model=tags/wd-vit-tagger-v3 inputs=1
2026-09-17T01:24:27.183552Z DEBUG panoptikon::inferio::http: processing local inference predict model=tags/wd-vit-tagger-v3 inputs=1
2026-09-17T01:24:27.183322Z DEBUG panoptikon::inferio::http: processing local inference predict model=tags/wd-vit-tagger-v3 inputs=1
2026-09-17T01:24:27.183694Z DEBUG panoptikon::inferio::http: processing local inference predict model=tags/wd-vit-tagger-v3 inputs=1
2026-09-17T01:24:27.183746Z DEBUG panoptikon::inferio::http: processing local inference predict model=tags/wd-vit-tagger-v3 inputs=1
2026-09-17T01:24:27.183973Z DEBUG panoptikon::inferio::http: processing local inference predict model=tags/wd-vit-tagger-v3 inputs=1
2026-09-17T01:24:27.183985Z DEBUG panoptikon::inferio::http: processing local inference predict model=tags/wd-vit-tagger-v3 inputs=1
2026-09-17T01:24:27.184017Z DEBUG panoptikon::inferio::http: processing local inference predict model=tags/wd-vit-tagger-v3 inputs=1
2026-09-17T01:24:27.184176Z DEBUG panoptikon::inferio::http: processing local inference predict model=tags/wd-vit-tagger-v3 inputs=1
2026-09-17T01:24:27.184249Z DEBUG panoptikon::inferio::http: processing local inference predict model=tags/wd-vit-tagger-v3 inputs=1
2026-09-17T01:24:27.184271Z DEBUG panoptikon::inferio::http: processing local inference predict model=tags/wd-vit-tagger-v3 inputs=1
2026-09-17T01:24:27.184320Z DEBUG panoptikon::inferio::http: processing local inference predict model=tags/wd-vit-tagger-v3 inputs=1
2026-09-17T01:24:27.184380Z DEBUG panoptikon::inferio::http: processing local inference predict model=tags/wd-vit-tagger-v3 inputs=1
2026-09-17T01:24:27.184440Z DEBUG panoptikon::inferio::http: processing local inference predict model=tags/wd-vit-tagger-v3 inputs=1
2026-09-17T01:24:27.184442Z DEBUG panoptikon::inferio::http: processing local inference predict model=tags/wd-vit-tagger-v3 inputs=1
2026-09-17T01:24:27.184390Z DEBUG panoptikon::inferio::http: processing local inference predict model=tags/wd-vit-tagger-v3 inputs=1
2026-09-17T01:24:27.184492Z DEBUG panoptikon::inferio::http: processing local inference predict model=tags/wd-vit-tagger-v3 inputs=1
2026-09-17T01:24:27.184698Z DEBUG panoptikon::inferio::http: processing local inference predict model=tags/wd-vit-tagger-v3 inputs=1
2026-09-17T01:24:27.184704Z DEBUG panoptikon::inferio::http: processing local inference predict model=tags/wd-vit-tagger-v3 inputs=1
2026-09-17T01:24:27.184757Z DEBUG panoptikon::inferio::http: processing local inference predict model=tags/wd-vit-tagger-v3 inputs=1
2026-09-17T01:24:27.184767Z DEBUG panoptikon::inferio::http: processing local inference predict model=tags/wd-vit-tagger-v3 inputs=1
2026-09-17T01:24:27.184770Z DEBUG panoptikon::inferio::http: processing local inference predict model=tags/wd-vit-tagger-v3 inputs=1
2026-09-17T01:24:27.184916Z DEBUG panoptikon::inferio::http: processing local inference predict model=tags/wd-vit-tagger-v3 inputs=1
2026-09-17T01:24:27.184973Z DEBUG panoptikon::inferio::http: processing local inference predict model=tags/wd-vit-tagger-v3 inputs=1
2026-09-17T01:24:27.184879Z DEBUG panoptikon::inferio::http: processing local inference predict model=tags/wd-vit-tagger-v3 inputs=1
2026-09-17T01:24:27.184920Z DEBUG panoptikon::inferio::http: processing local inference predict model=tags/wd-vit-tagger-v3 inputs=1
2026-09-17T01:24:27.184752Z DEBUG panoptikon::inferio::http: processing local inference predict model=tags/wd-vit-tagger-v3 inputs=1
2026-09-17T01:24:27.184971Z DEBUG panoptikon::inferio::http: processing local inference predict model=tags/wd-vit-tagger-v3 inputs=1
2026-09-17T01:24:27.184797Z DEBUG panoptikon::inferio::http: processing local inference predict model=tags/wd-vit-tagger-v3 inputs=1
2026-09-17T01:24:27.184976Z DEBUG panoptikon::inferio::http: processing local inference predict model=tags/wd-vit-tagger-v3 inputs=1
2026-09-17T01:24:27.185032Z DEBUG panoptikon::inferio::http: processing local inference predict model=tags/wd-vit-tagger-v3 inputs=1
2026-09-17T01:24:27.185316Z DEBUG panoptikon::inferio::http: processing local inference predict model=tags/wd-vit-tagger-v3 inputs=1
2026-09-17T01:24:27.185377Z DEBUG panoptikon::inferio::http: processing local inference predict model=tags/wd-vit-tagger-v3 inputs=1
2026-09-17T01:24:27.185408Z DEBUG panoptikon::inferio::http: processing local inference predict model=tags/wd-vit-tagger-v3 inputs=1
2026-09-17T01:24:27.185441Z DEBUG panoptikon::inferio::http: processing local inference predict model=tags/wd-vit-tagger-v3 inputs=1
2026-09-17T01:24:27.185497Z DEBUG panoptikon::inferio::http: processing local inference predict model=tags/wd-vit-tagger-v3 inputs=1
2026-09-17T01:24:27.185172Z DEBUG panoptikon::inferio::http: processing local inference predict model=tags/wd-vit-tagger-v3 inputs=1
2026-09-17T01:24:27.185069Z DEBUG panoptikon::inferio::http: processing local inference predict model=tags/wd-vit-tagger-v3 inputs=1
2026-09-17T01:24:27.185335Z DEBUG panoptikon::inferio::http: processing local inference predict model=tags/wd-vit-tagger-v3 inputs=1
2026-09-17T01:24:27.185104Z DEBUG panoptikon::inferio::http: processing local inference predict model=tags/wd-vit-tagger-v3 inputs=1
2026-09-17T01:24:27.185119Z DEBUG panoptikon::inferio::http: processing local inference predict model=tags/wd-vit-tagger-v3 inputs=1
2026-09-17T01:24:27.185155Z DEBUG panoptikon::inferio::http: processing local inference predict model=tags/wd-vit-tagger-v3 inputs=1
2026-09-17T01:24:27.185555Z DEBUG panoptikon::inferio::ledger: issued a memory grant model=tags/wd-vit-tagger-v3 gpu=CPU unit_budget=32 mb=1165 canvas_pixels=none share_mb=85976 room_mb=85976 headroom_mb=85134 external_mb=41163 reserve_mb=1024 reserve_rule="capped_default" pre_fit=false ramp_step=4 deflation=0 squeezed=false window_requests=96
2026-09-17T01:24:27.185786Z DEBUG panoptikon::inferio::http: processing local inference predict model=tags/wd-vit-tagger-v3 inputs=1
2026-09-17T01:24:27.185802Z DEBUG panoptikon::inferio::http: processing local inference predict model=tags/wd-vit-tagger-v3 inputs=1
2026-09-17T01:24:27.186088Z DEBUG panoptikon::inferio::http: processing local inference predict model=tags/wd-vit-tagger-v3 inputs=1
2026-09-17T01:24:27.186119Z DEBUG panoptikon::inferio::http: processing local inference predict model=tags/wd-vit-tagger-v3 inputs=1
2026-09-17T01:24:27.186176Z DEBUG panoptikon::inferio::http: processing local inference predict model=tags/wd-vit-tagger-v3 inputs=1
2026-09-17T01:24:27.186188Z DEBUG panoptikon::inferio::http: processing local inference predict model=tags/wd-vit-tagger-v3 inputs=1
2026-09-17T01:24:27.186194Z DEBUG panoptikon::inferio::http: processing local inference predict model=tags/wd-vit-tagger-v3 inputs=1
2026-09-17T01:24:27.186257Z DEBUG panoptikon::inferio::http: processing local inference predict model=tags/wd-vit-tagger-v3 inputs=1
2026-09-17T01:24:27.186381Z DEBUG panoptikon::inferio::http: processing local inference predict model=tags/wd-vit-tagger-v3 inputs=1
2026-09-17T01:24:27.186348Z DEBUG panoptikon::inferio::http: processing local inference predict model=tags/wd-vit-tagger-v3 inputs=1
2026-09-17T01:24:27.186409Z DEBUG panoptikon::inferio::http: processing local inference predict model=tags/wd-vit-tagger-v3 inputs=1
2026-09-17T01:24:27.186513Z DEBUG panoptikon::inferio::http: processing local inference predict model=tags/wd-vit-tagger-v3 inputs=1
2026-09-17T01:24:27.186443Z DEBUG panoptikon::inferio::http: processing local inference predict model=tags/wd-vit-tagger-v3 inputs=1
2026-09-17T01:24:27.186443Z DEBUG panoptikon::inferio::http: processing local inference predict model=tags/wd-vit-tagger-v3 inputs=1
2026-09-17T01:24:27.186649Z DEBUG panoptikon::inferio::http: processing local inference predict model=tags/wd-vit-tagger-v3 inputs=1
2026-09-17T01:24:27.186718Z DEBUG panoptikon::inferio::http: processing local inference predict model=tags/wd-vit-tagger-v3 inputs=1
2026-09-17T01:24:27.186832Z DEBUG panoptikon::inferio::http: processing local inference predict model=tags/wd-vit-tagger-v3 inputs=1
2026-09-17T01:24:27.186833Z DEBUG panoptikon::inferio::http: processing local inference predict model=tags/wd-vit-tagger-v3 inputs=1
2026-09-17T01:24:27.186980Z DEBUG panoptikon::inferio::http: processing local inference predict model=tags/wd-vit-tagger-v3 inputs=1
2026-09-17T01:24:27.186994Z DEBUG panoptikon::inferio::http: processing local inference predict model=tags/wd-vit-tagger-v3 inputs=1
2026-09-17T01:24:27.187011Z DEBUG panoptikon::inferio::http: processing local inference predict model=tags/wd-vit-tagger-v3 inputs=1
2026-09-17T01:24:27.187128Z DEBUG panoptikon::inferio::http: processing local inference predict model=tags/wd-vit-tagger-v3 inputs=1
2026-09-17T01:24:27.187138Z DEBUG panoptikon::inferio::http: processing local inference predict model=tags/wd-vit-tagger-v3 inputs=1
2026-09-17T01:24:27.187148Z DEBUG panoptikon::inferio::http: processing local inference predict model=tags/wd-vit-tagger-v3 inputs=1
2026-09-17T01:24:27.187154Z DEBUG panoptikon::inferio::http: processing local inference predict model=tags/wd-vit-tagger-v3 inputs=1
2026-09-17T01:24:27.187290Z DEBUG panoptikon::inferio::http: processing local inference predict model=tags/wd-vit-tagger-v3 inputs=1
2026-09-17T01:24:27.187180Z DEBUG panoptikon::inferio::http: processing local inference predict model=tags/wd-vit-tagger-v3 inputs=1
2026-09-17T01:24:27.187183Z DEBUG panoptikon::inferio::http: processing local inference predict model=tags/wd-vit-tagger-v3 inputs=1
2026-09-17T01:24:27.187195Z DEBUG panoptikon::inferio::http: processing local inference predict model=tags/wd-vit-tagger-v3 inputs=1
2026-09-17T01:24:27.187177Z DEBUG panoptikon::inferio::http: processing local inference predict model=tags/wd-vit-tagger-v3 inputs=1
2026-09-17T01:24:27.187516Z DEBUG panoptikon::inferio::http: processing local inference predict model=tags/wd-vit-tagger-v3 inputs=1
2026-09-17T01:24:27.187350Z DEBUG panoptikon::inferio::http: processing local inference predict model=tags/wd-vit-tagger-v3 inputs=1
2026-09-17T01:24:27.187488Z DEBUG panoptikon::inferio::http: processing local inference predict model=tags/wd-vit-tagger-v3 inputs=1
2026-09-17T01:24:27.187521Z DEBUG panoptikon::inferio::http: processing local inference predict model=tags/wd-vit-tagger-v3 inputs=1
2026-09-17T01:24:27.187699Z DEBUG panoptikon::inferio::http: processing local inference predict model=tags/wd-vit-tagger-v3 inputs=1
2026-09-17T01:24:27.187701Z DEBUG panoptikon::inferio::http: processing local inference predict model=tags/wd-vit-tagger-v3 inputs=1
2026-09-17T01:24:27.187708Z DEBUG panoptikon::inferio::http: processing local inference predict model=tags/wd-vit-tagger-v3 inputs=1
2026-09-17T01:24:27.187845Z DEBUG panoptikon::inferio::http: processing local inference predict model=tags/wd-vit-tagger-v3 inputs=1
2026-09-17T01:24:27.187888Z DEBUG panoptikon::inferio::http: processing local inference predict model=tags/wd-vit-tagger-v3 inputs=1
2026-09-17T01:24:27.187914Z DEBUG panoptikon::inferio::http: processing local inference predict model=tags/wd-vit-tagger-v3 inputs=1
2026-09-17T01:24:27.187866Z DEBUG panoptikon::inferio::http: processing local inference predict model=tags/wd-vit-tagger-v3 inputs=1
2026-09-17T01:24:27.187894Z DEBUG panoptikon::inferio::http: processing local inference predict model=tags/wd-vit-tagger-v3 inputs=1
2026-09-17T01:24:27.187901Z DEBUG panoptikon::inferio::http: processing local inference predict model=tags/wd-vit-tagger-v3 inputs=1
2026-09-17T01:24:27.187840Z DEBUG panoptikon::inferio::http: processing local inference predict model=tags/wd-vit-tagger-v3 inputs=1
2026-09-17T01:24:27.187314Z DEBUG panoptikon::inferio::http: processing local inference predict model=tags/wd-vit-tagger-v3 inputs=1
2026-09-17T01:24:27.188038Z DEBUG panoptikon::inferio::http: processing local inference predict model=tags/wd-vit-tagger-v3 inputs=1
2026-09-17T01:24:27.188048Z DEBUG panoptikon::inferio::http: processing local inference predict model=tags/wd-vit-tagger-v3 inputs=1
2026-09-17T01:24:27.188115Z DEBUG panoptikon::inferio::http: processing local inference predict model=tags/wd-vit-tagger-v3 inputs=1
2026-09-17T01:24:27.188121Z DEBUG panoptikon::inferio::http: processing local inference predict model=tags/wd-vit-tagger-v3 inputs=1
2026-09-17T01:24:27.188294Z DEBUG panoptikon::inferio::http: processing local inference predict model=tags/wd-vit-tagger-v3 inputs=1
2026-09-17T01:24:27.188312Z DEBUG panoptikon::inferio::http: processing local inference predict model=tags/wd-vit-tagger-v3 inputs=1
2026-09-17T01:24:27.188401Z DEBUG panoptikon::inferio::http: processing local inference predict model=tags/wd-vit-tagger-v3 inputs=1
2026-09-17T01:24:27.188440Z DEBUG panoptikon::inferio::http: processing local inference predict model=tags/wd-vit-tagger-v3 inputs=1
2026-09-17T01:24:27.188578Z DEBUG panoptikon::inferio::http: processing local inference predict model=tags/wd-vit-tagger-v3 inputs=1
2026-09-17T01:24:27.188627Z DEBUG panoptikon::inferio::http: processing local inference predict model=tags/wd-vit-tagger-v3 inputs=1
2026-09-17T01:24:27.188618Z DEBUG panoptikon::inferio::http: processing local inference predict model=tags/wd-vit-tagger-v3 inputs=1
2026-09-17T01:24:27.188616Z DEBUG panoptikon::inferio::http: processing local inference predict model=tags/wd-vit-tagger-v3 inputs=1
2026-09-17T01:24:27.188628Z DEBUG panoptikon::inferio::http: processing local inference predict model=tags/wd-vit-tagger-v3 inputs=1
2026-09-17T01:24:27.188606Z DEBUG panoptikon::inferio::http: processing local inference predict model=tags/wd-vit-tagger-v3 inputs=1
2026-09-17T01:24:27.188643Z DEBUG panoptikon::inferio::http: processing local inference predict model=tags/wd-vit-tagger-v3 inputs=1
2026-09-17T01:24:27.188678Z DEBUG panoptikon::inferio::http: processing local inference predict model=tags/wd-vit-tagger-v3 inputs=1
2026-09-17T01:24:27.189076Z DEBUG panoptikon::inferio::http: processing local inference predict model=tags/wd-vit-tagger-v3 inputs=1
2026-09-17T01:24:27.189105Z DEBUG panoptikon::inferio::http: processing local inference predict model=tags/wd-vit-tagger-v3 inputs=1
2026-09-17T01:24:27.189116Z DEBUG panoptikon::inferio::http: processing local inference predict model=tags/wd-vit-tagger-v3 inputs=1
2026-09-17T01:24:27.189168Z DEBUG panoptikon::inferio::http: processing local inference predict model=tags/wd-vit-tagger-v3 inputs=1
2026-09-17T01:24:27.189518Z DEBUG panoptikon::inferio::http: processing local inference predict model=tags/wd-vit-tagger-v3 inputs=1
2026-09-17T01:24:27.190084Z DEBUG panoptikon::inferio::http: processing local inference predict model=tags/wd-vit-tagger-v3 inputs=1
2026-09-17T01:24:27.190100Z DEBUG panoptikon::inferio::http: processing local inference predict model=tags/wd-vit-tagger-v3 inputs=1
2026-09-17T01:24:27.190220Z DEBUG panoptikon::inferio::http: processing local inference predict model=tags/wd-vit-tagger-v3 inputs=1
2026-09-17T01:24:27.190259Z DEBUG panoptikon::inferio::http: processing local inference predict model=tags/wd-vit-tagger-v3 inputs=1
2026-09-17T01:24:27.190325Z DEBUG panoptikon::inferio::http: processing local inference predict model=tags/wd-vit-tagger-v3 inputs=1
2026-09-17T01:24:27.190358Z DEBUG panoptikon::inferio::http: processing local inference predict model=tags/wd-vit-tagger-v3 inputs=1
2026-09-17T01:24:27.190578Z DEBUG panoptikon::inferio::http: processing local inference predict model=tags/wd-vit-tagger-v3 inputs=1
2026-09-17T01:24:27.191046Z DEBUG panoptikon::inferio::http: processing local inference predict model=tags/wd-vit-tagger-v3 inputs=1
2026-09-17T01:24:27.191165Z DEBUG panoptikon::inferio::http: processing local inference predict model=tags/wd-vit-tagger-v3 inputs=1
2026-09-17T01:24:27.191170Z DEBUG panoptikon::inferio::http: processing local inference predict model=tags/wd-vit-tagger-v3 inputs=1
2026-09-17T01:24:27.191292Z DEBUG panoptikon::inferio::http: processing local inference predict model=tags/wd-vit-tagger-v3 inputs=1
2026-09-17T01:24:27.191386Z DEBUG panoptikon::inferio::http: processing local inference predict model=tags/wd-vit-tagger-v3 inputs=1
2026-09-17T01:24:27.191457Z DEBUG panoptikon::inferio::http: processing local inference predict model=tags/wd-vit-tagger-v3 inputs=1
2026-09-17T01:24:27.191799Z DEBUG panoptikon::inferio::http: processing local inference predict model=tags/wd-vit-tagger-v3 inputs=1
2026-09-17T01:24:27.191832Z DEBUG panoptikon::inferio::http: processing local inference predict model=tags/wd-vit-tagger-v3 inputs=1
2026-09-17T01:24:27.192003Z DEBUG panoptikon::inferio::http: processing local inference predict model=tags/wd-vit-tagger-v3 inputs=1
2026-09-17T01:24:27.192294Z DEBUG panoptikon::inferio::http: processing local inference predict model=tags/wd-vit-tagger-v3 inputs=1
2026-09-17T01:24:27.192329Z DEBUG panoptikon::inferio::http: processing local inference predict model=tags/wd-vit-tagger-v3 inputs=1
2026-09-17T01:24:27.192311Z DEBUG panoptikon::inferio::http: processing local inference predict model=tags/wd-vit-tagger-v3 inputs=1
2026-09-17T01:24:27.192310Z DEBUG panoptikon::inferio::http: processing local inference predict model=tags/wd-vit-tagger-v3 inputs=1
2026-09-17T01:24:27.192462Z DEBUG panoptikon::inferio::http: processing local inference predict model=tags/wd-vit-tagger-v3 inputs=1
2026-09-17T01:24:27.192484Z DEBUG panoptikon::inferio::http: processing local inference predict model=tags/wd-vit-tagger-v3 inputs=1
2026-09-17T01:24:27.192706Z DEBUG panoptikon::inferio::http: processing local inference predict model=tags/wd-vit-tagger-v3 inputs=1
2026-09-17T01:24:33.414191Z  INFO Actor{id="0.1"}: panoptikon::db::index_writer: index db writer connection closed after idle timeout index_db=default
2026-09-17T01:24:40.528245Z  INFO panoptikon::inferio::calibration: wrote the local calibration store path=data/inferio/calibration.toml profiles=1
2026-09-17T01:24:54.760599Z DEBUG panoptikon::inferio::ledger: declining to read this model's throughput curve: the observations in one batch-size bucket disagree with each other by more than the knee's own decision band, so something outside this ledger was moving throughput while they were taken bucket=3 observations=39 dispersion=0.264339647280743 threshold=0.2
2026-09-17T01:24:54.760776Z  INFO panoptikon::inferio::ledger: the throughput ramp is free to grow again model=tags/wd-vit-tagger-v3 gpu=CPU
2026-09-17T01:24:54.760830Z DEBUG panoptikon::inferio::ledger: declining to read this model's throughput curve: the observations in one batch-size bucket disagree with each other by more than the knee's own decision band, so something outside this ledger was moving throughput while they were taken bucket=3 observations=39 dispersion=0.264339647280743 threshold=0.2
2026-09-17T01:24:54.760863Z DEBUG panoptikon::inferio::ledger: settled a granted window model=tags/wd-vit-tagger-v3 gpu=CPU outcome="clean" fit_samples=3 throughput_samples=1 clamped_samples=0 clamped=none ramp_step=5 deflation=0 clean_windows=33 max_units_measured=32
2026-09-17T01:24:54.761613Z DEBUG panoptikon::inferio::http: processing local inference predict model=tags/wd-vit-tagger-v3 inputs=1
2026-09-17T01:24:54.762509Z DEBUG panoptikon::inferio::http: processing local inference predict model=tags/wd-vit-tagger-v3 inputs=1
2026-09-17T01:24:54.764683Z DEBUG panoptikon::inferio::http: processing local inference predict model=tags/wd-vit-tagger-v3 inputs=1
2026-09-17T01:24:54.764768Z DEBUG panoptikon::inferio::http: processing local inference predict model=tags/wd-vit-tagger-v3 inputs=1
2026-09-17T01:24:54.764787Z DEBUG panoptikon::inferio::http: processing local inference predict model=tags/wd-vit-tagger-v3 inputs=1
2026-09-17T01:24:54.765028Z DEBUG panoptikon::inferio::http: processing local inference predict model=tags/wd-vit-tagger-v3 inputs=1
2026-09-17T01:24:54.765136Z DEBUG panoptikon::inferio::http: processing local inference predict model=tags/wd-vit-tagger-v3 inputs=1
2026-09-17T01:24:54.765215Z DEBUG panoptikon::inferio::http: processing local inference predict model=tags/wd-vit-tagger-v3 inputs=1
2026-09-17T01:24:54.765294Z DEBUG panoptikon::inferio::http: processing local inference predict model=tags/wd-vit-tagger-v3 inputs=1
2026-09-17T01:24:54.765325Z DEBUG panoptikon::inferio::http: processing local inference predict model=tags/wd-vit-tagger-v3 inputs=1
2026-09-17T01:24:54.765302Z DEBUG panoptikon::inferio::http: processing local inference predict model=tags/wd-vit-tagger-v3 inputs=1
2026-09-17T01:24:54.765350Z DEBUG panoptikon::inferio::http: processing local inference predict model=tags/wd-vit-tagger-v3 inputs=1
2026-09-17T01:24:54.765358Z DEBUG panoptikon::inferio::http: processing local inference predict model=tags/wd-vit-tagger-v3 inputs=1
2026-09-17T01:24:54.765372Z DEBUG panoptikon::inferio::http: processing local inference predict model=tags/wd-vit-tagger-v3 inputs=1
2026-09-17T01:24:54.765432Z DEBUG panoptikon::inferio::http: processing local inference predict model=tags/wd-vit-tagger-v3 inputs=1
2026-09-17T01:24:54.765431Z DEBUG panoptikon::inferio::http: processing local inference predict model=tags/wd-vit-tagger-v3 inputs=1
2026-09-17T01:24:54.765465Z DEBUG panoptikon::inferio::http: processing local inference predict model=tags/wd-vit-tagger-v3 inputs=1
2026-09-17T01:24:54.765464Z DEBUG panoptikon::inferio::http: processing local inference predict model=tags/wd-vit-tagger-v3 inputs=1
2026-09-17T01:24:54.765469Z DEBUG panoptikon::inferio::http: processing local inference predict model=tags/wd-vit-tagger-v3 inputs=1
2026-09-17T01:24:54.765513Z DEBUG panoptikon::inferio::http: processing local inference predict model=tags/wd-vit-tagger-v3 inputs=1
2026-09-17T01:24:54.765839Z DEBUG panoptikon::inferio::http: processing local inference predict model=tags/wd-vit-tagger-v3 inputs=1
2026-09-17T01:24:54.766025Z DEBUG panoptikon::inferio::http: processing local inference predict model=tags/wd-vit-tagger-v3 inputs=1
2026-09-17T01:24:54.765994Z DEBUG panoptikon::inferio::http: processing local inference predict model=tags/wd-vit-tagger-v3 inputs=1
2026-09-17T01:24:54.765894Z DEBUG panoptikon::inferio::http: processing local inference predict model=tags/wd-vit-tagger-v3 inputs=1
2026-09-17T01:24:54.766102Z DEBUG panoptikon::inferio::http: processing local inference predict model=tags/wd-vit-tagger-v3 inputs=1
2026-09-17T01:24:54.766127Z DEBUG panoptikon::inferio::http: processing local inference predict model=tags/wd-vit-tagger-v3 inputs=1
2026-09-17T01:24:54.766197Z DEBUG panoptikon::inferio::http: processing local inference predict model=tags/wd-vit-tagger-v3 inputs=1
2026-09-17T01:24:54.766351Z DEBUG panoptikon::inferio::http: processing local inference predict model=tags/wd-vit-tagger-v3 inputs=1
2026-09-17T01:24:54.766396Z DEBUG panoptikon::inferio::http: processing local inference predict model=tags/wd-vit-tagger-v3 inputs=1
2026-09-17T01:24:54.766350Z DEBUG panoptikon::inferio::http: processing local inference predict model=tags/wd-vit-tagger-v3 inputs=1
2026-09-17T01:24:54.766487Z DEBUG panoptikon::inferio::http: processing local inference predict model=tags/wd-vit-tagger-v3 inputs=1
2026-09-17T01:24:54.766351Z DEBUG panoptikon::inferio::http: processing local inference predict model=tags/wd-vit-tagger-v3 inputs=1
2026-09-17T01:24:54.766451Z DEBUG panoptikon::inferio::http: processing local inference predict model=tags/wd-vit-tagger-v3 inputs=1
2026-09-17T01:24:54.766475Z DEBUG panoptikon::inferio::http: processing local inference predict model=tags/wd-vit-tagger-v3 inputs=1
2026-09-17T01:24:54.766361Z DEBUG panoptikon::inferio::http: processing local inference predict model=tags/wd-vit-tagger-v3 inputs=1
2026-09-17T01:24:54.766534Z DEBUG panoptikon::inferio::http: processing local inference predict model=tags/wd-vit-tagger-v3 inputs=1
2026-09-17T01:24:54.766538Z DEBUG panoptikon::inferio::http: processing local inference predict model=tags/wd-vit-tagger-v3 inputs=1
2026-09-17T01:24:54.766810Z DEBUG panoptikon::inferio::http: processing local inference predict model=tags/wd-vit-tagger-v3 inputs=1
2026-09-17T01:24:54.766906Z DEBUG panoptikon::inferio::http: processing local inference predict model=tags/wd-vit-tagger-v3 inputs=1
2026-09-17T01:24:54.766927Z DEBUG panoptikon::inferio::http: processing local inference predict model=tags/wd-vit-tagger-v3 inputs=1
2026-09-17T01:24:54.767004Z DEBUG panoptikon::inferio::http: processing local inference predict model=tags/wd-vit-tagger-v3 inputs=1
2026-09-17T01:24:54.767010Z DEBUG panoptikon::inferio::http: processing local inference predict model=tags/wd-vit-tagger-v3 inputs=1
2026-09-17T01:24:54.767031Z DEBUG panoptikon::inferio::http: processing local inference predict model=tags/wd-vit-tagger-v3 inputs=1
2026-09-17T01:24:54.767193Z DEBUG panoptikon::inferio::http: processing local inference predict model=tags/wd-vit-tagger-v3 inputs=1
2026-09-17T01:24:54.767348Z DEBUG panoptikon::inferio::http: processing local inference predict model=tags/wd-vit-tagger-v3 inputs=1
2026-09-17T01:24:54.767399Z DEBUG panoptikon::inferio::http: processing local inference predict model=tags/wd-vit-tagger-v3 inputs=1
2026-09-17T01:24:54.767370Z DEBUG panoptikon::inferio::http: processing local inference predict model=tags/wd-vit-tagger-v3 inputs=1
2026-09-17T01:24:54.767360Z DEBUG panoptikon::inferio::http: processing local inference predict model=tags/wd-vit-tagger-v3 inputs=1
2026-09-17T01:24:54.767523Z DEBUG panoptikon::inferio::http: processing local inference predict model=tags/wd-vit-tagger-v3 inputs=1
2026-09-17T01:24:54.767669Z DEBUG panoptikon::inferio::http: processing local inference predict model=tags/wd-vit-tagger-v3 inputs=1
2026-09-17T01:24:54.767668Z DEBUG panoptikon::inferio::http: processing local inference predict model=tags/wd-vit-tagger-v3 inputs=1
2026-09-17T01:24:54.767706Z DEBUG panoptikon::inferio::http: processing local inference predict model=tags/wd-vit-tagger-v3 inputs=1
2026-09-17T01:24:54.767762Z DEBUG panoptikon::inferio::http: processing local inference predict model=tags/wd-vit-tagger-v3 inputs=1
2026-09-17T01:24:54.767727Z DEBUG panoptikon::inferio::http: processing local inference predict model=tags/wd-vit-tagger-v3 inputs=1
2026-09-17T01:24:54.767742Z DEBUG panoptikon::inferio::http: processing local inference predict model=tags/wd-vit-tagger-v3 inputs=1
2026-09-17T01:24:54.767714Z DEBUG panoptikon::inferio::http: processing local inference predict model=tags/wd-vit-tagger-v3 inputs=1
2026-09-17T01:24:54.767773Z DEBUG panoptikon::inferio::http: processing local inference predict model=tags/wd-vit-tagger-v3 inputs=1
2026-09-17T01:24:54.767794Z DEBUG panoptikon::inferio::http: processing local inference predict model=tags/wd-vit-tagger-v3 inputs=1
2026-09-17T01:24:54.767831Z DEBUG panoptikon::inferio::http: processing local inference predict model=tags/wd-vit-tagger-v3 inputs=1
2026-09-17T01:24:54.768095Z DEBUG panoptikon::inferio::http: processing local inference predict model=tags/wd-vit-tagger-v3 inputs=1
2026-09-17T01:24:54.767988Z DEBUG panoptikon::inferio::http: processing local inference predict model=tags/wd-vit-tagger-v3 inputs=1
2026-09-17T01:24:54.767918Z DEBUG panoptikon::inferio::http: processing local inference predict model=tags/wd-vit-tagger-v3 inputs=1
2026-09-17T01:24:54.768147Z DEBUG panoptikon::inferio::http: processing local inference predict model=tags/wd-vit-tagger-v3 inputs=1
2026-09-17T01:24:54.768250Z DEBUG panoptikon::inferio::http: processing local inference predict model=tags/wd-vit-tagger-v3 inputs=1
2026-09-17T01:24:54.768197Z DEBUG panoptikon::inferio::http: processing local inference predict model=tags/wd-vit-tagger-v3 inputs=1
2026-09-17T01:24:54.768151Z DEBUG panoptikon::inferio::http: processing local inference predict model=tags/wd-vit-tagger-v3 inputs=1
2026-09-17T01:24:54.768279Z DEBUG panoptikon::inferio::http: processing local inference predict model=tags/wd-vit-tagger-v3 inputs=1
2026-09-17T01:24:54.768321Z DEBUG panoptikon::inferio::http: processing local inference predict model=tags/wd-vit-tagger-v3 inputs=1
2026-09-17T01:24:54.768593Z DEBUG panoptikon::inferio::http: processing local inference predict model=tags/wd-vit-tagger-v3 inputs=1
2026-09-17T01:24:54.768937Z DEBUG panoptikon::inferio::http: processing local inference predict model=tags/wd-vit-tagger-v3 inputs=1
2026-09-17T01:24:54.769025Z DEBUG panoptikon::inferio::http: processing local inference predict model=tags/wd-vit-tagger-v3 inputs=1
2026-09-17T01:24:54.769059Z DEBUG panoptikon::inferio::http: processing local inference predict model=tags/wd-vit-tagger-v3 inputs=1
2026-09-17T01:24:54.769044Z DEBUG panoptikon::inferio::http: processing local inference predict model=tags/wd-vit-tagger-v3 inputs=1
2026-09-17T01:24:54.769260Z DEBUG panoptikon::inferio::http: processing local inference predict model=tags/wd-vit-tagger-v3 inputs=1
2026-09-17T01:24:54.769301Z DEBUG panoptikon::inferio::http: processing local inference predict model=tags/wd-vit-tagger-v3 inputs=1
2026-09-17T01:24:54.769275Z DEBUG panoptikon::inferio::http: processing local inference predict model=tags/wd-vit-tagger-v3 inputs=1
2026-09-17T01:24:54.769280Z DEBUG panoptikon::inferio::http: processing local inference predict model=tags/wd-vit-tagger-v3 inputs=1
2026-09-17T01:24:54.769414Z DEBUG panoptikon::inferio::http: processing local inference predict model=tags/wd-vit-tagger-v3 inputs=1
2026-09-17T01:24:54.769370Z DEBUG panoptikon::inferio::http: processing local inference predict model=tags/wd-vit-tagger-v3 inputs=1
2026-09-17T01:24:54.769264Z DEBUG panoptikon::inferio::http: processing local inference predict model=tags/wd-vit-tagger-v3 inputs=1
2026-09-17T01:24:54.769544Z DEBUG panoptikon::inferio::http: processing local inference predict model=tags/wd-vit-tagger-v3 inputs=1
2026-09-17T01:24:54.769577Z DEBUG panoptikon::inferio::http: processing local inference predict model=tags/wd-vit-tagger-v3 inputs=1
2026-09-17T01:24:54.769629Z DEBUG panoptikon::inferio::http: processing local inference predict model=tags/wd-vit-tagger-v3 inputs=1
2026-09-17T01:24:54.769650Z DEBUG panoptikon::inferio::http: processing local inference predict model=tags/wd-vit-tagger-v3 inputs=1
2026-09-17T01:24:54.770017Z DEBUG panoptikon::inferio::http: processing local inference predict model=tags/wd-vit-tagger-v3 inputs=1
2026-09-17T01:24:54.770031Z DEBUG panoptikon::inferio::http: processing local inference predict model=tags/wd-vit-tagger-v3 inputs=1
2026-09-17T01:24:54.770109Z DEBUG panoptikon::inferio::http: processing local inference predict model=tags/wd-vit-tagger-v3 inputs=1
2026-09-17T01:24:54.770370Z DEBUG panoptikon::inferio::http: processing local inference predict model=tags/wd-vit-tagger-v3 inputs=1
2026-09-17T01:24:54.770531Z DEBUG panoptikon::inferio::http: processing local inference predict model=tags/wd-vit-tagger-v3 inputs=1
2026-09-17T01:24:54.770560Z DEBUG panoptikon::inferio::http: processing local inference predict model=tags/wd-vit-tagger-v3 inputs=1
2026-09-17T01:24:54.770630Z DEBUG panoptikon::inferio::http: processing local inference predict model=tags/wd-vit-tagger-v3 inputs=1
2026-09-17T01:24:54.770688Z DEBUG panoptikon::inferio::http: processing local inference predict model=tags/wd-vit-tagger-v3 inputs=1
2026-09-17T01:24:54.770746Z DEBUG panoptikon::inferio::http: processing local inference predict model=tags/wd-vit-tagger-v3 inputs=1
2026-09-17T01:24:54.770753Z DEBUG panoptikon::inferio::http: processing local inference predict model=tags/wd-vit-tagger-v3 inputs=1
2026-09-17T01:24:54.771155Z DEBUG panoptikon::inferio::http: processing local inference predict model=tags/wd-vit-tagger-v3 inputs=1
2026-09-17T01:24:54.771209Z DEBUG panoptikon::inferio::http: processing local inference predict model=tags/wd-vit-tagger-v3 inputs=1
2026-09-17T01:24:54.771297Z DEBUG panoptikon::inferio::ledger: issued a memory grant model=tags/wd-vit-tagger-v3 gpu=CPU unit_budget=64 mb=2330 canvas_pixels=none share_mb=83595 room_mb=83595 headroom_mb=82750 external_mb=43544 reserve_mb=1024 reserve_rule="capped_default" pre_fit=false ramp_step=5 deflation=0 squeezed=false window_requests=192
2026-09-17T01:25:33.362058Z DEBUG panoptikon::inferio::ledger: declining to read this model's throughput curve: the observations in one batch-size bucket disagree with each other by more than the knee's own decision band, so something outside this ledger was moving throughput while they were taken bucket=3 observations=39 dispersion=0.264339647280743 threshold=0.2
2026-09-17T01:25:33.362870Z DEBUG panoptikon::inferio::ledger: refitted the memory cost model model=tags/wd-vit-tagger-v3 gpu=CPU slope_mb_per_unit=36.02916666666667 intercept_mb=56.883333333333326 residual_mb=4.679166666666674 samples=9 version=15
2026-09-17T01:25:33.362937Z DEBUG panoptikon::inferio::ledger: declining to read this model's throughput curve: the observations in one batch-size bucket disagree with each other by more than the knee's own decision band, so something outside this ledger was moving throughput while they were taken bucket=3 observations=39 dispersion=0.264339647280743 threshold=0.2
2026-09-17T01:25:33.362968Z DEBUG panoptikon::inferio::ledger: queued a calibration profile update for the store model=tags/wd-vit-tagger-v3 gpu=CPU reason="fit_changed" max_units_measured=64 fit_version=15
2026-09-17T01:25:33.362990Z DEBUG panoptikon::inferio::ledger: settled a granted window model=tags/wd-vit-tagger-v3 gpu=CPU outcome="clean" fit_samples=3 throughput_samples=2 clamped_samples=0 clamped=none ramp_step=6 deflation=0 clean_windows=34 max_units_measured=64
2026-09-17T01:25:33.367225Z  INFO panoptikon::inferio::calibration: wrote the local calibration store path=data/inferio/calibration.toml profiles=1
2026-09-17T01:25:33.367774Z DEBUG panoptikon::inferio::http: processing local inference predict model=tags/wd-vit-tagger-v3 inputs=1
2026-09-17T01:25:33.368371Z DEBUG panoptikon::inferio::http: processing local inference predict model=tags/wd-vit-tagger-v3 inputs=1
2026-09-17T01:25:33.368562Z DEBUG panoptikon::inferio::http: processing local inference predict model=tags/wd-vit-tagger-v3 inputs=1
2026-09-17T01:25:33.368630Z DEBUG panoptikon::inferio::http: processing local inference predict model=tags/wd-vit-tagger-v3 inputs=1
2026-09-17T01:25:33.368826Z DEBUG panoptikon::inferio::http: processing local inference predict model=tags/wd-vit-tagger-v3 inputs=1
2026-09-17T01:25:33.369021Z DEBUG panoptikon::inferio::http: processing local inference predict model=tags/wd-vit-tagger-v3 inputs=1
2026-09-17T01:25:33.369085Z DEBUG panoptikon::inferio::http: processing local inference predict model=tags/wd-vit-tagger-v3 inputs=1
2026-09-17T01:25:33.369278Z DEBUG panoptikon::inferio::http: processing local inference predict model=tags/wd-vit-tagger-v3 inputs=1
2026-09-17T01:25:33.369402Z DEBUG panoptikon::inferio::http: processing local inference predict model=tags/wd-vit-tagger-v3 inputs=1
2026-09-17T01:25:33.369530Z DEBUG panoptikon::inferio::http: processing local inference predict model=tags/wd-vit-tagger-v3 inputs=1
2026-09-17T01:25:33.369637Z DEBUG panoptikon::inferio::http: processing local inference predict model=tags/wd-vit-tagger-v3 inputs=1
2026-09-17T01:25:33.369749Z DEBUG panoptikon::inferio::http: processing local inference predict model=tags/wd-vit-tagger-v3 inputs=1
2026-09-17T01:25:33.369853Z DEBUG panoptikon::inferio::http: processing local inference predict model=tags/wd-vit-tagger-v3 inputs=1
2026-09-17T01:25:33.369975Z DEBUG panoptikon::inferio::http: processing local inference predict model=tags/wd-vit-tagger-v3 inputs=1
2026-09-17T01:25:33.370013Z DEBUG panoptikon::inferio::http: processing local inference predict model=tags/wd-vit-tagger-v3 inputs=1
2026-09-17T01:25:33.370154Z DEBUG panoptikon::inferio::http: processing local inference predict model=tags/wd-vit-tagger-v3 inputs=1
2026-09-17T01:25:33.370361Z DEBUG panoptikon::inferio::http: processing local inference predict model=tags/wd-vit-tagger-v3 inputs=1
2026-09-17T01:25:33.371170Z DEBUG panoptikon::inferio::http: processing local inference predict model=tags/wd-vit-tagger-v3 inputs=1
2026-09-17T01:25:33.371814Z DEBUG panoptikon::inferio::http: processing local inference predict model=tags/wd-vit-tagger-v3 inputs=1
2026-09-17T01:25:33.372040Z DEBUG panoptikon::inferio::http: processing local inference predict model=tags/wd-vit-tagger-v3 inputs=1
2026-09-17T01:25:33.372159Z DEBUG panoptikon::inferio::http: processing local inference predict model=tags/wd-vit-tagger-v3 inputs=1
2026-09-17T01:25:33.372277Z DEBUG panoptikon::inferio::http: processing local inference predict model=tags/wd-vit-tagger-v3 inputs=1
2026-09-17T01:25:33.372319Z DEBUG panoptikon::inferio::http: processing local inference predict model=tags/wd-vit-tagger-v3 inputs=1
2026-09-17T01:25:33.372351Z DEBUG panoptikon::inferio::http: processing local inference predict model=tags/wd-vit-tagger-v3 inputs=1
2026-09-17T01:25:33.372439Z DEBUG panoptikon::inferio::http: processing local inference predict model=tags/wd-vit-tagger-v3 inputs=1
2026-09-17T01:25:33.372464Z DEBUG panoptikon::inferio::http: processing local inference predict model=tags/wd-vit-tagger-v3 inputs=1
2026-09-17T01:25:33.372535Z DEBUG panoptikon::inferio::http: processing local inference predict model=tags/wd-vit-tagger-v3 inputs=1
2026-09-17T01:25:33.372580Z DEBUG panoptikon::inferio::http: processing local inference predict model=tags/wd-vit-tagger-v3 inputs=1
2026-09-17T01:25:33.372716Z DEBUG panoptikon::inferio::http: processing local inference predict model=tags/wd-vit-tagger-v3 inputs=1
2026-09-17T01:25:33.372730Z DEBUG panoptikon::inferio::http: processing local inference predict model=tags/wd-vit-tagger-v3 inputs=1
2026-09-17T01:25:33.372801Z DEBUG panoptikon::inferio::http: processing local inference predict model=tags/wd-vit-tagger-v3 inputs=1
2026-09-17T01:25:33.372809Z DEBUG panoptikon::inferio::http: processing local inference predict model=tags/wd-vit-tagger-v3 inputs=1
2026-09-17T01:25:33.372888Z DEBUG panoptikon::inferio::http: processing local inference predict model=tags/wd-vit-tagger-v3 inputs=1
2026-09-17T01:25:33.372842Z DEBUG panoptikon::inferio::http: processing local inference predict model=tags/wd-vit-tagger-v3 inputs=1
2026-09-17T01:25:33.372956Z DEBUG panoptikon::inferio::http: processing local inference predict model=tags/wd-vit-tagger-v3 inputs=1
2026-09-17T01:25:33.373021Z DEBUG panoptikon::inferio::http: processing local inference predict model=tags/wd-vit-tagger-v3 inputs=1
2026-09-17T01:25:33.373032Z DEBUG panoptikon::inferio::http: processing local inference predict model=tags/wd-vit-tagger-v3 inputs=1
2026-09-17T01:25:33.373091Z DEBUG panoptikon::inferio::http: processing local inference predict model=tags/wd-vit-tagger-v3 inputs=1
2026-09-17T01:25:33.373095Z DEBUG panoptikon::inferio::http: processing local inference predict model=tags/wd-vit-tagger-v3 inputs=1
2026-09-17T01:25:33.373083Z DEBUG panoptikon::inferio::http: processing local inference predict model=tags/wd-vit-tagger-v3 inputs=1
2026-09-17T01:25:33.373111Z DEBUG panoptikon::inferio::http: processing local inference predict model=tags/wd-vit-tagger-v3 inputs=1
2026-09-17T01:25:33.373241Z DEBUG panoptikon::inferio::http: processing local inference predict model=tags/wd-vit-tagger-v3 inputs=1
2026-09-17T01:25:33.373159Z DEBUG panoptikon::inferio::http: processing local inference predict model=tags/wd-vit-tagger-v3 inputs=1
2026-09-17T01:25:33.373186Z DEBUG panoptikon::inferio::http: processing local inference predict model=tags/wd-vit-tagger-v3 inputs=1
2026-09-17T01:25:33.373201Z DEBUG panoptikon::inferio::http: processing local inference predict model=tags/wd-vit-tagger-v3 inputs=1
2026-09-17T01:25:33.373144Z DEBUG panoptikon::inferio::http: processing local inference predict model=tags/wd-vit-tagger-v3 inputs=1
2026-09-17T01:25:33.373253Z DEBUG panoptikon::inferio::http: processing local inference predict model=tags/wd-vit-tagger-v3 inputs=1
2026-09-17T01:25:33.373267Z DEBUG panoptikon::inferio::http: processing local inference predict model=tags/wd-vit-tagger-v3 inputs=1
2026-09-17T01:25:33.373485Z DEBUG panoptikon::inferio::http: processing local inference predict model=tags/wd-vit-tagger-v3 inputs=1
2026-09-17T01:25:33.373511Z DEBUG panoptikon::inferio::http: processing local inference predict model=tags/wd-vit-tagger-v3 inputs=1
2026-09-17T01:25:33.373472Z DEBUG panoptikon::inferio::http: processing local inference predict model=tags/wd-vit-tagger-v3 inputs=1
2026-09-17T01:25:33.373426Z DEBUG panoptikon::inferio::http: processing local inference predict model=tags/wd-vit-tagger-v3 inputs=1
2026-09-17T01:25:33.373460Z DEBUG panoptikon::inferio::http: processing local inference predict model=tags/wd-vit-tagger-v3 inputs=1
2026-09-17T01:25:33.373599Z DEBUG panoptikon::inferio::http: processing local inference predict model=tags/wd-vit-tagger-v3 inputs=1
2026-09-17T01:25:33.373671Z DEBUG panoptikon::inferio::http: processing local inference predict model=tags/wd-vit-tagger-v3 inputs=1
2026-09-17T01:25:33.373750Z DEBUG panoptikon::inferio::http: processing local inference predict model=tags/wd-vit-tagger-v3 inputs=1
2026-09-17T01:25:33.373763Z DEBUG panoptikon::inferio::http: processing local inference predict model=tags/wd-vit-tagger-v3 inputs=1
2026-09-17T01:25:33.373867Z DEBUG panoptikon::inferio::http: processing local inference predict model=tags/wd-vit-tagger-v3 inputs=1
2026-09-17T01:25:33.373946Z DEBUG panoptikon::inferio::http: processing local inference predict model=tags/wd-vit-tagger-v3 inputs=1
2026-09-17T01:25:33.374020Z DEBUG panoptikon::inferio::http: processing local inference predict model=tags/wd-vit-tagger-v3 inputs=1
2026-09-17T01:25:33.374071Z DEBUG panoptikon::inferio::http: processing local inference predict model=tags/wd-vit-tagger-v3 inputs=1
2026-09-17T01:25:33.374208Z DEBUG panoptikon::inferio::http: processing local inference predict model=tags/wd-vit-tagger-v3 inputs=1
2026-09-17T01:25:33.374220Z DEBUG panoptikon::inferio::http: processing local inference predict model=tags/wd-vit-tagger-v3 inputs=1
2026-09-17T01:25:33.374249Z DEBUG panoptikon::inferio::http: processing local inference predict model=tags/wd-vit-tagger-v3 inputs=1
2026-09-17T01:25:33.374392Z DEBUG panoptikon::inferio::http: processing local inference predict model=tags/wd-vit-tagger-v3 inputs=1
2026-09-17T01:25:33.374432Z DEBUG panoptikon::inferio::http: processing local inference predict model=tags/wd-vit-tagger-v3 inputs=1
2026-09-17T01:25:33.374425Z DEBUG panoptikon::inferio::http: processing local inference predict model=tags/wd-vit-tagger-v3 inputs=1
2026-09-17T01:25:33.374516Z DEBUG panoptikon::inferio::http: processing local inference predict model=tags/wd-vit-tagger-v3 inputs=1
2026-09-17T01:25:33.374410Z DEBUG panoptikon::inferio::http: processing local inference predict model=tags/wd-vit-tagger-v3 inputs=1
2026-09-17T01:25:33.374583Z DEBUG panoptikon::inferio::http: processing local inference predict model=tags/wd-vit-tagger-v3 inputs=1
2026-09-17T01:25:33.374532Z DEBUG panoptikon::inferio::http: processing local inference predict model=tags/wd-vit-tagger-v3 inputs=1
2026-09-17T01:25:33.374644Z DEBUG panoptikon::inferio::http: processing local inference predict model=tags/wd-vit-tagger-v3 inputs=1
2026-09-17T01:25:33.374644Z DEBUG panoptikon::inferio::http: processing local inference predict model=tags/wd-vit-tagger-v3 inputs=1
2026-09-17T01:25:33.374718Z DEBUG panoptikon::inferio::http: processing local inference predict model=tags/wd-vit-tagger-v3 inputs=1
2026-09-17T01:25:33.374631Z DEBUG panoptikon::inferio::http: processing local inference predict model=tags/wd-vit-tagger-v3 inputs=1
2026-09-17T01:25:33.374789Z DEBUG panoptikon::inferio::http: processing local inference predict model=tags/wd-vit-tagger-v3 inputs=1
2026-09-17T01:25:33.374825Z DEBUG panoptikon::inferio::http: processing local inference predict model=tags/wd-vit-tagger-v3 inputs=1
2026-09-17T01:25:33.374759Z DEBUG panoptikon::inferio::http: processing local inference predict model=tags/wd-vit-tagger-v3 inputs=1
2026-09-17T01:25:33.374724Z DEBUG panoptikon::inferio::http: processing local inference predict model=tags/wd-vit-tagger-v3 inputs=1
2026-09-17T01:25:33.374790Z DEBUG panoptikon::inferio::http: processing local inference predict model=tags/wd-vit-tagger-v3 inputs=1
2026-09-17T01:25:33.374971Z DEBUG panoptikon::inferio::http: processing local inference predict model=tags/wd-vit-tagger-v3 inputs=1
2026-09-17T01:25:33.374760Z DEBUG panoptikon::inferio::http: processing local inference predict model=tags/wd-vit-tagger-v3 inputs=1
2026-09-17T01:25:33.374833Z DEBUG panoptikon::inferio::http: processing local inference predict model=tags/wd-vit-tagger-v3 inputs=1
2026-09-17T01:25:33.374951Z DEBUG panoptikon::inferio::http: processing local inference predict model=tags/wd-vit-tagger-v3 inputs=1
2026-09-17T01:25:33.374813Z DEBUG panoptikon::inferio::http: processing local inference predict model=tags/wd-vit-tagger-v3 inputs=1
2026-09-17T01:25:33.375006Z DEBUG panoptikon::inferio::http: processing local inference predict model=tags/wd-vit-tagger-v3 inputs=1
2026-09-17T01:25:33.375201Z DEBUG panoptikon::inferio::http: processing local inference predict model=tags/wd-vit-tagger-v3 inputs=1
2026-09-17T01:25:33.375058Z DEBUG panoptikon::inferio::http: processing local inference predict model=tags/wd-vit-tagger-v3 inputs=1
2026-09-17T01:25:33.375058Z DEBUG panoptikon::inferio::http: processing local inference predict model=tags/wd-vit-tagger-v3 inputs=1
2026-09-17T01:25:33.375069Z DEBUG panoptikon::inferio::http: processing local inference predict model=tags/wd-vit-tagger-v3 inputs=1
2026-09-17T01:25:33.375152Z DEBUG panoptikon::inferio::http: processing local inference predict model=tags/wd-vit-tagger-v3 inputs=1
2026-09-17T01:25:33.375169Z DEBUG panoptikon::inferio::http: processing local inference predict model=tags/wd-vit-tagger-v3 inputs=1
2026-09-17T01:25:33.375178Z DEBUG panoptikon::inferio::http: processing local inference predict model=tags/wd-vit-tagger-v3 inputs=1
2026-09-17T01:25:33.375054Z DEBUG panoptikon::inferio::http: processing local inference predict model=tags/wd-vit-tagger-v3 inputs=1
2026-09-17T01:25:33.375265Z DEBUG panoptikon::inferio::http: processing local inference predict model=tags/wd-vit-tagger-v3 inputs=1
2026-09-17T01:25:33.375292Z DEBUG panoptikon::inferio::http: processing local inference predict model=tags/wd-vit-tagger-v3 inputs=1
2026-09-17T01:25:33.375577Z DEBUG panoptikon::inferio::http: processing local inference predict model=tags/wd-vit-tagger-v3 inputs=1
2026-09-17T01:25:33.375561Z DEBUG panoptikon::inferio::http: processing local inference predict model=tags/wd-vit-tagger-v3 inputs=1
2026-09-17T01:25:33.375293Z DEBUG panoptikon::inferio::http: processing local inference predict model=tags/wd-vit-tagger-v3 inputs=1
2026-09-17T01:25:33.375579Z DEBUG panoptikon::inferio::http: processing local inference predict model=tags/wd-vit-tagger-v3 inputs=1
2026-09-17T01:25:33.375616Z DEBUG panoptikon::inferio::http: processing local inference predict model=tags/wd-vit-tagger-v3 inputs=1
2026-09-17T01:25:33.375621Z DEBUG panoptikon::inferio::http: processing local inference predict model=tags/wd-vit-tagger-v3 inputs=1
2026-09-17T01:25:33.375637Z DEBUG panoptikon::inferio::http: processing local inference predict model=tags/wd-vit-tagger-v3 inputs=1
2026-09-17T01:25:33.375654Z DEBUG panoptikon::inferio::http: processing local inference predict model=tags/wd-vit-tagger-v3 inputs=1
2026-09-17T01:25:33.375798Z DEBUG panoptikon::inferio::http: processing local inference predict model=tags/wd-vit-tagger-v3 inputs=1
2026-09-17T01:25:33.375948Z DEBUG panoptikon::inferio::http: processing local inference predict model=tags/wd-vit-tagger-v3 inputs=1
2026-09-17T01:25:33.376033Z DEBUG panoptikon::inferio::http: processing local inference predict model=tags/wd-vit-tagger-v3 inputs=1
2026-09-17T01:25:33.376064Z DEBUG panoptikon::inferio::http: processing local inference predict model=tags/wd-vit-tagger-v3 inputs=1
2026-09-17T01:25:33.376016Z DEBUG panoptikon::inferio::http: processing local inference predict model=tags/wd-vit-tagger-v3 inputs=1
2026-09-17T01:25:33.376010Z DEBUG panoptikon::inferio::http: processing local inference predict model=tags/wd-vit-tagger-v3 inputs=1
2026-09-17T01:25:33.376182Z DEBUG panoptikon::inferio::http: processing local inference predict model=tags/wd-vit-tagger-v3 inputs=1
2026-09-17T01:25:33.376200Z DEBUG panoptikon::inferio::http: processing local inference predict model=tags/wd-vit-tagger-v3 inputs=1
2026-09-17T01:25:33.376246Z DEBUG panoptikon::inferio::http: processing local inference predict model=tags/wd-vit-tagger-v3 inputs=1
2026-09-17T01:25:33.376175Z DEBUG panoptikon::inferio::http: processing local inference predict model=tags/wd-vit-tagger-v3 inputs=1
2026-09-17T01:25:33.376182Z DEBUG panoptikon::inferio::http: processing local inference predict model=tags/wd-vit-tagger-v3 inputs=1
2026-09-17T01:25:33.376010Z DEBUG panoptikon::inferio::http: processing local inference predict model=tags/wd-vit-tagger-v3 inputs=1
2026-09-17T01:25:33.376414Z DEBUG panoptikon::inferio::http: processing local inference predict model=tags/wd-vit-tagger-v3 inputs=1
2026-09-17T01:25:33.376446Z DEBUG panoptikon::inferio::http: processing local inference predict model=tags/wd-vit-tagger-v3 inputs=1
2026-09-17T01:25:33.376486Z DEBUG panoptikon::inferio::http: processing local inference predict model=tags/wd-vit-tagger-v3 inputs=1
2026-09-17T01:25:33.376289Z DEBUG panoptikon::inferio::http: processing local inference predict model=tags/wd-vit-tagger-v3 inputs=1
2026-09-17T01:25:33.376555Z DEBUG panoptikon::inferio::http: processing local inference predict model=tags/wd-vit-tagger-v3 inputs=1
2026-09-17T01:25:33.376597Z DEBUG panoptikon::inferio::http: processing local inference predict model=tags/wd-vit-tagger-v3 inputs=1
2026-09-17T01:25:33.376393Z DEBUG panoptikon::inferio::http: processing local inference predict model=tags/wd-vit-tagger-v3 inputs=1
2026-09-17T01:25:33.376399Z DEBUG panoptikon::inferio::http: processing local inference predict model=tags/wd-vit-tagger-v3 inputs=1
2026-09-17T01:25:33.376692Z DEBUG panoptikon::inferio::http: processing local inference predict model=tags/wd-vit-tagger-v3 inputs=1
2026-09-17T01:25:33.376718Z DEBUG panoptikon::inferio::http: processing local inference predict model=tags/wd-vit-tagger-v3 inputs=1
2026-09-17T01:25:33.376742Z DEBUG panoptikon::inferio::http: processing local inference predict model=tags/wd-vit-tagger-v3 inputs=1
2026-09-17T01:25:33.376435Z DEBUG panoptikon::inferio::http: processing local inference predict model=tags/wd-vit-tagger-v3 inputs=1
2026-09-17T01:25:33.376803Z DEBUG panoptikon::inferio::http: processing local inference predict model=tags/wd-vit-tagger-v3 inputs=1
2026-09-17T01:25:33.376837Z DEBUG panoptikon::inferio::http: processing local inference predict model=tags/wd-vit-tagger-v3 inputs=1
2026-09-17T01:25:33.376862Z DEBUG panoptikon::inferio::http: processing local inference predict model=tags/wd-vit-tagger-v3 inputs=1
2026-09-17T01:25:33.376462Z DEBUG panoptikon::inferio::http: processing local inference predict model=tags/wd-vit-tagger-v3 inputs=1
2026-09-17T01:25:33.376463Z DEBUG panoptikon::inferio::http: processing local inference predict model=tags/wd-vit-tagger-v3 inputs=1
2026-09-17T01:25:33.376465Z DEBUG panoptikon::inferio::http: processing local inference predict model=tags/wd-vit-tagger-v3 inputs=1
2026-09-17T01:25:33.377003Z DEBUG panoptikon::inferio::http: processing local inference predict model=tags/wd-vit-tagger-v3 inputs=1
2026-09-17T01:25:33.376471Z DEBUG panoptikon::inferio::http: processing local inference predict model=tags/wd-vit-tagger-v3 inputs=1
2026-09-17T01:25:33.377083Z DEBUG panoptikon::inferio::http: processing local inference predict model=tags/wd-vit-tagger-v3 inputs=1
2026-09-17T01:25:33.377129Z DEBUG panoptikon::inferio::http: processing local inference predict model=tags/wd-vit-tagger-v3 inputs=1
2026-09-17T01:25:33.377152Z DEBUG panoptikon::inferio::http: processing local inference predict model=tags/wd-vit-tagger-v3 inputs=1
2026-09-17T01:25:33.377179Z DEBUG panoptikon::inferio::http: processing local inference predict model=tags/wd-vit-tagger-v3 inputs=1
2026-09-17T01:25:33.376507Z DEBUG panoptikon::inferio::http: processing local inference predict model=tags/wd-vit-tagger-v3 inputs=1
2026-09-17T01:25:33.376551Z DEBUG panoptikon::inferio::http: processing local inference predict model=tags/wd-vit-tagger-v3 inputs=1
2026-09-17T01:25:33.376563Z DEBUG panoptikon::inferio::http: processing local inference predict model=tags/wd-vit-tagger-v3 inputs=1
2026-09-17T01:25:33.377307Z DEBUG panoptikon::inferio::http: processing local inference predict model=tags/wd-vit-tagger-v3 inputs=1
2026-09-17T01:25:33.377326Z DEBUG panoptikon::inferio::http: processing local inference predict model=tags/wd-vit-tagger-v3 inputs=1
2026-09-17T01:25:33.377355Z DEBUG panoptikon::inferio::http: processing local inference predict model=tags/wd-vit-tagger-v3 inputs=1
2026-09-17T01:25:33.376694Z DEBUG panoptikon::inferio::http: processing local inference predict model=tags/wd-vit-tagger-v3 inputs=1
2026-09-17T01:25:33.377413Z DEBUG panoptikon::inferio::http: processing local inference predict model=tags/wd-vit-tagger-v3 inputs=1
2026-09-17T01:25:33.376720Z DEBUG panoptikon::inferio::http: processing local inference predict model=tags/wd-vit-tagger-v3 inputs=1
2026-09-17T01:25:33.376419Z DEBUG panoptikon::inferio::http: processing local inference predict model=tags/wd-vit-tagger-v3 inputs=1
2026-09-17T01:25:33.377542Z DEBUG panoptikon::inferio::http: processing local inference predict model=tags/wd-vit-tagger-v3 inputs=1
2026-09-17T01:25:33.376131Z DEBUG panoptikon::inferio::http: processing local inference predict model=tags/wd-vit-tagger-v3 inputs=1
2026-09-17T01:25:33.377606Z DEBUG panoptikon::inferio::http: processing local inference predict model=tags/wd-vit-tagger-v3 inputs=1
2026-09-17T01:25:33.377632Z DEBUG panoptikon::inferio::http: processing local inference predict model=tags/wd-vit-tagger-v3 inputs=1
2026-09-17T01:25:33.376834Z DEBUG panoptikon::inferio::http: processing local inference predict model=tags/wd-vit-tagger-v3 inputs=1
2026-09-17T01:25:33.376457Z DEBUG panoptikon::inferio::http: processing local inference predict model=tags/wd-vit-tagger-v3 inputs=1
2026-09-17T01:25:33.376462Z DEBUG panoptikon::inferio::http: processing local inference predict model=tags/wd-vit-tagger-v3 inputs=1
2026-09-17T01:25:33.377788Z DEBUG panoptikon::inferio::http: processing local inference predict model=tags/wd-vit-tagger-v3 inputs=1
2026-09-17T01:25:33.377841Z DEBUG panoptikon::inferio::http: processing local inference predict model=tags/wd-vit-tagger-v3 inputs=1
2026-09-17T01:25:33.376939Z DEBUG panoptikon::inferio::http: processing local inference predict model=tags/wd-vit-tagger-v3 inputs=1
2026-09-17T01:25:33.376972Z DEBUG panoptikon::inferio::http: processing local inference predict model=tags/wd-vit-tagger-v3 inputs=1
2026-09-17T01:25:33.376985Z DEBUG panoptikon::inferio::http: processing local inference predict model=tags/wd-vit-tagger-v3 inputs=1
2026-09-17T01:25:33.377993Z DEBUG panoptikon::inferio::http: processing local inference predict model=tags/wd-vit-tagger-v3 inputs=1
2026-09-17T01:25:33.376470Z DEBUG panoptikon::inferio::http: processing local inference predict model=tags/wd-vit-tagger-v3 inputs=1
2026-09-17T01:25:33.378062Z DEBUG panoptikon::inferio::http: processing local inference predict model=tags/wd-vit-tagger-v3 inputs=1
2026-09-17T01:25:33.376472Z DEBUG panoptikon::inferio::http: processing local inference predict model=tags/wd-vit-tagger-v3 inputs=1
2026-09-17T01:25:33.377103Z DEBUG panoptikon::inferio::http: processing local inference predict model=tags/wd-vit-tagger-v3 inputs=1
2026-09-17T01:25:33.376476Z DEBUG panoptikon::inferio::http: processing local inference predict model=tags/wd-vit-tagger-v3 inputs=1
2026-09-17T01:25:33.377155Z DEBUG panoptikon::inferio::http: processing local inference predict model=tags/wd-vit-tagger-v3 inputs=1
2026-09-17T01:25:33.377154Z DEBUG panoptikon::inferio::http: processing local inference predict model=tags/wd-vit-tagger-v3 inputs=1
2026-09-17T01:25:33.376495Z DEBUG panoptikon::inferio::http: processing local inference predict model=tags/wd-vit-tagger-v3 inputs=1
2026-09-17T01:25:33.377181Z DEBUG panoptikon::inferio::http: processing local inference predict model=tags/wd-vit-tagger-v3 inputs=1
2026-09-17T01:25:33.376173Z DEBUG panoptikon::inferio::http: processing local inference predict model=tags/wd-vit-tagger-v3 inputs=1
2026-09-17T01:25:33.377201Z DEBUG panoptikon::inferio::http: processing local inference predict model=tags/wd-vit-tagger-v3 inputs=1
2026-09-17T01:25:33.378398Z DEBUG panoptikon::inferio::http: processing local inference predict model=tags/wd-vit-tagger-v3 inputs=1
2026-09-17T01:25:33.377231Z DEBUG panoptikon::inferio::http: processing local inference predict model=tags/wd-vit-tagger-v3 inputs=1
2026-09-17T01:25:33.377279Z DEBUG panoptikon::inferio::http: processing local inference predict model=tags/wd-vit-tagger-v3 inputs=1
2026-09-17T01:25:33.377280Z DEBUG panoptikon::inferio::http: processing local inference predict model=tags/wd-vit-tagger-v3 inputs=1
2026-09-17T01:25:33.376359Z DEBUG panoptikon::inferio::http: processing local inference predict model=tags/wd-vit-tagger-v3 inputs=1
2026-09-17T01:25:33.378586Z DEBUG panoptikon::inferio::http: processing local inference predict model=tags/wd-vit-tagger-v3 inputs=1
2026-09-17T01:25:33.376389Z DEBUG panoptikon::inferio::http: processing local inference predict model=tags/wd-vit-tagger-v3 inputs=1
2026-09-17T01:25:33.376645Z DEBUG panoptikon::inferio::http: processing local inference predict model=tags/wd-vit-tagger-v3 inputs=1
2026-09-17T01:25:33.377418Z DEBUG panoptikon::inferio::http: processing local inference predict model=tags/wd-vit-tagger-v3 inputs=1
2026-09-17T01:25:33.378714Z DEBUG panoptikon::inferio::http: processing local inference predict model=tags/wd-vit-tagger-v3 inputs=1
2026-09-17T01:25:33.378745Z DEBUG panoptikon::inferio::http: processing local inference predict model=tags/wd-vit-tagger-v3 inputs=1
2026-09-17T01:25:33.376804Z DEBUG panoptikon::inferio::http: processing local inference predict model=tags/wd-vit-tagger-v3 inputs=1
2026-09-17T01:25:33.376260Z DEBUG panoptikon::inferio::http: processing local inference predict model=tags/wd-vit-tagger-v3 inputs=1
2026-09-17T01:25:33.378855Z DEBUG panoptikon::inferio::http: processing local inference predict model=tags/wd-vit-tagger-v3 inputs=1
2026-09-17T01:25:33.377775Z DEBUG panoptikon::inferio::http: processing local inference predict model=tags/wd-vit-tagger-v3 inputs=1
2026-09-17T01:25:33.376904Z DEBUG panoptikon::inferio::http: processing local inference predict model=tags/wd-vit-tagger-v3 inputs=1
2026-09-17T01:25:33.378946Z DEBUG panoptikon::inferio::http: processing local inference predict model=tags/wd-vit-tagger-v3 inputs=1
2026-09-17T01:25:33.377865Z DEBUG panoptikon::inferio::http: processing local inference predict model=tags/wd-vit-tagger-v3 inputs=1
2026-09-17T01:25:33.377915Z DEBUG panoptikon::inferio::http: processing local inference predict model=tags/wd-vit-tagger-v3 inputs=1
2026-09-17T01:25:33.379045Z DEBUG panoptikon::inferio::http: processing local inference predict model=tags/wd-vit-tagger-v3 inputs=1
2026-09-17T01:25:33.379072Z DEBUG panoptikon::inferio::http: processing local inference predict model=tags/wd-vit-tagger-v3 inputs=1
2026-09-17T01:25:33.379110Z DEBUG panoptikon::inferio::http: processing local inference predict model=tags/wd-vit-tagger-v3 inputs=1
2026-09-17T01:25:33.377030Z DEBUG panoptikon::inferio::http: processing local inference predict model=tags/wd-vit-tagger-v3 inputs=1
2026-09-17T01:25:33.378066Z DEBUG panoptikon::inferio::http: processing local inference predict model=tags/wd-vit-tagger-v3 inputs=1
2026-09-17T01:25:33.378074Z DEBUG panoptikon::inferio::http: processing local inference predict model=tags/wd-vit-tagger-v3 inputs=1
2026-09-17T01:25:33.378221Z DEBUG panoptikon::inferio::http: processing local inference predict model=tags/wd-vit-tagger-v3 inputs=1
2026-09-17T01:25:33.378226Z DEBUG panoptikon::inferio::http: processing local inference predict model=tags/wd-vit-tagger-v3 inputs=1
2026-09-17T01:25:33.379299Z DEBUG panoptikon::inferio::http: processing local inference predict model=tags/wd-vit-tagger-v3 inputs=1
2026-09-17T01:25:33.377225Z DEBUG panoptikon::inferio::http: processing local inference predict model=tags/wd-vit-tagger-v3 inputs=1
2026-09-17T01:25:33.378409Z DEBUG panoptikon::inferio::http: processing local inference predict model=tags/wd-vit-tagger-v3 inputs=1
2026-09-17T01:25:33.378414Z DEBUG panoptikon::inferio::http: processing local inference predict model=tags/wd-vit-tagger-v3 inputs=1
2026-09-17T01:25:33.379422Z DEBUG panoptikon::inferio::http: processing local inference predict model=tags/wd-vit-tagger-v3 inputs=1
2026-09-17T01:25:33.379462Z DEBUG panoptikon::inferio::http: processing local inference predict model=tags/wd-vit-tagger-v3 inputs=1
2026-09-17T01:25:33.378536Z DEBUG panoptikon::inferio::http: processing local inference predict model=tags/wd-vit-tagger-v3 inputs=1
2026-09-17T01:25:33.379608Z DEBUG panoptikon::inferio::http: processing local inference predict model=tags/wd-vit-tagger-v3 inputs=1
2026-09-17T01:25:33.377318Z DEBUG panoptikon::inferio::http: processing local inference predict model=tags/wd-vit-tagger-v3 inputs=1
2026-09-17T01:25:33.379711Z DEBUG panoptikon::inferio::http: processing local inference predict model=tags/wd-vit-tagger-v3 inputs=1
2026-09-17T01:25:33.379742Z DEBUG panoptikon::inferio::http: processing local inference predict model=tags/wd-vit-tagger-v3 inputs=1
2026-09-17T01:25:33.377743Z DEBUG panoptikon::inferio::http: processing local inference predict model=tags/wd-vit-tagger-v3 inputs=1
2026-09-17T01:25:33.376907Z DEBUG panoptikon::inferio::http: processing local inference predict model=tags/wd-vit-tagger-v3 inputs=1
2026-09-17T01:25:33.379845Z DEBUG panoptikon::inferio::http: processing local inference predict model=tags/wd-vit-tagger-v3 inputs=1
2026-09-17T01:25:33.379049Z DEBUG panoptikon::inferio::http: processing local inference predict model=tags/wd-vit-tagger-v3 inputs=1
2026-09-17T01:25:33.377953Z DEBUG panoptikon::inferio::http: processing local inference predict model=tags/wd-vit-tagger-v3 inputs=1
2026-09-17T01:25:33.379096Z DEBUG panoptikon::inferio::http: processing local inference predict model=tags/wd-vit-tagger-v3 inputs=1
2026-09-17T01:25:33.379118Z DEBUG panoptikon::inferio::http: processing local inference predict model=tags/wd-vit-tagger-v3 inputs=1
2026-09-17T01:25:33.380028Z DEBUG panoptikon::inferio::http: processing local inference predict model=tags/wd-vit-tagger-v3 inputs=1
2026-09-17T01:25:33.379310Z DEBUG panoptikon::inferio::http: processing local inference predict model=tags/wd-vit-tagger-v3 inputs=1
2026-09-17T01:25:33.378321Z DEBUG panoptikon::inferio::http: processing local inference predict model=tags/wd-vit-tagger-v3 inputs=1
2026-09-17T01:25:33.378447Z DEBUG panoptikon::inferio::http: processing local inference predict model=tags/wd-vit-tagger-v3 inputs=1
2026-09-17T01:25:33.378458Z DEBUG panoptikon::inferio::http: processing local inference predict model=tags/wd-vit-tagger-v3 inputs=1
2026-09-17T01:25:33.380214Z DEBUG panoptikon::inferio::http: processing local inference predict model=tags/wd-vit-tagger-v3 inputs=1
2026-09-17T01:25:33.380242Z DEBUG panoptikon::inferio::http: processing local inference predict model=tags/wd-vit-tagger-v3 inputs=1
2026-09-17T01:25:33.379531Z DEBUG panoptikon::inferio::http: processing local inference predict model=tags/wd-vit-tagger-v3 inputs=1
2026-09-17T01:25:33.380306Z DEBUG panoptikon::inferio::http: processing local inference predict model=tags/wd-vit-tagger-v3 inputs=1
2026-09-17T01:25:33.379574Z DEBUG panoptikon::inferio::http: processing local inference predict model=tags/wd-vit-tagger-v3 inputs=1
2026-09-17T01:25:33.379578Z DEBUG panoptikon::inferio::http: processing local inference predict model=tags/wd-vit-tagger-v3 inputs=1
2026-09-17T01:25:33.380405Z DEBUG panoptikon::inferio::http: processing local inference predict model=tags/wd-vit-tagger-v3 inputs=1
2026-09-17T01:25:33.379617Z DEBUG panoptikon::inferio::http: processing local inference predict model=tags/wd-vit-tagger-v3 inputs=1
2026-09-17T01:25:33.380479Z DEBUG panoptikon::inferio::http: processing local inference predict model=tags/wd-vit-tagger-v3 inputs=1
2026-09-17T01:25:33.379622Z DEBUG panoptikon::inferio::http: processing local inference predict model=tags/wd-vit-tagger-v3 inputs=1
2026-09-17T01:25:33.379631Z DEBUG panoptikon::inferio::http: processing local inference predict model=tags/wd-vit-tagger-v3 inputs=1
2026-09-17T01:25:33.379700Z DEBUG panoptikon::inferio::http: processing local inference predict model=tags/wd-vit-tagger-v3 inputs=1
2026-09-17T01:25:33.380594Z DEBUG panoptikon::inferio::http: processing local inference predict model=tags/wd-vit-tagger-v3 inputs=1
2026-09-17T01:25:33.380627Z DEBUG panoptikon::inferio::http: processing local inference predict model=tags/wd-vit-tagger-v3 inputs=1
2026-09-17T01:25:33.379845Z DEBUG panoptikon::inferio::http: processing local inference predict model=tags/wd-vit-tagger-v3 inputs=1
2026-09-17T01:25:33.377922Z DEBUG panoptikon::inferio::http: processing local inference predict model=tags/wd-vit-tagger-v3 inputs=1
2026-09-17T01:25:33.380015Z DEBUG panoptikon::inferio::http: processing local inference predict model=tags/wd-vit-tagger-v3 inputs=1
2026-09-17T01:25:33.377007Z DEBUG panoptikon::inferio::http: processing local inference predict model=tags/wd-vit-tagger-v3 inputs=1
2026-09-17T01:25:33.380056Z DEBUG panoptikon::inferio::http: processing local inference predict model=tags/wd-vit-tagger-v3 inputs=1
2026-09-17T01:25:33.380862Z DEBUG panoptikon::inferio::http: processing local inference predict model=tags/wd-vit-tagger-v3 inputs=1
2026-09-17T01:25:33.380205Z DEBUG panoptikon::inferio::http: processing local inference predict model=tags/wd-vit-tagger-v3 inputs=1
2026-09-17T01:25:33.380919Z DEBUG panoptikon::inferio::http: processing local inference predict model=tags/wd-vit-tagger-v3 inputs=1
2026-09-17T01:25:33.380248Z DEBUG panoptikon::inferio::http: processing local inference predict model=tags/wd-vit-tagger-v3 inputs=1
2026-09-17T01:25:33.379520Z DEBUG panoptikon::inferio::http: processing local inference predict model=tags/wd-vit-tagger-v3 inputs=1
2026-09-17T01:25:33.380251Z DEBUG panoptikon::inferio::http: processing local inference predict model=tags/wd-vit-tagger-v3 inputs=1
2026-09-17T01:25:33.380278Z DEBUG panoptikon::inferio::http: processing local inference predict model=tags/wd-vit-tagger-v3 inputs=1
2026-09-17T01:25:33.381121Z DEBUG panoptikon::inferio::http: processing local inference predict model=tags/wd-vit-tagger-v3 inputs=1
2026-09-17T01:25:33.380306Z DEBUG panoptikon::inferio::http: processing local inference predict model=tags/wd-vit-tagger-v3 inputs=1
2026-09-17T01:25:33.380313Z DEBUG panoptikon::inferio::http: processing local inference predict model=tags/wd-vit-tagger-v3 inputs=1
2026-09-17T01:25:33.381261Z DEBUG panoptikon::inferio::http: processing local inference predict model=tags/wd-vit-tagger-v3 inputs=1
2026-09-17T01:25:33.381287Z DEBUG panoptikon::inferio::http: processing local inference predict model=tags/wd-vit-tagger-v3 inputs=1
2026-09-17T01:25:33.381321Z DEBUG panoptikon::inferio::http: processing local inference predict model=tags/wd-vit-tagger-v3 inputs=1
2026-09-17T01:25:33.381348Z DEBUG panoptikon::inferio::http: processing local inference predict model=tags/wd-vit-tagger-v3 inputs=1
2026-09-17T01:25:33.380361Z DEBUG panoptikon::inferio::http: processing local inference predict model=tags/wd-vit-tagger-v3 inputs=1
2026-09-17T01:25:33.380382Z DEBUG panoptikon::inferio::http: processing local inference predict model=tags/wd-vit-tagger-v3 inputs=1
2026-09-17T01:25:33.380386Z DEBUG panoptikon::inferio::http: processing local inference predict model=tags/wd-vit-tagger-v3 inputs=1
2026-09-17T01:25:33.379580Z DEBUG panoptikon::inferio::http: processing local inference predict model=tags/wd-vit-tagger-v3 inputs=1
2026-09-17T01:25:33.380422Z DEBUG panoptikon::inferio::http: processing local inference predict model=tags/wd-vit-tagger-v3 inputs=1
2026-09-17T01:25:33.378593Z DEBUG panoptikon::inferio::http: processing local inference predict model=tags/wd-vit-tagger-v3 inputs=1
2026-09-17T01:25:33.380543Z DEBUG panoptikon::inferio::http: processing local inference predict model=tags/wd-vit-tagger-v3 inputs=1
2026-09-17T01:25:33.381634Z DEBUG panoptikon::inferio::http: processing local inference predict model=tags/wd-vit-tagger-v3 inputs=1
2026-09-17T01:25:33.380576Z DEBUG panoptikon::inferio::http: processing local inference predict model=tags/wd-vit-tagger-v3 inputs=1
2026-09-17T01:25:33.376411Z DEBUG panoptikon::inferio::http: processing local inference predict model=tags/wd-vit-tagger-v3 inputs=1
2026-09-17T01:25:33.376727Z DEBUG panoptikon::inferio::http: processing local inference predict model=tags/wd-vit-tagger-v3 inputs=1
2026-09-17T01:25:33.380720Z DEBUG panoptikon::inferio::http: processing local inference predict model=tags/wd-vit-tagger-v3 inputs=1
2026-09-17T01:25:33.380759Z DEBUG panoptikon::inferio::http: processing local inference predict model=tags/wd-vit-tagger-v3 inputs=1
2026-09-17T01:25:33.380089Z DEBUG panoptikon::inferio::http: processing local inference predict model=tags/wd-vit-tagger-v3 inputs=1
2026-09-17T01:25:33.381885Z DEBUG panoptikon::inferio::http: processing local inference predict model=tags/wd-vit-tagger-v3 inputs=1
2026-09-17T01:25:33.380957Z DEBUG panoptikon::inferio::http: processing local inference predict model=tags/wd-vit-tagger-v3 inputs=1
2026-09-17T01:25:33.381975Z DEBUG panoptikon::inferio::http: processing local inference predict model=tags/wd-vit-tagger-v3 inputs=1
2026-09-17T01:25:33.380291Z DEBUG panoptikon::inferio::http: processing local inference predict model=tags/wd-vit-tagger-v3 inputs=1
2026-09-17T01:25:33.379573Z DEBUG panoptikon::inferio::http: processing local inference predict model=tags/wd-vit-tagger-v3 inputs=1
2026-09-17T01:25:33.380336Z DEBUG panoptikon::inferio::http: processing local inference predict model=tags/wd-vit-tagger-v3 inputs=1
2026-09-17T01:25:33.381296Z DEBUG panoptikon::inferio::http: processing local inference predict model=tags/wd-vit-tagger-v3 inputs=1
2026-09-17T01:25:33.382156Z DEBUG panoptikon::inferio::http: processing local inference predict model=tags/wd-vit-tagger-v3 inputs=1
2026-09-17T01:25:33.381330Z DEBUG panoptikon::inferio::http: processing local inference predict model=tags/wd-vit-tagger-v3 inputs=1
2026-09-17T01:25:33.381351Z DEBUG panoptikon::inferio::http: processing local inference predict model=tags/wd-vit-tagger-v3 inputs=1
2026-09-17T01:25:33.380358Z DEBUG panoptikon::inferio::http: processing local inference predict model=tags/wd-vit-tagger-v3 inputs=1
2026-09-17T01:25:33.382281Z DEBUG panoptikon::inferio::http: processing local inference predict model=tags/wd-vit-tagger-v3 inputs=1
2026-09-17T01:25:33.381497Z DEBUG panoptikon::inferio::http: processing local inference predict model=tags/wd-vit-tagger-v3 inputs=1
2026-09-17T01:25:33.381624Z DEBUG panoptikon::inferio::http: processing local inference predict model=tags/wd-vit-tagger-v3 inputs=1
2026-09-17T01:25:33.381741Z DEBUG panoptikon::inferio::http: processing local inference predict model=tags/wd-vit-tagger-v3 inputs=1
2026-09-17T01:25:33.381792Z DEBUG panoptikon::inferio::http: processing local inference predict model=tags/wd-vit-tagger-v3 inputs=1
2026-09-17T01:25:33.381801Z DEBUG panoptikon::inferio::http: processing local inference predict model=tags/wd-vit-tagger-v3 inputs=1
2026-09-17T01:25:33.379468Z DEBUG panoptikon::inferio::http: processing local inference predict model=tags/wd-vit-tagger-v3 inputs=1
2026-09-17T01:25:33.382528Z DEBUG panoptikon::inferio::http: processing local inference predict model=tags/wd-vit-tagger-v3 inputs=1
2026-09-17T01:25:33.382015Z DEBUG panoptikon::inferio::http: processing local inference predict model=tags/wd-vit-tagger-v3 inputs=1
2026-09-17T01:25:33.382161Z DEBUG panoptikon::inferio::http: processing local inference predict model=tags/wd-vit-tagger-v3 inputs=1
2026-09-17T01:25:33.380353Z DEBUG panoptikon::inferio::http: processing local inference predict model=tags/wd-vit-tagger-v3 inputs=1
2026-09-17T01:25:33.382176Z DEBUG panoptikon::inferio::http: processing local inference predict model=tags/wd-vit-tagger-v3 inputs=1
2026-09-17T01:25:33.381359Z DEBUG panoptikon::inferio::http: processing local inference predict model=tags/wd-vit-tagger-v3 inputs=1
2026-09-17T01:25:33.382324Z DEBUG panoptikon::inferio::http: processing local inference predict model=tags/wd-vit-tagger-v3 inputs=1
2026-09-17T01:25:33.382775Z DEBUG panoptikon::inferio::http: processing local inference predict model=tags/wd-vit-tagger-v3 inputs=1
2026-09-17T01:25:33.382798Z DEBUG panoptikon::inferio::http: processing local inference predict model=tags/wd-vit-tagger-v3 inputs=1
2026-09-17T01:25:33.381036Z DEBUG panoptikon::inferio::http: processing local inference predict model=tags/wd-vit-tagger-v3 inputs=1
2026-09-17T01:25:33.382570Z DEBUG panoptikon::inferio::http: processing local inference predict model=tags/wd-vit-tagger-v3 inputs=1
2026-09-17T01:25:33.382594Z DEBUG panoptikon::inferio::http: processing local inference predict model=tags/wd-vit-tagger-v3 inputs=1
2026-09-17T01:25:33.382681Z DEBUG panoptikon::inferio::http: processing local inference predict model=tags/wd-vit-tagger-v3 inputs=1
2026-09-17T01:25:33.382687Z DEBUG panoptikon::inferio::http: processing local inference predict model=tags/wd-vit-tagger-v3 inputs=1
2026-09-17T01:25:33.382728Z DEBUG panoptikon::inferio::http: processing local inference predict model=tags/wd-vit-tagger-v3 inputs=1
2026-09-17T01:25:33.382364Z DEBUG panoptikon::inferio::http: processing local inference predict model=tags/wd-vit-tagger-v3 inputs=1
2026-09-17T01:25:33.382516Z DEBUG panoptikon::inferio::http: processing local inference predict model=tags/wd-vit-tagger-v3 inputs=1
2026-09-17T01:25:33.382877Z DEBUG panoptikon::inferio::http: processing local inference predict model=tags/wd-vit-tagger-v3 inputs=1
2026-09-17T01:25:33.382883Z DEBUG panoptikon::inferio::http: processing local inference predict model=tags/wd-vit-tagger-v3 inputs=1
2026-09-17T01:25:33.382953Z DEBUG panoptikon::inferio::http: processing local inference predict model=tags/wd-vit-tagger-v3 inputs=1
2026-09-17T01:25:33.383041Z DEBUG panoptikon::inferio::http: processing local inference predict model=tags/wd-vit-tagger-v3 inputs=1
2026-09-17T01:25:33.383053Z DEBUG panoptikon::inferio::http: processing local inference predict model=tags/wd-vit-tagger-v3 inputs=1
2026-09-17T01:25:33.383054Z DEBUG panoptikon::inferio::ledger: issued a memory grant model=tags/wd-vit-tagger-v3 gpu=CPU unit_budget=128 mb=4612 canvas_pixels=none share_mb=89284 room_mb=89284 headroom_mb=87351 external_mb=37855 reserve_mb=1024 reserve_rule="capped_default" pre_fit=false ramp_step=6 deflation=0 squeezed=false window_requests=303
2026-09-17T01:25:33.383130Z DEBUG panoptikon::inferio::http: processing local inference predict model=tags/wd-vit-tagger-v3 inputs=1
2026-09-17T01:25:33.383349Z DEBUG panoptikon::inferio::http: processing local inference predict model=tags/wd-vit-tagger-v3 inputs=1
2026-09-17T01:25:33.383232Z DEBUG panoptikon::inferio::http: processing local inference predict model=tags/wd-vit-tagger-v3 inputs=1
2026-09-17T01:25:33.383206Z DEBUG panoptikon::inferio::http: processing local inference predict model=tags/wd-vit-tagger-v3 inputs=1
2026-09-17T01:25:33.383408Z DEBUG panoptikon::inferio::http: processing local inference predict model=tags/wd-vit-tagger-v3 inputs=1
2026-09-17T01:25:33.383417Z DEBUG panoptikon::inferio::http: processing local inference predict model=tags/wd-vit-tagger-v3 inputs=1
2026-09-17T01:25:33.383526Z DEBUG panoptikon::inferio::http: processing local inference predict model=tags/wd-vit-tagger-v3 inputs=1
2026-09-17T01:25:33.383573Z DEBUG panoptikon::inferio::http: processing local inference predict model=tags/wd-vit-tagger-v3 inputs=1
2026-09-17T01:25:33.383635Z DEBUG panoptikon::inferio::http: processing local inference predict model=tags/wd-vit-tagger-v3 inputs=1
2026-09-17T01:25:33.384190Z DEBUG panoptikon::inferio::http: processing local inference predict model=tags/wd-vit-tagger-v3 inputs=1
2026-09-17T01:25:33.384341Z DEBUG panoptikon::inferio::http: processing local inference predict model=tags/wd-vit-tagger-v3 inputs=1
2026-09-17T01:25:33.384433Z DEBUG panoptikon::inferio::http: processing local inference predict model=tags/wd-vit-tagger-v3 inputs=1
2026-09-17T01:25:33.384475Z DEBUG panoptikon::inferio::http: processing local inference predict model=tags/wd-vit-tagger-v3 inputs=1
2026-09-17T01:25:33.384833Z DEBUG panoptikon::inferio::http: processing local inference predict model=tags/wd-vit-tagger-v3 inputs=1
2026-09-17T01:25:33.384844Z DEBUG panoptikon::inferio::http: processing local inference predict model=tags/wd-vit-tagger-v3 inputs=1
2026-09-17T01:25:33.384840Z DEBUG panoptikon::inferio::http: processing local inference predict model=tags/wd-vit-tagger-v3 inputs=1
2026-09-17T01:25:33.385244Z DEBUG panoptikon::inferio::http: processing local inference predict model=tags/wd-vit-tagger-v3 inputs=1
2026-09-17T01:25:33.385256Z DEBUG panoptikon::inferio::http: processing local inference predict model=tags/wd-vit-tagger-v3 inputs=1
2026-09-17T01:25:33.385301Z DEBUG panoptikon::inferio::http: processing local inference predict model=tags/wd-vit-tagger-v3 inputs=1
2026-09-17T01:25:33.385555Z DEBUG panoptikon::inferio::http: processing local inference predict model=tags/wd-vit-tagger-v3 inputs=1
2026-09-17T01:25:33.385587Z DEBUG panoptikon::inferio::http: processing local inference predict model=tags/wd-vit-tagger-v3 inputs=1
2026-09-17T01:25:33.385640Z DEBUG panoptikon::inferio::http: processing local inference predict model=tags/wd-vit-tagger-v3 inputs=1
2026-09-17T01:25:33.385733Z DEBUG panoptikon::inferio::http: processing local inference predict model=tags/wd-vit-tagger-v3 inputs=1
2026-09-17T01:25:33.385745Z DEBUG panoptikon::inferio::http: processing local inference predict model=tags/wd-vit-tagger-v3 inputs=1
2026-09-17T01:25:33.385969Z DEBUG panoptikon::inferio::http: processing local inference predict model=tags/wd-vit-tagger-v3 inputs=1
2026-09-17T01:25:33.386114Z DEBUG panoptikon::inferio::http: processing local inference predict model=tags/wd-vit-tagger-v3 inputs=1
2026-09-17T01:25:33.386121Z DEBUG panoptikon::inferio::http: processing local inference predict model=tags/wd-vit-tagger-v3 inputs=1
2026-09-17T01:25:33.386220Z DEBUG panoptikon::inferio::http: processing local inference predict model=tags/wd-vit-tagger-v3 inputs=1
2026-09-17T01:25:33.386364Z DEBUG panoptikon::inferio::http: processing local inference predict model=tags/wd-vit-tagger-v3 inputs=1
2026-09-17T01:25:33.386547Z DEBUG panoptikon::inferio::http: processing local inference predict model=tags/wd-vit-tagger-v3 inputs=1
2026-09-17T01:25:33.386559Z DEBUG panoptikon::inferio::http: processing local inference predict model=tags/wd-vit-tagger-v3 inputs=1
2026-09-17T01:25:33.386606Z DEBUG panoptikon::inferio::http: processing local inference predict model=tags/wd-vit-tagger-v3 inputs=1
2026-09-17T01:25:33.386715Z DEBUG panoptikon::inferio::http: processing local inference predict model=tags/wd-vit-tagger-v3 inputs=1
2026-09-17T01:25:33.386929Z DEBUG panoptikon::inferio::http: processing local inference predict model=tags/wd-vit-tagger-v3 inputs=1
2026-09-17T01:25:33.387119Z DEBUG panoptikon::inferio::http: processing local inference predict model=tags/wd-vit-tagger-v3 inputs=1
2026-09-17T01:25:33.387172Z DEBUG panoptikon::inferio::http: processing local inference predict model=tags/wd-vit-tagger-v3 inputs=1
2026-09-17T01:25:33.387209Z DEBUG panoptikon::inferio::http: processing local inference predict model=tags/wd-vit-tagger-v3 inputs=1
2026-09-17T01:25:33.387243Z DEBUG panoptikon::inferio::http: processing local inference predict model=tags/wd-vit-tagger-v3 inputs=1
2026-09-17T01:25:33.387464Z DEBUG panoptikon::inferio::http: processing local inference predict model=tags/wd-vit-tagger-v3 inputs=1
2026-09-17T01:25:33.387523Z DEBUG panoptikon::inferio::http: processing local inference predict model=tags/wd-vit-tagger-v3 inputs=1
2026-09-17T01:25:33.387599Z DEBUG panoptikon::inferio::http: processing local inference predict model=tags/wd-vit-tagger-v3 inputs=1
2026-09-17T01:25:33.387626Z DEBUG panoptikon::inferio::http: processing local inference predict model=tags/wd-vit-tagger-v3 inputs=1
2026-09-17T01:25:33.387703Z DEBUG panoptikon::inferio::http: processing local inference predict model=tags/wd-vit-tagger-v3 inputs=1
2026-09-17T01:25:33.388031Z DEBUG panoptikon::inferio::http: processing local inference predict model=tags/wd-vit-tagger-v3 inputs=1
2026-09-17T01:25:33.388118Z DEBUG panoptikon::inferio::http: processing local inference predict model=tags/wd-vit-tagger-v3 inputs=1
2026-09-17T01:25:33.388179Z DEBUG panoptikon::inferio::http: processing local inference predict model=tags/wd-vit-tagger-v3 inputs=1
2026-09-17T01:25:33.388344Z DEBUG panoptikon::inferio::http: processing local inference predict model=tags/wd-vit-tagger-v3 inputs=1
2026-09-17T01:25:33.388395Z DEBUG panoptikon::inferio::http: processing local inference predict model=tags/wd-vit-tagger-v3 inputs=1
2026-09-17T01:25:33.388410Z DEBUG panoptikon::inferio::http: processing local inference predict model=tags/wd-vit-tagger-v3 inputs=1
2026-09-17T01:25:33.388567Z DEBUG panoptikon::inferio::http: processing local inference predict model=tags/wd-vit-tagger-v3 inputs=1
2026-09-17T01:25:33.388668Z DEBUG panoptikon::inferio::http: processing local inference predict model=tags/wd-vit-tagger-v3 inputs=1
2026-09-17T01:25:33.388766Z DEBUG panoptikon::inferio::http: processing local inference predict model=tags/wd-vit-tagger-v3 inputs=1
2026-09-17T01:25:33.388881Z DEBUG panoptikon::inferio::http: processing local inference predict model=tags/wd-vit-tagger-v3 inputs=1
2026-09-17T01:25:33.388907Z DEBUG panoptikon::inferio::http: processing local inference predict model=tags/wd-vit-tagger-v3 inputs=1
2026-09-17T01:25:33.388955Z DEBUG panoptikon::inferio::http: processing local inference predict model=tags/wd-vit-tagger-v3 inputs=1
2026-09-17T01:25:33.389106Z DEBUG panoptikon::inferio::http: processing local inference predict model=tags/wd-vit-tagger-v3 inputs=1
2026-09-17T01:25:33.389124Z DEBUG panoptikon::inferio::http: processing local inference predict model=tags/wd-vit-tagger-v3 inputs=1
2026-09-17T01:25:33.389289Z DEBUG panoptikon::inferio::http: processing local inference predict model=tags/wd-vit-tagger-v3 inputs=1
2026-09-17T01:25:33.389345Z DEBUG panoptikon::inferio::http: processing local inference predict model=tags/wd-vit-tagger-v3 inputs=1
2026-09-17T01:25:33.389529Z DEBUG panoptikon::inferio::http: processing local inference predict model=tags/wd-vit-tagger-v3 inputs=1
2026-09-17T01:25:33.389580Z DEBUG panoptikon::inferio::http: processing local inference predict model=tags/wd-vit-tagger-v3 inputs=1
2026-09-17T01:25:33.389784Z DEBUG panoptikon::inferio::http: processing local inference predict model=tags/wd-vit-tagger-v3 inputs=1
2026-09-17T01:25:33.390162Z DEBUG panoptikon::inferio::http: processing local inference predict model=tags/wd-vit-tagger-v3 inputs=1
2026-09-17T01:25:33.390193Z DEBUG panoptikon::inferio::http: processing local inference predict model=tags/wd-vit-tagger-v3 inputs=1
2026-09-17T01:25:33.390204Z DEBUG panoptikon::inferio::http: processing local inference predict model=tags/wd-vit-tagger-v3 inputs=1
2026-09-17T01:25:33.390359Z DEBUG panoptikon::inferio::http: processing local inference predict model=tags/wd-vit-tagger-v3 inputs=1
2026-09-17T01:25:33.390454Z DEBUG panoptikon::inferio::http: processing local inference predict model=tags/wd-vit-tagger-v3 inputs=1
2026-09-17T01:25:33.390572Z DEBUG panoptikon::inferio::http: processing local inference predict model=tags/wd-vit-tagger-v3 inputs=1
2026-09-17T01:25:33.390812Z DEBUG panoptikon::inferio::http: processing local inference predict model=tags/wd-vit-tagger-v3 inputs=1
2026-09-17T01:25:33.390842Z DEBUG panoptikon::inferio::http: processing local inference predict model=tags/wd-vit-tagger-v3 inputs=1
2026-09-17T01:25:33.390846Z DEBUG panoptikon::inferio::http: processing local inference predict model=tags/wd-vit-tagger-v3 inputs=1
2026-09-17T01:25:33.390850Z DEBUG panoptikon::inferio::http: processing local inference predict model=tags/wd-vit-tagger-v3 inputs=1
2026-09-17T01:25:33.390883Z DEBUG panoptikon::inferio::http: processing local inference predict model=tags/wd-vit-tagger-v3 inputs=1
2026-09-17T01:26:22.545690Z  INFO panoptikon::inferio::ledger: holding the throughput ramp at this rung: the ring cannot certify this rung yet model=tags/wd-vit-tagger-v3 gpu=CPU units=128 certified=false knee_binds=false
2026-09-17T01:26:22.546010Z DEBUG panoptikon::inferio::ledger: refitted the memory cost model model=tags/wd-vit-tagger-v3 gpu=CPU slope_mb_per_unit=35.34920634920635 intercept_mb=63.206349206349216 residual_mb=8.555555555555657 samples=11 version=16
2026-09-17T01:26:22.546129Z DEBUG panoptikon::inferio::ledger: declining to read this model's throughput curve: the observations in one batch-size bucket disagree with each other by more than the knee's own decision band, so something outside this ledger was moving throughput while they were taken bucket=3 observations=39 dispersion=0.264339647280743 threshold=0.2
2026-09-17T01:26:22.546172Z DEBUG panoptikon::inferio::ledger: queued a calibration profile update for the store model=tags/wd-vit-tagger-v3 gpu=CPU reason="fit_changed" max_units_measured=128 fit_version=16
2026-09-17T01:26:22.546203Z DEBUG panoptikon::inferio::ledger: settled a granted window model=tags/wd-vit-tagger-v3 gpu=CPU outcome="clean" fit_samples=3 throughput_samples=1 clamped_samples=0 clamped=none ramp_step=6 deflation=0 clean_windows=35 max_units_measured=128
2026-09-17T01:26:22.548363Z  INFO panoptikon::inferio::calibration: wrote the local calibration store path=data/inferio/calibration.toml profiles=1
2026-09-17T01:26:22.565694Z DEBUG panoptikon::inferio::ledger: issued a memory grant model=tags/wd-vit-tagger-v3 gpu=CPU unit_budget=81 mb=2864 canvas_pixels=none share_mb=92631 room_mb=92631 headroom_mb=88521 external_mb=34508 reserve_mb=1024 reserve_rule="capped_default" pre_fit=false ramp_step=6 deflation=0 squeezed=false window_requests=81
2026-09-17T01:26:22.583226Z DEBUG panoptikon::inferio::http: processing local inference predict model=tags/wd-vit-tagger-v3 inputs=1
2026-09-17T01:26:22.583416Z DEBUG panoptikon::inferio::http: processing local inference predict model=tags/wd-vit-tagger-v3 inputs=1
2026-09-17T01:26:22.583539Z DEBUG panoptikon::inferio::http: processing local inference predict model=tags/wd-vit-tagger-v3 inputs=1
2026-09-17T01:26:22.583914Z DEBUG panoptikon::inferio::http: processing local inference predict model=tags/wd-vit-tagger-v3 inputs=1
2026-09-17T01:26:22.583978Z DEBUG panoptikon::inferio::http: processing local inference predict model=tags/wd-vit-tagger-v3 inputs=1
2026-09-17T01:26:22.584198Z DEBUG panoptikon::inferio::http: processing local inference predict model=tags/wd-vit-tagger-v3 inputs=1
2026-09-17T01:26:22.584409Z DEBUG panoptikon::inferio::http: processing local inference predict model=tags/wd-vit-tagger-v3 inputs=1
2026-09-17T01:26:22.584491Z DEBUG panoptikon::inferio::http: processing local inference predict model=tags/wd-vit-tagger-v3 inputs=1
2026-09-17T01:26:22.585089Z DEBUG panoptikon::inferio::http: processing local inference predict model=tags/wd-vit-tagger-v3 inputs=1
2026-09-17T01:26:22.585176Z DEBUG panoptikon::inferio::http: processing local inference predict model=tags/wd-vit-tagger-v3 inputs=1
2026-09-17T01:26:22.585309Z DEBUG panoptikon::inferio::http: processing local inference predict model=tags/wd-vit-tagger-v3 inputs=1
2026-09-17T01:26:22.585399Z DEBUG panoptikon::inferio::http: processing local inference predict model=tags/wd-vit-tagger-v3 inputs=1
2026-09-17T01:26:22.585466Z DEBUG panoptikon::inferio::http: processing local inference predict model=tags/wd-vit-tagger-v3 inputs=1
2026-09-17T01:26:22.585538Z DEBUG panoptikon::inferio::http: processing local inference predict model=tags/wd-vit-tagger-v3 inputs=1
2026-09-17T01:26:22.585613Z DEBUG panoptikon::inferio::http: processing local inference predict model=tags/wd-vit-tagger-v3 inputs=1
2026-09-17T01:26:22.585687Z DEBUG panoptikon::inferio::http: processing local inference predict model=tags/wd-vit-tagger-v3 inputs=1
2026-09-17T01:26:22.585785Z DEBUG panoptikon::inferio::http: processing local inference predict model=tags/wd-vit-tagger-v3 inputs=1
2026-09-17T01:26:22.585807Z DEBUG panoptikon::inferio::http: processing local inference predict model=tags/wd-vit-tagger-v3 inputs=1
2026-09-17T01:26:22.585816Z DEBUG panoptikon::inferio::http: processing local inference predict model=tags/wd-vit-tagger-v3 inputs=1
2026-09-17T01:26:22.585970Z DEBUG panoptikon::inferio::http: processing local inference predict model=tags/wd-vit-tagger-v3 inputs=1
2026-09-17T01:26:22.586060Z DEBUG panoptikon::inferio::http: processing local inference predict model=tags/wd-vit-tagger-v3 inputs=1
2026-09-17T01:26:22.586115Z DEBUG panoptikon::inferio::http: processing local inference predict model=tags/wd-vit-tagger-v3 inputs=1
2026-09-17T01:26:22.586163Z DEBUG panoptikon::inferio::http: processing local inference predict model=tags/wd-vit-tagger-v3 inputs=1
2026-09-17T01:26:22.586182Z DEBUG panoptikon::inferio::http: processing local inference predict model=tags/wd-vit-tagger-v3 inputs=1
2026-09-17T01:26:22.586261Z DEBUG panoptikon::inferio::http: processing local inference predict model=tags/wd-vit-tagger-v3 inputs=1
2026-09-17T01:26:22.586297Z DEBUG panoptikon::inferio::http: processing local inference predict model=tags/wd-vit-tagger-v3 inputs=1
2026-09-17T01:26:22.586359Z DEBUG panoptikon::inferio::http: processing local inference predict model=tags/wd-vit-tagger-v3 inputs=1
2026-09-17T01:26:22.586282Z DEBUG panoptikon::inferio::http: processing local inference predict model=tags/wd-vit-tagger-v3 inputs=1
2026-09-17T01:26:22.586245Z DEBUG panoptikon::inferio::http: processing local inference predict model=tags/wd-vit-tagger-v3 inputs=1
2026-09-17T01:26:22.586269Z DEBUG panoptikon::inferio::http: processing local inference predict model=tags/wd-vit-tagger-v3 inputs=1
2026-09-17T01:26:22.586599Z DEBUG panoptikon::inferio::http: processing local inference predict model=tags/wd-vit-tagger-v3 inputs=1
2026-09-17T01:26:22.586550Z DEBUG panoptikon::inferio::http: processing local inference predict model=tags/wd-vit-tagger-v3 inputs=1
2026-09-17T01:26:22.586405Z DEBUG panoptikon::inferio::http: processing local inference predict model=tags/wd-vit-tagger-v3 inputs=1
2026-09-17T01:26:22.586760Z DEBUG panoptikon::inferio::http: processing local inference predict model=tags/wd-vit-tagger-v3 inputs=1
2026-09-17T01:26:22.586837Z DEBUG panoptikon::inferio::http: processing local inference predict model=tags/wd-vit-tagger-v3 inputs=1
2026-09-17T01:26:22.586868Z DEBUG panoptikon::inferio::http: processing local inference predict model=tags/wd-vit-tagger-v3 inputs=1
2026-09-17T01:26:22.587001Z DEBUG panoptikon::inferio::http: processing local inference predict model=tags/wd-vit-tagger-v3 inputs=1
2026-09-17T01:26:22.587020Z DEBUG panoptikon::inferio::http: processing local inference predict model=tags/wd-vit-tagger-v3 inputs=1
2026-09-17T01:26:22.587049Z DEBUG panoptikon::inferio::http: processing local inference predict model=tags/wd-vit-tagger-v3 inputs=1
2026-09-17T01:26:22.587026Z DEBUG panoptikon::inferio::http: processing local inference predict model=tags/wd-vit-tagger-v3 inputs=1
2026-09-17T01:26:22.587110Z DEBUG panoptikon::inferio::http: processing local inference predict model=tags/wd-vit-tagger-v3 inputs=1
2026-09-17T01:26:22.587096Z DEBUG panoptikon::inferio::http: processing local inference predict model=tags/wd-vit-tagger-v3 inputs=1
2026-09-17T01:26:22.587117Z DEBUG panoptikon::inferio::http: processing local inference predict model=tags/wd-vit-tagger-v3 inputs=1
2026-09-17T01:26:22.587081Z DEBUG panoptikon::inferio::http: processing local inference predict model=tags/wd-vit-tagger-v3 inputs=1
2026-09-17T01:26:22.587272Z DEBUG panoptikon::inferio::http: processing local inference predict model=tags/wd-vit-tagger-v3 inputs=1
2026-09-17T01:26:22.587306Z DEBUG panoptikon::inferio::http: processing local inference predict model=tags/wd-vit-tagger-v3 inputs=1
2026-09-17T01:26:22.587251Z DEBUG panoptikon::inferio::http: processing local inference predict model=tags/wd-vit-tagger-v3 inputs=1
2026-09-17T01:26:22.587348Z DEBUG panoptikon::inferio::http: processing local inference predict model=tags/wd-vit-tagger-v3 inputs=1
2026-09-17T01:26:22.587380Z DEBUG panoptikon::inferio::http: processing local inference predict model=tags/wd-vit-tagger-v3 inputs=1
2026-09-17T01:26:22.587436Z DEBUG panoptikon::inferio::http: processing local inference predict model=tags/wd-vit-tagger-v3 inputs=1
2026-09-17T01:26:22.587457Z DEBUG panoptikon::inferio::http: processing local inference predict model=tags/wd-vit-tagger-v3 inputs=1
2026-09-17T01:26:22.587521Z DEBUG panoptikon::inferio::http: processing local inference predict model=tags/wd-vit-tagger-v3 inputs=1
2026-09-17T01:26:22.587561Z DEBUG panoptikon::inferio::http: processing local inference predict model=tags/wd-vit-tagger-v3 inputs=1
2026-09-17T01:26:22.587551Z DEBUG panoptikon::inferio::http: processing local inference predict model=tags/wd-vit-tagger-v3 inputs=1
2026-09-17T01:26:22.587611Z DEBUG panoptikon::inferio::http: processing local inference predict model=tags/wd-vit-tagger-v3 inputs=1
2026-09-17T01:26:22.587627Z DEBUG panoptikon::inferio::http: processing local inference predict model=tags/wd-vit-tagger-v3 inputs=1
2026-09-17T01:26:22.587678Z DEBUG panoptikon::inferio::http: processing local inference predict model=tags/wd-vit-tagger-v3 inputs=1
2026-09-17T01:26:22.587705Z DEBUG panoptikon::inferio::http: processing local inference predict model=tags/wd-vit-tagger-v3 inputs=1
2026-09-17T01:26:22.587715Z DEBUG panoptikon::inferio::http: processing local inference predict model=tags/wd-vit-tagger-v3 inputs=1
2026-09-17T01:26:22.587725Z DEBUG panoptikon::inferio::http: processing local inference predict model=tags/wd-vit-tagger-v3 inputs=1
2026-09-17T01:26:22.587747Z DEBUG panoptikon::inferio::http: processing local inference predict model=tags/wd-vit-tagger-v3 inputs=1
2026-09-17T01:26:22.587773Z DEBUG panoptikon::inferio::http: processing local inference predict model=tags/wd-vit-tagger-v3 inputs=1
2026-09-17T01:26:22.587776Z DEBUG panoptikon::inferio::http: processing local inference predict model=tags/wd-vit-tagger-v3 inputs=1
2026-09-17T01:26:22.587969Z DEBUG panoptikon::inferio::http: processing local inference predict model=tags/wd-vit-tagger-v3 inputs=1
2026-09-17T01:26:22.587831Z DEBUG panoptikon::inferio::http: processing local inference predict model=tags/wd-vit-tagger-v3 inputs=1
2026-09-17T01:26:22.587843Z DEBUG panoptikon::inferio::http: processing local inference predict model=tags/wd-vit-tagger-v3 inputs=1
2026-09-17T01:26:22.587860Z DEBUG panoptikon::inferio::http: processing local inference predict model=tags/wd-vit-tagger-v3 inputs=1
2026-09-17T01:26:22.587822Z DEBUG panoptikon::inferio::http: processing local inference predict model=tags/wd-vit-tagger-v3 inputs=1
2026-09-17T01:26:22.588035Z DEBUG panoptikon::inferio::http: processing local inference predict model=tags/wd-vit-tagger-v3 inputs=1
2026-09-17T01:26:22.588083Z DEBUG panoptikon::inferio::http: processing local inference predict model=tags/wd-vit-tagger-v3 inputs=1
2026-09-17T01:26:22.588127Z DEBUG panoptikon::inferio::http: processing local inference predict model=tags/wd-vit-tagger-v3 inputs=1
2026-09-17T01:26:22.588136Z DEBUG panoptikon::inferio::http: processing local inference predict model=tags/wd-vit-tagger-v3 inputs=1
2026-09-17T01:26:22.588437Z DEBUG panoptikon::inferio::http: processing local inference predict model=tags/wd-vit-tagger-v3 inputs=1
2026-09-17T01:26:22.588146Z DEBUG panoptikon::inferio::http: processing local inference predict model=tags/wd-vit-tagger-v3 inputs=1
2026-09-17T01:26:22.588532Z DEBUG panoptikon::inferio::http: processing local inference predict model=tags/wd-vit-tagger-v3 inputs=1
2026-09-17T01:26:22.588569Z DEBUG panoptikon::inferio::http: processing local inference predict model=tags/wd-vit-tagger-v3 inputs=1
2026-09-17T01:26:22.588275Z DEBUG panoptikon::inferio::http: processing local inference predict model=tags/wd-vit-tagger-v3 inputs=1
2026-09-17T01:26:22.588687Z DEBUG panoptikon::inferio::http: processing local inference predict model=tags/wd-vit-tagger-v3 inputs=1
2026-09-17T01:26:22.588140Z DEBUG panoptikon::inferio::http: processing local inference predict model=tags/wd-vit-tagger-v3 inputs=1
2026-09-17T01:26:22.588510Z DEBUG panoptikon::inferio::http: processing local inference predict model=tags/wd-vit-tagger-v3 inputs=1
2026-09-17T01:26:22.588171Z DEBUG panoptikon::inferio::http: processing local inference predict model=tags/wd-vit-tagger-v3 inputs=1
2026-09-17T01:26:22.588258Z DEBUG panoptikon::inferio::http: processing local inference predict model=tags/wd-vit-tagger-v3 inputs=1
2026-09-17T01:26:22.588672Z DEBUG panoptikon::inferio::http: processing local inference predict model=tags/wd-vit-tagger-v3 inputs=1
2026-09-17T01:26:22.588949Z DEBUG panoptikon::inferio::http: processing local inference predict model=tags/wd-vit-tagger-v3 inputs=1
2026-09-17T01:26:22.589001Z DEBUG panoptikon::inferio::http: processing local inference predict model=tags/wd-vit-tagger-v3 inputs=1
2026-09-17T01:26:22.589051Z DEBUG panoptikon::inferio::http: processing local inference predict model=tags/wd-vit-tagger-v3 inputs=1
2026-09-17T01:26:22.588891Z DEBUG panoptikon::inferio::http: processing local inference predict model=tags/wd-vit-tagger-v3 inputs=1
2026-09-17T01:26:22.589126Z DEBUG panoptikon::inferio::http: processing local inference predict model=tags/wd-vit-tagger-v3 inputs=1
2026-09-17T01:26:22.588848Z DEBUG panoptikon::inferio::http: processing local inference predict model=tags/wd-vit-tagger-v3 inputs=1
2026-09-17T01:26:22.589012Z DEBUG panoptikon::inferio::http: processing local inference predict model=tags/wd-vit-tagger-v3 inputs=1
2026-09-17T01:26:22.589014Z DEBUG panoptikon::inferio::http: processing local inference predict model=tags/wd-vit-tagger-v3 inputs=1
2026-09-17T01:26:22.588889Z DEBUG panoptikon::inferio::http: processing local inference predict model=tags/wd-vit-tagger-v3 inputs=1
2026-09-17T01:26:22.589096Z DEBUG panoptikon::inferio::http: processing local inference predict model=tags/wd-vit-tagger-v3 inputs=1
2026-09-17T01:26:22.588342Z DEBUG panoptikon::inferio::http: processing local inference predict model=tags/wd-vit-tagger-v3 inputs=1
2026-09-17T01:26:22.589308Z DEBUG panoptikon::inferio::http: processing local inference predict model=tags/wd-vit-tagger-v3 inputs=1
2026-09-17T01:26:22.589435Z DEBUG panoptikon::inferio::http: processing local inference predict model=tags/wd-vit-tagger-v3 inputs=1
2026-09-17T01:26:22.589428Z DEBUG panoptikon::inferio::http: processing local inference predict model=tags/wd-vit-tagger-v3 inputs=1
2026-09-17T01:26:22.589365Z DEBUG panoptikon::inferio::http: processing local inference predict model=tags/wd-vit-tagger-v3 inputs=1
2026-09-17T01:26:22.589492Z DEBUG panoptikon::inferio::http: processing local inference predict model=tags/wd-vit-tagger-v3 inputs=1
2026-09-17T01:26:22.589496Z DEBUG panoptikon::inferio::http: processing local inference predict model=tags/wd-vit-tagger-v3 inputs=1
2026-09-17T01:26:22.589544Z DEBUG panoptikon::inferio::http: processing local inference predict model=tags/wd-vit-tagger-v3 inputs=1
2026-09-17T01:26:22.589569Z DEBUG panoptikon::inferio::http: processing local inference predict model=tags/wd-vit-tagger-v3 inputs=1
2026-09-17T01:26:22.589627Z DEBUG panoptikon::inferio::http: processing local inference predict model=tags/wd-vit-tagger-v3 inputs=1
2026-09-17T01:26:22.589631Z DEBUG panoptikon::inferio::http: processing local inference predict model=tags/wd-vit-tagger-v3 inputs=1
2026-09-17T01:26:22.589801Z DEBUG panoptikon::inferio::http: processing local inference predict model=tags/wd-vit-tagger-v3 inputs=1
2026-09-17T01:26:22.589878Z DEBUG panoptikon::inferio::http: processing local inference predict model=tags/wd-vit-tagger-v3 inputs=1
2026-09-17T01:26:22.589917Z DEBUG panoptikon::inferio::http: processing local inference predict model=tags/wd-vit-tagger-v3 inputs=1
2026-09-17T01:26:22.589969Z DEBUG panoptikon::inferio::http: processing local inference predict model=tags/wd-vit-tagger-v3 inputs=1
2026-09-17T01:26:22.589991Z DEBUG panoptikon::inferio::http: processing local inference predict model=tags/wd-vit-tagger-v3 inputs=1
2026-09-17T01:26:22.590013Z DEBUG panoptikon::inferio::http: processing local inference predict model=tags/wd-vit-tagger-v3 inputs=1
2026-09-17T01:26:22.590036Z DEBUG panoptikon::inferio::http: processing local inference predict model=tags/wd-vit-tagger-v3 inputs=1
2026-09-17T01:26:22.590103Z DEBUG panoptikon::inferio::http: processing local inference predict model=tags/wd-vit-tagger-v3 inputs=1
2026-09-17T01:26:22.590102Z DEBUG panoptikon::inferio::http: processing local inference predict model=tags/wd-vit-tagger-v3 inputs=1
2026-09-17T01:26:22.590092Z DEBUG panoptikon::inferio::http: processing local inference predict model=tags/wd-vit-tagger-v3 inputs=1
2026-09-17T01:26:22.590202Z DEBUG panoptikon::inferio::http: processing local inference predict model=tags/wd-vit-tagger-v3 inputs=1
2026-09-17T01:26:22.590198Z DEBUG panoptikon::inferio::http: processing local inference predict model=tags/wd-vit-tagger-v3 inputs=1
2026-09-17T01:26:22.590271Z DEBUG panoptikon::inferio::http: processing local inference predict model=tags/wd-vit-tagger-v3 inputs=1
2026-09-17T01:26:22.590306Z DEBUG panoptikon::inferio::http: processing local inference predict model=tags/wd-vit-tagger-v3 inputs=1
2026-09-17T01:26:22.590148Z DEBUG panoptikon::inferio::http: processing local inference predict model=tags/wd-vit-tagger-v3 inputs=1
2026-09-17T01:26:22.590292Z DEBUG panoptikon::inferio::http: processing local inference predict model=tags/wd-vit-tagger-v3 inputs=1
2026-09-17T01:26:22.590401Z DEBUG panoptikon::inferio::http: processing local inference predict model=tags/wd-vit-tagger-v3 inputs=1
2026-09-17T01:26:22.590327Z DEBUG panoptikon::inferio::http: processing local inference predict model=tags/wd-vit-tagger-v3 inputs=1
2026-09-17T01:26:22.590475Z DEBUG panoptikon::inferio::http: processing local inference predict model=tags/wd-vit-tagger-v3 inputs=1
2026-09-17T01:26:22.590357Z DEBUG panoptikon::inferio::http: processing local inference predict model=tags/wd-vit-tagger-v3 inputs=1
2026-09-17T01:26:22.590359Z DEBUG panoptikon::inferio::http: processing local inference predict model=tags/wd-vit-tagger-v3 inputs=1
2026-09-17T01:26:22.590378Z DEBUG panoptikon::inferio::http: processing local inference predict model=tags/wd-vit-tagger-v3 inputs=1
2026-09-17T01:26:22.590265Z DEBUG panoptikon::inferio::http: processing local inference predict model=tags/wd-vit-tagger-v3 inputs=1
2026-09-17T01:26:22.590470Z DEBUG panoptikon::inferio::http: processing local inference predict model=tags/wd-vit-tagger-v3 inputs=1
2026-09-17T01:26:22.590696Z DEBUG panoptikon::inferio::http: processing local inference predict model=tags/wd-vit-tagger-v3 inputs=1
2026-09-17T01:26:22.590726Z DEBUG panoptikon::inferio::http: processing local inference predict model=tags/wd-vit-tagger-v3 inputs=1
2026-09-17T01:26:22.590566Z DEBUG panoptikon::inferio::http: processing local inference predict model=tags/wd-vit-tagger-v3 inputs=1
2026-09-17T01:26:22.590806Z DEBUG panoptikon::inferio::http: processing local inference predict model=tags/wd-vit-tagger-v3 inputs=1
2026-09-17T01:26:22.590606Z DEBUG panoptikon::inferio::http: processing local inference predict model=tags/wd-vit-tagger-v3 inputs=1
2026-09-17T01:26:22.590638Z DEBUG panoptikon::inferio::http: processing local inference predict model=tags/wd-vit-tagger-v3 inputs=1
2026-09-17T01:26:22.590682Z DEBUG panoptikon::inferio::http: processing local inference predict model=tags/wd-vit-tagger-v3 inputs=1
2026-09-17T01:26:22.590965Z DEBUG panoptikon::inferio::http: processing local inference predict model=tags/wd-vit-tagger-v3 inputs=1
2026-09-17T01:26:22.590990Z DEBUG panoptikon::inferio::http: processing local inference predict model=tags/wd-vit-tagger-v3 inputs=1
2026-09-17T01:26:22.591024Z DEBUG panoptikon::inferio::http: processing local inference predict model=tags/wd-vit-tagger-v3 inputs=1
2026-09-17T01:26:22.590716Z DEBUG panoptikon::inferio::http: processing local inference predict model=tags/wd-vit-tagger-v3 inputs=1
2026-09-17T01:26:22.590487Z DEBUG panoptikon::inferio::http: processing local inference predict model=tags/wd-vit-tagger-v3 inputs=1
2026-09-17T01:26:22.590780Z DEBUG panoptikon::inferio::http: processing local inference predict model=tags/wd-vit-tagger-v3 inputs=1
2026-09-17T01:26:22.590785Z DEBUG panoptikon::inferio::http: processing local inference predict model=tags/wd-vit-tagger-v3 inputs=1
2026-09-17T01:26:22.590588Z DEBUG panoptikon::inferio::http: processing local inference predict model=tags/wd-vit-tagger-v3 inputs=1
2026-09-17T01:26:22.591258Z DEBUG panoptikon::inferio::http: processing local inference predict model=tags/wd-vit-tagger-v3 inputs=1
2026-09-17T01:26:22.590878Z DEBUG panoptikon::inferio::http: processing local inference predict model=tags/wd-vit-tagger-v3 inputs=1
2026-09-17T01:26:22.590904Z DEBUG panoptikon::inferio::http: processing local inference predict model=tags/wd-vit-tagger-v3 inputs=1
2026-09-17T01:26:22.590947Z DEBUG panoptikon::inferio::http: processing local inference predict model=tags/wd-vit-tagger-v3 inputs=1
2026-09-17T01:26:22.590950Z DEBUG panoptikon::inferio::http: processing local inference predict model=tags/wd-vit-tagger-v3 inputs=1
2026-09-17T01:26:22.590951Z DEBUG panoptikon::inferio::http: processing local inference predict model=tags/wd-vit-tagger-v3 inputs=1
2026-09-17T01:26:22.590967Z DEBUG panoptikon::inferio::http: processing local inference predict model=tags/wd-vit-tagger-v3 inputs=1
2026-09-17T01:26:22.590693Z DEBUG panoptikon::inferio::http: processing local inference predict model=tags/wd-vit-tagger-v3 inputs=1
2026-09-17T01:26:22.591664Z DEBUG panoptikon::inferio::http: processing local inference predict model=tags/wd-vit-tagger-v3 inputs=1
2026-09-17T01:26:22.590981Z DEBUG panoptikon::inferio::http: processing local inference predict model=tags/wd-vit-tagger-v3 inputs=1
2026-09-17T01:26:22.591001Z DEBUG panoptikon::inferio::http: processing local inference predict model=tags/wd-vit-tagger-v3 inputs=1
2026-09-17T01:26:22.590331Z DEBUG panoptikon::inferio::http: processing local inference predict model=tags/wd-vit-tagger-v3 inputs=1
2026-09-17T01:26:22.591836Z DEBUG panoptikon::inferio::http: processing local inference predict model=tags/wd-vit-tagger-v3 inputs=1
2026-09-17T01:26:22.591863Z DEBUG panoptikon::inferio::http: processing local inference predict model=tags/wd-vit-tagger-v3 inputs=1
2026-09-17T01:26:22.591042Z DEBUG panoptikon::inferio::http: processing local inference predict model=tags/wd-vit-tagger-v3 inputs=1
2026-09-17T01:26:22.591101Z DEBUG panoptikon::inferio::http: processing local inference predict model=tags/wd-vit-tagger-v3 inputs=1
2026-09-17T01:26:22.591968Z DEBUG panoptikon::inferio::http: processing local inference predict model=tags/wd-vit-tagger-v3 inputs=1
2026-09-17T01:26:22.591261Z DEBUG panoptikon::inferio::http: processing local inference predict model=tags/wd-vit-tagger-v3 inputs=1
2026-09-17T01:26:22.590824Z DEBUG panoptikon::inferio::http: processing local inference predict model=tags/wd-vit-tagger-v3 inputs=1
2026-09-17T01:26:22.592068Z DEBUG panoptikon::inferio::http: processing local inference predict model=tags/wd-vit-tagger-v3 inputs=1
2026-09-17T01:26:22.592093Z DEBUG panoptikon::inferio::http: processing local inference predict model=tags/wd-vit-tagger-v3 inputs=1
2026-09-17T01:26:22.591444Z DEBUG panoptikon::inferio::http: processing local inference predict model=tags/wd-vit-tagger-v3 inputs=1
2026-09-17T01:26:22.592169Z DEBUG panoptikon::inferio::http: processing local inference predict model=tags/wd-vit-tagger-v3 inputs=1
2026-09-17T01:26:22.591597Z DEBUG panoptikon::inferio::http: processing local inference predict model=tags/wd-vit-tagger-v3 inputs=1
2026-09-17T01:26:22.592244Z DEBUG panoptikon::inferio::http: processing local inference predict model=tags/wd-vit-tagger-v3 inputs=1
2026-09-17T01:26:22.591627Z DEBUG panoptikon::inferio::http: processing local inference predict model=tags/wd-vit-tagger-v3 inputs=1
2026-09-17T01:26:22.592342Z DEBUG panoptikon::inferio::http: processing local inference predict model=tags/wd-vit-tagger-v3 inputs=1
2026-09-17T01:26:22.590973Z DEBUG panoptikon::inferio::http: processing local inference predict model=tags/wd-vit-tagger-v3 inputs=1
2026-09-17T01:26:22.592409Z DEBUG panoptikon::inferio::http: processing local inference predict model=tags/wd-vit-tagger-v3 inputs=1
2026-09-17T01:26:22.591013Z DEBUG panoptikon::inferio::http: processing local inference predict model=tags/wd-vit-tagger-v3 inputs=1
2026-09-17T01:26:22.590712Z DEBUG panoptikon::inferio::http: processing local inference predict model=tags/wd-vit-tagger-v3 inputs=1
2026-09-17T01:26:22.591949Z DEBUG panoptikon::inferio::http: processing local inference predict model=tags/wd-vit-tagger-v3 inputs=1
2026-09-17T01:26:22.591253Z DEBUG panoptikon::inferio::http: processing local inference predict model=tags/wd-vit-tagger-v3 inputs=1
2026-09-17T01:26:22.591973Z DEBUG panoptikon::inferio::http: processing local inference predict model=tags/wd-vit-tagger-v3 inputs=1
2026-09-17T01:26:22.592641Z DEBUG panoptikon::inferio::http: processing local inference predict model=tags/wd-vit-tagger-v3 inputs=1
2026-09-17T01:26:22.592060Z DEBUG panoptikon::inferio::http: processing local inference predict model=tags/wd-vit-tagger-v3 inputs=1
2026-09-17T01:26:22.592712Z DEBUG panoptikon::inferio::http: processing local inference predict model=tags/wd-vit-tagger-v3 inputs=1
2026-09-17T01:26:22.591391Z DEBUG panoptikon::inferio::http: processing local inference predict model=tags/wd-vit-tagger-v3 inputs=1
2026-09-17T01:26:22.592159Z DEBUG panoptikon::inferio::http: processing local inference predict model=tags/wd-vit-tagger-v3 inputs=1
2026-09-17T01:26:22.592823Z DEBUG panoptikon::inferio::http: processing local inference predict model=tags/wd-vit-tagger-v3 inputs=1
2026-09-17T01:26:22.592852Z DEBUG panoptikon::inferio::http: processing local inference predict model=tags/wd-vit-tagger-v3 inputs=1
2026-09-17T01:26:22.591588Z DEBUG panoptikon::inferio::http: processing local inference predict model=tags/wd-vit-tagger-v3 inputs=1
2026-09-17T01:26:22.592926Z DEBUG panoptikon::inferio::http: processing local inference predict model=tags/wd-vit-tagger-v3 inputs=1
2026-09-17T01:26:22.592258Z DEBUG panoptikon::inferio::http: processing local inference predict model=tags/wd-vit-tagger-v3 inputs=1
2026-09-17T01:26:22.591607Z DEBUG panoptikon::inferio::http: processing local inference predict model=tags/wd-vit-tagger-v3 inputs=1
2026-09-17T01:26:22.592346Z DEBUG panoptikon::inferio::http: processing local inference predict model=tags/wd-vit-tagger-v3 inputs=1
2026-09-17T01:26:22.591629Z DEBUG panoptikon::inferio::http: processing local inference predict model=tags/wd-vit-tagger-v3 inputs=1
2026-09-17T01:26:22.591822Z DEBUG panoptikon::inferio::http: processing local inference predict model=tags/wd-vit-tagger-v3 inputs=1
2026-09-17T01:26:22.592564Z DEBUG panoptikon::inferio::http: processing local inference predict model=tags/wd-vit-tagger-v3 inputs=1
2026-09-17T01:26:22.593195Z DEBUG panoptikon::inferio::http: processing local inference predict model=tags/wd-vit-tagger-v3 inputs=1
2026-09-17T01:26:22.593215Z DEBUG panoptikon::inferio::http: processing local inference predict model=tags/wd-vit-tagger-v3 inputs=1
2026-09-17T01:26:22.593248Z DEBUG panoptikon::inferio::http: processing local inference predict model=tags/wd-vit-tagger-v3 inputs=1
2026-09-17T01:26:22.591327Z DEBUG panoptikon::inferio::http: processing local inference predict model=tags/wd-vit-tagger-v3 inputs=1
2026-09-17T01:26:22.593325Z DEBUG panoptikon::inferio::http: processing local inference predict model=tags/wd-vit-tagger-v3 inputs=1
2026-09-17T01:26:22.593361Z DEBUG panoptikon::inferio::http: processing local inference predict model=tags/wd-vit-tagger-v3 inputs=1
2026-09-17T01:26:22.593408Z DEBUG panoptikon::inferio::http: processing local inference predict model=tags/wd-vit-tagger-v3 inputs=1
2026-09-17T01:26:22.593435Z DEBUG panoptikon::inferio::http: processing local inference predict model=tags/wd-vit-tagger-v3 inputs=1
2026-09-17T01:26:22.593474Z DEBUG panoptikon::inferio::http: processing local inference predict model=tags/wd-vit-tagger-v3 inputs=1
2026-09-17T01:26:22.593495Z DEBUG panoptikon::inferio::http: processing local inference predict model=tags/wd-vit-tagger-v3 inputs=1
2026-09-17T01:26:22.593538Z DEBUG panoptikon::inferio::http: processing local inference predict model=tags/wd-vit-tagger-v3 inputs=1
2026-09-17T01:26:22.592242Z DEBUG panoptikon::inferio::http: processing local inference predict model=tags/wd-vit-tagger-v3 inputs=1
2026-09-17T01:26:22.593604Z DEBUG panoptikon::inferio::http: processing local inference predict model=tags/wd-vit-tagger-v3 inputs=1
2026-09-17T01:26:22.593633Z DEBUG panoptikon::inferio::http: processing local inference predict model=tags/wd-vit-tagger-v3 inputs=1
2026-09-17T01:26:22.592617Z DEBUG panoptikon::inferio::http: processing local inference predict model=tags/wd-vit-tagger-v3 inputs=1
2026-09-17T01:26:22.593225Z DEBUG panoptikon::inferio::http: processing local inference predict model=tags/wd-vit-tagger-v3 inputs=1
2026-09-17T01:26:22.593736Z DEBUG panoptikon::inferio::http: processing local inference predict model=tags/wd-vit-tagger-v3 inputs=1
2026-09-17T01:26:22.593244Z DEBUG panoptikon::inferio::http: processing local inference predict model=tags/wd-vit-tagger-v3 inputs=1
2026-09-17T01:26:22.593254Z DEBUG panoptikon::inferio::http: processing local inference predict model=tags/wd-vit-tagger-v3 inputs=1
2026-09-17T01:26:22.593257Z DEBUG panoptikon::inferio::http: processing local inference predict model=tags/wd-vit-tagger-v3 inputs=1
2026-09-17T01:26:22.592698Z DEBUG panoptikon::inferio::http: processing local inference predict model=tags/wd-vit-tagger-v3 inputs=1
2026-09-17T01:26:22.593296Z DEBUG panoptikon::inferio::http: processing local inference predict model=tags/wd-vit-tagger-v3 inputs=1
2026-09-17T01:26:22.593312Z DEBUG panoptikon::inferio::http: processing local inference predict model=tags/wd-vit-tagger-v3 inputs=1
2026-09-17T01:26:22.592727Z DEBUG panoptikon::inferio::http: processing local inference predict model=tags/wd-vit-tagger-v3 inputs=1
2026-09-17T01:26:22.593341Z DEBUG panoptikon::inferio::http: processing local inference predict model=tags/wd-vit-tagger-v3 inputs=1
2026-09-17T01:26:22.592736Z DEBUG panoptikon::inferio::http: processing local inference predict model=tags/wd-vit-tagger-v3 inputs=1
2026-09-17T01:26:22.593386Z DEBUG panoptikon::inferio::http: processing local inference predict model=tags/wd-vit-tagger-v3 inputs=1
2026-09-17T01:26:22.592811Z DEBUG panoptikon::inferio::http: processing local inference predict model=tags/wd-vit-tagger-v3 inputs=1
2026-09-17T01:26:22.593427Z DEBUG panoptikon::inferio::http: processing local inference predict model=tags/wd-vit-tagger-v3 inputs=1
2026-09-17T01:26:22.593433Z DEBUG panoptikon::inferio::http: processing local inference predict model=tags/wd-vit-tagger-v3 inputs=1
2026-09-17T01:26:22.593441Z DEBUG panoptikon::inferio::http: processing local inference predict model=tags/wd-vit-tagger-v3 inputs=1
2026-09-17T01:26:22.592818Z DEBUG panoptikon::inferio::http: processing local inference predict model=tags/wd-vit-tagger-v3 inputs=1
2026-09-17T01:26:22.593460Z DEBUG panoptikon::inferio::http: processing local inference predict model=tags/wd-vit-tagger-v3 inputs=1
2026-09-17T01:26:22.593468Z DEBUG panoptikon::inferio::http: processing local inference predict model=tags/wd-vit-tagger-v3 inputs=1
2026-09-17T01:26:22.593484Z DEBUG panoptikon::inferio::http: processing local inference predict model=tags/wd-vit-tagger-v3 inputs=1
2026-09-17T01:26:22.593489Z DEBUG panoptikon::inferio::http: processing local inference predict model=tags/wd-vit-tagger-v3 inputs=1
2026-09-17T01:26:22.592164Z DEBUG panoptikon::inferio::http: processing local inference predict model=tags/wd-vit-tagger-v3 inputs=1
2026-09-17T01:26:22.593496Z DEBUG panoptikon::inferio::http: processing local inference predict model=tags/wd-vit-tagger-v3 inputs=1
2026-09-17T01:26:22.592851Z DEBUG panoptikon::inferio::http: processing local inference predict model=tags/wd-vit-tagger-v3 inputs=1
2026-09-17T01:26:22.593525Z DEBUG panoptikon::inferio::http: processing local inference predict model=tags/wd-vit-tagger-v3 inputs=1
2026-09-17T01:26:22.593539Z DEBUG panoptikon::inferio::http: processing local inference predict model=tags/wd-vit-tagger-v3 inputs=1
2026-09-17T01:26:22.592163Z DEBUG panoptikon::inferio::http: processing local inference predict model=tags/wd-vit-tagger-v3 inputs=1
2026-09-17T01:26:22.593550Z DEBUG panoptikon::inferio::http: processing local inference predict model=tags/wd-vit-tagger-v3 inputs=1
2026-09-17T01:26:22.593557Z DEBUG panoptikon::inferio::http: processing local inference predict model=tags/wd-vit-tagger-v3 inputs=1
2026-09-17T01:26:22.593555Z DEBUG panoptikon::inferio::http: processing local inference predict model=tags/wd-vit-tagger-v3 inputs=1
2026-09-17T01:26:22.593577Z DEBUG panoptikon::inferio::http: processing local inference predict model=tags/wd-vit-tagger-v3 inputs=1
2026-09-17T01:26:22.593584Z DEBUG panoptikon::inferio::http: processing local inference predict model=tags/wd-vit-tagger-v3 inputs=1
2026-09-17T01:26:22.593604Z DEBUG panoptikon::inferio::http: processing local inference predict model=tags/wd-vit-tagger-v3 inputs=1
2026-09-17T01:26:22.593611Z DEBUG panoptikon::inferio::http: processing local inference predict model=tags/wd-vit-tagger-v3 inputs=1
2026-09-17T01:26:22.592936Z DEBUG panoptikon::inferio::http: processing local inference predict model=tags/wd-vit-tagger-v3 inputs=1
2026-09-17T01:26:22.593612Z DEBUG panoptikon::inferio::http: processing local inference predict model=tags/wd-vit-tagger-v3 inputs=1
2026-09-17T01:26:22.593167Z DEBUG panoptikon::inferio::http: processing local inference predict model=tags/wd-vit-tagger-v3 inputs=1
2026-09-17T01:26:22.593640Z DEBUG panoptikon::inferio::http: processing local inference predict model=tags/wd-vit-tagger-v3 inputs=1
2026-09-17T01:26:22.593644Z DEBUG panoptikon::inferio::http: processing local inference predict model=tags/wd-vit-tagger-v3 inputs=1
2026-09-17T01:26:22.593680Z DEBUG panoptikon::inferio::http: processing local inference predict model=tags/wd-vit-tagger-v3 inputs=1
2026-09-17T01:26:22.593683Z DEBUG panoptikon::inferio::http: processing local inference predict model=tags/wd-vit-tagger-v3 inputs=1
2026-09-17T01:26:22.591998Z DEBUG panoptikon::inferio::http: processing local inference predict model=tags/wd-vit-tagger-v3 inputs=1
2026-09-17T01:26:22.601267Z DEBUG panoptikon::inferio::http: processing local inference predict model=tags/wd-vit-tagger-v3 inputs=1
2026-09-17T01:26:22.601354Z DEBUG panoptikon::inferio::http: processing local inference predict model=tags/wd-vit-tagger-v3 inputs=1
2026-09-17T01:26:22.601517Z DEBUG panoptikon::inferio::http: processing local inference predict model=tags/wd-vit-tagger-v3 inputs=1
2026-09-17T01:26:22.601517Z DEBUG panoptikon::inferio::http: processing local inference predict model=tags/wd-vit-tagger-v3 inputs=1
2026-09-17T01:26:35.977264Z DEBUG panoptikon::inferio::ledger: refitted the memory cost model model=tags/wd-vit-tagger-v3 gpu=CPU slope_mb_per_unit=34.92217741935484 intercept_mb=63.96693548387097 residual_mb=16.889112903225794 samples=12 version=17
2026-09-17T01:26:35.977449Z DEBUG panoptikon::inferio::ledger: declining to read this model's throughput curve: the observations in one batch-size bucket disagree with each other by more than the knee's own decision band, so something outside this ledger was moving throughput while they were taken bucket=3 observations=39 dispersion=0.264339647280743 threshold=0.2
2026-09-17T01:26:35.977473Z DEBUG panoptikon::inferio::ledger: queued a calibration profile update for the store model=tags/wd-vit-tagger-v3 gpu=CPU reason="fit_changed" max_units_measured=128 fit_version=17
2026-09-17T01:26:35.977500Z DEBUG panoptikon::inferio::ledger: settled a granted window model=tags/wd-vit-tagger-v3 gpu=CPU outcome="clean" fit_samples=1 throughput_samples=1 clamped_samples=0 clamped=none ramp_step=6 deflation=0 clean_windows=36 max_units_measured=128
2026-09-17T01:26:35.979840Z DEBUG panoptikon::inferio::ledger: issued a memory grant model=tags/wd-vit-tagger-v3 gpu=CPU unit_budget=128 mb=4471 canvas_pixels=none share_mb=92562 room_mb=92562 headroom_mb=88452 external_mb=34577 reserve_mb=1024 reserve_rule="capped_default" pre_fit=false ramp_step=6 deflation=0 squeezed=false window_requests=253
2026-09-17T01:26:52.549852Z  INFO panoptikon::inferio::calibration: wrote the local calibration store path=data/inferio/calibration.toml profiles=1
2026-09-17T01:27:29.267907Z DEBUG panoptikon::inferio::ledger: declining to read this model's throughput curve: the observations in one batch-size bucket disagree with each other by more than the knee's own decision band, so something outside this ledger was moving throughput while they were taken bucket=3 observations=39 dispersion=0.264339647280743 threshold=0.2
2026-09-17T01:27:29.268564Z  INFO panoptikon::inferio::ledger: the throughput ramp is free to grow again model=tags/wd-vit-tagger-v3 gpu=CPU
2026-09-17T01:27:29.268600Z DEBUG panoptikon::inferio::ledger: refitted the memory cost model model=tags/wd-vit-tagger-v3 gpu=CPU slope_mb_per_unit=34.64551054102108 intercept_mb=68.83591567183134 residual_mb=13.481426212852398 samples=13 version=18
2026-09-17T01:27:29.268644Z DEBUG panoptikon::inferio::ledger: declining to read this model's throughput curve: the observations in one batch-size bucket disagree with each other by more than the knee's own decision band, so something outside this ledger was moving throughput while they were taken bucket=3 observations=39 dispersion=0.264339647280743 threshold=0.2
2026-09-17T01:27:29.268659Z DEBUG panoptikon::inferio::ledger: queued a calibration profile update for the store model=tags/wd-vit-tagger-v3 gpu=CPU reason="fit_changed" max_units_measured=128 fit_version=18
2026-09-17T01:27:29.268688Z DEBUG panoptikon::inferio::ledger: settled a granted window model=tags/wd-vit-tagger-v3 gpu=CPU outcome="clean" fit_samples=2 throughput_samples=2 clamped_samples=0 clamped=none ramp_step=7 deflation=0 clean_windows=37 max_units_measured=128
2026-09-17T01:27:29.276024Z  INFO panoptikon::inferio::calibration: wrote the local calibration store path=data/inferio/calibration.toml profiles=1
2026-09-17T01:27:30.296711Z  INFO panoptikon::jobs::extraction: extraction job phase timing data_load_busy_secs=0.368785397 data_load_work_secs=2.8047059119999997 inference_busy_secs=422.118994415 inference_work_secs=82855.24180377209
2026-09-17T01:27:30.301824Z  INFO Actor{id="0.6" name="job-runner"}: panoptikon::jobs::queue: scheduling deferred database maintenance index_db="cal" queue_id=5 owed=wrote_data,tags_changed
2026-09-17T01:27:30.301877Z  INFO Actor{id="0.6" name="job-runner"}: panoptikon::jobs::queue: unloading batch model at job boundary setter=tags/wd-vit-tagger-v3
2026-09-17T01:27:30.302255Z DEBUG panoptikon::inferio::manager: unload requested model=tags/wd-vit-tagger-v3 cache_key=batch
2026-09-17T01:27:30.302322Z DEBUG panoptikon::inferio::manager: unloading model model=tags/wd-vit-tagger-v3
2026-09-17T01:27:30.302434Z DEBUG panoptikon::inferio::ledger: credited a departed replica's footprint back to the GPU's free reading, so its memory is not reattributed to external usage, and flagged the reading for a refresh model=tags/wd-vit-tagger-v3 gpu=CPU footprint_mb=4596 adjusted_free_mb=90971
2026-09-17T01:27:30.322299Z  INFO panoptikon::inferio::worker: 2026-09-17 01:27:30,322 [INFO] inferio_worker: Unloaded; exiting. worker=wd_tagger
