2026-09-17T03:32:34.024480Z  INFO panoptikon::logging: logging to file path=data/panoptikon.log
2026-09-17T03:32:34.024542Z  INFO panoptikon::rlimit: open file descriptor limit is already at its maximum soft_nofile=524288
2026-09-17T03:32:34.081780Z  INFO panoptikon::accelerator_report: accelerator backend: using CPU backend="cpu" backend_source=explicitly configured devices=["nvidia:NVIDIA RTX PRO 6000 Blackwell Workstation Edition (CC 12.0)", "nvidia:NVIDIA RTX PRO 6000 Blackwell Workstation Edition (CC 12.0)"]
2026-09-17T03:32:34.263057Z  INFO panoptikon::inferio::gpu: admitting batches from workers that run on the CPU against system RAM (running out of it is an OS process kill rather than a catchable allocation failure, so the device ships with a default ceiling) uuid=CPU name=CPU (128 GB) total_mb=128649 default_cap_fraction=0.75 accelerators=0
2026-09-17T03:32:34.263391Z  INFO panoptikon: serving /api/inference locally (inference_local.enabled)
2026-09-17T03:32:34.376847Z  INFO panoptikon: gateway listening endpoint=default address=127.0.0.1:6912
2026-09-17T03:32:34.376918Z  INFO panoptikon: gateway listening endpoint=test address=127.0.0.1:6913
2026-09-17T03:32:34.376953Z  INFO panoptikon: gateway listening endpoint=legacy_ui address=127.0.0.1:6909
2026-09-17T03:32:34.376977Z  INFO panoptikon: serving HTTP/1.1 and HTTP/2 cleartext max_concurrent_streams=512
2026-09-17T03:32:34.508643Z  INFO panoptikon::media_tools: media tools resolved ffmpeg=/home/admin/projects/panoptikon-wt/final-deploy/pyenv/.venv/lib/python3.12/site-packages/static_ffmpeg/bin/linux/ffmpeg ffprobe=/home/admin/projects/panoptikon-wt/final-deploy/pyenv/.venv/lib/python3.12/site-packages/static_ffmpeg/bin/linux/ffprobe
2026-09-17T03:32:34.782268Z  INFO panoptikon::media_tools::transcode::hw: no hardware H.264 encoder; the fast channel uses libx264 hwaccel="auto"
2026-09-17T03:32:35.170817Z  WARN panoptikon::jobs::files: no headless browser found; HTML files will not be indexed
2026-09-17T03:32:46.615912Z  INFO panoptikon::jobs::files: file scan phase timing folder="/home/admin/tmp-final-deploy/corpus/ramp/" hashing_busy_secs=1.2612549909999997 hashing_work_secs=1.3192691710000004 metadata_busy_secs=0.2986155230000006 metadata_work_secs=0.30183769199999955 thumbgen_busy_secs=6.907664147999999 thumbgen_work_secs=168.6601580889998 blurhash_busy_secs=4.396091279000001 blurhash_work_secs=15.214173992999982
2026-09-17T03:32:50.684331Z  INFO panoptikon::jobs::files: file scan phase timing folder="/home/admin/tmp-final-deploy/corpus/ramp/" hashing_busy_secs=0.0 hashing_work_secs=0.0 metadata_busy_secs=0.0 metadata_work_secs=0.0 thumbgen_busy_secs=0.0 thumbgen_work_secs=0.0 blurhash_busy_secs=0.0 blurhash_work_secs=0.0
2026-09-17T03:32:50.693647Z  INFO Actor{id="0.5" name="job-runner"}: panoptikon::jobs::queue: scheduling deferred database maintenance index_db="cal" queue_id=3 owed=wrote_data
2026-09-17T03:32:51.215680Z DEBUG panoptikon::inferio_client: multiplexing inference requests over HTTP/2 cleartext endpoint=http://127.0.0.1:6912/api/inference connection_lanes=64 streams_per_lane=64 max_concurrent=256 max_concurrent_ceiling=4096
2026-09-17T03:32:51.293745Z DEBUG panoptikon::inferio::manager: resolved cost dimension model=tags/wd-vit-tagger-v3 unit="item" aggregation="count" epoch=1 seed_units=64 priced=true degraded=false
2026-09-17T03:32:51.293785Z DEBUG panoptikon::inferio::ledger: probing the host for this GPU's free memory before pricing a load against it model="tags/wd-vit-tagger-v3" gpu="CPU" reason="no free sample: this GPU has never had a resident" sample_age_ms=None
2026-09-17T03:32:51.293974Z DEBUG panoptikon::inferio::ledger: refreshed the GPU's free memory from the host probe gpu=CPU source="ram" free_mb=90386 total_mb=128649 external_mb=38263 previous_age_ms=None recorded=true
2026-09-17T03:32:51.336760Z DEBUG panoptikon::inferio::worker: spawned an inferio worker worker=wd_tagger inference_id="tags/wd-vit-tagger-v3" pid=Some(768658)
2026-09-17T03:32:54.199346Z  INFO panoptikon::inferio::worker: 2026-09-17 03:32:54,199 [INFO] inferio_worker: Resolved impl class wd_tagger to /home/admin/projects/panoptikon-wt/final-deploy/pyenv/inferio/impl/wd_tagger.py worker=wd_tagger
2026-09-17T03:32:54.199404Z  INFO panoptikon::inferio::worker: 2026-09-17 03:32:54,199 [INFO] inferio_worker: Handshake ok for impl class wd_tagger worker=wd_tagger
2026-09-17T03:32:54.199561Z  INFO panoptikon::inferio::worker: 2026-09-17 03:32:54,199 [INFO] inferio_worker: Configured as tags/wd-vit-tagger-v3 worker=wd_tagger
2026-09-17T03:32:55.732794Z  INFO panoptikon::inferio::worker: 2026-09-17 03:32:55,732 [DEBUG] urllib3.connectionpool: Starting new HTTPS connection (1): huggingface.co:443 worker=wd_tagger
2026-09-17T03:32:55.907191Z  INFO panoptikon::inferio::worker: 2026-09-17 03:32:55,906 [DEBUG] urllib3.connectionpool: https://huggingface.co:443 "HEAD /SmilingWolf/wd-vit-tagger-v3/resolve/main/selected_tags.csv HTTP/1.1" 307 0 worker=wd_tagger
2026-09-17T03:32:55.920684Z  INFO panoptikon::inferio::worker: 2026-09-17 03:32:55,920 [DEBUG] urllib3.connectionpool: https://huggingface.co:443 "HEAD /api/resolve-cache/models/SmilingWolf/wd-vit-tagger-v3/7f6b584d0bd3f55c4531f14ba3d4761b2bccdc0f/selected_tags.csv HTTP/1.1" 200 0 worker=wd_tagger
2026-09-17T03:32:56.061129Z  INFO panoptikon::inferio::worker: 2026-09-17 03:32:56,060 [DEBUG] urllib3.connectionpool: https://huggingface.co:443 "HEAD /SmilingWolf/wd-vit-tagger-v3/resolve/main/config.json HTTP/1.1" 307 0 worker=wd_tagger
2026-09-17T03:32:56.075206Z  INFO panoptikon::inferio::worker: 2026-09-17 03:32:56,075 [DEBUG] urllib3.connectionpool: https://huggingface.co:443 "HEAD /api/resolve-cache/models/SmilingWolf/wd-vit-tagger-v3/7f6b584d0bd3f55c4531f14ba3d4761b2bccdc0f/config.json HTTP/1.1" 200 0 worker=wd_tagger
2026-09-17T03:32:57.209270Z  INFO panoptikon::inferio::worker: 2026-09-17 03:32:57,209 [DEBUG] urllib3.connectionpool: https://huggingface.co:443 "HEAD /SmilingWolf/wd-vit-tagger-v3/resolve/main/model.safetensors HTTP/1.1" 302 0 worker=wd_tagger
2026-09-17T03:32:57.210215Z  INFO panoptikon::inferio::worker: 2026-09-17 03:32:57,210 [INFO] timm.models._hub: [SmilingWolf/wd-vit-tagger-v3] Safe alternative available for 'pytorch_model.bin' (as 'model.safetensors'). Loading weights using safetensors. worker=wd_tagger
2026-09-17T03:32:57.242949Z  INFO panoptikon::inferio::worker: 2026-09-17 03:32:57,242 [DEBUG] inferio_worker_impl_0_wd_tagger: Model SmilingWolf/wd-vit-tagger-v3 loaded worker=wd_tagger
2026-09-17T03:32:57.267579Z DEBUG panoptikon::inferio::worker: worker reported its load footprint worker=tags/wd-vit-tagger-v3 base_mb=478 base_method="rss" dtype="fp32" dtype_method="inferred" gpu_name="CPU (128 GB)" gpu_arch="cpu" gpu_total_mb=128649 torch="2.7.1+cpu"
2026-09-17T03:32:57.267619Z DEBUG panoptikon::inferio::manager: replica loaded model=tags/wd-vit-tagger-v3 replica=0 device="<unpinned>"
2026-09-17T03:32:57.267815Z DEBUG panoptikon::inferio::ledger: admitted a worker to a GPU's ledger model=tags/wd-vit-tagger-v3 gpu=CPU replica=2 base_mb=Some(478) base_method="rss" reserved_at_load_mb=Some(1054) seeded_from_store=false
2026-09-17T03:32:57.295588Z DEBUG panoptikon::inferio::http: processing local inference predict model=tags/wd-vit-tagger-v3 inputs=1
2026-09-17T03:32:57.295774Z DEBUG panoptikon::inferio::ledger: issued a memory grant model=tags/wd-vit-tagger-v3 gpu=CPU unit_budget=1 mb=88726 canvas_pixels=none share_mb=88726 room_mb=88726 headroom_mb=88726 external_mb=38421 reserve_mb=1024 reserve_rule="capped_default" pre_fit=true ramp_step=0 deflation=0 squeezed=false window_requests=1
2026-09-17T03:32:57.296245Z DEBUG panoptikon::inferio::http: processing local inference predict model=tags/wd-vit-tagger-v3 inputs=1
2026-09-17T03:32:57.296391Z DEBUG panoptikon::inferio::http: processing local inference predict model=tags/wd-vit-tagger-v3 inputs=1
2026-09-17T03:32:57.296541Z DEBUG panoptikon::inferio::http: processing local inference predict model=tags/wd-vit-tagger-v3 inputs=1
2026-09-17T03:32:57.296812Z DEBUG panoptikon::inferio::http: processing local inference predict model=tags/wd-vit-tagger-v3 inputs=1
2026-09-17T03:32:57.297607Z DEBUG panoptikon::inferio::http: processing local inference predict model=tags/wd-vit-tagger-v3 inputs=1
2026-09-17T03:32:57.297773Z DEBUG panoptikon::inferio::http: processing local inference predict model=tags/wd-vit-tagger-v3 inputs=1
2026-09-17T03:32:57.297815Z DEBUG panoptikon::inferio::http: processing local inference predict model=tags/wd-vit-tagger-v3 inputs=1
2026-09-17T03:32:57.297874Z DEBUG panoptikon::inferio::http: processing local inference predict model=tags/wd-vit-tagger-v3 inputs=1
2026-09-17T03:32:57.297910Z DEBUG panoptikon::inferio::http: processing local inference predict model=tags/wd-vit-tagger-v3 inputs=1
2026-09-17T03:32:57.297939Z DEBUG panoptikon::inferio::http: processing local inference predict model=tags/wd-vit-tagger-v3 inputs=1
2026-09-17T03:32:57.297987Z DEBUG panoptikon::inferio::http: processing local inference predict model=tags/wd-vit-tagger-v3 inputs=1
2026-09-17T03:32:57.298022Z DEBUG panoptikon::inferio::http: processing local inference predict model=tags/wd-vit-tagger-v3 inputs=1
2026-09-17T03:32:57.298109Z DEBUG panoptikon::inferio::http: processing local inference predict model=tags/wd-vit-tagger-v3 inputs=1
2026-09-17T03:32:57.298414Z DEBUG panoptikon::inferio::http: processing local inference predict model=tags/wd-vit-tagger-v3 inputs=1
2026-09-17T03:32:57.298457Z DEBUG panoptikon::inferio::http: processing local inference predict model=tags/wd-vit-tagger-v3 inputs=1
2026-09-17T03:32:57.298570Z DEBUG panoptikon::inferio::http: processing local inference predict model=tags/wd-vit-tagger-v3 inputs=1
2026-09-17T03:32:57.298819Z DEBUG panoptikon::inferio::http: processing local inference predict model=tags/wd-vit-tagger-v3 inputs=1
2026-09-17T03:32:57.298851Z DEBUG panoptikon::inferio::http: processing local inference predict model=tags/wd-vit-tagger-v3 inputs=1
2026-09-17T03:32:57.298937Z DEBUG panoptikon::inferio::http: processing local inference predict model=tags/wd-vit-tagger-v3 inputs=1
2026-09-17T03:32:57.298984Z DEBUG panoptikon::inferio::http: processing local inference predict model=tags/wd-vit-tagger-v3 inputs=1
2026-09-17T03:32:57.299041Z DEBUG panoptikon::inferio::http: processing local inference predict model=tags/wd-vit-tagger-v3 inputs=1
2026-09-17T03:32:57.299636Z DEBUG panoptikon::inferio::http: processing local inference predict model=tags/wd-vit-tagger-v3 inputs=1
2026-09-17T03:32:57.299688Z DEBUG panoptikon::inferio::http: processing local inference predict model=tags/wd-vit-tagger-v3 inputs=1
2026-09-17T03:32:57.299760Z DEBUG panoptikon::inferio::http: processing local inference predict model=tags/wd-vit-tagger-v3 inputs=1
2026-09-17T03:32:57.299817Z DEBUG panoptikon::inferio::http: processing local inference predict model=tags/wd-vit-tagger-v3 inputs=1
2026-09-17T03:32:57.300121Z DEBUG panoptikon::inferio::http: processing local inference predict model=tags/wd-vit-tagger-v3 inputs=1
2026-09-17T03:32:57.300158Z DEBUG panoptikon::inferio::http: processing local inference predict model=tags/wd-vit-tagger-v3 inputs=1
2026-09-17T03:32:57.300185Z DEBUG panoptikon::inferio::http: processing local inference predict model=tags/wd-vit-tagger-v3 inputs=1
2026-09-17T03:32:57.300502Z DEBUG panoptikon::inferio::http: processing local inference predict model=tags/wd-vit-tagger-v3 inputs=1
2026-09-17T03:32:57.300952Z DEBUG panoptikon::inferio::http: processing local inference predict model=tags/wd-vit-tagger-v3 inputs=1
2026-09-17T03:32:57.301053Z DEBUG panoptikon::inferio::http: processing local inference predict model=tags/wd-vit-tagger-v3 inputs=1
2026-09-17T03:32:57.301176Z DEBUG panoptikon::inferio::http: processing local inference predict model=tags/wd-vit-tagger-v3 inputs=1
2026-09-17T03:32:57.301236Z DEBUG panoptikon::inferio::http: processing local inference predict model=tags/wd-vit-tagger-v3 inputs=1
2026-09-17T03:32:57.301313Z DEBUG panoptikon::inferio::http: processing local inference predict model=tags/wd-vit-tagger-v3 inputs=1
2026-09-17T03:32:57.301371Z DEBUG panoptikon::inferio::http: processing local inference predict model=tags/wd-vit-tagger-v3 inputs=1
2026-09-17T03:32:57.301530Z DEBUG panoptikon::inferio::http: processing local inference predict model=tags/wd-vit-tagger-v3 inputs=1
2026-09-17T03:32:57.301591Z DEBUG panoptikon::inferio::http: processing local inference predict model=tags/wd-vit-tagger-v3 inputs=1
2026-09-17T03:32:57.301755Z DEBUG panoptikon::inferio::http: processing local inference predict model=tags/wd-vit-tagger-v3 inputs=1
2026-09-17T03:32:57.301827Z DEBUG panoptikon::inferio::http: processing local inference predict model=tags/wd-vit-tagger-v3 inputs=1
2026-09-17T03:32:57.301902Z DEBUG panoptikon::inferio::http: processing local inference predict model=tags/wd-vit-tagger-v3 inputs=1
2026-09-17T03:32:57.301954Z DEBUG panoptikon::inferio::http: processing local inference predict model=tags/wd-vit-tagger-v3 inputs=1
2026-09-17T03:32:57.302022Z DEBUG panoptikon::inferio::http: processing local inference predict model=tags/wd-vit-tagger-v3 inputs=1
2026-09-17T03:32:57.302201Z DEBUG panoptikon::inferio::http: processing local inference predict model=tags/wd-vit-tagger-v3 inputs=1
2026-09-17T03:32:57.302385Z DEBUG panoptikon::inferio::http: processing local inference predict model=tags/wd-vit-tagger-v3 inputs=1
2026-09-17T03:32:57.302511Z DEBUG panoptikon::inferio::http: processing local inference predict model=tags/wd-vit-tagger-v3 inputs=1
2026-09-17T03:32:57.302597Z DEBUG panoptikon::inferio::http: processing local inference predict model=tags/wd-vit-tagger-v3 inputs=1
2026-09-17T03:32:57.302859Z DEBUG panoptikon::inferio::http: processing local inference predict model=tags/wd-vit-tagger-v3 inputs=1
2026-09-17T03:32:57.303157Z DEBUG panoptikon::inferio::http: processing local inference predict model=tags/wd-vit-tagger-v3 inputs=1
2026-09-17T03:32:57.303299Z DEBUG panoptikon::inferio::http: processing local inference predict model=tags/wd-vit-tagger-v3 inputs=1
2026-09-17T03:32:57.303517Z DEBUG panoptikon::inferio::http: processing local inference predict model=tags/wd-vit-tagger-v3 inputs=1
2026-09-17T03:32:57.303978Z DEBUG panoptikon::inferio::http: processing local inference predict model=tags/wd-vit-tagger-v3 inputs=1
2026-09-17T03:32:57.304273Z DEBUG panoptikon::inferio::http: processing local inference predict model=tags/wd-vit-tagger-v3 inputs=1
2026-09-17T03:32:57.304309Z DEBUG panoptikon::inferio::http: processing local inference predict model=tags/wd-vit-tagger-v3 inputs=1
2026-09-17T03:32:57.304368Z DEBUG panoptikon::inferio::http: processing local inference predict model=tags/wd-vit-tagger-v3 inputs=1
2026-09-17T03:32:57.304552Z DEBUG panoptikon::inferio::http: processing local inference predict model=tags/wd-vit-tagger-v3 inputs=1
2026-09-17T03:32:57.304613Z DEBUG panoptikon::inferio::http: processing local inference predict model=tags/wd-vit-tagger-v3 inputs=1
2026-09-17T03:32:57.304666Z DEBUG panoptikon::inferio::http: processing local inference predict model=tags/wd-vit-tagger-v3 inputs=1
2026-09-17T03:32:57.304702Z DEBUG panoptikon::inferio::http: processing local inference predict model=tags/wd-vit-tagger-v3 inputs=1
2026-09-17T03:32:57.305040Z DEBUG panoptikon::inferio::http: processing local inference predict model=tags/wd-vit-tagger-v3 inputs=1
2026-09-17T03:32:57.305088Z DEBUG panoptikon::inferio::http: processing local inference predict model=tags/wd-vit-tagger-v3 inputs=1
2026-09-17T03:32:57.305140Z DEBUG panoptikon::inferio::http: processing local inference predict model=tags/wd-vit-tagger-v3 inputs=1
2026-09-17T03:32:57.305188Z DEBUG panoptikon::inferio::http: processing local inference predict model=tags/wd-vit-tagger-v3 inputs=1
2026-09-17T03:32:57.305244Z DEBUG panoptikon::inferio::http: processing local inference predict model=tags/wd-vit-tagger-v3 inputs=1
2026-09-17T03:32:57.313829Z  INFO panoptikon::inferio::worker: 2026-09-17 03:32:57,313 [DEBUG] inferio_worker_impl_0_wd_tagger: Running inference on 1 images worker=wd_tagger
2026-09-17T03:32:57.743739Z DEBUG panoptikon::inferio::ledger: queued a calibration profile update for the store model=tags/wd-vit-tagger-v3 gpu=CPU reason="anchor_advanced" max_units_measured=0 fit_version=0
2026-09-17T03:32:57.743800Z DEBUG panoptikon::inferio::ledger: settled a granted window model=tags/wd-vit-tagger-v3 gpu=CPU outcome="clean" fit_samples=1 throughput_samples=1 clamped_samples=0 clamped=none ramp_step=0 deflation=0 clean_windows=1 max_units_measured=1
2026-09-17T03:32:57.743895Z DEBUG panoptikon::inferio::ledger: issued a memory grant model=tags/wd-vit-tagger-v3 gpu=CPU unit_budget=2 mb=88510 canvas_pixels=none share_mb=88510 room_mb=88510 headroom_mb=88510 external_mb=38637 reserve_mb=1024 reserve_rule="capped_default" pre_fit=true ramp_step=0 deflation=0 squeezed=false window_requests=6
2026-09-17T03:32:57.745338Z DEBUG panoptikon::inferio::http: processing local inference predict model=tags/wd-vit-tagger-v3 inputs=1
2026-09-17T03:32:57.745432Z  INFO panoptikon::inferio::calibration: wrote the local calibration store path=data/inferio/calibration.toml profiles=1
2026-09-17T03:32:57.759868Z  INFO panoptikon::inferio::worker: 2026-09-17 03:32:57,759 [DEBUG] inferio_worker_impl_0_wd_tagger: Running inference on 2 images worker=wd_tagger
2026-09-17T03:32:58.422194Z  INFO panoptikon::inferio::worker: 2026-09-17 03:32:58,421 [DEBUG] inferio_worker_impl_0_wd_tagger: Running inference on 2 images worker=wd_tagger
2026-09-17T03:32:59.046653Z  INFO panoptikon::inferio::worker: 2026-09-17 03:32:59,046 [DEBUG] inferio_worker_impl_0_wd_tagger: Running inference on 2 images worker=wd_tagger
2026-09-17T03:32:59.599080Z DEBUG panoptikon::inferio::ledger: declining to fit a throughput knee: the ring's quiet buckets hold too few observations to read as a curve observations=3 min_observations=12 buckets=1 min_buckets=3
2026-09-17T03:32:59.599108Z DEBUG panoptikon::inferio::ledger: queued a calibration profile update for the store model=tags/wd-vit-tagger-v3 gpu=CPU reason="anchor_advanced" max_units_measured=2 fit_version=0
2026-09-17T03:32:59.599165Z DEBUG panoptikon::inferio::ledger: settled a granted window model=tags/wd-vit-tagger-v3 gpu=CPU outcome="clean" fit_samples=3 throughput_samples=3 clamped_samples=0 clamped=none ramp_step=1 deflation=0 clean_windows=2 max_units_measured=2
2026-09-17T03:32:59.599272Z DEBUG panoptikon::inferio::ledger: issued a memory grant model=tags/wd-vit-tagger-v3 gpu=CPU unit_budget=4 mb=88459 canvas_pixels=none share_mb=88459 room_mb=88459 headroom_mb=88459 external_mb=38688 reserve_mb=1024 reserve_rule="capped_default" pre_fit=true ramp_step=1 deflation=0 squeezed=false window_requests=12
2026-09-17T03:32:59.600468Z DEBUG panoptikon::inferio::http: processing local inference predict model=tags/wd-vit-tagger-v3 inputs=1
2026-09-17T03:32:59.600942Z DEBUG panoptikon::inferio::http: processing local inference predict model=tags/wd-vit-tagger-v3 inputs=1
2026-09-17T03:32:59.601157Z DEBUG panoptikon::inferio::http: processing local inference predict model=tags/wd-vit-tagger-v3 inputs=1
2026-09-17T03:32:59.601485Z DEBUG panoptikon::inferio::http: processing local inference predict model=tags/wd-vit-tagger-v3 inputs=1
2026-09-17T03:32:59.601580Z DEBUG panoptikon::inferio::http: processing local inference predict model=tags/wd-vit-tagger-v3 inputs=1
2026-09-17T03:32:59.601624Z DEBUG panoptikon::inferio::http: processing local inference predict model=tags/wd-vit-tagger-v3 inputs=1
2026-09-17T03:32:59.636678Z  INFO panoptikon::inferio::worker: 2026-09-17 03:32:59,636 [DEBUG] inferio_worker_impl_0_wd_tagger: Running inference on 4 images worker=wd_tagger
2026-09-17T03:33:00.587571Z  INFO panoptikon::inferio::worker: 2026-09-17 03:33:00,587 [DEBUG] inferio_worker_impl_0_wd_tagger: Running inference on 4 images worker=wd_tagger
2026-09-17T03:33:01.527239Z  INFO panoptikon::inferio::worker: 2026-09-17 03:33:01,527 [DEBUG] inferio_worker_impl_0_wd_tagger: Running inference on 4 images worker=wd_tagger
2026-09-17T03:33:02.318317Z DEBUG panoptikon::inferio::ledger: refitted the memory cost model model=tags/wd-vit-tagger-v3 gpu=CPU slope_mb_per_unit=46.666666666666664 intercept_mb=14.333333333333343 residual_mb=7.105427357601002e-15 samples=3 version=1
2026-09-17T03:33:02.318393Z DEBUG panoptikon::inferio::ledger: declining to fit a throughput knee: the ring's quiet buckets hold too few observations to read as a curve observations=6 min_observations=12 buckets=2 min_buckets=3
2026-09-17T03:33:02.318447Z DEBUG panoptikon::inferio::ledger: queued a calibration profile update for the store model=tags/wd-vit-tagger-v3 gpu=CPU reason="fit_changed" max_units_measured=4 fit_version=1
2026-09-17T03:33:02.318476Z DEBUG panoptikon::inferio::ledger: settled a granted window model=tags/wd-vit-tagger-v3 gpu=CPU outcome="clean" fit_samples=3 throughput_samples=3 clamped_samples=0 clamped=none ramp_step=2 deflation=0 clean_windows=3 max_units_measured=4
2026-09-17T03:33:02.318555Z DEBUG panoptikon::inferio::ledger: issued a memory grant model=tags/wd-vit-tagger-v3 gpu=CPU unit_budget=8 mb=467 canvas_pixels=none share_mb=88406 room_mb=88406 headroom_mb=88406 external_mb=38741 reserve_mb=1024 reserve_rule="capped_default" pre_fit=false ramp_step=2 deflation=0 squeezed=false window_requests=24
2026-09-17T03:33:02.319729Z DEBUG panoptikon::inferio::http: processing local inference predict model=tags/wd-vit-tagger-v3 inputs=1
2026-09-17T03:33:02.320040Z DEBUG panoptikon::inferio::http: processing local inference predict model=tags/wd-vit-tagger-v3 inputs=1
2026-09-17T03:33:02.320099Z DEBUG panoptikon::inferio::http: processing local inference predict model=tags/wd-vit-tagger-v3 inputs=1
2026-09-17T03:33:02.320134Z DEBUG panoptikon::inferio::http: processing local inference predict model=tags/wd-vit-tagger-v3 inputs=1
2026-09-17T03:33:02.320459Z DEBUG panoptikon::inferio::http: processing local inference predict model=tags/wd-vit-tagger-v3 inputs=1
2026-09-17T03:33:02.320570Z DEBUG panoptikon::inferio::http: processing local inference predict model=tags/wd-vit-tagger-v3 inputs=1
2026-09-17T03:33:02.320610Z DEBUG panoptikon::inferio::http: processing local inference predict model=tags/wd-vit-tagger-v3 inputs=1
2026-09-17T03:33:02.320954Z DEBUG panoptikon::inferio::http: processing local inference predict model=tags/wd-vit-tagger-v3 inputs=1
2026-09-17T03:33:02.321007Z DEBUG panoptikon::inferio::http: processing local inference predict model=tags/wd-vit-tagger-v3 inputs=1
2026-09-17T03:33:02.321058Z DEBUG panoptikon::inferio::http: processing local inference predict model=tags/wd-vit-tagger-v3 inputs=1
2026-09-17T03:33:02.321124Z DEBUG panoptikon::inferio::http: processing local inference predict model=tags/wd-vit-tagger-v3 inputs=1
2026-09-17T03:33:02.321158Z DEBUG panoptikon::inferio::http: processing local inference predict model=tags/wd-vit-tagger-v3 inputs=1
2026-09-17T03:33:02.366267Z  INFO panoptikon::inferio::worker: 2026-09-17 03:33:02,366 [DEBUG] inferio_worker_impl_0_wd_tagger: Running inference on 8 images worker=wd_tagger
2026-09-17T03:33:03.765077Z  INFO panoptikon::inferio::worker: 2026-09-17 03:33:03,764 [DEBUG] inferio_worker_impl_0_wd_tagger: Running inference on 8 images worker=wd_tagger
2026-09-17T03:33:05.379429Z  INFO panoptikon::inferio::worker: 2026-09-17 03:33:05,379 [DEBUG] inferio_worker_impl_0_wd_tagger: Running inference on 8 images worker=wd_tagger
2026-09-17T03:33:06.711497Z DEBUG panoptikon::inferio::ledger: refitted the memory cost model model=tags/wd-vit-tagger-v3 gpu=CPU slope_mb_per_unit=41.785714285714285 intercept_mb=25.321428571428573 residual_mb=7.321428571428569 samples=4 version=2
2026-09-17T03:33:06.711551Z DEBUG panoptikon::inferio::ledger: declining to fit a throughput knee: the ring's quiet buckets hold too few observations to read as a curve observations=9 min_observations=12 buckets=3 min_buckets=3
2026-09-17T03:33:06.711571Z DEBUG panoptikon::inferio::ledger: queued a calibration profile update for the store model=tags/wd-vit-tagger-v3 gpu=CPU reason="fit_changed" max_units_measured=8 fit_version=2
2026-09-17T03:33:06.711602Z DEBUG panoptikon::inferio::ledger: settled a granted window model=tags/wd-vit-tagger-v3 gpu=CPU outcome="clean" fit_samples=3 throughput_samples=3 clamped_samples=0 clamped=none ramp_step=3 deflation=0 clean_windows=4 max_units_measured=8
2026-09-17T03:33:06.713251Z DEBUG panoptikon::inferio::http: processing local inference predict model=tags/wd-vit-tagger-v3 inputs=1
2026-09-17T03:33:06.713769Z DEBUG panoptikon::inferio::http: processing local inference predict model=tags/wd-vit-tagger-v3 inputs=1
2026-09-17T03:33:06.714182Z DEBUG panoptikon::inferio::http: processing local inference predict model=tags/wd-vit-tagger-v3 inputs=1
2026-09-17T03:33:06.714213Z DEBUG panoptikon::inferio::http: processing local inference predict model=tags/wd-vit-tagger-v3 inputs=1
2026-09-17T03:33:06.714244Z DEBUG panoptikon::inferio::http: processing local inference predict model=tags/wd-vit-tagger-v3 inputs=1
2026-09-17T03:33:06.714488Z DEBUG panoptikon::inferio::http: processing local inference predict model=tags/wd-vit-tagger-v3 inputs=1
2026-09-17T03:33:06.714542Z DEBUG panoptikon::inferio::http: processing local inference predict model=tags/wd-vit-tagger-v3 inputs=1
2026-09-17T03:33:06.714591Z DEBUG panoptikon::inferio::http: processing local inference predict model=tags/wd-vit-tagger-v3 inputs=1
2026-09-17T03:33:06.714717Z DEBUG panoptikon::inferio::ledger: issued a memory grant model=tags/wd-vit-tagger-v3 gpu=CPU unit_budget=16 mb=836 canvas_pixels=none share_mb=88459 room_mb=88459 headroom_mb=88459 external_mb=38688 reserve_mb=1024 reserve_rule="capped_default" pre_fit=false ramp_step=3 deflation=0 squeezed=false window_requests=48
2026-09-17T03:33:06.714871Z DEBUG panoptikon::inferio::http: processing local inference predict model=tags/wd-vit-tagger-v3 inputs=1
2026-09-17T03:33:06.714905Z DEBUG panoptikon::inferio::http: processing local inference predict model=tags/wd-vit-tagger-v3 inputs=1
2026-09-17T03:33:06.715029Z DEBUG panoptikon::inferio::http: processing local inference predict model=tags/wd-vit-tagger-v3 inputs=1
2026-09-17T03:33:06.715160Z DEBUG panoptikon::inferio::http: processing local inference predict model=tags/wd-vit-tagger-v3 inputs=1
2026-09-17T03:33:06.715247Z DEBUG panoptikon::inferio::http: processing local inference predict model=tags/wd-vit-tagger-v3 inputs=1
2026-09-17T03:33:06.715295Z DEBUG panoptikon::inferio::http: processing local inference predict model=tags/wd-vit-tagger-v3 inputs=1
2026-09-17T03:33:06.715321Z DEBUG panoptikon::inferio::http: processing local inference predict model=tags/wd-vit-tagger-v3 inputs=1
2026-09-17T03:33:06.715458Z DEBUG panoptikon::inferio::http: processing local inference predict model=tags/wd-vit-tagger-v3 inputs=1
2026-09-17T03:33:06.715497Z DEBUG panoptikon::inferio::http: processing local inference predict model=tags/wd-vit-tagger-v3 inputs=1
2026-09-17T03:33:06.715620Z DEBUG panoptikon::inferio::http: processing local inference predict model=tags/wd-vit-tagger-v3 inputs=1
2026-09-17T03:33:06.715780Z DEBUG panoptikon::inferio::http: processing local inference predict model=tags/wd-vit-tagger-v3 inputs=1
2026-09-17T03:33:06.715914Z DEBUG panoptikon::inferio::http: processing local inference predict model=tags/wd-vit-tagger-v3 inputs=1
2026-09-17T03:33:06.715943Z DEBUG panoptikon::inferio::http: processing local inference predict model=tags/wd-vit-tagger-v3 inputs=1
2026-09-17T03:33:06.715995Z DEBUG panoptikon::inferio::http: processing local inference predict model=tags/wd-vit-tagger-v3 inputs=1
2026-09-17T03:33:06.716053Z DEBUG panoptikon::inferio::http: processing local inference predict model=tags/wd-vit-tagger-v3 inputs=1
2026-09-17T03:33:06.716152Z DEBUG panoptikon::inferio::http: processing local inference predict model=tags/wd-vit-tagger-v3 inputs=1
2026-09-17T03:33:06.808425Z  INFO panoptikon::inferio::worker: 2026-09-17 03:33:06,808 [DEBUG] inferio_worker_impl_0_wd_tagger: Running inference on 16 images worker=wd_tagger
2026-09-17T03:33:09.294813Z  INFO panoptikon::inferio::worker: 2026-09-17 03:33:09,294 [DEBUG] inferio_worker_impl_0_wd_tagger: Running inference on 16 images worker=wd_tagger
2026-09-17T03:33:12.496186Z  INFO panoptikon::inferio::worker: 2026-09-17 03:33:12,495 [DEBUG] inferio_worker_impl_0_wd_tagger: Running inference on 16 images worker=wd_tagger
2026-09-17T03:33:14.976103Z  INFO panoptikon::inferio::ledger: holding the throughput ramp at this rung: the ring cannot certify this rung yet model=tags/wd-vit-tagger-v3 gpu=CPU units=16 certified=false knee_binds=false
2026-09-17T03:33:14.976171Z DEBUG panoptikon::inferio::ledger: refitted the memory cost model model=tags/wd-vit-tagger-v3 gpu=CPU slope_mb_per_unit=37.16666666666667 intercept_mb=40.66666666666666 residual_mb=11.666666666666657 samples=5 version=3
2026-09-17T03:33:14.976197Z DEBUG panoptikon::inferio::ledger: declining to fit a throughput knee: the ring's quiet buckets hold too few observations to read as a curve observations=9 min_observations=12 buckets=3 min_buckets=3
2026-09-17T03:33:14.976244Z DEBUG panoptikon::inferio::ledger: queued a calibration profile update for the store model=tags/wd-vit-tagger-v3 gpu=CPU reason="fit_changed" max_units_measured=16 fit_version=3
2026-09-17T03:33:14.976272Z DEBUG panoptikon::inferio::ledger: settled a granted window model=tags/wd-vit-tagger-v3 gpu=CPU outcome="clean" fit_samples=3 throughput_samples=1 clamped_samples=0 clamped=none ramp_step=3 deflation=0 clean_windows=5 max_units_measured=16
2026-09-17T03:33:14.977572Z DEBUG panoptikon::inferio::http: processing local inference predict model=tags/wd-vit-tagger-v3 inputs=1
2026-09-17T03:33:14.980262Z DEBUG panoptikon::inferio::ledger: issued a memory grant model=tags/wd-vit-tagger-v3 gpu=CPU unit_budget=16 mb=595 canvas_pixels=none share_mb=88707 room_mb=88707 headroom_mb=88433 external_mb=38440 reserve_mb=1024 reserve_rule="capped_default" pre_fit=false ramp_step=3 deflation=0 squeezed=false window_requests=17
2026-09-17T03:33:14.989485Z DEBUG panoptikon::inferio::http: processing local inference predict model=tags/wd-vit-tagger-v3 inputs=1
2026-09-17T03:33:14.989555Z DEBUG panoptikon::inferio::http: processing local inference predict model=tags/wd-vit-tagger-v3 inputs=1
2026-09-17T03:33:14.989695Z DEBUG panoptikon::inferio::http: processing local inference predict model=tags/wd-vit-tagger-v3 inputs=1
2026-09-17T03:33:14.989725Z DEBUG panoptikon::inferio::http: processing local inference predict model=tags/wd-vit-tagger-v3 inputs=1
2026-09-17T03:33:14.989918Z DEBUG panoptikon::inferio::http: processing local inference predict model=tags/wd-vit-tagger-v3 inputs=1
2026-09-17T03:33:14.990082Z DEBUG panoptikon::inferio::http: processing local inference predict model=tags/wd-vit-tagger-v3 inputs=1
2026-09-17T03:33:14.990139Z DEBUG panoptikon::inferio::http: processing local inference predict model=tags/wd-vit-tagger-v3 inputs=1
2026-09-17T03:33:14.990178Z DEBUG panoptikon::inferio::http: processing local inference predict model=tags/wd-vit-tagger-v3 inputs=1
2026-09-17T03:33:14.990205Z DEBUG panoptikon::inferio::http: processing local inference predict model=tags/wd-vit-tagger-v3 inputs=1
2026-09-17T03:33:14.990231Z DEBUG panoptikon::inferio::http: processing local inference predict model=tags/wd-vit-tagger-v3 inputs=1
2026-09-17T03:33:14.990290Z DEBUG panoptikon::inferio::http: processing local inference predict model=tags/wd-vit-tagger-v3 inputs=1
2026-09-17T03:33:14.990546Z DEBUG panoptikon::inferio::http: processing local inference predict model=tags/wd-vit-tagger-v3 inputs=1
2026-09-17T03:33:14.991108Z DEBUG panoptikon::inferio::http: processing local inference predict model=tags/wd-vit-tagger-v3 inputs=1
2026-09-17T03:33:14.991175Z DEBUG panoptikon::inferio::http: processing local inference predict model=tags/wd-vit-tagger-v3 inputs=1
2026-09-17T03:33:14.991230Z DEBUG panoptikon::inferio::http: processing local inference predict model=tags/wd-vit-tagger-v3 inputs=1
2026-09-17T03:33:14.991297Z DEBUG panoptikon::inferio::http: processing local inference predict model=tags/wd-vit-tagger-v3 inputs=1
2026-09-17T03:33:14.991334Z DEBUG panoptikon::inferio::http: processing local inference predict model=tags/wd-vit-tagger-v3 inputs=1
2026-09-17T03:33:14.991363Z DEBUG panoptikon::inferio::http: processing local inference predict model=tags/wd-vit-tagger-v3 inputs=1
2026-09-17T03:33:14.991429Z DEBUG panoptikon::inferio::http: processing local inference predict model=tags/wd-vit-tagger-v3 inputs=1
2026-09-17T03:33:14.991476Z DEBUG panoptikon::inferio::http: processing local inference predict model=tags/wd-vit-tagger-v3 inputs=1
2026-09-17T03:33:14.991539Z DEBUG panoptikon::inferio::http: processing local inference predict model=tags/wd-vit-tagger-v3 inputs=1
2026-09-17T03:33:14.991595Z DEBUG panoptikon::inferio::http: processing local inference predict model=tags/wd-vit-tagger-v3 inputs=1
2026-09-17T03:33:14.991638Z DEBUG panoptikon::inferio::http: processing local inference predict model=tags/wd-vit-tagger-v3 inputs=1
2026-09-17T03:33:14.991675Z DEBUG panoptikon::inferio::http: processing local inference predict model=tags/wd-vit-tagger-v3 inputs=1
2026-09-17T03:33:14.991709Z DEBUG panoptikon::inferio::http: processing local inference predict model=tags/wd-vit-tagger-v3 inputs=1
2026-09-17T03:33:14.991739Z DEBUG panoptikon::inferio::http: processing local inference predict model=tags/wd-vit-tagger-v3 inputs=1
2026-09-17T03:33:14.991801Z DEBUG panoptikon::inferio::http: processing local inference predict model=tags/wd-vit-tagger-v3 inputs=1
2026-09-17T03:33:14.991907Z DEBUG panoptikon::inferio::http: processing local inference predict model=tags/wd-vit-tagger-v3 inputs=1
2026-09-17T03:33:14.991958Z DEBUG panoptikon::inferio::http: processing local inference predict model=tags/wd-vit-tagger-v3 inputs=1
2026-09-17T03:33:14.991994Z DEBUG panoptikon::inferio::http: processing local inference predict model=tags/wd-vit-tagger-v3 inputs=1
2026-09-17T03:33:14.992032Z DEBUG panoptikon::inferio::http: processing local inference predict model=tags/wd-vit-tagger-v3 inputs=1
2026-09-17T03:33:14.992089Z DEBUG panoptikon::inferio::http: processing local inference predict model=tags/wd-vit-tagger-v3 inputs=1
2026-09-17T03:33:14.992119Z DEBUG panoptikon::inferio::http: processing local inference predict model=tags/wd-vit-tagger-v3 inputs=1
2026-09-17T03:33:14.992179Z DEBUG panoptikon::inferio::http: processing local inference predict model=tags/wd-vit-tagger-v3 inputs=1
2026-09-17T03:33:14.992216Z DEBUG panoptikon::inferio::http: processing local inference predict model=tags/wd-vit-tagger-v3 inputs=1
2026-09-17T03:33:14.992255Z DEBUG panoptikon::inferio::http: processing local inference predict model=tags/wd-vit-tagger-v3 inputs=1
2026-09-17T03:33:14.992300Z DEBUG panoptikon::inferio::http: processing local inference predict model=tags/wd-vit-tagger-v3 inputs=1
2026-09-17T03:33:14.992343Z DEBUG panoptikon::inferio::http: processing local inference predict model=tags/wd-vit-tagger-v3 inputs=1
2026-09-17T03:33:14.992410Z DEBUG panoptikon::inferio::http: processing local inference predict model=tags/wd-vit-tagger-v3 inputs=1
2026-09-17T03:33:14.992445Z DEBUG panoptikon::inferio::http: processing local inference predict model=tags/wd-vit-tagger-v3 inputs=1
2026-09-17T03:33:14.992480Z DEBUG panoptikon::inferio::http: processing local inference predict model=tags/wd-vit-tagger-v3 inputs=1
2026-09-17T03:33:14.992523Z DEBUG panoptikon::inferio::http: processing local inference predict model=tags/wd-vit-tagger-v3 inputs=1
2026-09-17T03:33:14.992553Z DEBUG panoptikon::inferio::http: processing local inference predict model=tags/wd-vit-tagger-v3 inputs=1
2026-09-17T03:33:14.992586Z DEBUG panoptikon::inferio::http: processing local inference predict model=tags/wd-vit-tagger-v3 inputs=1
2026-09-17T03:33:14.992631Z DEBUG panoptikon::inferio::http: processing local inference predict model=tags/wd-vit-tagger-v3 inputs=1
2026-09-17T03:33:14.992753Z DEBUG panoptikon::inferio::http: processing local inference predict model=tags/wd-vit-tagger-v3 inputs=1
2026-09-17T03:33:14.992806Z DEBUG panoptikon::inferio::http: processing local inference predict model=tags/wd-vit-tagger-v3 inputs=1
2026-09-17T03:33:14.992857Z DEBUG panoptikon::inferio::http: processing local inference predict model=tags/wd-vit-tagger-v3 inputs=1
2026-09-17T03:33:14.992893Z DEBUG panoptikon::inferio::http: processing local inference predict model=tags/wd-vit-tagger-v3 inputs=1
2026-09-17T03:33:14.992939Z DEBUG panoptikon::inferio::http: processing local inference predict model=tags/wd-vit-tagger-v3 inputs=1
2026-09-17T03:33:14.993025Z DEBUG panoptikon::inferio::http: processing local inference predict model=tags/wd-vit-tagger-v3 inputs=1
2026-09-17T03:33:14.993084Z DEBUG panoptikon::inferio::http: processing local inference predict model=tags/wd-vit-tagger-v3 inputs=1
2026-09-17T03:33:14.993141Z DEBUG panoptikon::inferio::http: processing local inference predict model=tags/wd-vit-tagger-v3 inputs=1
2026-09-17T03:33:14.993171Z DEBUG panoptikon::inferio::http: processing local inference predict model=tags/wd-vit-tagger-v3 inputs=1
2026-09-17T03:33:14.993298Z DEBUG panoptikon::inferio::http: processing local inference predict model=tags/wd-vit-tagger-v3 inputs=1
2026-09-17T03:33:14.993425Z DEBUG panoptikon::inferio::http: processing local inference predict model=tags/wd-vit-tagger-v3 inputs=1
2026-09-17T03:33:14.993459Z DEBUG panoptikon::inferio::http: processing local inference predict model=tags/wd-vit-tagger-v3 inputs=1
2026-09-17T03:33:14.993518Z DEBUG panoptikon::inferio::http: processing local inference predict model=tags/wd-vit-tagger-v3 inputs=1
2026-09-17T03:33:14.993717Z DEBUG panoptikon::inferio::http: processing local inference predict model=tags/wd-vit-tagger-v3 inputs=1
2026-09-17T03:33:14.993790Z DEBUG panoptikon::inferio::http: processing local inference predict model=tags/wd-vit-tagger-v3 inputs=1
2026-09-17T03:33:14.993819Z DEBUG panoptikon::inferio::http: processing local inference predict model=tags/wd-vit-tagger-v3 inputs=1
2026-09-17T03:33:14.993843Z DEBUG panoptikon::inferio::http: processing local inference predict model=tags/wd-vit-tagger-v3 inputs=1
2026-09-17T03:33:14.993881Z DEBUG panoptikon::inferio::http: processing local inference predict model=tags/wd-vit-tagger-v3 inputs=1
2026-09-17T03:33:14.993916Z DEBUG panoptikon::inferio::http: processing local inference predict model=tags/wd-vit-tagger-v3 inputs=1
2026-09-17T03:33:14.993975Z DEBUG panoptikon::inferio::http: processing local inference predict model=tags/wd-vit-tagger-v3 inputs=1
2026-09-17T03:33:14.994005Z DEBUG panoptikon::inferio::http: processing local inference predict model=tags/wd-vit-tagger-v3 inputs=1
2026-09-17T03:33:14.994044Z DEBUG panoptikon::inferio::http: processing local inference predict model=tags/wd-vit-tagger-v3 inputs=1
2026-09-17T03:33:14.994088Z DEBUG panoptikon::inferio::http: processing local inference predict model=tags/wd-vit-tagger-v3 inputs=1
2026-09-17T03:33:14.994118Z DEBUG panoptikon::inferio::http: processing local inference predict model=tags/wd-vit-tagger-v3 inputs=1
2026-09-17T03:33:14.994153Z DEBUG panoptikon::inferio::http: processing local inference predict model=tags/wd-vit-tagger-v3 inputs=1
2026-09-17T03:33:14.994179Z DEBUG panoptikon::inferio::http: processing local inference predict model=tags/wd-vit-tagger-v3 inputs=1
2026-09-17T03:33:14.994208Z DEBUG panoptikon::inferio::http: processing local inference predict model=tags/wd-vit-tagger-v3 inputs=1
2026-09-17T03:33:14.994245Z DEBUG panoptikon::inferio::http: processing local inference predict model=tags/wd-vit-tagger-v3 inputs=1
2026-09-17T03:33:14.994268Z DEBUG panoptikon::inferio::http: processing local inference predict model=tags/wd-vit-tagger-v3 inputs=1
2026-09-17T03:33:14.994303Z DEBUG panoptikon::inferio::http: processing local inference predict model=tags/wd-vit-tagger-v3 inputs=1
2026-09-17T03:33:14.994342Z DEBUG panoptikon::inferio::http: processing local inference predict model=tags/wd-vit-tagger-v3 inputs=1
2026-09-17T03:33:14.994364Z DEBUG panoptikon::inferio::http: processing local inference predict model=tags/wd-vit-tagger-v3 inputs=1
2026-09-17T03:33:14.994406Z DEBUG panoptikon::inferio::http: processing local inference predict model=tags/wd-vit-tagger-v3 inputs=1
2026-09-17T03:33:14.994431Z DEBUG panoptikon::inferio::http: processing local inference predict model=tags/wd-vit-tagger-v3 inputs=1
2026-09-17T03:33:15.054379Z  INFO panoptikon::inferio::worker: 2026-09-17 03:33:15,054 [DEBUG] inferio_worker_impl_0_wd_tagger: Running inference on 16 images worker=wd_tagger
2026-09-17T03:33:17.337566Z  INFO panoptikon::inferio::worker: 2026-09-17 03:33:17,337 [DEBUG] inferio_worker_impl_0_wd_tagger: Running inference on 1 images worker=wd_tagger
2026-09-17T03:33:17.640685Z DEBUG panoptikon::inferio::ledger: refitted the memory cost model model=tags/wd-vit-tagger-v3 gpu=CPU slope_mb_per_unit=36.04166666666667 intercept_mb=56.833333333333314 residual_mb=0.5 samples=5 version=4
2026-09-17T03:33:17.640709Z DEBUG panoptikon::inferio::ledger: declining to fit a throughput knee: the ring's quiet buckets hold too few observations to read as a curve observations=9 min_observations=12 buckets=3 min_buckets=3
2026-09-17T03:33:17.640750Z DEBUG panoptikon::inferio::ledger: queued a calibration profile update for the store model=tags/wd-vit-tagger-v3 gpu=CPU reason="fit_changed" max_units_measured=16 fit_version=4
2026-09-17T03:33:17.640792Z DEBUG panoptikon::inferio::ledger: settled a granted window model=tags/wd-vit-tagger-v3 gpu=CPU outcome="clean" fit_samples=2 throughput_samples=0 clamped_samples=0 clamped=none ramp_step=3 deflation=0 clean_windows=6 max_units_measured=16
2026-09-17T03:33:17.640870Z DEBUG panoptikon::inferio::ledger: issued a memory grant model=tags/wd-vit-tagger-v3 gpu=CPU unit_budget=16 mb=577 canvas_pixels=none share_mb=88715 room_mb=88715 headroom_mb=88440 external_mb=38432 reserve_mb=1024 reserve_rule="capped_default" pre_fit=false ramp_step=3 deflation=0 squeezed=false window_requests=48
2026-09-17T03:33:17.641903Z DEBUG panoptikon::inferio::http: processing local inference predict model=tags/wd-vit-tagger-v3 inputs=1
2026-09-17T03:33:17.683332Z DEBUG panoptikon::inferio::http: processing local inference predict model=tags/wd-vit-tagger-v3 inputs=1
2026-09-17T03:33:17.683466Z DEBUG panoptikon::inferio::http: processing local inference predict model=tags/wd-vit-tagger-v3 inputs=1
2026-09-17T03:33:17.683543Z DEBUG panoptikon::inferio::http: processing local inference predict model=tags/wd-vit-tagger-v3 inputs=1
2026-09-17T03:33:17.683615Z DEBUG panoptikon::inferio::http: processing local inference predict model=tags/wd-vit-tagger-v3 inputs=1
2026-09-17T03:33:17.683633Z DEBUG panoptikon::inferio::http: processing local inference predict model=tags/wd-vit-tagger-v3 inputs=1
2026-09-17T03:33:17.683718Z DEBUG panoptikon::inferio::http: processing local inference predict model=tags/wd-vit-tagger-v3 inputs=1
2026-09-17T03:33:17.683776Z DEBUG panoptikon::inferio::http: processing local inference predict model=tags/wd-vit-tagger-v3 inputs=1
2026-09-17T03:33:17.683839Z DEBUG panoptikon::inferio::http: processing local inference predict model=tags/wd-vit-tagger-v3 inputs=1
2026-09-17T03:33:17.683879Z DEBUG panoptikon::inferio::http: processing local inference predict model=tags/wd-vit-tagger-v3 inputs=1
2026-09-17T03:33:17.683917Z DEBUG panoptikon::inferio::http: processing local inference predict model=tags/wd-vit-tagger-v3 inputs=1
2026-09-17T03:33:17.683991Z DEBUG panoptikon::inferio::http: processing local inference predict model=tags/wd-vit-tagger-v3 inputs=1
2026-09-17T03:33:17.684184Z DEBUG panoptikon::inferio::http: processing local inference predict model=tags/wd-vit-tagger-v3 inputs=1
2026-09-17T03:33:17.684239Z DEBUG panoptikon::inferio::http: processing local inference predict model=tags/wd-vit-tagger-v3 inputs=1
2026-09-17T03:33:17.684334Z DEBUG panoptikon::inferio::http: processing local inference predict model=tags/wd-vit-tagger-v3 inputs=1
2026-09-17T03:33:17.684422Z DEBUG panoptikon::inferio::http: processing local inference predict model=tags/wd-vit-tagger-v3 inputs=1
2026-09-17T03:33:17.684534Z DEBUG panoptikon::inferio::http: processing local inference predict model=tags/wd-vit-tagger-v3 inputs=1
2026-09-17T03:33:17.723498Z  INFO panoptikon::inferio::worker: 2026-09-17 03:33:17,723 [DEBUG] inferio_worker_impl_0_wd_tagger: Running inference on 16 images worker=wd_tagger
2026-09-17T03:33:20.722059Z  INFO panoptikon::inferio::worker: 2026-09-17 03:33:20,721 [DEBUG] inferio_worker_impl_0_wd_tagger: Running inference on 16 images worker=wd_tagger
2026-09-17T03:33:25.201292Z  INFO panoptikon::inferio::worker: 2026-09-17 03:33:25,200 [DEBUG] inferio_worker_impl_0_wd_tagger: Running inference on 16 images worker=wd_tagger
2026-09-17T03:33:27.745274Z  INFO panoptikon::inferio::calibration: wrote the local calibration store path=data/inferio/calibration.toml profiles=1
2026-09-17T03:33:27.808523Z  INFO panoptikon::inferio::ledger: the throughput ramp is free to grow again model=tags/wd-vit-tagger-v3 gpu=CPU
2026-09-17T03:33:27.808559Z DEBUG panoptikon::inferio::ledger: refitted the memory cost model model=tags/wd-vit-tagger-v3 gpu=CPU slope_mb_per_unit=35.6875 intercept_mb=59.0 residual_mb=0.75 samples=5 version=5
2026-09-17T03:33:27.808612Z DEBUG panoptikon::inferio::ledger: declining to fit a throughput knee: the plateau is not established above the knee yet: fewer quiet buckets above it than the rule asks for bucket=3 observed_floor=1 observed_top=4 anchor=16 observations=14
2026-09-17T03:33:27.808640Z DEBUG panoptikon::inferio::ledger: queued a calibration profile update for the store model=tags/wd-vit-tagger-v3 gpu=CPU reason="fit_changed" max_units_measured=16 fit_version=5
2026-09-17T03:33:27.808671Z DEBUG panoptikon::inferio::ledger: settled a granted window model=tags/wd-vit-tagger-v3 gpu=CPU outcome="clean" fit_samples=3 throughput_samples=3 clamped_samples=0 clamped=none ramp_step=4 deflation=0 clean_windows=7 max_units_measured=16
2026-09-17T03:33:27.810308Z DEBUG panoptikon::inferio::http: processing local inference predict model=tags/wd-vit-tagger-v3 inputs=1
2026-09-17T03:33:27.810509Z DEBUG panoptikon::inferio::http: processing local inference predict model=tags/wd-vit-tagger-v3 inputs=1
2026-09-17T03:33:27.810608Z DEBUG panoptikon::inferio::http: processing local inference predict model=tags/wd-vit-tagger-v3 inputs=1
2026-09-17T03:33:27.810724Z DEBUG panoptikon::inferio::http: processing local inference predict model=tags/wd-vit-tagger-v3 inputs=1
2026-09-17T03:33:27.810807Z DEBUG panoptikon::inferio::http: processing local inference predict model=tags/wd-vit-tagger-v3 inputs=1
2026-09-17T03:33:27.811107Z DEBUG panoptikon::inferio::http: processing local inference predict model=tags/wd-vit-tagger-v3 inputs=1
2026-09-17T03:33:27.811253Z DEBUG panoptikon::inferio::http: processing local inference predict model=tags/wd-vit-tagger-v3 inputs=1
2026-09-17T03:33:27.811314Z DEBUG panoptikon::inferio::http: processing local inference predict model=tags/wd-vit-tagger-v3 inputs=1
2026-09-17T03:33:27.811369Z DEBUG panoptikon::inferio::http: processing local inference predict model=tags/wd-vit-tagger-v3 inputs=1
2026-09-17T03:33:27.811438Z DEBUG panoptikon::inferio::http: processing local inference predict model=tags/wd-vit-tagger-v3 inputs=1
2026-09-17T03:33:27.811482Z DEBUG panoptikon::inferio::http: processing local inference predict model=tags/wd-vit-tagger-v3 inputs=1
2026-09-17T03:33:27.811522Z DEBUG panoptikon::inferio::http: processing local inference predict model=tags/wd-vit-tagger-v3 inputs=1
2026-09-17T03:33:27.811788Z DEBUG panoptikon::inferio::http: processing local inference predict model=tags/wd-vit-tagger-v3 inputs=1
2026-09-17T03:33:27.811858Z DEBUG panoptikon::inferio::http: processing local inference predict model=tags/wd-vit-tagger-v3 inputs=1
2026-09-17T03:33:27.811957Z DEBUG panoptikon::inferio::http: processing local inference predict model=tags/wd-vit-tagger-v3 inputs=1
2026-09-17T03:33:27.812003Z DEBUG panoptikon::inferio::http: processing local inference predict model=tags/wd-vit-tagger-v3 inputs=1
2026-09-17T03:33:27.812110Z DEBUG panoptikon::inferio::http: processing local inference predict model=tags/wd-vit-tagger-v3 inputs=1
2026-09-17T03:33:27.812187Z DEBUG panoptikon::inferio::http: processing local inference predict model=tags/wd-vit-tagger-v3 inputs=1
2026-09-17T03:33:27.812233Z DEBUG panoptikon::inferio::http: processing local inference predict model=tags/wd-vit-tagger-v3 inputs=1
2026-09-17T03:33:27.812288Z DEBUG panoptikon::inferio::http: processing local inference predict model=tags/wd-vit-tagger-v3 inputs=1
2026-09-17T03:33:27.812362Z DEBUG panoptikon::inferio::http: processing local inference predict model=tags/wd-vit-tagger-v3 inputs=1
2026-09-17T03:33:27.812416Z DEBUG panoptikon::inferio::http: processing local inference predict model=tags/wd-vit-tagger-v3 inputs=1
2026-09-17T03:33:27.812497Z DEBUG panoptikon::inferio::http: processing local inference predict model=tags/wd-vit-tagger-v3 inputs=1
2026-09-17T03:33:27.812532Z DEBUG panoptikon::inferio::http: processing local inference predict model=tags/wd-vit-tagger-v3 inputs=1
2026-09-17T03:33:27.812567Z DEBUG panoptikon::inferio::http: processing local inference predict model=tags/wd-vit-tagger-v3 inputs=1
2026-09-17T03:33:27.812621Z DEBUG panoptikon::inferio::http: processing local inference predict model=tags/wd-vit-tagger-v3 inputs=1
2026-09-17T03:33:27.812666Z DEBUG panoptikon::inferio::http: processing local inference predict model=tags/wd-vit-tagger-v3 inputs=1
2026-09-17T03:33:27.812726Z DEBUG panoptikon::inferio::http: processing local inference predict model=tags/wd-vit-tagger-v3 inputs=1
2026-09-17T03:33:27.812766Z DEBUG panoptikon::inferio::http: processing local inference predict model=tags/wd-vit-tagger-v3 inputs=1
2026-09-17T03:33:27.812806Z DEBUG panoptikon::inferio::http: processing local inference predict model=tags/wd-vit-tagger-v3 inputs=1
2026-09-17T03:33:27.812870Z DEBUG panoptikon::inferio::http: processing local inference predict model=tags/wd-vit-tagger-v3 inputs=1
2026-09-17T03:33:27.812902Z DEBUG panoptikon::inferio::http: processing local inference predict model=tags/wd-vit-tagger-v3 inputs=1
2026-09-17T03:33:27.812972Z DEBUG panoptikon::inferio::http: processing local inference predict model=tags/wd-vit-tagger-v3 inputs=1
2026-09-17T03:33:27.813012Z DEBUG panoptikon::inferio::http: processing local inference predict model=tags/wd-vit-tagger-v3 inputs=1
2026-09-17T03:33:27.813065Z DEBUG panoptikon::inferio::http: processing local inference predict model=tags/wd-vit-tagger-v3 inputs=1
2026-09-17T03:33:27.813128Z DEBUG panoptikon::inferio::http: processing local inference predict model=tags/wd-vit-tagger-v3 inputs=1
2026-09-17T03:33:27.813160Z DEBUG panoptikon::inferio::http: processing local inference predict model=tags/wd-vit-tagger-v3 inputs=1
2026-09-17T03:33:27.813597Z DEBUG panoptikon::inferio::http: processing local inference predict model=tags/wd-vit-tagger-v3 inputs=1
2026-09-17T03:33:27.813647Z DEBUG panoptikon::inferio::http: processing local inference predict model=tags/wd-vit-tagger-v3 inputs=1
2026-09-17T03:33:27.813687Z DEBUG panoptikon::inferio::http: processing local inference predict model=tags/wd-vit-tagger-v3 inputs=1
2026-09-17T03:33:27.813744Z DEBUG panoptikon::inferio::http: processing local inference predict model=tags/wd-vit-tagger-v3 inputs=1
2026-09-17T03:33:27.813782Z DEBUG panoptikon::inferio::http: processing local inference predict model=tags/wd-vit-tagger-v3 inputs=1
2026-09-17T03:33:27.813822Z DEBUG panoptikon::inferio::http: processing local inference predict model=tags/wd-vit-tagger-v3 inputs=1
2026-09-17T03:33:27.813865Z DEBUG panoptikon::inferio::http: processing local inference predict model=tags/wd-vit-tagger-v3 inputs=1
2026-09-17T03:33:27.813902Z DEBUG panoptikon::inferio::http: processing local inference predict model=tags/wd-vit-tagger-v3 inputs=1
2026-09-17T03:33:27.813958Z DEBUG panoptikon::inferio::http: processing local inference predict model=tags/wd-vit-tagger-v3 inputs=1
2026-09-17T03:33:27.813991Z DEBUG panoptikon::inferio::http: processing local inference predict model=tags/wd-vit-tagger-v3 inputs=1
2026-09-17T03:33:27.814022Z DEBUG panoptikon::inferio::http: processing local inference predict model=tags/wd-vit-tagger-v3 inputs=1
2026-09-17T03:33:27.814100Z DEBUG panoptikon::inferio::ledger: issued a memory grant model=tags/wd-vit-tagger-v3 gpu=CPU unit_budget=32 mb=1142 canvas_pixels=none share_mb=88707 room_mb=88707 headroom_mb=88432 external_mb=38440 reserve_mb=1024 reserve_rule="capped_default" pre_fit=false ramp_step=4 deflation=0 squeezed=false window_requests=96
2026-09-17T03:33:28.011921Z  INFO panoptikon::inferio::worker: 2026-09-17 03:33:28,011 [DEBUG] inferio_worker_impl_0_wd_tagger: Running inference on 32 images worker=wd_tagger
2026-09-17T03:33:34.698155Z  INFO panoptikon::inferio::worker: 2026-09-17 03:33:34,697 [DEBUG] inferio_worker_impl_0_wd_tagger: Running inference on 32 images worker=wd_tagger
2026-09-17T03:33:42.364433Z  INFO panoptikon::inferio::worker: 2026-09-17 03:33:42,364 [DEBUG] inferio_worker_impl_0_wd_tagger: Running inference on 32 images worker=wd_tagger
2026-09-17T03:33:47.871260Z  INFO panoptikon::inferio::ledger: holding the throughput ramp at this rung: the ring cannot certify this rung yet model=tags/wd-vit-tagger-v3 gpu=CPU units=32 certified=false knee_binds=false
2026-09-17T03:33:47.871297Z DEBUG panoptikon::inferio::ledger: refitted the memory cost model model=tags/wd-vit-tagger-v3 gpu=CPU slope_mb_per_unit=35.6875 intercept_mb=59.0 residual_mb=0.625 samples=6 version=6
2026-09-17T03:33:47.871343Z DEBUG panoptikon::inferio::ledger: declining to fit a throughput knee: the largest batch size in the ring has too few observations to be certified quiet, so nothing below it can be called a plateau yet observed_top=5 observations=15 minimum=2
2026-09-17T03:33:47.871370Z DEBUG panoptikon::inferio::ledger: queued a calibration profile update for the store model=tags/wd-vit-tagger-v3 gpu=CPU reason="fit_changed" max_units_measured=32 fit_version=6
2026-09-17T03:33:47.871392Z DEBUG panoptikon::inferio::ledger: settled a granted window model=tags/wd-vit-tagger-v3 gpu=CPU outcome="clean" fit_samples=3 throughput_samples=1 clamped_samples=0 clamped=none ramp_step=4 deflation=0 clean_windows=8 max_units_measured=32
2026-09-17T03:33:47.875206Z DEBUG panoptikon::inferio::http: processing local inference predict model=tags/wd-vit-tagger-v3 inputs=1
2026-09-17T03:33:47.875286Z DEBUG panoptikon::inferio::http: processing local inference predict model=tags/wd-vit-tagger-v3 inputs=1
2026-09-17T03:33:47.875401Z DEBUG panoptikon::inferio::http: processing local inference predict model=tags/wd-vit-tagger-v3 inputs=1
2026-09-17T03:33:47.875433Z DEBUG panoptikon::inferio::http: processing local inference predict model=tags/wd-vit-tagger-v3 inputs=1
2026-09-17T03:33:47.875490Z DEBUG panoptikon::inferio::http: processing local inference predict model=tags/wd-vit-tagger-v3 inputs=1
2026-09-17T03:33:47.875561Z DEBUG panoptikon::inferio::http: processing local inference predict model=tags/wd-vit-tagger-v3 inputs=1
2026-09-17T03:33:47.875666Z DEBUG panoptikon::inferio::http: processing local inference predict model=tags/wd-vit-tagger-v3 inputs=1
2026-09-17T03:33:47.875786Z DEBUG panoptikon::inferio::http: processing local inference predict model=tags/wd-vit-tagger-v3 inputs=1
2026-09-17T03:33:47.876043Z DEBUG panoptikon::inferio::http: processing local inference predict model=tags/wd-vit-tagger-v3 inputs=1
2026-09-17T03:33:47.876805Z DEBUG panoptikon::inferio::http: processing local inference predict model=tags/wd-vit-tagger-v3 inputs=1
2026-09-17T03:33:47.876894Z DEBUG panoptikon::inferio::http: processing local inference predict model=tags/wd-vit-tagger-v3 inputs=1
2026-09-17T03:33:47.876941Z DEBUG panoptikon::inferio::http: processing local inference predict model=tags/wd-vit-tagger-v3 inputs=1
2026-09-17T03:33:47.876970Z DEBUG panoptikon::inferio::http: processing local inference predict model=tags/wd-vit-tagger-v3 inputs=1
2026-09-17T03:33:47.877021Z DEBUG panoptikon::inferio::http: processing local inference predict model=tags/wd-vit-tagger-v3 inputs=1
2026-09-17T03:33:47.877062Z DEBUG panoptikon::inferio::http: processing local inference predict model=tags/wd-vit-tagger-v3 inputs=1
2026-09-17T03:33:47.877122Z DEBUG panoptikon::inferio::http: processing local inference predict model=tags/wd-vit-tagger-v3 inputs=1
2026-09-17T03:33:47.877157Z DEBUG panoptikon::inferio::http: processing local inference predict model=tags/wd-vit-tagger-v3 inputs=1
2026-09-17T03:33:47.877216Z DEBUG panoptikon::inferio::http: processing local inference predict model=tags/wd-vit-tagger-v3 inputs=1
2026-09-17T03:33:47.877284Z DEBUG panoptikon::inferio::http: processing local inference predict model=tags/wd-vit-tagger-v3 inputs=1
2026-09-17T03:33:47.877323Z DEBUG panoptikon::inferio::http: processing local inference predict model=tags/wd-vit-tagger-v3 inputs=1
2026-09-17T03:33:47.877409Z DEBUG panoptikon::inferio::http: processing local inference predict model=tags/wd-vit-tagger-v3 inputs=1
2026-09-17T03:33:47.877451Z DEBUG panoptikon::inferio::http: processing local inference predict model=tags/wd-vit-tagger-v3 inputs=1
2026-09-17T03:33:47.877503Z DEBUG panoptikon::inferio::http: processing local inference predict model=tags/wd-vit-tagger-v3 inputs=1
2026-09-17T03:33:47.877556Z DEBUG panoptikon::inferio::http: processing local inference predict model=tags/wd-vit-tagger-v3 inputs=1
2026-09-17T03:33:47.877575Z DEBUG panoptikon::inferio::http: processing local inference predict model=tags/wd-vit-tagger-v3 inputs=1
2026-09-17T03:33:47.877639Z DEBUG panoptikon::inferio::http: processing local inference predict model=tags/wd-vit-tagger-v3 inputs=1
2026-09-17T03:33:47.877696Z DEBUG panoptikon::inferio::http: processing local inference predict model=tags/wd-vit-tagger-v3 inputs=1
2026-09-17T03:33:47.877728Z DEBUG panoptikon::inferio::http: processing local inference predict model=tags/wd-vit-tagger-v3 inputs=1
2026-09-17T03:33:47.877781Z DEBUG panoptikon::inferio::http: processing local inference predict model=tags/wd-vit-tagger-v3 inputs=1
2026-09-17T03:33:47.877829Z DEBUG panoptikon::inferio::http: processing local inference predict model=tags/wd-vit-tagger-v3 inputs=1
2026-09-17T03:33:47.877856Z DEBUG panoptikon::inferio::http: processing local inference predict model=tags/wd-vit-tagger-v3 inputs=1
2026-09-17T03:33:47.877938Z DEBUG panoptikon::inferio::http: processing local inference predict model=tags/wd-vit-tagger-v3 inputs=1
2026-09-17T03:33:47.877976Z DEBUG panoptikon::inferio::http: processing local inference predict model=tags/wd-vit-tagger-v3 inputs=1
2026-09-17T03:33:47.878037Z DEBUG panoptikon::inferio::http: processing local inference predict model=tags/wd-vit-tagger-v3 inputs=1
2026-09-17T03:33:47.881056Z DEBUG panoptikon::inferio::ledger: issued a memory grant model=tags/wd-vit-tagger-v3 gpu=CPU unit_budget=32 mb=1142 canvas_pixels=none share_mb=89292 room_mb=89292 headroom_mb=88451 external_mb=37855 reserve_mb=1024 reserve_rule="capped_default" pre_fit=false ramp_step=4 deflation=0 squeezed=false window_requests=34
2026-09-17T03:33:47.885652Z DEBUG panoptikon::inferio::http: processing local inference predict model=tags/wd-vit-tagger-v3 inputs=1
2026-09-17T03:33:47.885765Z DEBUG panoptikon::inferio::http: processing local inference predict model=tags/wd-vit-tagger-v3 inputs=1
2026-09-17T03:33:47.885851Z DEBUG panoptikon::inferio::http: processing local inference predict model=tags/wd-vit-tagger-v3 inputs=1
2026-09-17T03:33:47.885927Z DEBUG panoptikon::inferio::http: processing local inference predict model=tags/wd-vit-tagger-v3 inputs=1
2026-09-17T03:33:47.886035Z DEBUG panoptikon::inferio::http: processing local inference predict model=tags/wd-vit-tagger-v3 inputs=1
2026-09-17T03:33:47.886096Z DEBUG panoptikon::inferio::http: processing local inference predict model=tags/wd-vit-tagger-v3 inputs=1
2026-09-17T03:33:47.886179Z DEBUG panoptikon::inferio::http: processing local inference predict model=tags/wd-vit-tagger-v3 inputs=1
2026-09-17T03:33:47.886217Z DEBUG panoptikon::inferio::http: processing local inference predict model=tags/wd-vit-tagger-v3 inputs=1
2026-09-17T03:33:47.886257Z DEBUG panoptikon::inferio::http: processing local inference predict model=tags/wd-vit-tagger-v3 inputs=1
2026-09-17T03:33:47.886352Z DEBUG panoptikon::inferio::http: processing local inference predict model=tags/wd-vit-tagger-v3 inputs=1
2026-09-17T03:33:47.886401Z DEBUG panoptikon::inferio::http: processing local inference predict model=tags/wd-vit-tagger-v3 inputs=1
2026-09-17T03:33:47.886440Z DEBUG panoptikon::inferio::http: processing local inference predict model=tags/wd-vit-tagger-v3 inputs=1
2026-09-17T03:33:47.886503Z DEBUG panoptikon::inferio::http: processing local inference predict model=tags/wd-vit-tagger-v3 inputs=1
2026-09-17T03:33:47.886547Z DEBUG panoptikon::inferio::http: processing local inference predict model=tags/wd-vit-tagger-v3 inputs=1
2026-09-17T03:33:47.886604Z DEBUG panoptikon::inferio::http: processing local inference predict model=tags/wd-vit-tagger-v3 inputs=1
2026-09-17T03:33:47.886644Z DEBUG panoptikon::inferio::http: processing local inference predict model=tags/wd-vit-tagger-v3 inputs=1
2026-09-17T03:33:47.886673Z DEBUG panoptikon::inferio::http: processing local inference predict model=tags/wd-vit-tagger-v3 inputs=1
2026-09-17T03:33:47.886775Z DEBUG panoptikon::inferio::http: processing local inference predict model=tags/wd-vit-tagger-v3 inputs=1
2026-09-17T03:33:47.886815Z DEBUG panoptikon::inferio::http: processing local inference predict model=tags/wd-vit-tagger-v3 inputs=1
2026-09-17T03:33:47.886875Z DEBUG panoptikon::inferio::http: processing local inference predict model=tags/wd-vit-tagger-v3 inputs=1
2026-09-17T03:33:47.886906Z DEBUG panoptikon::inferio::http: processing local inference predict model=tags/wd-vit-tagger-v3 inputs=1
2026-09-17T03:33:47.886939Z DEBUG panoptikon::inferio::http: processing local inference predict model=tags/wd-vit-tagger-v3 inputs=1
2026-09-17T03:33:47.887006Z DEBUG panoptikon::inferio::http: processing local inference predict model=tags/wd-vit-tagger-v3 inputs=1
2026-09-17T03:33:47.887058Z DEBUG panoptikon::inferio::http: processing local inference predict model=tags/wd-vit-tagger-v3 inputs=1
2026-09-17T03:33:47.887119Z DEBUG panoptikon::inferio::http: processing local inference predict model=tags/wd-vit-tagger-v3 inputs=1
2026-09-17T03:33:47.887154Z DEBUG panoptikon::inferio::http: processing local inference predict model=tags/wd-vit-tagger-v3 inputs=1
2026-09-17T03:33:47.887270Z DEBUG panoptikon::inferio::http: processing local inference predict model=tags/wd-vit-tagger-v3 inputs=1
2026-09-17T03:33:47.887355Z DEBUG panoptikon::inferio::http: processing local inference predict model=tags/wd-vit-tagger-v3 inputs=1
2026-09-17T03:33:47.887387Z DEBUG panoptikon::inferio::http: processing local inference predict model=tags/wd-vit-tagger-v3 inputs=1
2026-09-17T03:33:47.887426Z DEBUG panoptikon::inferio::http: processing local inference predict model=tags/wd-vit-tagger-v3 inputs=1
2026-09-17T03:33:47.887499Z DEBUG panoptikon::inferio::http: processing local inference predict model=tags/wd-vit-tagger-v3 inputs=1
2026-09-17T03:33:47.887547Z DEBUG panoptikon::inferio::http: processing local inference predict model=tags/wd-vit-tagger-v3 inputs=1
2026-09-17T03:33:47.887646Z DEBUG panoptikon::inferio::http: processing local inference predict model=tags/wd-vit-tagger-v3 inputs=1
2026-09-17T03:33:47.887675Z DEBUG panoptikon::inferio::http: processing local inference predict model=tags/wd-vit-tagger-v3 inputs=1
2026-09-17T03:33:47.887725Z DEBUG panoptikon::inferio::http: processing local inference predict model=tags/wd-vit-tagger-v3 inputs=1
2026-09-17T03:33:47.887810Z DEBUG panoptikon::inferio::http: processing local inference predict model=tags/wd-vit-tagger-v3 inputs=1
2026-09-17T03:33:47.887850Z DEBUG panoptikon::inferio::http: processing local inference predict model=tags/wd-vit-tagger-v3 inputs=1
2026-09-17T03:33:47.887919Z DEBUG panoptikon::inferio::http: processing local inference predict model=tags/wd-vit-tagger-v3 inputs=1
2026-09-17T03:33:47.887953Z DEBUG panoptikon::inferio::http: processing local inference predict model=tags/wd-vit-tagger-v3 inputs=1
2026-09-17T03:33:47.887997Z DEBUG panoptikon::inferio::http: processing local inference predict model=tags/wd-vit-tagger-v3 inputs=1
2026-09-17T03:33:47.888043Z DEBUG panoptikon::inferio::http: processing local inference predict model=tags/wd-vit-tagger-v3 inputs=1
2026-09-17T03:33:47.888086Z DEBUG panoptikon::inferio::http: processing local inference predict model=tags/wd-vit-tagger-v3 inputs=1
2026-09-17T03:33:47.888121Z DEBUG panoptikon::inferio::http: processing local inference predict model=tags/wd-vit-tagger-v3 inputs=1
2026-09-17T03:33:47.888165Z DEBUG panoptikon::inferio::http: processing local inference predict model=tags/wd-vit-tagger-v3 inputs=1
2026-09-17T03:33:47.888198Z DEBUG panoptikon::inferio::http: processing local inference predict model=tags/wd-vit-tagger-v3 inputs=1
2026-09-17T03:33:47.888276Z DEBUG panoptikon::inferio::http: processing local inference predict model=tags/wd-vit-tagger-v3 inputs=1
2026-09-17T03:33:47.888300Z DEBUG panoptikon::inferio::http: processing local inference predict model=tags/wd-vit-tagger-v3 inputs=1
2026-09-17T03:33:47.888401Z DEBUG panoptikon::inferio::http: processing local inference predict model=tags/wd-vit-tagger-v3 inputs=1
2026-09-17T03:33:47.888529Z DEBUG panoptikon::inferio::http: processing local inference predict model=tags/wd-vit-tagger-v3 inputs=1
2026-09-17T03:33:47.888564Z DEBUG panoptikon::inferio::http: processing local inference predict model=tags/wd-vit-tagger-v3 inputs=1
2026-09-17T03:33:47.888632Z DEBUG panoptikon::inferio::http: processing local inference predict model=tags/wd-vit-tagger-v3 inputs=1
2026-09-17T03:33:47.888666Z DEBUG panoptikon::inferio::http: processing local inference predict model=tags/wd-vit-tagger-v3 inputs=1
2026-09-17T03:33:47.888718Z DEBUG panoptikon::inferio::http: processing local inference predict model=tags/wd-vit-tagger-v3 inputs=1
2026-09-17T03:33:47.888806Z DEBUG panoptikon::inferio::http: processing local inference predict model=tags/wd-vit-tagger-v3 inputs=1
2026-09-17T03:33:47.888859Z DEBUG panoptikon::inferio::http: processing local inference predict model=tags/wd-vit-tagger-v3 inputs=1
2026-09-17T03:33:47.888912Z DEBUG panoptikon::inferio::http: processing local inference predict model=tags/wd-vit-tagger-v3 inputs=1
2026-09-17T03:33:47.888950Z DEBUG panoptikon::inferio::http: processing local inference predict model=tags/wd-vit-tagger-v3 inputs=1
2026-09-17T03:33:47.888989Z DEBUG panoptikon::inferio::http: processing local inference predict model=tags/wd-vit-tagger-v3 inputs=1
2026-09-17T03:33:47.889059Z DEBUG panoptikon::inferio::http: processing local inference predict model=tags/wd-vit-tagger-v3 inputs=1
2026-09-17T03:33:47.889099Z DEBUG panoptikon::inferio::http: processing local inference predict model=tags/wd-vit-tagger-v3 inputs=1
2026-09-17T03:33:47.889131Z DEBUG panoptikon::inferio::http: processing local inference predict model=tags/wd-vit-tagger-v3 inputs=1
2026-09-17T03:33:47.889194Z DEBUG panoptikon::inferio::http: processing local inference predict model=tags/wd-vit-tagger-v3 inputs=1
2026-09-17T03:33:47.889237Z DEBUG panoptikon::inferio::http: processing local inference predict model=tags/wd-vit-tagger-v3 inputs=1
2026-09-17T03:33:47.889270Z DEBUG panoptikon::inferio::http: processing local inference predict model=tags/wd-vit-tagger-v3 inputs=1
2026-09-17T03:33:47.889314Z DEBUG panoptikon::inferio::http: processing local inference predict model=tags/wd-vit-tagger-v3 inputs=1
2026-09-17T03:33:47.889364Z DEBUG panoptikon::inferio::http: processing local inference predict model=tags/wd-vit-tagger-v3 inputs=1
2026-09-17T03:33:47.889412Z DEBUG panoptikon::inferio::http: processing local inference predict model=tags/wd-vit-tagger-v3 inputs=1
2026-09-17T03:33:47.889452Z DEBUG panoptikon::inferio::http: processing local inference predict model=tags/wd-vit-tagger-v3 inputs=1
2026-09-17T03:33:47.889538Z DEBUG panoptikon::inferio::http: processing local inference predict model=tags/wd-vit-tagger-v3 inputs=1
2026-09-17T03:33:47.889582Z DEBUG panoptikon::inferio::http: processing local inference predict model=tags/wd-vit-tagger-v3 inputs=1
2026-09-17T03:33:47.889625Z DEBUG panoptikon::inferio::http: processing local inference predict model=tags/wd-vit-tagger-v3 inputs=1
2026-09-17T03:33:47.889693Z DEBUG panoptikon::inferio::http: processing local inference predict model=tags/wd-vit-tagger-v3 inputs=1
2026-09-17T03:33:47.889733Z DEBUG panoptikon::inferio::http: processing local inference predict model=tags/wd-vit-tagger-v3 inputs=1
2026-09-17T03:33:47.889770Z DEBUG panoptikon::inferio::http: processing local inference predict model=tags/wd-vit-tagger-v3 inputs=1
2026-09-17T03:33:47.889833Z DEBUG panoptikon::inferio::http: processing local inference predict model=tags/wd-vit-tagger-v3 inputs=1
2026-09-17T03:33:47.889870Z DEBUG panoptikon::inferio::http: processing local inference predict model=tags/wd-vit-tagger-v3 inputs=1
2026-09-17T03:33:47.889929Z DEBUG panoptikon::inferio::http: processing local inference predict model=tags/wd-vit-tagger-v3 inputs=1
2026-09-17T03:33:47.889961Z DEBUG panoptikon::inferio::http: processing local inference predict model=tags/wd-vit-tagger-v3 inputs=1
2026-09-17T03:33:47.890001Z DEBUG panoptikon::inferio::http: processing local inference predict model=tags/wd-vit-tagger-v3 inputs=1
2026-09-17T03:33:47.890054Z DEBUG panoptikon::inferio::http: processing local inference predict model=tags/wd-vit-tagger-v3 inputs=1
2026-09-17T03:33:47.890084Z DEBUG panoptikon::inferio::http: processing local inference predict model=tags/wd-vit-tagger-v3 inputs=1
2026-09-17T03:33:47.890135Z DEBUG panoptikon::inferio::http: processing local inference predict model=tags/wd-vit-tagger-v3 inputs=1
2026-09-17T03:33:47.890172Z DEBUG panoptikon::inferio::http: processing local inference predict model=tags/wd-vit-tagger-v3 inputs=1
2026-09-17T03:33:47.890205Z DEBUG panoptikon::inferio::http: processing local inference predict model=tags/wd-vit-tagger-v3 inputs=1
2026-09-17T03:33:47.890281Z DEBUG panoptikon::inferio::http: processing local inference predict model=tags/wd-vit-tagger-v3 inputs=1
2026-09-17T03:33:47.890325Z DEBUG panoptikon::inferio::http: processing local inference predict model=tags/wd-vit-tagger-v3 inputs=1
2026-09-17T03:33:47.890369Z DEBUG panoptikon::inferio::http: processing local inference predict model=tags/wd-vit-tagger-v3 inputs=1
2026-09-17T03:33:47.890454Z DEBUG panoptikon::inferio::http: processing local inference predict model=tags/wd-vit-tagger-v3 inputs=1
2026-09-17T03:33:47.890489Z DEBUG panoptikon::inferio::http: processing local inference predict model=tags/wd-vit-tagger-v3 inputs=1
2026-09-17T03:33:47.890564Z DEBUG panoptikon::inferio::http: processing local inference predict model=tags/wd-vit-tagger-v3 inputs=1
2026-09-17T03:33:47.890602Z DEBUG panoptikon::inferio::http: processing local inference predict model=tags/wd-vit-tagger-v3 inputs=1
2026-09-17T03:33:47.890628Z DEBUG panoptikon::inferio::http: processing local inference predict model=tags/wd-vit-tagger-v3 inputs=1
2026-09-17T03:33:47.890737Z DEBUG panoptikon::inferio::http: processing local inference predict model=tags/wd-vit-tagger-v3 inputs=1
2026-09-17T03:33:47.890791Z DEBUG panoptikon::inferio::http: processing local inference predict model=tags/wd-vit-tagger-v3 inputs=1
2026-09-17T03:33:47.890850Z DEBUG panoptikon::inferio::http: processing local inference predict model=tags/wd-vit-tagger-v3 inputs=1
2026-09-17T03:33:47.890897Z DEBUG panoptikon::inferio::http: processing local inference predict model=tags/wd-vit-tagger-v3 inputs=1
2026-09-17T03:33:47.890930Z DEBUG panoptikon::inferio::http: processing local inference predict model=tags/wd-vit-tagger-v3 inputs=1
2026-09-17T03:33:47.891011Z DEBUG panoptikon::inferio::http: processing local inference predict model=tags/wd-vit-tagger-v3 inputs=1
2026-09-17T03:33:47.891046Z DEBUG panoptikon::inferio::http: processing local inference predict model=tags/wd-vit-tagger-v3 inputs=1
2026-09-17T03:33:47.891108Z DEBUG panoptikon::inferio::http: processing local inference predict model=tags/wd-vit-tagger-v3 inputs=1
2026-09-17T03:33:47.891147Z DEBUG panoptikon::inferio::http: processing local inference predict model=tags/wd-vit-tagger-v3 inputs=1
2026-09-17T03:33:47.891173Z DEBUG panoptikon::inferio::http: processing local inference predict model=tags/wd-vit-tagger-v3 inputs=1
2026-09-17T03:33:47.891231Z DEBUG panoptikon::inferio::http: processing local inference predict model=tags/wd-vit-tagger-v3 inputs=1
2026-09-17T03:33:47.891280Z DEBUG panoptikon::inferio::http: processing local inference predict model=tags/wd-vit-tagger-v3 inputs=1
2026-09-17T03:33:47.891316Z DEBUG panoptikon::inferio::http: processing local inference predict model=tags/wd-vit-tagger-v3 inputs=1
2026-09-17T03:33:47.891368Z DEBUG panoptikon::inferio::http: processing local inference predict model=tags/wd-vit-tagger-v3 inputs=1
2026-09-17T03:33:47.891401Z DEBUG panoptikon::inferio::http: processing local inference predict model=tags/wd-vit-tagger-v3 inputs=1
2026-09-17T03:33:47.891456Z DEBUG panoptikon::inferio::http: processing local inference predict model=tags/wd-vit-tagger-v3 inputs=1
2026-09-17T03:33:47.891490Z DEBUG panoptikon::inferio::http: processing local inference predict model=tags/wd-vit-tagger-v3 inputs=1
2026-09-17T03:33:47.891530Z DEBUG panoptikon::inferio::http: processing local inference predict model=tags/wd-vit-tagger-v3 inputs=1
2026-09-17T03:33:47.891596Z DEBUG panoptikon::inferio::http: processing local inference predict model=tags/wd-vit-tagger-v3 inputs=1
2026-09-17T03:33:47.891631Z DEBUG panoptikon::inferio::http: processing local inference predict model=tags/wd-vit-tagger-v3 inputs=1
2026-09-17T03:33:47.891687Z DEBUG panoptikon::inferio::http: processing local inference predict model=tags/wd-vit-tagger-v3 inputs=1
2026-09-17T03:33:47.891722Z DEBUG panoptikon::inferio::http: processing local inference predict model=tags/wd-vit-tagger-v3 inputs=1
2026-09-17T03:33:47.891755Z DEBUG panoptikon::inferio::http: processing local inference predict model=tags/wd-vit-tagger-v3 inputs=1
2026-09-17T03:33:47.891824Z DEBUG panoptikon::inferio::http: processing local inference predict model=tags/wd-vit-tagger-v3 inputs=1
2026-09-17T03:33:47.891860Z DEBUG panoptikon::inferio::http: processing local inference predict model=tags/wd-vit-tagger-v3 inputs=1
2026-09-17T03:33:47.891882Z DEBUG panoptikon::inferio::http: processing local inference predict model=tags/wd-vit-tagger-v3 inputs=1
2026-09-17T03:33:47.891920Z DEBUG panoptikon::inferio::http: processing local inference predict model=tags/wd-vit-tagger-v3 inputs=1
2026-09-17T03:33:47.891951Z DEBUG panoptikon::inferio::http: processing local inference predict model=tags/wd-vit-tagger-v3 inputs=1
2026-09-17T03:33:47.892024Z DEBUG panoptikon::inferio::http: processing local inference predict model=tags/wd-vit-tagger-v3 inputs=1
2026-09-17T03:33:47.892052Z DEBUG panoptikon::inferio::http: processing local inference predict model=tags/wd-vit-tagger-v3 inputs=1
2026-09-17T03:33:47.892080Z DEBUG panoptikon::inferio::http: processing local inference predict model=tags/wd-vit-tagger-v3 inputs=1
2026-09-17T03:33:47.892182Z DEBUG panoptikon::inferio::http: processing local inference predict model=tags/wd-vit-tagger-v3 inputs=1
2026-09-17T03:33:47.892221Z DEBUG panoptikon::inferio::http: processing local inference predict model=tags/wd-vit-tagger-v3 inputs=1
2026-09-17T03:33:47.892288Z DEBUG panoptikon::inferio::http: processing local inference predict model=tags/wd-vit-tagger-v3 inputs=1
2026-09-17T03:33:47.892324Z DEBUG panoptikon::inferio::http: processing local inference predict model=tags/wd-vit-tagger-v3 inputs=1
2026-09-17T03:33:47.892357Z DEBUG panoptikon::inferio::http: processing local inference predict model=tags/wd-vit-tagger-v3 inputs=1
2026-09-17T03:33:47.892407Z DEBUG panoptikon::inferio::http: processing local inference predict model=tags/wd-vit-tagger-v3 inputs=1
2026-09-17T03:33:47.892447Z DEBUG panoptikon::inferio::http: processing local inference predict model=tags/wd-vit-tagger-v3 inputs=1
2026-09-17T03:33:47.892516Z DEBUG panoptikon::inferio::http: processing local inference predict model=tags/wd-vit-tagger-v3 inputs=1
2026-09-17T03:33:47.892563Z DEBUG panoptikon::inferio::http: processing local inference predict model=tags/wd-vit-tagger-v3 inputs=1
2026-09-17T03:33:47.892595Z DEBUG panoptikon::inferio::http: processing local inference predict model=tags/wd-vit-tagger-v3 inputs=1
2026-09-17T03:33:47.892656Z DEBUG panoptikon::inferio::http: processing local inference predict model=tags/wd-vit-tagger-v3 inputs=1
2026-09-17T03:33:47.892690Z DEBUG panoptikon::inferio::http: processing local inference predict model=tags/wd-vit-tagger-v3 inputs=1
2026-09-17T03:33:47.892718Z DEBUG panoptikon::inferio::http: processing local inference predict model=tags/wd-vit-tagger-v3 inputs=1
2026-09-17T03:33:47.892770Z DEBUG panoptikon::inferio::http: processing local inference predict model=tags/wd-vit-tagger-v3 inputs=1
2026-09-17T03:33:47.892795Z DEBUG panoptikon::inferio::http: processing local inference predict model=tags/wd-vit-tagger-v3 inputs=1
2026-09-17T03:33:47.892850Z DEBUG panoptikon::inferio::http: processing local inference predict model=tags/wd-vit-tagger-v3 inputs=1
2026-09-17T03:33:47.892887Z DEBUG panoptikon::inferio::http: processing local inference predict model=tags/wd-vit-tagger-v3 inputs=1
2026-09-17T03:33:47.892920Z DEBUG panoptikon::inferio::http: processing local inference predict model=tags/wd-vit-tagger-v3 inputs=1
2026-09-17T03:33:47.892961Z DEBUG panoptikon::inferio::http: processing local inference predict model=tags/wd-vit-tagger-v3 inputs=1
2026-09-17T03:33:47.893002Z DEBUG panoptikon::inferio::http: processing local inference predict model=tags/wd-vit-tagger-v3 inputs=1
2026-09-17T03:33:47.893066Z DEBUG panoptikon::inferio::http: processing local inference predict model=tags/wd-vit-tagger-v3 inputs=1
2026-09-17T03:33:47.893117Z DEBUG panoptikon::inferio::http: processing local inference predict model=tags/wd-vit-tagger-v3 inputs=1
2026-09-17T03:33:47.893153Z DEBUG panoptikon::inferio::http: processing local inference predict model=tags/wd-vit-tagger-v3 inputs=1
2026-09-17T03:33:47.893215Z DEBUG panoptikon::inferio::http: processing local inference predict model=tags/wd-vit-tagger-v3 inputs=1
2026-09-17T03:33:47.893248Z DEBUG panoptikon::inferio::http: processing local inference predict model=tags/wd-vit-tagger-v3 inputs=1
2026-09-17T03:33:47.893285Z DEBUG panoptikon::inferio::http: processing local inference predict model=tags/wd-vit-tagger-v3 inputs=1
2026-09-17T03:33:47.893347Z DEBUG panoptikon::inferio::http: processing local inference predict model=tags/wd-vit-tagger-v3 inputs=1
2026-09-17T03:33:47.893375Z DEBUG panoptikon::inferio::http: processing local inference predict model=tags/wd-vit-tagger-v3 inputs=1
2026-09-17T03:33:47.893433Z DEBUG panoptikon::inferio::http: processing local inference predict model=tags/wd-vit-tagger-v3 inputs=1
2026-09-17T03:33:47.893465Z DEBUG panoptikon::inferio::http: processing local inference predict model=tags/wd-vit-tagger-v3 inputs=1
2026-09-17T03:33:47.893502Z DEBUG panoptikon::inferio::http: processing local inference predict model=tags/wd-vit-tagger-v3 inputs=1
2026-09-17T03:33:47.893555Z DEBUG panoptikon::inferio::http: processing local inference predict model=tags/wd-vit-tagger-v3 inputs=1
2026-09-17T03:33:47.893718Z DEBUG panoptikon::inferio::http: processing local inference predict model=tags/wd-vit-tagger-v3 inputs=1
2026-09-17T03:33:47.893773Z DEBUG panoptikon::inferio::http: processing local inference predict model=tags/wd-vit-tagger-v3 inputs=1
2026-09-17T03:33:47.893840Z DEBUG panoptikon::inferio::http: processing local inference predict model=tags/wd-vit-tagger-v3 inputs=1
2026-09-17T03:33:48.118285Z  INFO panoptikon::inferio::worker: 2026-09-17 03:33:48,117 [DEBUG] inferio_worker_impl_0_wd_tagger: Running inference on 32 images worker=wd_tagger
2026-09-17T03:33:54.965267Z  INFO panoptikon::inferio::worker: 2026-09-17 03:33:54,964 [DEBUG] inferio_worker_impl_0_wd_tagger: Running inference on 2 images worker=wd_tagger
2026-09-17T03:33:55.477834Z DEBUG panoptikon::inferio::ledger: refitted the memory cost model model=tags/wd-vit-tagger-v3 gpu=CPU slope_mb_per_unit=34.0 intercept_mb=90.0 residual_mb=9.0 samples=6 version=7
2026-09-17T03:33:55.477868Z DEBUG panoptikon::inferio::ledger: fitted a throughput knee; batches larger than this are no longer admitted however much memory is free model=tags/wd-vit-tagger-v3 gpu=CPU knee_units=15 previous=None observations=16
2026-09-17T03:33:55.477908Z DEBUG panoptikon::inferio::ledger: queued a calibration profile update for the store model=tags/wd-vit-tagger-v3 gpu=CPU reason="fit_changed" max_units_measured=32 fit_version=7
2026-09-17T03:33:55.477943Z DEBUG panoptikon::inferio::ledger: settled a granted window model=tags/wd-vit-tagger-v3 gpu=CPU outcome="clean" fit_samples=2 throughput_samples=1 clamped_samples=0 clamped=none ramp_step=4 deflation=0 clean_windows=9 max_units_measured=32
2026-09-17T03:33:55.478057Z DEBUG panoptikon::inferio::ledger: issued a memory grant model=tags/wd-vit-tagger-v3 gpu=CPU unit_budget=15 mb=510 canvas_pixels=none share_mb=89240 room_mb=89240 headroom_mb=88399 external_mb=37907 reserve_mb=1024 reserve_rule="capped_default" pre_fit=false ramp_step=4 deflation=0 squeezed=false window_requests=45
2026-09-17T03:33:55.479355Z DEBUG panoptikon::inferio::http: processing local inference predict model=tags/wd-vit-tagger-v3 inputs=1
2026-09-17T03:33:55.479684Z DEBUG panoptikon::inferio::http: processing local inference predict model=tags/wd-vit-tagger-v3 inputs=1
2026-09-17T03:33:55.480159Z DEBUG panoptikon::inferio::http: processing local inference predict model=tags/wd-vit-tagger-v3 inputs=1
2026-09-17T03:33:55.480315Z DEBUG panoptikon::inferio::http: processing local inference predict model=tags/wd-vit-tagger-v3 inputs=1
2026-09-17T03:33:55.480474Z DEBUG panoptikon::inferio::http: processing local inference predict model=tags/wd-vit-tagger-v3 inputs=1
2026-09-17T03:33:55.480531Z DEBUG panoptikon::inferio::http: processing local inference predict model=tags/wd-vit-tagger-v3 inputs=1
2026-09-17T03:33:55.480606Z DEBUG panoptikon::inferio::http: processing local inference predict model=tags/wd-vit-tagger-v3 inputs=1
2026-09-17T03:33:55.480666Z DEBUG panoptikon::inferio::http: processing local inference predict model=tags/wd-vit-tagger-v3 inputs=1
2026-09-17T03:33:55.480717Z DEBUG panoptikon::inferio::http: processing local inference predict model=tags/wd-vit-tagger-v3 inputs=1
2026-09-17T03:33:55.480794Z DEBUG panoptikon::inferio::http: processing local inference predict model=tags/wd-vit-tagger-v3 inputs=1
2026-09-17T03:33:55.480819Z DEBUG panoptikon::inferio::http: processing local inference predict model=tags/wd-vit-tagger-v3 inputs=1
2026-09-17T03:33:55.480938Z DEBUG panoptikon::inferio::http: processing local inference predict model=tags/wd-vit-tagger-v3 inputs=1
2026-09-17T03:33:55.480980Z DEBUG panoptikon::inferio::http: processing local inference predict model=tags/wd-vit-tagger-v3 inputs=1
2026-09-17T03:33:55.481020Z DEBUG panoptikon::inferio::http: processing local inference predict model=tags/wd-vit-tagger-v3 inputs=1
2026-09-17T03:33:55.481089Z DEBUG panoptikon::inferio::http: processing local inference predict model=tags/wd-vit-tagger-v3 inputs=1
2026-09-17T03:33:55.481164Z DEBUG panoptikon::inferio::http: processing local inference predict model=tags/wd-vit-tagger-v3 inputs=1
2026-09-17T03:33:55.481235Z DEBUG panoptikon::inferio::http: processing local inference predict model=tags/wd-vit-tagger-v3 inputs=1
2026-09-17T03:33:55.481276Z DEBUG panoptikon::inferio::http: processing local inference predict model=tags/wd-vit-tagger-v3 inputs=1
2026-09-17T03:33:55.481354Z DEBUG panoptikon::inferio::http: processing local inference predict model=tags/wd-vit-tagger-v3 inputs=1
2026-09-17T03:33:55.481408Z DEBUG panoptikon::inferio::http: processing local inference predict model=tags/wd-vit-tagger-v3 inputs=1
2026-09-17T03:33:55.481438Z DEBUG panoptikon::inferio::http: processing local inference predict model=tags/wd-vit-tagger-v3 inputs=1
2026-09-17T03:33:55.481495Z DEBUG panoptikon::inferio::http: processing local inference predict model=tags/wd-vit-tagger-v3 inputs=1
2026-09-17T03:33:55.481516Z DEBUG panoptikon::inferio::http: processing local inference predict model=tags/wd-vit-tagger-v3 inputs=1
2026-09-17T03:33:55.481813Z DEBUG panoptikon::inferio::http: processing local inference predict model=tags/wd-vit-tagger-v3 inputs=1
2026-09-17T03:33:55.481877Z DEBUG panoptikon::inferio::http: processing local inference predict model=tags/wd-vit-tagger-v3 inputs=1
2026-09-17T03:33:55.481912Z DEBUG panoptikon::inferio::http: processing local inference predict model=tags/wd-vit-tagger-v3 inputs=1
2026-09-17T03:33:55.481958Z DEBUG panoptikon::inferio::http: processing local inference predict model=tags/wd-vit-tagger-v3 inputs=1
2026-09-17T03:33:55.482026Z DEBUG panoptikon::inferio::http: processing local inference predict model=tags/wd-vit-tagger-v3 inputs=1
2026-09-17T03:33:55.482051Z DEBUG panoptikon::inferio::http: processing local inference predict model=tags/wd-vit-tagger-v3 inputs=1
2026-09-17T03:33:55.482131Z DEBUG panoptikon::inferio::http: processing local inference predict model=tags/wd-vit-tagger-v3 inputs=1
2026-09-17T03:33:55.482174Z DEBUG panoptikon::inferio::http: processing local inference predict model=tags/wd-vit-tagger-v3 inputs=1
2026-09-17T03:33:55.482201Z DEBUG panoptikon::inferio::http: processing local inference predict model=tags/wd-vit-tagger-v3 inputs=1
2026-09-17T03:33:55.482289Z DEBUG panoptikon::inferio::http: processing local inference predict model=tags/wd-vit-tagger-v3 inputs=1
2026-09-17T03:33:55.482328Z DEBUG panoptikon::inferio::http: processing local inference predict model=tags/wd-vit-tagger-v3 inputs=1
2026-09-17T03:33:55.487401Z  INFO panoptikon::inferio::worker: 2026-09-17 03:33:55,487 [DEBUG] inferio_worker.packing: this window's 510 MiB grant is below 80% of the 1081 MiB of releasable slack in the 1895 MiB pool (1/2 consecutive windows before releasing it) worker=wd_tagger
2026-09-17T03:33:55.592235Z  INFO panoptikon::inferio::worker: 2026-09-17 03:33:55,592 [DEBUG] inferio_worker_impl_0_wd_tagger: Running inference on 15 images worker=wd_tagger
2026-09-17T03:33:57.747038Z  INFO panoptikon::inferio::calibration: wrote the local calibration store path=data/inferio/calibration.toml profiles=1
2026-09-17T03:33:58.960349Z  INFO panoptikon::inferio::worker: 2026-09-17 03:33:58,960 [DEBUG] inferio_worker_impl_0_wd_tagger: Running inference on 15 images worker=wd_tagger
2026-09-17T03:34:03.353195Z  INFO panoptikon::inferio::worker: 2026-09-17 03:34:03,352 [DEBUG] inferio_worker_impl_0_wd_tagger: Running inference on 15 images worker=wd_tagger
2026-09-17T03:34:06.208999Z DEBUG panoptikon::inferio::ledger: refitted the memory cost model model=tags/wd-vit-tagger-v3 gpu=CPU slope_mb_per_unit=34.5 intercept_mb=78.0 residual_mb=15.0 samples=7 version=8
2026-09-17T03:34:06.209035Z DEBUG panoptikon::inferio::ledger: declining to fit a throughput knee: the plateau is not established above the knee yet: fewer quiet buckets above it than the rule asks for bucket=4 observed_floor=1 observed_top=5 anchor=32 observations=19
2026-09-17T03:34:06.209055Z DEBUG panoptikon::inferio::ledger: queued a calibration profile update for the store model=tags/wd-vit-tagger-v3 gpu=CPU reason="fit_changed" max_units_measured=32 fit_version=8
2026-09-17T03:34:06.209077Z DEBUG panoptikon::inferio::ledger: settled a granted window model=tags/wd-vit-tagger-v3 gpu=CPU outcome="clean" fit_samples=3 throughput_samples=3 clamped_samples=0 clamped=none ramp_step=4 deflation=0 clean_windows=10 max_units_measured=32
2026-09-17T03:34:06.209155Z DEBUG panoptikon::inferio::ledger: issued a memory grant model=tags/wd-vit-tagger-v3 gpu=CPU unit_budget=15 mb=518 canvas_pixels=none share_mb=89282 room_mb=89282 headroom_mb=88441 external_mb=37865 reserve_mb=1024 reserve_rule="capped_default" pre_fit=false ramp_step=4 deflation=0 squeezed=false window_requests=45
2026-09-17T03:34:06.210204Z DEBUG panoptikon::inferio::http: processing local inference predict model=tags/wd-vit-tagger-v3 inputs=1
2026-09-17T03:34:06.297305Z  INFO panoptikon::inferio::worker: 2026-09-17 03:34:06,297 [DEBUG] inferio_worker_impl_0_wd_tagger: Running inference on 15 images worker=wd_tagger
2026-09-17T03:34:08.415231Z  INFO panoptikon::inferio::worker: 2026-09-17 03:34:08,415 [DEBUG] inferio_worker_impl_0_wd_tagger: Running inference on 15 images worker=wd_tagger
2026-09-17T03:34:10.716667Z  INFO panoptikon::inferio::worker: 2026-09-17 03:34:10,716 [DEBUG] inferio_worker.packing: retiring the throughput comparator after 8 non-comparable batches worker=wd_tagger
2026-09-17T03:34:10.796989Z  INFO panoptikon::inferio::worker: 2026-09-17 03:34:10,796 [DEBUG] inferio_worker_impl_0_wd_tagger: Running inference on 15 images worker=wd_tagger
2026-09-17T03:34:12.950585Z DEBUG panoptikon::inferio::ledger: settled a granted window model=tags/wd-vit-tagger-v3 gpu=CPU outcome="clean" fit_samples=3 throughput_samples=3 clamped_samples=0 clamped=none ramp_step=4 deflation=0 clean_windows=11 max_units_measured=32
2026-09-17T03:34:12.950650Z DEBUG panoptikon::inferio::ledger: issued a memory grant model=tags/wd-vit-tagger-v3 gpu=CPU unit_budget=15 mb=518 canvas_pixels=none share_mb=89275 room_mb=89275 headroom_mb=88434 external_mb=37872 reserve_mb=1024 reserve_rule="capped_default" pre_fit=false ramp_step=4 deflation=0 squeezed=false window_requests=45
2026-09-17T03:34:12.959257Z  INFO panoptikon::inferio::worker: 2026-09-17 03:34:12,959 [DEBUG] inferio_worker.packing: this window's 518 MiB grant is below 80% of the 1080 MiB of releasable slack in the 1895 MiB pool (1/2 consecutive windows before releasing it) worker=wd_tagger
2026-09-17T03:34:13.042155Z  INFO panoptikon::inferio::worker: 2026-09-17 03:34:13,041 [DEBUG] inferio_worker_impl_0_wd_tagger: Running inference on 15 images worker=wd_tagger
2026-09-17T03:34:15.169011Z  INFO panoptikon::inferio::worker: 2026-09-17 03:34:15,168 [DEBUG] inferio_worker_impl_0_wd_tagger: Running inference on 15 images worker=wd_tagger
2026-09-17T03:34:17.529710Z  INFO panoptikon::inferio::worker: 2026-09-17 03:34:17,529 [DEBUG] inferio_worker_impl_0_wd_tagger: Running inference on 15 images worker=wd_tagger
2026-09-17T03:34:19.582725Z DEBUG panoptikon::inferio::ledger: refitted the memory cost model model=tags/wd-vit-tagger-v3 gpu=CPU slope_mb_per_unit=34.5 intercept_mb=78.0 residual_mb=9.0 samples=7 version=9
2026-09-17T03:34:19.582765Z DEBUG panoptikon::inferio::ledger: queued a calibration profile update for the store model=tags/wd-vit-tagger-v3 gpu=CPU reason="fit_changed" max_units_measured=32 fit_version=9
2026-09-17T03:34:19.582788Z DEBUG panoptikon::inferio::ledger: settled a granted window model=tags/wd-vit-tagger-v3 gpu=CPU outcome="clean" fit_samples=3 throughput_samples=3 clamped_samples=0 clamped=none ramp_step=4 deflation=0 clean_windows=12 max_units_measured=32
2026-09-17T03:34:19.582879Z DEBUG panoptikon::inferio::ledger: issued a memory grant model=tags/wd-vit-tagger-v3 gpu=CPU unit_budget=15 mb=518 canvas_pixels=none share_mb=89344 room_mb=89344 headroom_mb=88503 external_mb=37803 reserve_mb=1024 reserve_rule="capped_default" pre_fit=false ramp_step=4 deflation=0 squeezed=false window_requests=45
2026-09-17T03:34:19.585138Z DEBUG panoptikon::inferio::http: processing local inference predict model=tags/wd-vit-tagger-v3 inputs=1
2026-09-17T03:34:19.585391Z DEBUG panoptikon::inferio::http: processing local inference predict model=tags/wd-vit-tagger-v3 inputs=1
2026-09-17T03:34:19.585431Z DEBUG panoptikon::inferio::http: processing local inference predict model=tags/wd-vit-tagger-v3 inputs=1
2026-09-17T03:34:19.585477Z DEBUG panoptikon::inferio::http: processing local inference predict model=tags/wd-vit-tagger-v3 inputs=1
2026-09-17T03:34:19.585537Z DEBUG panoptikon::inferio::http: processing local inference predict model=tags/wd-vit-tagger-v3 inputs=1
2026-09-17T03:34:19.585663Z DEBUG panoptikon::inferio::http: processing local inference predict model=tags/wd-vit-tagger-v3 inputs=1
2026-09-17T03:34:19.585725Z DEBUG panoptikon::inferio::http: processing local inference predict model=tags/wd-vit-tagger-v3 inputs=1
2026-09-17T03:34:19.585765Z DEBUG panoptikon::inferio::http: processing local inference predict model=tags/wd-vit-tagger-v3 inputs=1
2026-09-17T03:34:19.585889Z DEBUG panoptikon::inferio::http: processing local inference predict model=tags/wd-vit-tagger-v3 inputs=1
2026-09-17T03:34:19.586043Z DEBUG panoptikon::inferio::http: processing local inference predict model=tags/wd-vit-tagger-v3 inputs=1
2026-09-17T03:34:19.586136Z DEBUG panoptikon::inferio::http: processing local inference predict model=tags/wd-vit-tagger-v3 inputs=1
2026-09-17T03:34:19.586181Z DEBUG panoptikon::inferio::http: processing local inference predict model=tags/wd-vit-tagger-v3 inputs=1
2026-09-17T03:34:19.586239Z DEBUG panoptikon::inferio::http: processing local inference predict model=tags/wd-vit-tagger-v3 inputs=1
2026-09-17T03:34:19.586275Z DEBUG panoptikon::inferio::http: processing local inference predict model=tags/wd-vit-tagger-v3 inputs=1
2026-09-17T03:34:19.586321Z DEBUG panoptikon::inferio::http: processing local inference predict model=tags/wd-vit-tagger-v3 inputs=1
2026-09-17T03:34:19.586360Z DEBUG panoptikon::inferio::http: processing local inference predict model=tags/wd-vit-tagger-v3 inputs=1
2026-09-17T03:34:19.586389Z DEBUG panoptikon::inferio::http: processing local inference predict model=tags/wd-vit-tagger-v3 inputs=1
2026-09-17T03:34:19.586623Z DEBUG panoptikon::inferio::http: processing local inference predict model=tags/wd-vit-tagger-v3 inputs=1
2026-09-17T03:34:19.586665Z DEBUG panoptikon::inferio::http: processing local inference predict model=tags/wd-vit-tagger-v3 inputs=1
2026-09-17T03:34:19.586709Z DEBUG panoptikon::inferio::http: processing local inference predict model=tags/wd-vit-tagger-v3 inputs=1
2026-09-17T03:34:19.586751Z DEBUG panoptikon::inferio::http: processing local inference predict model=tags/wd-vit-tagger-v3 inputs=1
2026-09-17T03:34:19.586787Z DEBUG panoptikon::inferio::http: processing local inference predict model=tags/wd-vit-tagger-v3 inputs=1
2026-09-17T03:34:19.586825Z DEBUG panoptikon::inferio::http: processing local inference predict model=tags/wd-vit-tagger-v3 inputs=1
2026-09-17T03:34:19.586863Z DEBUG panoptikon::inferio::http: processing local inference predict model=tags/wd-vit-tagger-v3 inputs=1
2026-09-17T03:34:19.586901Z DEBUG panoptikon::inferio::http: processing local inference predict model=tags/wd-vit-tagger-v3 inputs=1
2026-09-17T03:34:19.586931Z DEBUG panoptikon::inferio::http: processing local inference predict model=tags/wd-vit-tagger-v3 inputs=1
2026-09-17T03:34:19.586975Z DEBUG panoptikon::inferio::http: processing local inference predict model=tags/wd-vit-tagger-v3 inputs=1
2026-09-17T03:34:19.587048Z DEBUG panoptikon::inferio::http: processing local inference predict model=tags/wd-vit-tagger-v3 inputs=1
2026-09-17T03:34:19.587083Z DEBUG panoptikon::inferio::http: processing local inference predict model=tags/wd-vit-tagger-v3 inputs=1
2026-09-17T03:34:19.587259Z DEBUG panoptikon::inferio::http: processing local inference predict model=tags/wd-vit-tagger-v3 inputs=1
2026-09-17T03:34:19.587312Z DEBUG panoptikon::inferio::http: processing local inference predict model=tags/wd-vit-tagger-v3 inputs=1
2026-09-17T03:34:19.587342Z DEBUG panoptikon::inferio::http: processing local inference predict model=tags/wd-vit-tagger-v3 inputs=1
2026-09-17T03:34:19.687589Z  INFO panoptikon::inferio::worker: 2026-09-17 03:34:19,687 [DEBUG] inferio_worker_impl_0_wd_tagger: Running inference on 15 images worker=wd_tagger
2026-09-17T03:34:21.808450Z  INFO panoptikon::inferio::worker: 2026-09-17 03:34:21,808 [DEBUG] inferio_worker_impl_0_wd_tagger: Running inference on 15 images worker=wd_tagger
2026-09-17T03:34:23.941979Z  INFO panoptikon::inferio::worker: 2026-09-17 03:34:23,941 [DEBUG] inferio_worker_impl_0_wd_tagger: Running inference on 15 images worker=wd_tagger
2026-09-17T03:34:25.985205Z DEBUG panoptikon::inferio::ledger: settled a granted window model=tags/wd-vit-tagger-v3 gpu=CPU outcome="clean" fit_samples=3 throughput_samples=3 clamped_samples=0 clamped=none ramp_step=4 deflation=0 clean_windows=13 max_units_measured=32
2026-09-17T03:34:25.985273Z DEBUG panoptikon::inferio::ledger: issued a memory grant model=tags/wd-vit-tagger-v3 gpu=CPU unit_budget=15 mb=518 canvas_pixels=none share_mb=89390 room_mb=89390 headroom_mb=88549 external_mb=37757 reserve_mb=1024 reserve_rule="capped_default" pre_fit=false ramp_step=4 deflation=0 squeezed=false window_requests=45
2026-09-17T03:34:25.986942Z DEBUG panoptikon::inferio::http: processing local inference predict model=tags/wd-vit-tagger-v3 inputs=1
2026-09-17T03:34:25.987078Z DEBUG panoptikon::inferio::http: processing local inference predict model=tags/wd-vit-tagger-v3 inputs=1
2026-09-17T03:34:25.987147Z DEBUG panoptikon::inferio::http: processing local inference predict model=tags/wd-vit-tagger-v3 inputs=1
2026-09-17T03:34:25.987291Z DEBUG panoptikon::inferio::http: processing local inference predict model=tags/wd-vit-tagger-v3 inputs=1
2026-09-17T03:34:25.987331Z DEBUG panoptikon::inferio::http: processing local inference predict model=tags/wd-vit-tagger-v3 inputs=1
2026-09-17T03:34:25.987392Z DEBUG panoptikon::inferio::http: processing local inference predict model=tags/wd-vit-tagger-v3 inputs=1
2026-09-17T03:34:25.987479Z DEBUG panoptikon::inferio::http: processing local inference predict model=tags/wd-vit-tagger-v3 inputs=1
2026-09-17T03:34:25.987618Z DEBUG panoptikon::inferio::http: processing local inference predict model=tags/wd-vit-tagger-v3 inputs=1
2026-09-17T03:34:25.987656Z DEBUG panoptikon::inferio::http: processing local inference predict model=tags/wd-vit-tagger-v3 inputs=1
2026-09-17T03:34:25.987698Z DEBUG panoptikon::inferio::http: processing local inference predict model=tags/wd-vit-tagger-v3 inputs=1
2026-09-17T03:34:25.987752Z DEBUG panoptikon::inferio::http: processing local inference predict model=tags/wd-vit-tagger-v3 inputs=1
2026-09-17T03:34:25.987799Z DEBUG panoptikon::inferio::http: processing local inference predict model=tags/wd-vit-tagger-v3 inputs=1
2026-09-17T03:34:25.987837Z DEBUG panoptikon::inferio::http: processing local inference predict model=tags/wd-vit-tagger-v3 inputs=1
2026-09-17T03:34:25.987876Z DEBUG panoptikon::inferio::http: processing local inference predict model=tags/wd-vit-tagger-v3 inputs=1
2026-09-17T03:34:25.987915Z DEBUG panoptikon::inferio::http: processing local inference predict model=tags/wd-vit-tagger-v3 inputs=1
2026-09-17T03:34:25.988108Z DEBUG panoptikon::inferio::http: processing local inference predict model=tags/wd-vit-tagger-v3 inputs=1
2026-09-17T03:34:25.988265Z DEBUG panoptikon::inferio::http: processing local inference predict model=tags/wd-vit-tagger-v3 inputs=1
2026-09-17T03:34:25.988489Z DEBUG panoptikon::inferio::http: processing local inference predict model=tags/wd-vit-tagger-v3 inputs=1
2026-09-17T03:34:25.988532Z DEBUG panoptikon::inferio::http: processing local inference predict model=tags/wd-vit-tagger-v3 inputs=1
2026-09-17T03:34:25.988558Z DEBUG panoptikon::inferio::http: processing local inference predict model=tags/wd-vit-tagger-v3 inputs=1
2026-09-17T03:34:25.988584Z DEBUG panoptikon::inferio::http: processing local inference predict model=tags/wd-vit-tagger-v3 inputs=1
2026-09-17T03:34:25.988625Z DEBUG panoptikon::inferio::http: processing local inference predict model=tags/wd-vit-tagger-v3 inputs=1
2026-09-17T03:34:25.988657Z DEBUG panoptikon::inferio::http: processing local inference predict model=tags/wd-vit-tagger-v3 inputs=1
2026-09-17T03:34:25.988705Z DEBUG panoptikon::inferio::http: processing local inference predict model=tags/wd-vit-tagger-v3 inputs=1
2026-09-17T03:34:25.988737Z DEBUG panoptikon::inferio::http: processing local inference predict model=tags/wd-vit-tagger-v3 inputs=1
2026-09-17T03:34:25.988762Z DEBUG panoptikon::inferio::http: processing local inference predict model=tags/wd-vit-tagger-v3 inputs=1
2026-09-17T03:34:25.988859Z DEBUG panoptikon::inferio::http: processing local inference predict model=tags/wd-vit-tagger-v3 inputs=1
2026-09-17T03:34:25.989018Z DEBUG panoptikon::inferio::http: processing local inference predict model=tags/wd-vit-tagger-v3 inputs=1
2026-09-17T03:34:25.989061Z DEBUG panoptikon::inferio::http: processing local inference predict model=tags/wd-vit-tagger-v3 inputs=1
2026-09-17T03:34:25.989107Z DEBUG panoptikon::inferio::http: processing local inference predict model=tags/wd-vit-tagger-v3 inputs=1
2026-09-17T03:34:25.989143Z DEBUG panoptikon::inferio::http: processing local inference predict model=tags/wd-vit-tagger-v3 inputs=1
2026-09-17T03:34:25.989216Z DEBUG panoptikon::inferio::http: processing local inference predict model=tags/wd-vit-tagger-v3 inputs=1
2026-09-17T03:34:25.989244Z DEBUG panoptikon::inferio::http: processing local inference predict model=tags/wd-vit-tagger-v3 inputs=1
2026-09-17T03:34:25.989269Z DEBUG panoptikon::inferio::http: processing local inference predict model=tags/wd-vit-tagger-v3 inputs=1
2026-09-17T03:34:25.989307Z DEBUG panoptikon::inferio::http: processing local inference predict model=tags/wd-vit-tagger-v3 inputs=1
2026-09-17T03:34:25.989337Z DEBUG panoptikon::inferio::http: processing local inference predict model=tags/wd-vit-tagger-v3 inputs=1
2026-09-17T03:34:25.989365Z DEBUG panoptikon::inferio::http: processing local inference predict model=tags/wd-vit-tagger-v3 inputs=1
2026-09-17T03:34:25.989476Z DEBUG panoptikon::inferio::http: processing local inference predict model=tags/wd-vit-tagger-v3 inputs=1
2026-09-17T03:34:25.989504Z DEBUG panoptikon::inferio::http: processing local inference predict model=tags/wd-vit-tagger-v3 inputs=1
2026-09-17T03:34:25.989529Z DEBUG panoptikon::inferio::http: processing local inference predict model=tags/wd-vit-tagger-v3 inputs=1
2026-09-17T03:34:25.989573Z DEBUG panoptikon::inferio::http: processing local inference predict model=tags/wd-vit-tagger-v3 inputs=1
2026-09-17T03:34:25.989605Z DEBUG panoptikon::inferio::http: processing local inference predict model=tags/wd-vit-tagger-v3 inputs=1
2026-09-17T03:34:25.989639Z DEBUG panoptikon::inferio::http: processing local inference predict model=tags/wd-vit-tagger-v3 inputs=1
2026-09-17T03:34:25.989792Z DEBUG panoptikon::inferio::http: processing local inference predict model=tags/wd-vit-tagger-v3 inputs=1
2026-09-17T03:34:25.989831Z DEBUG panoptikon::inferio::http: processing local inference predict model=tags/wd-vit-tagger-v3 inputs=1
2026-09-17T03:34:25.994200Z  INFO panoptikon::inferio::worker: 2026-09-17 03:34:25,994 [DEBUG] inferio_worker.packing: this window's 518 MiB grant is below 80% of the 1080 MiB of releasable slack in the 1895 MiB pool (1/2 consecutive windows before releasing it) worker=wd_tagger
2026-09-17T03:34:26.077699Z  INFO panoptikon::inferio::worker: 2026-09-17 03:34:26,077 [DEBUG] inferio_worker_impl_0_wd_tagger: Running inference on 15 images worker=wd_tagger
2026-09-17T03:34:27.747749Z  INFO panoptikon::inferio::calibration: wrote the local calibration store path=data/inferio/calibration.toml profiles=1
2026-09-17T03:34:28.479994Z  INFO panoptikon::inferio::worker: 2026-09-17 03:34:28,479 [DEBUG] inferio_worker_impl_0_wd_tagger: Running inference on 15 images worker=wd_tagger
2026-09-17T03:34:30.604090Z  INFO panoptikon::inferio::worker: 2026-09-17 03:34:30,603 [DEBUG] inferio_worker_impl_0_wd_tagger: Running inference on 15 images worker=wd_tagger
2026-09-17T03:34:32.667182Z DEBUG panoptikon::inferio::ledger: refitted the memory cost model model=tags/wd-vit-tagger-v3 gpu=CPU slope_mb_per_unit=34.5 intercept_mb=78.0 residual_mb=15.0 samples=7 version=10
2026-09-17T03:34:32.667216Z DEBUG panoptikon::inferio::ledger: queued a calibration profile update for the store model=tags/wd-vit-tagger-v3 gpu=CPU reason="fit_changed" max_units_measured=32 fit_version=10
2026-09-17T03:34:32.667235Z DEBUG panoptikon::inferio::ledger: settled a granted window model=tags/wd-vit-tagger-v3 gpu=CPU outcome="clean" fit_samples=3 throughput_samples=3 clamped_samples=0 clamped=none ramp_step=4 deflation=0 clean_windows=14 max_units_measured=32
2026-09-17T03:34:32.667286Z DEBUG panoptikon::inferio::ledger: issued a memory grant model=tags/wd-vit-tagger-v3 gpu=CPU unit_budget=15 mb=518 canvas_pixels=none share_mb=89411 room_mb=89411 headroom_mb=88570 external_mb=37736 reserve_mb=1024 reserve_rule="capped_default" pre_fit=false ramp_step=4 deflation=0 squeezed=false window_requests=45
2026-09-17T03:34:32.669346Z DEBUG panoptikon::inferio::http: processing local inference predict model=tags/wd-vit-tagger-v3 inputs=1
2026-09-17T03:34:32.669484Z DEBUG panoptikon::inferio::http: processing local inference predict model=tags/wd-vit-tagger-v3 inputs=1
2026-09-17T03:34:32.669647Z DEBUG panoptikon::inferio::http: processing local inference predict model=tags/wd-vit-tagger-v3 inputs=1
2026-09-17T03:34:32.669708Z DEBUG panoptikon::inferio::http: processing local inference predict model=tags/wd-vit-tagger-v3 inputs=1
2026-09-17T03:34:32.669739Z DEBUG panoptikon::inferio::http: processing local inference predict model=tags/wd-vit-tagger-v3 inputs=1
2026-09-17T03:34:32.669930Z DEBUG panoptikon::inferio::http: processing local inference predict model=tags/wd-vit-tagger-v3 inputs=1
2026-09-17T03:34:32.670057Z DEBUG panoptikon::inferio::http: processing local inference predict model=tags/wd-vit-tagger-v3 inputs=1
2026-09-17T03:34:32.670222Z DEBUG panoptikon::inferio::http: processing local inference predict model=tags/wd-vit-tagger-v3 inputs=1
2026-09-17T03:34:32.670249Z DEBUG panoptikon::inferio::http: processing local inference predict model=tags/wd-vit-tagger-v3 inputs=1
2026-09-17T03:34:32.670292Z DEBUG panoptikon::inferio::http: processing local inference predict model=tags/wd-vit-tagger-v3 inputs=1
2026-09-17T03:34:32.670324Z DEBUG panoptikon::inferio::http: processing local inference predict model=tags/wd-vit-tagger-v3 inputs=1
2026-09-17T03:34:32.670376Z DEBUG panoptikon::inferio::http: processing local inference predict model=tags/wd-vit-tagger-v3 inputs=1
2026-09-17T03:34:32.670417Z DEBUG panoptikon::inferio::http: processing local inference predict model=tags/wd-vit-tagger-v3 inputs=1
2026-09-17T03:34:32.670460Z DEBUG panoptikon::inferio::http: processing local inference predict model=tags/wd-vit-tagger-v3 inputs=1
2026-09-17T03:34:32.670558Z DEBUG panoptikon::inferio::http: processing local inference predict model=tags/wd-vit-tagger-v3 inputs=1
2026-09-17T03:34:32.670718Z DEBUG panoptikon::inferio::http: processing local inference predict model=tags/wd-vit-tagger-v3 inputs=1
2026-09-17T03:34:32.670807Z DEBUG panoptikon::inferio::http: processing local inference predict model=tags/wd-vit-tagger-v3 inputs=1
2026-09-17T03:34:32.670849Z DEBUG panoptikon::inferio::http: processing local inference predict model=tags/wd-vit-tagger-v3 inputs=1
2026-09-17T03:34:32.671047Z DEBUG panoptikon::inferio::http: processing local inference predict model=tags/wd-vit-tagger-v3 inputs=1
2026-09-17T03:34:32.671081Z DEBUG panoptikon::inferio::http: processing local inference predict model=tags/wd-vit-tagger-v3 inputs=1
2026-09-17T03:34:32.671125Z DEBUG panoptikon::inferio::http: processing local inference predict model=tags/wd-vit-tagger-v3 inputs=1
2026-09-17T03:34:32.671163Z DEBUG panoptikon::inferio::http: processing local inference predict model=tags/wd-vit-tagger-v3 inputs=1
2026-09-17T03:34:32.671197Z DEBUG panoptikon::inferio::http: processing local inference predict model=tags/wd-vit-tagger-v3 inputs=1
2026-09-17T03:34:32.671239Z DEBUG panoptikon::inferio::http: processing local inference predict model=tags/wd-vit-tagger-v3 inputs=1
2026-09-17T03:34:32.671277Z DEBUG panoptikon::inferio::http: processing local inference predict model=tags/wd-vit-tagger-v3 inputs=1
2026-09-17T03:34:32.671318Z DEBUG panoptikon::inferio::http: processing local inference predict model=tags/wd-vit-tagger-v3 inputs=1
2026-09-17T03:34:32.671354Z DEBUG panoptikon::inferio::http: processing local inference predict model=tags/wd-vit-tagger-v3 inputs=1
2026-09-17T03:34:32.671396Z DEBUG panoptikon::inferio::http: processing local inference predict model=tags/wd-vit-tagger-v3 inputs=1
2026-09-17T03:34:32.671424Z DEBUG panoptikon::inferio::http: processing local inference predict model=tags/wd-vit-tagger-v3 inputs=1
2026-09-17T03:34:32.671457Z DEBUG panoptikon::inferio::http: processing local inference predict model=tags/wd-vit-tagger-v3 inputs=1
2026-09-17T03:34:32.671486Z DEBUG panoptikon::inferio::http: processing local inference predict model=tags/wd-vit-tagger-v3 inputs=1
2026-09-17T03:34:32.671514Z DEBUG panoptikon::inferio::http: processing local inference predict model=tags/wd-vit-tagger-v3 inputs=1
2026-09-17T03:34:32.671642Z DEBUG panoptikon::inferio::http: processing local inference predict model=tags/wd-vit-tagger-v3 inputs=1
2026-09-17T03:34:32.671738Z DEBUG panoptikon::inferio::http: processing local inference predict model=tags/wd-vit-tagger-v3 inputs=1
2026-09-17T03:34:32.671787Z DEBUG panoptikon::inferio::http: processing local inference predict model=tags/wd-vit-tagger-v3 inputs=1
2026-09-17T03:34:32.671883Z DEBUG panoptikon::inferio::http: processing local inference predict model=tags/wd-vit-tagger-v3 inputs=1
2026-09-17T03:34:32.671925Z DEBUG panoptikon::inferio::http: processing local inference predict model=tags/wd-vit-tagger-v3 inputs=1
2026-09-17T03:34:32.671989Z DEBUG panoptikon::inferio::http: processing local inference predict model=tags/wd-vit-tagger-v3 inputs=1
2026-09-17T03:34:32.672024Z DEBUG panoptikon::inferio::http: processing local inference predict model=tags/wd-vit-tagger-v3 inputs=1
2026-09-17T03:34:32.672068Z DEBUG panoptikon::inferio::http: processing local inference predict model=tags/wd-vit-tagger-v3 inputs=1
2026-09-17T03:34:32.672147Z DEBUG panoptikon::inferio::http: processing local inference predict model=tags/wd-vit-tagger-v3 inputs=1
2026-09-17T03:34:32.672196Z DEBUG panoptikon::inferio::http: processing local inference predict model=tags/wd-vit-tagger-v3 inputs=1
2026-09-17T03:34:32.672219Z DEBUG panoptikon::inferio::http: processing local inference predict model=tags/wd-vit-tagger-v3 inputs=1
2026-09-17T03:34:32.672303Z DEBUG panoptikon::inferio::http: processing local inference predict model=tags/wd-vit-tagger-v3 inputs=1
2026-09-17T03:34:32.672325Z DEBUG panoptikon::inferio::http: processing local inference predict model=tags/wd-vit-tagger-v3 inputs=1
2026-09-17T03:34:32.768776Z  INFO panoptikon::inferio::worker: 2026-09-17 03:34:32,768 [DEBUG] inferio_worker_impl_0_wd_tagger: Running inference on 15 images worker=wd_tagger
2026-09-17T03:34:34.926262Z  INFO panoptikon::inferio::worker: 2026-09-17 03:34:34,925 [DEBUG] inferio_worker_impl_0_wd_tagger: Running inference on 15 images worker=wd_tagger
2026-09-17T03:34:37.477393Z  INFO panoptikon::inferio::worker: 2026-09-17 03:34:37,477 [DEBUG] inferio_worker_impl_0_wd_tagger: Running inference on 15 images worker=wd_tagger
2026-09-17T03:34:39.598846Z DEBUG panoptikon::inferio::ledger: settled a granted window model=tags/wd-vit-tagger-v3 gpu=CPU outcome="clean" fit_samples=3 throughput_samples=3 clamped_samples=0 clamped=none ramp_step=4 deflation=0 clean_windows=15 max_units_measured=32
2026-09-17T03:34:39.598960Z DEBUG panoptikon::inferio::ledger: issued a memory grant model=tags/wd-vit-tagger-v3 gpu=CPU unit_budget=15 mb=518 canvas_pixels=none share_mb=89299 room_mb=89299 headroom_mb=88458 external_mb=37848 reserve_mb=1024 reserve_rule="capped_default" pre_fit=false ramp_step=4 deflation=0 squeezed=false window_requests=45
2026-09-17T03:34:39.600288Z DEBUG panoptikon::inferio::http: processing local inference predict model=tags/wd-vit-tagger-v3 inputs=1
2026-09-17T03:34:39.600738Z DEBUG panoptikon::inferio::http: processing local inference predict model=tags/wd-vit-tagger-v3 inputs=1
2026-09-17T03:34:39.600878Z DEBUG panoptikon::inferio::http: processing local inference predict model=tags/wd-vit-tagger-v3 inputs=1
2026-09-17T03:34:39.600942Z DEBUG panoptikon::inferio::http: processing local inference predict model=tags/wd-vit-tagger-v3 inputs=1
2026-09-17T03:34:39.601153Z DEBUG panoptikon::inferio::http: processing local inference predict model=tags/wd-vit-tagger-v3 inputs=1
2026-09-17T03:34:39.601183Z DEBUG panoptikon::inferio::http: processing local inference predict model=tags/wd-vit-tagger-v3 inputs=1
2026-09-17T03:34:39.601258Z DEBUG panoptikon::inferio::http: processing local inference predict model=tags/wd-vit-tagger-v3 inputs=1
2026-09-17T03:34:39.601308Z DEBUG panoptikon::inferio::http: processing local inference predict model=tags/wd-vit-tagger-v3 inputs=1
2026-09-17T03:34:39.601350Z DEBUG panoptikon::inferio::http: processing local inference predict model=tags/wd-vit-tagger-v3 inputs=1
2026-09-17T03:34:39.601380Z DEBUG panoptikon::inferio::http: processing local inference predict model=tags/wd-vit-tagger-v3 inputs=1
2026-09-17T03:34:39.601494Z DEBUG panoptikon::inferio::http: processing local inference predict model=tags/wd-vit-tagger-v3 inputs=1
2026-09-17T03:34:39.601602Z DEBUG panoptikon::inferio::http: processing local inference predict model=tags/wd-vit-tagger-v3 inputs=1
2026-09-17T03:34:39.601760Z DEBUG panoptikon::inferio::http: processing local inference predict model=tags/wd-vit-tagger-v3 inputs=1
2026-09-17T03:34:39.601851Z DEBUG panoptikon::inferio::http: processing local inference predict model=tags/wd-vit-tagger-v3 inputs=1
2026-09-17T03:34:39.601882Z DEBUG panoptikon::inferio::http: processing local inference predict model=tags/wd-vit-tagger-v3 inputs=1
2026-09-17T03:34:39.601917Z DEBUG panoptikon::inferio::http: processing local inference predict model=tags/wd-vit-tagger-v3 inputs=1
2026-09-17T03:34:39.601974Z DEBUG panoptikon::inferio::http: processing local inference predict model=tags/wd-vit-tagger-v3 inputs=1
2026-09-17T03:34:39.602003Z DEBUG panoptikon::inferio::http: processing local inference predict model=tags/wd-vit-tagger-v3 inputs=1
2026-09-17T03:34:39.602038Z DEBUG panoptikon::inferio::http: processing local inference predict model=tags/wd-vit-tagger-v3 inputs=1
2026-09-17T03:34:39.602075Z DEBUG panoptikon::inferio::http: processing local inference predict model=tags/wd-vit-tagger-v3 inputs=1
2026-09-17T03:34:39.602226Z DEBUG panoptikon::inferio::http: processing local inference predict model=tags/wd-vit-tagger-v3 inputs=1
2026-09-17T03:34:39.602263Z DEBUG panoptikon::inferio::http: processing local inference predict model=tags/wd-vit-tagger-v3 inputs=1
2026-09-17T03:34:39.602312Z DEBUG panoptikon::inferio::http: processing local inference predict model=tags/wd-vit-tagger-v3 inputs=1
2026-09-17T03:34:39.602360Z DEBUG panoptikon::inferio::http: processing local inference predict model=tags/wd-vit-tagger-v3 inputs=1
2026-09-17T03:34:39.602467Z DEBUG panoptikon::inferio::http: processing local inference predict model=tags/wd-vit-tagger-v3 inputs=1
2026-09-17T03:34:39.602506Z DEBUG panoptikon::inferio::http: processing local inference predict model=tags/wd-vit-tagger-v3 inputs=1
2026-09-17T03:34:39.602538Z DEBUG panoptikon::inferio::http: processing local inference predict model=tags/wd-vit-tagger-v3 inputs=1
2026-09-17T03:34:39.602564Z DEBUG panoptikon::inferio::http: processing local inference predict model=tags/wd-vit-tagger-v3 inputs=1
2026-09-17T03:34:39.602608Z DEBUG panoptikon::inferio::http: processing local inference predict model=tags/wd-vit-tagger-v3 inputs=1
2026-09-17T03:34:39.602643Z DEBUG panoptikon::inferio::http: processing local inference predict model=tags/wd-vit-tagger-v3 inputs=1
2026-09-17T03:34:39.602661Z DEBUG panoptikon::inferio::http: processing local inference predict model=tags/wd-vit-tagger-v3 inputs=1
2026-09-17T03:34:39.602705Z DEBUG panoptikon::inferio::http: processing local inference predict model=tags/wd-vit-tagger-v3 inputs=1
2026-09-17T03:34:39.602834Z DEBUG panoptikon::inferio::http: processing local inference predict model=tags/wd-vit-tagger-v3 inputs=1
2026-09-17T03:34:39.602862Z DEBUG panoptikon::inferio::http: processing local inference predict model=tags/wd-vit-tagger-v3 inputs=1
2026-09-17T03:34:39.602917Z DEBUG panoptikon::inferio::http: processing local inference predict model=tags/wd-vit-tagger-v3 inputs=1
2026-09-17T03:34:39.603068Z DEBUG panoptikon::inferio::http: processing local inference predict model=tags/wd-vit-tagger-v3 inputs=1
2026-09-17T03:34:39.603136Z DEBUG panoptikon::inferio::http: processing local inference predict model=tags/wd-vit-tagger-v3 inputs=1
2026-09-17T03:34:39.603201Z DEBUG panoptikon::inferio::http: processing local inference predict model=tags/wd-vit-tagger-v3 inputs=1
2026-09-17T03:34:39.603261Z DEBUG panoptikon::inferio::http: processing local inference predict model=tags/wd-vit-tagger-v3 inputs=1
2026-09-17T03:34:39.603289Z DEBUG panoptikon::inferio::http: processing local inference predict model=tags/wd-vit-tagger-v3 inputs=1
2026-09-17T03:34:39.603364Z DEBUG panoptikon::inferio::http: processing local inference predict model=tags/wd-vit-tagger-v3 inputs=1
2026-09-17T03:34:39.603388Z DEBUG panoptikon::inferio::http: processing local inference predict model=tags/wd-vit-tagger-v3 inputs=1
2026-09-17T03:34:39.603421Z DEBUG panoptikon::inferio::http: processing local inference predict model=tags/wd-vit-tagger-v3 inputs=1
2026-09-17T03:34:39.603453Z DEBUG panoptikon::inferio::http: processing local inference predict model=tags/wd-vit-tagger-v3 inputs=1
2026-09-17T03:34:39.603517Z DEBUG panoptikon::inferio::http: processing local inference predict model=tags/wd-vit-tagger-v3 inputs=1
2026-09-17T03:34:39.607811Z  INFO panoptikon::inferio::worker: 2026-09-17 03:34:39,607 [DEBUG] inferio_worker.packing: this window's 518 MiB grant is below 80% of the 1081 MiB of releasable slack in the 1895 MiB pool (1/2 consecutive windows before releasing it) worker=wd_tagger
2026-09-17T03:34:39.700747Z  INFO panoptikon::inferio::worker: 2026-09-17 03:34:39,700 [DEBUG] inferio_worker_impl_0_wd_tagger: Running inference on 15 images worker=wd_tagger
2026-09-17T03:34:41.822702Z  INFO panoptikon::inferio::worker: 2026-09-17 03:34:41,822 [DEBUG] inferio_worker_impl_0_wd_tagger: Running inference on 15 images worker=wd_tagger
2026-09-17T03:34:43.961826Z  INFO panoptikon::inferio::worker: 2026-09-17 03:34:43,961 [DEBUG] inferio_worker_impl_0_wd_tagger: Running inference on 15 images worker=wd_tagger
2026-09-17T03:34:45.989153Z DEBUG panoptikon::inferio::ledger: settled a granted window model=tags/wd-vit-tagger-v3 gpu=CPU outcome="clean" fit_samples=3 throughput_samples=3 clamped_samples=0 clamped=none ramp_step=4 deflation=0 clean_windows=16 max_units_measured=32
2026-09-17T03:34:45.989253Z DEBUG panoptikon::inferio::ledger: issued a memory grant model=tags/wd-vit-tagger-v3 gpu=CPU unit_budget=15 mb=518 canvas_pixels=none share_mb=89364 room_mb=89364 headroom_mb=88523 external_mb=37783 reserve_mb=1024 reserve_rule="capped_default" pre_fit=false ramp_step=4 deflation=0 squeezed=false window_requests=45
2026-09-17T03:34:45.990699Z DEBUG panoptikon::inferio::http: processing local inference predict model=tags/wd-vit-tagger-v3 inputs=1
2026-09-17T03:34:45.990815Z DEBUG panoptikon::inferio::http: processing local inference predict model=tags/wd-vit-tagger-v3 inputs=1
2026-09-17T03:34:45.990963Z DEBUG panoptikon::inferio::http: processing local inference predict model=tags/wd-vit-tagger-v3 inputs=1
2026-09-17T03:34:45.991298Z DEBUG panoptikon::inferio::http: processing local inference predict model=tags/wd-vit-tagger-v3 inputs=1
2026-09-17T03:34:45.991351Z DEBUG panoptikon::inferio::http: processing local inference predict model=tags/wd-vit-tagger-v3 inputs=1
2026-09-17T03:34:45.991420Z DEBUG panoptikon::inferio::http: processing local inference predict model=tags/wd-vit-tagger-v3 inputs=1
2026-09-17T03:34:45.991460Z DEBUG panoptikon::inferio::http: processing local inference predict model=tags/wd-vit-tagger-v3 inputs=1
2026-09-17T03:34:45.991521Z DEBUG panoptikon::inferio::http: processing local inference predict model=tags/wd-vit-tagger-v3 inputs=1
2026-09-17T03:34:45.991552Z DEBUG panoptikon::inferio::http: processing local inference predict model=tags/wd-vit-tagger-v3 inputs=1
2026-09-17T03:34:45.991718Z DEBUG panoptikon::inferio::http: processing local inference predict model=tags/wd-vit-tagger-v3 inputs=1
2026-09-17T03:34:45.991750Z DEBUG panoptikon::inferio::http: processing local inference predict model=tags/wd-vit-tagger-v3 inputs=1
2026-09-17T03:34:45.991917Z DEBUG panoptikon::inferio::http: processing local inference predict model=tags/wd-vit-tagger-v3 inputs=1
2026-09-17T03:34:45.992039Z DEBUG panoptikon::inferio::http: processing local inference predict model=tags/wd-vit-tagger-v3 inputs=1
2026-09-17T03:34:45.992080Z DEBUG panoptikon::inferio::http: processing local inference predict model=tags/wd-vit-tagger-v3 inputs=1
2026-09-17T03:34:45.992138Z DEBUG panoptikon::inferio::http: processing local inference predict model=tags/wd-vit-tagger-v3 inputs=1
2026-09-17T03:34:45.992204Z DEBUG panoptikon::inferio::http: processing local inference predict model=tags/wd-vit-tagger-v3 inputs=1
2026-09-17T03:34:45.992365Z DEBUG panoptikon::inferio::http: processing local inference predict model=tags/wd-vit-tagger-v3 inputs=1
2026-09-17T03:34:45.992431Z DEBUG panoptikon::inferio::http: processing local inference predict model=tags/wd-vit-tagger-v3 inputs=1
2026-09-17T03:34:45.992473Z DEBUG panoptikon::inferio::http: processing local inference predict model=tags/wd-vit-tagger-v3 inputs=1
2026-09-17T03:34:45.992553Z DEBUG panoptikon::inferio::http: processing local inference predict model=tags/wd-vit-tagger-v3 inputs=1
2026-09-17T03:34:45.992586Z DEBUG panoptikon::inferio::http: processing local inference predict model=tags/wd-vit-tagger-v3 inputs=1
2026-09-17T03:34:45.992632Z DEBUG panoptikon::inferio::http: processing local inference predict model=tags/wd-vit-tagger-v3 inputs=1
2026-09-17T03:34:45.992669Z DEBUG panoptikon::inferio::http: processing local inference predict model=tags/wd-vit-tagger-v3 inputs=1
2026-09-17T03:34:45.992701Z DEBUG panoptikon::inferio::http: processing local inference predict model=tags/wd-vit-tagger-v3 inputs=1
2026-09-17T03:34:45.992821Z DEBUG panoptikon::inferio::http: processing local inference predict model=tags/wd-vit-tagger-v3 inputs=1
2026-09-17T03:34:45.992939Z DEBUG panoptikon::inferio::http: processing local inference predict model=tags/wd-vit-tagger-v3 inputs=1
2026-09-17T03:34:45.993119Z DEBUG panoptikon::inferio::http: processing local inference predict model=tags/wd-vit-tagger-v3 inputs=1
2026-09-17T03:34:45.993163Z DEBUG panoptikon::inferio::http: processing local inference predict model=tags/wd-vit-tagger-v3 inputs=1
2026-09-17T03:34:45.993214Z DEBUG panoptikon::inferio::http: processing local inference predict model=tags/wd-vit-tagger-v3 inputs=1
2026-09-17T03:34:45.993258Z DEBUG panoptikon::inferio::http: processing local inference predict model=tags/wd-vit-tagger-v3 inputs=1
2026-09-17T03:34:45.993301Z DEBUG panoptikon::inferio::http: processing local inference predict model=tags/wd-vit-tagger-v3 inputs=1
2026-09-17T03:34:45.993339Z DEBUG panoptikon::inferio::http: processing local inference predict model=tags/wd-vit-tagger-v3 inputs=1
2026-09-17T03:34:45.993376Z DEBUG panoptikon::inferio::http: processing local inference predict model=tags/wd-vit-tagger-v3 inputs=1
2026-09-17T03:34:45.993412Z DEBUG panoptikon::inferio::http: processing local inference predict model=tags/wd-vit-tagger-v3 inputs=1
2026-09-17T03:34:45.993457Z DEBUG panoptikon::inferio::http: processing local inference predict model=tags/wd-vit-tagger-v3 inputs=1
2026-09-17T03:34:45.993504Z DEBUG panoptikon::inferio::http: processing local inference predict model=tags/wd-vit-tagger-v3 inputs=1
2026-09-17T03:34:45.993534Z DEBUG panoptikon::inferio::http: processing local inference predict model=tags/wd-vit-tagger-v3 inputs=1
2026-09-17T03:34:45.993604Z DEBUG panoptikon::inferio::http: processing local inference predict model=tags/wd-vit-tagger-v3 inputs=1
2026-09-17T03:34:45.993639Z DEBUG panoptikon::inferio::http: processing local inference predict model=tags/wd-vit-tagger-v3 inputs=1
2026-09-17T03:34:45.993669Z DEBUG panoptikon::inferio::http: processing local inference predict model=tags/wd-vit-tagger-v3 inputs=1
2026-09-17T03:34:45.993703Z DEBUG panoptikon::inferio::http: processing local inference predict model=tags/wd-vit-tagger-v3 inputs=1
2026-09-17T03:34:45.993751Z DEBUG panoptikon::inferio::http: processing local inference predict model=tags/wd-vit-tagger-v3 inputs=1
2026-09-17T03:34:45.993818Z DEBUG panoptikon::inferio::http: processing local inference predict model=tags/wd-vit-tagger-v3 inputs=1
2026-09-17T03:34:45.993908Z DEBUG panoptikon::inferio::http: processing local inference predict model=tags/wd-vit-tagger-v3 inputs=1
2026-09-17T03:34:45.993975Z DEBUG panoptikon::inferio::http: processing local inference predict model=tags/wd-vit-tagger-v3 inputs=1
2026-09-17T03:34:46.078044Z  INFO panoptikon::inferio::worker: 2026-09-17 03:34:46,077 [DEBUG] inferio_worker_impl_0_wd_tagger: Running inference on 15 images worker=wd_tagger
2026-09-17T03:34:48.186853Z  INFO panoptikon::inferio::worker: 2026-09-17 03:34:48,186 [DEBUG] inferio_worker_impl_0_wd_tagger: Running inference on 15 images worker=wd_tagger
2026-09-17T03:34:50.290114Z  INFO panoptikon::inferio::worker: 2026-09-17 03:34:50,289 [DEBUG] inferio_worker_impl_0_wd_tagger: Running inference on 15 images worker=wd_tagger
2026-09-17T03:34:52.495280Z DEBUG panoptikon::inferio::ledger: settled a granted window model=tags/wd-vit-tagger-v3 gpu=CPU outcome="clean" fit_samples=3 throughput_samples=3 clamped_samples=0 clamped=none ramp_step=4 deflation=0 clean_windows=17 max_units_measured=32
2026-09-17T03:34:52.495355Z DEBUG panoptikon::inferio::ledger: issued a memory grant model=tags/wd-vit-tagger-v3 gpu=CPU unit_budget=15 mb=518 canvas_pixels=none share_mb=89265 room_mb=89265 headroom_mb=88424 external_mb=37882 reserve_mb=1024 reserve_rule="capped_default" pre_fit=false ramp_step=4 deflation=0 squeezed=false window_requests=45
2026-09-17T03:34:52.496942Z DEBUG panoptikon::inferio::http: processing local inference predict model=tags/wd-vit-tagger-v3 inputs=1
2026-09-17T03:34:52.496980Z DEBUG panoptikon::inferio::http: processing local inference predict model=tags/wd-vit-tagger-v3 inputs=1
2026-09-17T03:34:52.497048Z DEBUG panoptikon::inferio::http: processing local inference predict model=tags/wd-vit-tagger-v3 inputs=1
2026-09-17T03:34:52.497176Z DEBUG panoptikon::inferio::http: processing local inference predict model=tags/wd-vit-tagger-v3 inputs=1
2026-09-17T03:34:52.497316Z DEBUG panoptikon::inferio::http: processing local inference predict model=tags/wd-vit-tagger-v3 inputs=1
2026-09-17T03:34:52.497376Z DEBUG panoptikon::inferio::http: processing local inference predict model=tags/wd-vit-tagger-v3 inputs=1
2026-09-17T03:34:52.497405Z DEBUG panoptikon::inferio::http: processing local inference predict model=tags/wd-vit-tagger-v3 inputs=1
2026-09-17T03:34:52.497485Z DEBUG panoptikon::inferio::http: processing local inference predict model=tags/wd-vit-tagger-v3 inputs=1
2026-09-17T03:34:52.497524Z DEBUG panoptikon::inferio::http: processing local inference predict model=tags/wd-vit-tagger-v3 inputs=1
2026-09-17T03:34:52.497621Z DEBUG panoptikon::inferio::http: processing local inference predict model=tags/wd-vit-tagger-v3 inputs=1
2026-09-17T03:34:52.497702Z DEBUG panoptikon::inferio::http: processing local inference predict model=tags/wd-vit-tagger-v3 inputs=1
2026-09-17T03:34:52.497729Z DEBUG panoptikon::inferio::http: processing local inference predict model=tags/wd-vit-tagger-v3 inputs=1
2026-09-17T03:34:52.497844Z DEBUG panoptikon::inferio::http: processing local inference predict model=tags/wd-vit-tagger-v3 inputs=1
2026-09-17T03:34:52.497872Z DEBUG panoptikon::inferio::http: processing local inference predict model=tags/wd-vit-tagger-v3 inputs=1
2026-09-17T03:34:52.497910Z DEBUG panoptikon::inferio::http: processing local inference predict model=tags/wd-vit-tagger-v3 inputs=1
2026-09-17T03:34:52.497970Z DEBUG panoptikon::inferio::http: processing local inference predict model=tags/wd-vit-tagger-v3 inputs=1
2026-09-17T03:34:52.498063Z DEBUG panoptikon::inferio::http: processing local inference predict model=tags/wd-vit-tagger-v3 inputs=1
2026-09-17T03:34:52.498219Z DEBUG panoptikon::inferio::http: processing local inference predict model=tags/wd-vit-tagger-v3 inputs=1
2026-09-17T03:34:52.498252Z DEBUG panoptikon::inferio::http: processing local inference predict model=tags/wd-vit-tagger-v3 inputs=1
2026-09-17T03:34:52.498424Z DEBUG panoptikon::inferio::http: processing local inference predict model=tags/wd-vit-tagger-v3 inputs=1
2026-09-17T03:34:52.498457Z DEBUG panoptikon::inferio::http: processing local inference predict model=tags/wd-vit-tagger-v3 inputs=1
2026-09-17T03:34:52.498493Z DEBUG panoptikon::inferio::http: processing local inference predict model=tags/wd-vit-tagger-v3 inputs=1
2026-09-17T03:34:52.498514Z DEBUG panoptikon::inferio::http: processing local inference predict model=tags/wd-vit-tagger-v3 inputs=1
2026-09-17T03:34:52.498546Z DEBUG panoptikon::inferio::http: processing local inference predict model=tags/wd-vit-tagger-v3 inputs=1
2026-09-17T03:34:52.498606Z DEBUG panoptikon::inferio::http: processing local inference predict model=tags/wd-vit-tagger-v3 inputs=1
2026-09-17T03:34:52.498633Z DEBUG panoptikon::inferio::http: processing local inference predict model=tags/wd-vit-tagger-v3 inputs=1
2026-09-17T03:34:52.498660Z DEBUG panoptikon::inferio::http: processing local inference predict model=tags/wd-vit-tagger-v3 inputs=1
2026-09-17T03:34:52.498697Z DEBUG panoptikon::inferio::http: processing local inference predict model=tags/wd-vit-tagger-v3 inputs=1
2026-09-17T03:34:52.498733Z DEBUG panoptikon::inferio::http: processing local inference predict model=tags/wd-vit-tagger-v3 inputs=1
2026-09-17T03:34:52.498864Z DEBUG panoptikon::inferio::http: processing local inference predict model=tags/wd-vit-tagger-v3 inputs=1
2026-09-17T03:34:52.498886Z DEBUG panoptikon::inferio::http: processing local inference predict model=tags/wd-vit-tagger-v3 inputs=1
2026-09-17T03:34:52.498943Z DEBUG panoptikon::inferio::http: processing local inference predict model=tags/wd-vit-tagger-v3 inputs=1
2026-09-17T03:34:52.498976Z DEBUG panoptikon::inferio::http: processing local inference predict model=tags/wd-vit-tagger-v3 inputs=1
2026-09-17T03:34:52.499018Z DEBUG panoptikon::inferio::http: processing local inference predict model=tags/wd-vit-tagger-v3 inputs=1
2026-09-17T03:34:52.499109Z DEBUG panoptikon::inferio::http: processing local inference predict model=tags/wd-vit-tagger-v3 inputs=1
2026-09-17T03:34:52.499169Z DEBUG panoptikon::inferio::http: processing local inference predict model=tags/wd-vit-tagger-v3 inputs=1
2026-09-17T03:34:52.499199Z DEBUG panoptikon::inferio::http: processing local inference predict model=tags/wd-vit-tagger-v3 inputs=1
2026-09-17T03:34:52.499226Z DEBUG panoptikon::inferio::http: processing local inference predict model=tags/wd-vit-tagger-v3 inputs=1
2026-09-17T03:34:52.499258Z DEBUG panoptikon::inferio::http: processing local inference predict model=tags/wd-vit-tagger-v3 inputs=1
2026-09-17T03:34:52.499297Z DEBUG panoptikon::inferio::http: processing local inference predict model=tags/wd-vit-tagger-v3 inputs=1
2026-09-17T03:34:52.499471Z DEBUG panoptikon::inferio::http: processing local inference predict model=tags/wd-vit-tagger-v3 inputs=1
2026-09-17T03:34:52.499537Z DEBUG panoptikon::inferio::http: processing local inference predict model=tags/wd-vit-tagger-v3 inputs=1
2026-09-17T03:34:52.499570Z DEBUG panoptikon::inferio::http: processing local inference predict model=tags/wd-vit-tagger-v3 inputs=1
2026-09-17T03:34:52.499606Z DEBUG panoptikon::inferio::http: processing local inference predict model=tags/wd-vit-tagger-v3 inputs=1
2026-09-17T03:34:52.499645Z DEBUG panoptikon::inferio::http: processing local inference predict model=tags/wd-vit-tagger-v3 inputs=1
2026-09-17T03:34:52.503660Z  INFO panoptikon::inferio::worker: 2026-09-17 03:34:52,503 [DEBUG] inferio_worker.packing: this window's 518 MiB grant is below 80% of the 1081 MiB of releasable slack in the 1895 MiB pool (1/2 consecutive windows before releasing it) worker=wd_tagger
2026-09-17T03:34:52.601539Z  INFO panoptikon::inferio::worker: 2026-09-17 03:34:52,601 [DEBUG] inferio_worker_impl_0_wd_tagger: Running inference on 15 images worker=wd_tagger
2026-09-17T03:34:54.794381Z  INFO panoptikon::inferio::worker: 2026-09-17 03:34:54,794 [DEBUG] inferio_worker_impl_0_wd_tagger: Running inference on 15 images worker=wd_tagger
2026-09-17T03:34:56.948743Z  INFO panoptikon::inferio::worker: 2026-09-17 03:34:56,948 [DEBUG] inferio_worker_impl_0_wd_tagger: Running inference on 15 images worker=wd_tagger
2026-09-17T03:34:57.749061Z  INFO panoptikon::inferio::calibration: wrote the local calibration store path=data/inferio/calibration.toml profiles=1
2026-09-17T03:34:59.420813Z DEBUG panoptikon::inferio::ledger: settled a granted window model=tags/wd-vit-tagger-v3 gpu=CPU outcome="clean" fit_samples=3 throughput_samples=3 clamped_samples=0 clamped=none ramp_step=4 deflation=0 clean_windows=18 max_units_measured=32
2026-09-17T03:34:59.420898Z DEBUG panoptikon::inferio::ledger: issued a memory grant model=tags/wd-vit-tagger-v3 gpu=CPU unit_budget=15 mb=518 canvas_pixels=none share_mb=89360 room_mb=89360 headroom_mb=88519 external_mb=37787 reserve_mb=1024 reserve_rule="capped_default" pre_fit=false ramp_step=4 deflation=0 squeezed=false window_requests=45
2026-09-17T03:34:59.422171Z DEBUG panoptikon::inferio::http: processing local inference predict model=tags/wd-vit-tagger-v3 inputs=1
2026-09-17T03:34:59.422340Z DEBUG panoptikon::inferio::http: processing local inference predict model=tags/wd-vit-tagger-v3 inputs=1
2026-09-17T03:34:59.422518Z DEBUG panoptikon::inferio::http: processing local inference predict model=tags/wd-vit-tagger-v3 inputs=1
2026-09-17T03:34:59.422657Z DEBUG panoptikon::inferio::http: processing local inference predict model=tags/wd-vit-tagger-v3 inputs=1
2026-09-17T03:34:59.423684Z DEBUG panoptikon::inferio::http: processing local inference predict model=tags/wd-vit-tagger-v3 inputs=1
2026-09-17T03:34:59.423875Z DEBUG panoptikon::inferio::http: processing local inference predict model=tags/wd-vit-tagger-v3 inputs=1
2026-09-17T03:34:59.424252Z DEBUG panoptikon::inferio::http: processing local inference predict model=tags/wd-vit-tagger-v3 inputs=1
2026-09-17T03:34:59.424294Z DEBUG panoptikon::inferio::http: processing local inference predict model=tags/wd-vit-tagger-v3 inputs=1
2026-09-17T03:34:59.424350Z DEBUG panoptikon::inferio::http: processing local inference predict model=tags/wd-vit-tagger-v3 inputs=1
2026-09-17T03:34:59.424413Z DEBUG panoptikon::inferio::http: processing local inference predict model=tags/wd-vit-tagger-v3 inputs=1
2026-09-17T03:34:59.424451Z DEBUG panoptikon::inferio::http: processing local inference predict model=tags/wd-vit-tagger-v3 inputs=1
2026-09-17T03:34:59.424487Z DEBUG panoptikon::inferio::http: processing local inference predict model=tags/wd-vit-tagger-v3 inputs=1
2026-09-17T03:34:59.424527Z DEBUG panoptikon::inferio::http: processing local inference predict model=tags/wd-vit-tagger-v3 inputs=1
2026-09-17T03:34:59.424581Z DEBUG panoptikon::inferio::http: processing local inference predict model=tags/wd-vit-tagger-v3 inputs=1
2026-09-17T03:34:59.424619Z DEBUG panoptikon::inferio::http: processing local inference predict model=tags/wd-vit-tagger-v3 inputs=1
2026-09-17T03:34:59.424655Z DEBUG panoptikon::inferio::http: processing local inference predict model=tags/wd-vit-tagger-v3 inputs=1
2026-09-17T03:34:59.424692Z DEBUG panoptikon::inferio::http: processing local inference predict model=tags/wd-vit-tagger-v3 inputs=1
2026-09-17T03:34:59.424728Z DEBUG panoptikon::inferio::http: processing local inference predict model=tags/wd-vit-tagger-v3 inputs=1
2026-09-17T03:34:59.424774Z DEBUG panoptikon::inferio::http: processing local inference predict model=tags/wd-vit-tagger-v3 inputs=1
2026-09-17T03:34:59.424803Z DEBUG panoptikon::inferio::http: processing local inference predict model=tags/wd-vit-tagger-v3 inputs=1
2026-09-17T03:34:59.424832Z DEBUG panoptikon::inferio::http: processing local inference predict model=tags/wd-vit-tagger-v3 inputs=1
2026-09-17T03:34:59.424887Z DEBUG panoptikon::inferio::http: processing local inference predict model=tags/wd-vit-tagger-v3 inputs=1
2026-09-17T03:34:59.424917Z DEBUG panoptikon::inferio::http: processing local inference predict model=tags/wd-vit-tagger-v3 inputs=1
2026-09-17T03:34:59.424956Z DEBUG panoptikon::inferio::http: processing local inference predict model=tags/wd-vit-tagger-v3 inputs=1
2026-09-17T03:34:59.424998Z DEBUG panoptikon::inferio::http: processing local inference predict model=tags/wd-vit-tagger-v3 inputs=1
2026-09-17T03:34:59.425065Z DEBUG panoptikon::inferio::http: processing local inference predict model=tags/wd-vit-tagger-v3 inputs=1
2026-09-17T03:34:59.425106Z DEBUG panoptikon::inferio::http: processing local inference predict model=tags/wd-vit-tagger-v3 inputs=1
2026-09-17T03:34:59.425147Z DEBUG panoptikon::inferio::http: processing local inference predict model=tags/wd-vit-tagger-v3 inputs=1
2026-09-17T03:34:59.425189Z DEBUG panoptikon::inferio::http: processing local inference predict model=tags/wd-vit-tagger-v3 inputs=1
2026-09-17T03:34:59.425295Z DEBUG panoptikon::inferio::http: processing local inference predict model=tags/wd-vit-tagger-v3 inputs=1
2026-09-17T03:34:59.425412Z DEBUG panoptikon::inferio::http: processing local inference predict model=tags/wd-vit-tagger-v3 inputs=1
2026-09-17T03:34:59.425447Z DEBUG panoptikon::inferio::http: processing local inference predict model=tags/wd-vit-tagger-v3 inputs=1
2026-09-17T03:34:59.425576Z DEBUG panoptikon::inferio::http: processing local inference predict model=tags/wd-vit-tagger-v3 inputs=1
2026-09-17T03:34:59.425595Z DEBUG panoptikon::inferio::http: processing local inference predict model=tags/wd-vit-tagger-v3 inputs=1
2026-09-17T03:34:59.425631Z DEBUG panoptikon::inferio::http: processing local inference predict model=tags/wd-vit-tagger-v3 inputs=1
2026-09-17T03:34:59.425667Z DEBUG panoptikon::inferio::http: processing local inference predict model=tags/wd-vit-tagger-v3 inputs=1
2026-09-17T03:34:59.425698Z DEBUG panoptikon::inferio::http: processing local inference predict model=tags/wd-vit-tagger-v3 inputs=1
2026-09-17T03:34:59.425723Z DEBUG panoptikon::inferio::http: processing local inference predict model=tags/wd-vit-tagger-v3 inputs=1
2026-09-17T03:34:59.425757Z DEBUG panoptikon::inferio::http: processing local inference predict model=tags/wd-vit-tagger-v3 inputs=1
2026-09-17T03:34:59.425795Z DEBUG panoptikon::inferio::http: processing local inference predict model=tags/wd-vit-tagger-v3 inputs=1
2026-09-17T03:34:59.425823Z DEBUG panoptikon::inferio::http: processing local inference predict model=tags/wd-vit-tagger-v3 inputs=1
2026-09-17T03:34:59.425854Z DEBUG panoptikon::inferio::http: processing local inference predict model=tags/wd-vit-tagger-v3 inputs=1
2026-09-17T03:34:59.425919Z DEBUG panoptikon::inferio::http: processing local inference predict model=tags/wd-vit-tagger-v3 inputs=1
2026-09-17T03:34:59.425945Z DEBUG panoptikon::inferio::http: processing local inference predict model=tags/wd-vit-tagger-v3 inputs=1
2026-09-17T03:34:59.425975Z DEBUG panoptikon::inferio::http: processing local inference predict model=tags/wd-vit-tagger-v3 inputs=1
2026-09-17T03:34:59.537407Z  INFO panoptikon::inferio::worker: 2026-09-17 03:34:59,537 [DEBUG] inferio_worker_impl_0_wd_tagger: Running inference on 15 images worker=wd_tagger
2026-09-17T03:35:01.766151Z  INFO panoptikon::inferio::worker: 2026-09-17 03:35:01,765 [DEBUG] inferio_worker_impl_0_wd_tagger: Running inference on 15 images worker=wd_tagger
2026-09-17T03:35:03.894609Z  INFO panoptikon::inferio::worker: 2026-09-17 03:35:03,894 [DEBUG] inferio_worker_impl_0_wd_tagger: Running inference on 15 images worker=wd_tagger
2026-09-17T03:35:06.298431Z DEBUG panoptikon::inferio::ledger: settled a granted window model=tags/wd-vit-tagger-v3 gpu=CPU outcome="clean" fit_samples=3 throughput_samples=3 clamped_samples=0 clamped=none ramp_step=4 deflation=0 clean_windows=19 max_units_measured=32
2026-09-17T03:35:06.298536Z DEBUG panoptikon::inferio::ledger: issued a memory grant model=tags/wd-vit-tagger-v3 gpu=CPU unit_budget=15 mb=518 canvas_pixels=none share_mb=89376 room_mb=89376 headroom_mb=88535 external_mb=37771 reserve_mb=1024 reserve_rule="capped_default" pre_fit=false ramp_step=4 deflation=0 squeezed=false window_requests=45
2026-09-17T03:35:06.299897Z DEBUG panoptikon::inferio::http: processing local inference predict model=tags/wd-vit-tagger-v3 inputs=1
2026-09-17T03:35:06.300158Z DEBUG panoptikon::inferio::http: processing local inference predict model=tags/wd-vit-tagger-v3 inputs=1
2026-09-17T03:35:06.300209Z DEBUG panoptikon::inferio::http: processing local inference predict model=tags/wd-vit-tagger-v3 inputs=1
2026-09-17T03:35:06.300305Z DEBUG panoptikon::inferio::http: processing local inference predict model=tags/wd-vit-tagger-v3 inputs=1
2026-09-17T03:35:06.300426Z DEBUG panoptikon::inferio::http: processing local inference predict model=tags/wd-vit-tagger-v3 inputs=1
2026-09-17T03:35:06.300566Z DEBUG panoptikon::inferio::http: processing local inference predict model=tags/wd-vit-tagger-v3 inputs=1
2026-09-17T03:35:06.300696Z DEBUG panoptikon::inferio::http: processing local inference predict model=tags/wd-vit-tagger-v3 inputs=1
2026-09-17T03:35:06.300731Z DEBUG panoptikon::inferio::http: processing local inference predict model=tags/wd-vit-tagger-v3 inputs=1
2026-09-17T03:35:06.300941Z DEBUG panoptikon::inferio::http: processing local inference predict model=tags/wd-vit-tagger-v3 inputs=1
2026-09-17T03:35:06.301009Z DEBUG panoptikon::inferio::http: processing local inference predict model=tags/wd-vit-tagger-v3 inputs=1
2026-09-17T03:35:06.301207Z DEBUG panoptikon::inferio::http: processing local inference predict model=tags/wd-vit-tagger-v3 inputs=1
2026-09-17T03:35:06.301232Z DEBUG panoptikon::inferio::http: processing local inference predict model=tags/wd-vit-tagger-v3 inputs=1
2026-09-17T03:35:06.301278Z DEBUG panoptikon::inferio::http: processing local inference predict model=tags/wd-vit-tagger-v3 inputs=1
2026-09-17T03:35:06.301308Z DEBUG panoptikon::inferio::http: processing local inference predict model=tags/wd-vit-tagger-v3 inputs=1
2026-09-17T03:35:06.301346Z DEBUG panoptikon::inferio::http: processing local inference predict model=tags/wd-vit-tagger-v3 inputs=1
2026-09-17T03:35:06.301379Z DEBUG panoptikon::inferio::http: processing local inference predict model=tags/wd-vit-tagger-v3 inputs=1
2026-09-17T03:35:06.301426Z DEBUG panoptikon::inferio::http: processing local inference predict model=tags/wd-vit-tagger-v3 inputs=1
2026-09-17T03:35:06.301470Z DEBUG panoptikon::inferio::http: processing local inference predict model=tags/wd-vit-tagger-v3 inputs=1
2026-09-17T03:35:06.301498Z DEBUG panoptikon::inferio::http: processing local inference predict model=tags/wd-vit-tagger-v3 inputs=1
2026-09-17T03:35:06.301528Z DEBUG panoptikon::inferio::http: processing local inference predict model=tags/wd-vit-tagger-v3 inputs=1
2026-09-17T03:35:06.301555Z DEBUG panoptikon::inferio::http: processing local inference predict model=tags/wd-vit-tagger-v3 inputs=1
2026-09-17T03:35:06.301588Z DEBUG panoptikon::inferio::http: processing local inference predict model=tags/wd-vit-tagger-v3 inputs=1
2026-09-17T03:35:06.301733Z DEBUG panoptikon::inferio::http: processing local inference predict model=tags/wd-vit-tagger-v3 inputs=1
2026-09-17T03:35:06.301806Z DEBUG panoptikon::inferio::http: processing local inference predict model=tags/wd-vit-tagger-v3 inputs=1
2026-09-17T03:35:06.301983Z DEBUG panoptikon::inferio::http: processing local inference predict model=tags/wd-vit-tagger-v3 inputs=1
2026-09-17T03:35:06.302069Z DEBUG panoptikon::inferio::http: processing local inference predict model=tags/wd-vit-tagger-v3 inputs=1
2026-09-17T03:35:06.302097Z DEBUG panoptikon::inferio::http: processing local inference predict model=tags/wd-vit-tagger-v3 inputs=1
2026-09-17T03:35:06.302148Z DEBUG panoptikon::inferio::http: processing local inference predict model=tags/wd-vit-tagger-v3 inputs=1
2026-09-17T03:35:06.302192Z DEBUG panoptikon::inferio::http: processing local inference predict model=tags/wd-vit-tagger-v3 inputs=1
2026-09-17T03:35:06.302232Z DEBUG panoptikon::inferio::http: processing local inference predict model=tags/wd-vit-tagger-v3 inputs=1
2026-09-17T03:35:06.302264Z DEBUG panoptikon::inferio::http: processing local inference predict model=tags/wd-vit-tagger-v3 inputs=1
2026-09-17T03:35:06.302499Z DEBUG panoptikon::inferio::http: processing local inference predict model=tags/wd-vit-tagger-v3 inputs=1
2026-09-17T03:35:06.302601Z DEBUG panoptikon::inferio::http: processing local inference predict model=tags/wd-vit-tagger-v3 inputs=1
2026-09-17T03:35:06.302694Z DEBUG panoptikon::inferio::http: processing local inference predict model=tags/wd-vit-tagger-v3 inputs=1
2026-09-17T03:35:06.302747Z DEBUG panoptikon::inferio::http: processing local inference predict model=tags/wd-vit-tagger-v3 inputs=1
2026-09-17T03:35:06.302877Z DEBUG panoptikon::inferio::http: processing local inference predict model=tags/wd-vit-tagger-v3 inputs=1
2026-09-17T03:35:06.302913Z DEBUG panoptikon::inferio::http: processing local inference predict model=tags/wd-vit-tagger-v3 inputs=1
2026-09-17T03:35:06.302955Z DEBUG panoptikon::inferio::http: processing local inference predict model=tags/wd-vit-tagger-v3 inputs=1
2026-09-17T03:35:06.302983Z DEBUG panoptikon::inferio::http: processing local inference predict model=tags/wd-vit-tagger-v3 inputs=1
2026-09-17T03:35:06.303019Z DEBUG panoptikon::inferio::http: processing local inference predict model=tags/wd-vit-tagger-v3 inputs=1
2026-09-17T03:35:06.303054Z DEBUG panoptikon::inferio::http: processing local inference predict model=tags/wd-vit-tagger-v3 inputs=1
2026-09-17T03:35:06.303083Z DEBUG panoptikon::inferio::http: processing local inference predict model=tags/wd-vit-tagger-v3 inputs=1
2026-09-17T03:35:06.303118Z DEBUG panoptikon::inferio::http: processing local inference predict model=tags/wd-vit-tagger-v3 inputs=1
2026-09-17T03:35:06.303211Z DEBUG panoptikon::inferio::http: processing local inference predict model=tags/wd-vit-tagger-v3 inputs=1
2026-09-17T03:35:06.303304Z DEBUG panoptikon::inferio::http: processing local inference predict model=tags/wd-vit-tagger-v3 inputs=1
2026-09-17T03:35:06.308243Z  INFO panoptikon::inferio::worker: 2026-09-17 03:35:06,308 [DEBUG] inferio_worker.packing: this window's 518 MiB grant is below 80% of the 1081 MiB of releasable slack in the 1895 MiB pool (1/2 consecutive windows before releasing it) worker=wd_tagger
2026-09-17T03:35:06.388926Z  INFO panoptikon::inferio::worker: 2026-09-17 03:35:06,388 [DEBUG] inferio_worker_impl_0_wd_tagger: Running inference on 15 images worker=wd_tagger
2026-09-17T03:35:08.954450Z  INFO panoptikon::inferio::worker: 2026-09-17 03:35:08,954 [DEBUG] inferio_worker_impl_0_wd_tagger: Running inference on 15 images worker=wd_tagger
2026-09-17T03:35:11.351371Z  INFO panoptikon::inferio::worker: 2026-09-17 03:35:11,351 [DEBUG] inferio_worker_impl_0_wd_tagger: Running inference on 15 images worker=wd_tagger
2026-09-17T03:35:13.420034Z DEBUG panoptikon::inferio::ledger: settled a granted window model=tags/wd-vit-tagger-v3 gpu=CPU outcome="clean" fit_samples=3 throughput_samples=3 clamped_samples=0 clamped=none ramp_step=4 deflation=0 clean_windows=20 max_units_measured=32
2026-09-17T03:35:13.420190Z DEBUG panoptikon::inferio::ledger: issued a memory grant model=tags/wd-vit-tagger-v3 gpu=CPU unit_budget=15 mb=518 canvas_pixels=none share_mb=89328 room_mb=89328 headroom_mb=88487 external_mb=37819 reserve_mb=1024 reserve_rule="capped_default" pre_fit=false ramp_step=4 deflation=0 squeezed=false window_requests=45
2026-09-17T03:35:13.421650Z DEBUG panoptikon::inferio::http: processing local inference predict model=tags/wd-vit-tagger-v3 inputs=1
2026-09-17T03:35:13.421936Z DEBUG panoptikon::inferio::http: processing local inference predict model=tags/wd-vit-tagger-v3 inputs=1
2026-09-17T03:35:13.422105Z DEBUG panoptikon::inferio::http: processing local inference predict model=tags/wd-vit-tagger-v3 inputs=1
2026-09-17T03:35:13.422235Z DEBUG panoptikon::inferio::http: processing local inference predict model=tags/wd-vit-tagger-v3 inputs=1
2026-09-17T03:35:13.422483Z DEBUG panoptikon::inferio::http: processing local inference predict model=tags/wd-vit-tagger-v3 inputs=1
2026-09-17T03:35:13.422524Z DEBUG panoptikon::inferio::http: processing local inference predict model=tags/wd-vit-tagger-v3 inputs=1
2026-09-17T03:35:13.422714Z DEBUG panoptikon::inferio::http: processing local inference predict model=tags/wd-vit-tagger-v3 inputs=1
2026-09-17T03:35:13.422881Z DEBUG panoptikon::inferio::http: processing local inference predict model=tags/wd-vit-tagger-v3 inputs=1
2026-09-17T03:35:13.423088Z DEBUG panoptikon::inferio::http: processing local inference predict model=tags/wd-vit-tagger-v3 inputs=1
2026-09-17T03:35:13.423135Z DEBUG panoptikon::inferio::http: processing local inference predict model=tags/wd-vit-tagger-v3 inputs=1
2026-09-17T03:35:13.423180Z DEBUG panoptikon::inferio::http: processing local inference predict model=tags/wd-vit-tagger-v3 inputs=1
2026-09-17T03:35:13.423224Z DEBUG panoptikon::inferio::http: processing local inference predict model=tags/wd-vit-tagger-v3 inputs=1
2026-09-17T03:35:13.423273Z DEBUG panoptikon::inferio::http: processing local inference predict model=tags/wd-vit-tagger-v3 inputs=1
2026-09-17T03:35:13.423311Z DEBUG panoptikon::inferio::http: processing local inference predict model=tags/wd-vit-tagger-v3 inputs=1
2026-09-17T03:35:13.423383Z DEBUG panoptikon::inferio::http: processing local inference predict model=tags/wd-vit-tagger-v3 inputs=1
2026-09-17T03:35:13.423420Z DEBUG panoptikon::inferio::http: processing local inference predict model=tags/wd-vit-tagger-v3 inputs=1
2026-09-17T03:35:13.423464Z DEBUG panoptikon::inferio::http: processing local inference predict model=tags/wd-vit-tagger-v3 inputs=1
2026-09-17T03:35:13.423499Z DEBUG panoptikon::inferio::http: processing local inference predict model=tags/wd-vit-tagger-v3 inputs=1
2026-09-17T03:35:13.423549Z DEBUG panoptikon::inferio::http: processing local inference predict model=tags/wd-vit-tagger-v3 inputs=1
2026-09-17T03:35:13.423589Z DEBUG panoptikon::inferio::http: processing local inference predict model=tags/wd-vit-tagger-v3 inputs=1
2026-09-17T03:35:13.423634Z DEBUG panoptikon::inferio::http: processing local inference predict model=tags/wd-vit-tagger-v3 inputs=1
2026-09-17T03:35:13.423662Z DEBUG panoptikon::inferio::http: processing local inference predict model=tags/wd-vit-tagger-v3 inputs=1
2026-09-17T03:35:13.423700Z DEBUG panoptikon::inferio::http: processing local inference predict model=tags/wd-vit-tagger-v3 inputs=1
2026-09-17T03:35:13.423740Z DEBUG panoptikon::inferio::http: processing local inference predict model=tags/wd-vit-tagger-v3 inputs=1
2026-09-17T03:35:13.423773Z DEBUG panoptikon::inferio::http: processing local inference predict model=tags/wd-vit-tagger-v3 inputs=1
2026-09-17T03:35:13.423828Z DEBUG panoptikon::inferio::http: processing local inference predict model=tags/wd-vit-tagger-v3 inputs=1
2026-09-17T03:35:13.423991Z DEBUG panoptikon::inferio::http: processing local inference predict model=tags/wd-vit-tagger-v3 inputs=1
2026-09-17T03:35:13.424050Z DEBUG panoptikon::inferio::http: processing local inference predict model=tags/wd-vit-tagger-v3 inputs=1
2026-09-17T03:35:13.424133Z DEBUG panoptikon::inferio::http: processing local inference predict model=tags/wd-vit-tagger-v3 inputs=1
2026-09-17T03:35:13.424173Z DEBUG panoptikon::inferio::http: processing local inference predict model=tags/wd-vit-tagger-v3 inputs=1
2026-09-17T03:35:13.424378Z DEBUG panoptikon::inferio::http: processing local inference predict model=tags/wd-vit-tagger-v3 inputs=1
2026-09-17T03:35:13.424482Z DEBUG panoptikon::inferio::http: processing local inference predict model=tags/wd-vit-tagger-v3 inputs=1
2026-09-17T03:35:13.424510Z DEBUG panoptikon::inferio::http: processing local inference predict model=tags/wd-vit-tagger-v3 inputs=1
2026-09-17T03:35:13.424543Z DEBUG panoptikon::inferio::http: processing local inference predict model=tags/wd-vit-tagger-v3 inputs=1
2026-09-17T03:35:13.424588Z DEBUG panoptikon::inferio::http: processing local inference predict model=tags/wd-vit-tagger-v3 inputs=1
2026-09-17T03:35:13.424615Z DEBUG panoptikon::inferio::http: processing local inference predict model=tags/wd-vit-tagger-v3 inputs=1
2026-09-17T03:35:13.424679Z DEBUG panoptikon::inferio::http: processing local inference predict model=tags/wd-vit-tagger-v3 inputs=1
2026-09-17T03:35:13.424703Z DEBUG panoptikon::inferio::http: processing local inference predict model=tags/wd-vit-tagger-v3 inputs=1
2026-09-17T03:35:13.424752Z DEBUG panoptikon::inferio::http: processing local inference predict model=tags/wd-vit-tagger-v3 inputs=1
2026-09-17T03:35:13.424780Z DEBUG panoptikon::inferio::http: processing local inference predict model=tags/wd-vit-tagger-v3 inputs=1
2026-09-17T03:35:13.424806Z DEBUG panoptikon::inferio::http: processing local inference predict model=tags/wd-vit-tagger-v3 inputs=1
2026-09-17T03:35:13.425038Z DEBUG panoptikon::inferio::http: processing local inference predict model=tags/wd-vit-tagger-v3 inputs=1
2026-09-17T03:35:13.425065Z DEBUG panoptikon::inferio::http: processing local inference predict model=tags/wd-vit-tagger-v3 inputs=1
2026-09-17T03:35:13.425090Z DEBUG panoptikon::inferio::http: processing local inference predict model=tags/wd-vit-tagger-v3 inputs=1
2026-09-17T03:35:13.425190Z DEBUG panoptikon::inferio::http: processing local inference predict model=tags/wd-vit-tagger-v3 inputs=1
2026-09-17T03:35:13.513156Z  INFO panoptikon::inferio::worker: 2026-09-17 03:35:13,512 [DEBUG] inferio_worker_impl_0_wd_tagger: Running inference on 15 images worker=wd_tagger
2026-09-17T03:35:15.761032Z  INFO panoptikon::inferio::worker: 2026-09-17 03:35:15,760 [DEBUG] inferio_worker_impl_0_wd_tagger: Running inference on 15 images worker=wd_tagger
2026-09-17T03:35:18.181853Z  INFO panoptikon::inferio::worker: 2026-09-17 03:35:18,181 [DEBUG] inferio_worker_impl_0_wd_tagger: Running inference on 15 images worker=wd_tagger
2026-09-17T03:35:20.268848Z DEBUG panoptikon::inferio::ledger: declining to fit a throughput knee: this knee last expired and was widened, and the ring has not yet seen enough of the wider size to put it back bucket=3 observed_floor=1 observed_top=5 anchor=32 observations=52
2026-09-17T03:35:20.268888Z  INFO panoptikon::inferio::ledger: this model has run cleanly at its throughput knee for long enough, with memory to spare, that the knee is worth re-testing; widening the cap by one batch-size step. A knee is a brake, not a ceiling: if the curve really does flatten here, the next fit from honest samples puts it back model=tags/wd-vit-tagger-v3 gpu=CPU knee_units_before=15 knee_units_after=31 clean_windows_at_the_knee=12 last_grant_units=15
2026-09-17T03:35:20.268908Z DEBUG panoptikon::inferio::ledger: settled a granted window model=tags/wd-vit-tagger-v3 gpu=CPU outcome="clean" fit_samples=3 throughput_samples=3 clamped_samples=0 clamped=none ramp_step=4 deflation=0 clean_windows=21 max_units_measured=32
2026-09-17T03:35:20.271009Z DEBUG panoptikon::inferio::http: processing local inference predict model=tags/wd-vit-tagger-v3 inputs=1
2026-09-17T03:35:20.271078Z DEBUG panoptikon::inferio::http: processing local inference predict model=tags/wd-vit-tagger-v3 inputs=1
2026-09-17T03:35:20.271212Z DEBUG panoptikon::inferio::http: processing local inference predict model=tags/wd-vit-tagger-v3 inputs=1
2026-09-17T03:35:20.271345Z DEBUG panoptikon::inferio::http: processing local inference predict model=tags/wd-vit-tagger-v3 inputs=1
2026-09-17T03:35:20.271382Z DEBUG panoptikon::inferio::http: processing local inference predict model=tags/wd-vit-tagger-v3 inputs=1
2026-09-17T03:35:20.271421Z DEBUG panoptikon::inferio::http: processing local inference predict model=tags/wd-vit-tagger-v3 inputs=1
2026-09-17T03:35:20.271471Z DEBUG panoptikon::inferio::http: processing local inference predict model=tags/wd-vit-tagger-v3 inputs=1
2026-09-17T03:35:20.271510Z DEBUG panoptikon::inferio::http: processing local inference predict model=tags/wd-vit-tagger-v3 inputs=1
2026-09-17T03:35:20.271580Z DEBUG panoptikon::inferio::http: processing local inference predict model=tags/wd-vit-tagger-v3 inputs=1
2026-09-17T03:35:20.271628Z DEBUG panoptikon::inferio::http: processing local inference predict model=tags/wd-vit-tagger-v3 inputs=1
2026-09-17T03:35:20.271672Z DEBUG panoptikon::inferio::http: processing local inference predict model=tags/wd-vit-tagger-v3 inputs=1
2026-09-17T03:35:20.271700Z DEBUG panoptikon::inferio::http: processing local inference predict model=tags/wd-vit-tagger-v3 inputs=1
2026-09-17T03:35:20.271724Z DEBUG panoptikon::inferio::http: processing local inference predict model=tags/wd-vit-tagger-v3 inputs=1
2026-09-17T03:35:20.271764Z DEBUG panoptikon::inferio::http: processing local inference predict model=tags/wd-vit-tagger-v3 inputs=1
2026-09-17T03:35:20.271919Z DEBUG panoptikon::inferio::http: processing local inference predict model=tags/wd-vit-tagger-v3 inputs=1
2026-09-17T03:35:20.271968Z DEBUG panoptikon::inferio::http: processing local inference predict model=tags/wd-vit-tagger-v3 inputs=1
2026-09-17T03:35:20.272212Z DEBUG panoptikon::inferio::http: processing local inference predict model=tags/wd-vit-tagger-v3 inputs=1
2026-09-17T03:35:20.272246Z DEBUG panoptikon::inferio::http: processing local inference predict model=tags/wd-vit-tagger-v3 inputs=1
2026-09-17T03:35:20.272266Z DEBUG panoptikon::inferio::http: processing local inference predict model=tags/wd-vit-tagger-v3 inputs=1
2026-09-17T03:35:20.272311Z DEBUG panoptikon::inferio::http: processing local inference predict model=tags/wd-vit-tagger-v3 inputs=1
2026-09-17T03:35:20.272353Z DEBUG panoptikon::inferio::http: processing local inference predict model=tags/wd-vit-tagger-v3 inputs=1
2026-09-17T03:35:20.272391Z DEBUG panoptikon::inferio::http: processing local inference predict model=tags/wd-vit-tagger-v3 inputs=1
2026-09-17T03:35:20.272422Z DEBUG panoptikon::inferio::http: processing local inference predict model=tags/wd-vit-tagger-v3 inputs=1
2026-09-17T03:35:20.272529Z DEBUG panoptikon::inferio::http: processing local inference predict model=tags/wd-vit-tagger-v3 inputs=1
2026-09-17T03:35:20.272552Z DEBUG panoptikon::inferio::http: processing local inference predict model=tags/wd-vit-tagger-v3 inputs=1
2026-09-17T03:35:20.272621Z DEBUG panoptikon::inferio::http: processing local inference predict model=tags/wd-vit-tagger-v3 inputs=1
2026-09-17T03:35:20.272660Z DEBUG panoptikon::inferio::http: processing local inference predict model=tags/wd-vit-tagger-v3 inputs=1
2026-09-17T03:35:20.272710Z DEBUG panoptikon::inferio::http: processing local inference predict model=tags/wd-vit-tagger-v3 inputs=1
2026-09-17T03:35:20.272743Z DEBUG panoptikon::inferio::http: processing local inference predict model=tags/wd-vit-tagger-v3 inputs=1
2026-09-17T03:35:20.272791Z DEBUG panoptikon::inferio::http: processing local inference predict model=tags/wd-vit-tagger-v3 inputs=1
2026-09-17T03:35:20.272863Z DEBUG panoptikon::inferio::http: processing local inference predict model=tags/wd-vit-tagger-v3 inputs=1
2026-09-17T03:35:20.272973Z DEBUG panoptikon::inferio::http: processing local inference predict model=tags/wd-vit-tagger-v3 inputs=1
2026-09-17T03:35:20.273008Z DEBUG panoptikon::inferio::http: processing local inference predict model=tags/wd-vit-tagger-v3 inputs=1
2026-09-17T03:35:20.273046Z DEBUG panoptikon::inferio::http: processing local inference predict model=tags/wd-vit-tagger-v3 inputs=1
2026-09-17T03:35:20.273151Z DEBUG panoptikon::inferio::http: processing local inference predict model=tags/wd-vit-tagger-v3 inputs=1
2026-09-17T03:35:20.273194Z DEBUG panoptikon::inferio::http: processing local inference predict model=tags/wd-vit-tagger-v3 inputs=1
2026-09-17T03:35:20.273213Z DEBUG panoptikon::inferio::http: processing local inference predict model=tags/wd-vit-tagger-v3 inputs=1
2026-09-17T03:35:20.273237Z DEBUG panoptikon::inferio::http: processing local inference predict model=tags/wd-vit-tagger-v3 inputs=1
2026-09-17T03:35:20.273259Z DEBUG panoptikon::inferio::http: processing local inference predict model=tags/wd-vit-tagger-v3 inputs=1
2026-09-17T03:35:20.273330Z DEBUG panoptikon::inferio::http: processing local inference predict model=tags/wd-vit-tagger-v3 inputs=1
2026-09-17T03:35:20.273401Z DEBUG panoptikon::inferio::http: processing local inference predict model=tags/wd-vit-tagger-v3 inputs=1
2026-09-17T03:35:20.273427Z DEBUG panoptikon::inferio::http: processing local inference predict model=tags/wd-vit-tagger-v3 inputs=1
2026-09-17T03:35:20.273523Z DEBUG panoptikon::inferio::http: processing local inference predict model=tags/wd-vit-tagger-v3 inputs=1
2026-09-17T03:35:20.273620Z DEBUG panoptikon::inferio::http: processing local inference predict model=tags/wd-vit-tagger-v3 inputs=1
2026-09-17T03:35:20.273653Z DEBUG panoptikon::inferio::http: processing local inference predict model=tags/wd-vit-tagger-v3 inputs=1
2026-09-17T03:35:20.276226Z DEBUG panoptikon::inferio::ledger: issued a memory grant model=tags/wd-vit-tagger-v3 gpu=CPU unit_budget=31 mb=1070 canvas_pixels=none share_mb=89294 room_mb=89294 headroom_mb=88453 external_mb=37853 reserve_mb=1024 reserve_rule="capped_default" pre_fit=false ramp_step=4 deflation=0 squeezed=false window_requests=90
2026-09-17T03:35:20.452719Z  INFO panoptikon::inferio::worker: 2026-09-17 03:35:20,452 [DEBUG] inferio_worker_impl_0_wd_tagger: Running inference on 31 images worker=wd_tagger
2026-09-17T03:35:25.353778Z  INFO panoptikon::inferio::worker: 2026-09-17 03:35:25,353 [DEBUG] inferio_worker_impl_0_wd_tagger: Running inference on 31 images worker=wd_tagger
2026-09-17T03:35:31.802354Z  INFO panoptikon::inferio::worker: 2026-09-17 03:35:31,802 [DEBUG] inferio_worker_impl_0_wd_tagger: Running inference on 28 images worker=wd_tagger
2026-09-17T03:35:38.591829Z DEBUG panoptikon::inferio::ledger: refitted the memory cost model model=tags/wd-vit-tagger-v3 gpu=CPU slope_mb_per_unit=34.63148148148148 intercept_mb=93.31851851851854 residual_mb=10.209259259259284 samples=9 version=11
2026-09-17T03:35:38.591886Z DEBUG panoptikon::inferio::ledger: fitted a throughput knee; batches larger than this are no longer admitted however much memory is free model=tags/wd-vit-tagger-v3 gpu=CPU knee_units=15 previous=Some(31) observations=55
2026-09-17T03:35:38.591912Z DEBUG panoptikon::inferio::ledger: queued a calibration profile update for the store model=tags/wd-vit-tagger-v3 gpu=CPU reason="fit_changed" max_units_measured=32 fit_version=11
2026-09-17T03:35:38.591942Z DEBUG panoptikon::inferio::ledger: settled a granted window model=tags/wd-vit-tagger-v3 gpu=CPU outcome="clean" fit_samples=3 throughput_samples=3 clamped_samples=0 clamped=none ramp_step=4 deflation=0 clean_windows=22 max_units_measured=32
2026-09-17T03:35:38.594333Z  INFO panoptikon::inferio::calibration: wrote the local calibration store path=data/inferio/calibration.toml profiles=1
2026-09-17T03:35:38.597313Z DEBUG panoptikon::inferio::http: processing local inference predict model=tags/wd-vit-tagger-v3 inputs=1
2026-09-17T03:35:38.597375Z DEBUG panoptikon::inferio::http: processing local inference predict model=tags/wd-vit-tagger-v3 inputs=1
2026-09-17T03:35:38.597438Z DEBUG panoptikon::inferio::http: processing local inference predict model=tags/wd-vit-tagger-v3 inputs=1
2026-09-17T03:35:38.597584Z DEBUG panoptikon::inferio::http: processing local inference predict model=tags/wd-vit-tagger-v3 inputs=1
2026-09-17T03:35:38.597647Z DEBUG panoptikon::inferio::http: processing local inference predict model=tags/wd-vit-tagger-v3 inputs=1
2026-09-17T03:35:38.597740Z DEBUG panoptikon::inferio::http: processing local inference predict model=tags/wd-vit-tagger-v3 inputs=1
2026-09-17T03:35:38.597802Z DEBUG panoptikon::inferio::http: processing local inference predict model=tags/wd-vit-tagger-v3 inputs=1
2026-09-17T03:35:38.597866Z DEBUG panoptikon::inferio::http: processing local inference predict model=tags/wd-vit-tagger-v3 inputs=1
2026-09-17T03:35:38.598325Z DEBUG panoptikon::inferio::http: processing local inference predict model=tags/wd-vit-tagger-v3 inputs=1
2026-09-17T03:35:38.598389Z DEBUG panoptikon::inferio::http: processing local inference predict model=tags/wd-vit-tagger-v3 inputs=1
2026-09-17T03:35:38.598447Z DEBUG panoptikon::inferio::http: processing local inference predict model=tags/wd-vit-tagger-v3 inputs=1
2026-09-17T03:35:38.598484Z DEBUG panoptikon::inferio::http: processing local inference predict model=tags/wd-vit-tagger-v3 inputs=1
2026-09-17T03:35:38.598526Z DEBUG panoptikon::inferio::http: processing local inference predict model=tags/wd-vit-tagger-v3 inputs=1
2026-09-17T03:35:38.598588Z DEBUG panoptikon::inferio::http: processing local inference predict model=tags/wd-vit-tagger-v3 inputs=1
2026-09-17T03:35:38.598643Z DEBUG panoptikon::inferio::http: processing local inference predict model=tags/wd-vit-tagger-v3 inputs=1
2026-09-17T03:35:38.598692Z DEBUG panoptikon::inferio::http: processing local inference predict model=tags/wd-vit-tagger-v3 inputs=1
2026-09-17T03:35:38.598726Z DEBUG panoptikon::inferio::http: processing local inference predict model=tags/wd-vit-tagger-v3 inputs=1
2026-09-17T03:35:38.598793Z DEBUG panoptikon::inferio::http: processing local inference predict model=tags/wd-vit-tagger-v3 inputs=1
2026-09-17T03:35:38.598842Z DEBUG panoptikon::inferio::http: processing local inference predict model=tags/wd-vit-tagger-v3 inputs=1
2026-09-17T03:35:38.598909Z DEBUG panoptikon::inferio::http: processing local inference predict model=tags/wd-vit-tagger-v3 inputs=1
2026-09-17T03:35:38.598970Z DEBUG panoptikon::inferio::http: processing local inference predict model=tags/wd-vit-tagger-v3 inputs=1
2026-09-17T03:35:38.599001Z DEBUG panoptikon::inferio::http: processing local inference predict model=tags/wd-vit-tagger-v3 inputs=1
2026-09-17T03:35:38.599055Z DEBUG panoptikon::inferio::http: processing local inference predict model=tags/wd-vit-tagger-v3 inputs=1
2026-09-17T03:35:38.599088Z DEBUG panoptikon::inferio::http: processing local inference predict model=tags/wd-vit-tagger-v3 inputs=1
2026-09-17T03:35:38.599154Z DEBUG panoptikon::inferio::http: processing local inference predict model=tags/wd-vit-tagger-v3 inputs=1
2026-09-17T03:35:38.599204Z DEBUG panoptikon::inferio::http: processing local inference predict model=tags/wd-vit-tagger-v3 inputs=1
2026-09-17T03:35:38.599263Z DEBUG panoptikon::inferio::http: processing local inference predict model=tags/wd-vit-tagger-v3 inputs=1
2026-09-17T03:35:38.599925Z DEBUG panoptikon::inferio::http: processing local inference predict model=tags/wd-vit-tagger-v3 inputs=1
2026-09-17T03:35:38.600349Z DEBUG panoptikon::inferio::http: processing local inference predict model=tags/wd-vit-tagger-v3 inputs=1
2026-09-17T03:35:38.600387Z DEBUG panoptikon::inferio::http: processing local inference predict model=tags/wd-vit-tagger-v3 inputs=1
2026-09-17T03:35:38.600464Z DEBUG panoptikon::inferio::http: processing local inference predict model=tags/wd-vit-tagger-v3 inputs=1
2026-09-17T03:35:38.600505Z DEBUG panoptikon::inferio::http: processing local inference predict model=tags/wd-vit-tagger-v3 inputs=1
2026-09-17T03:35:38.600540Z DEBUG panoptikon::inferio::http: processing local inference predict model=tags/wd-vit-tagger-v3 inputs=1
2026-09-17T03:35:38.600583Z DEBUG panoptikon::inferio::http: processing local inference predict model=tags/wd-vit-tagger-v3 inputs=1
2026-09-17T03:35:38.600651Z DEBUG panoptikon::inferio::http: processing local inference predict model=tags/wd-vit-tagger-v3 inputs=1
2026-09-17T03:35:38.600692Z DEBUG panoptikon::inferio::http: processing local inference predict model=tags/wd-vit-tagger-v3 inputs=1
2026-09-17T03:35:38.600741Z DEBUG panoptikon::inferio::http: processing local inference predict model=tags/wd-vit-tagger-v3 inputs=1
2026-09-17T03:35:38.600806Z DEBUG panoptikon::inferio::http: processing local inference predict model=tags/wd-vit-tagger-v3 inputs=1
2026-09-17T03:35:38.600862Z DEBUG panoptikon::inferio::http: processing local inference predict model=tags/wd-vit-tagger-v3 inputs=1
2026-09-17T03:35:38.600919Z DEBUG panoptikon::inferio::http: processing local inference predict model=tags/wd-vit-tagger-v3 inputs=1
2026-09-17T03:35:38.600972Z DEBUG panoptikon::inferio::http: processing local inference predict model=tags/wd-vit-tagger-v3 inputs=1
2026-09-17T03:35:38.601014Z DEBUG panoptikon::inferio::http: processing local inference predict model=tags/wd-vit-tagger-v3 inputs=1
2026-09-17T03:35:38.601069Z DEBUG panoptikon::inferio::http: processing local inference predict model=tags/wd-vit-tagger-v3 inputs=1
2026-09-17T03:35:38.601107Z DEBUG panoptikon::inferio::http: processing local inference predict model=tags/wd-vit-tagger-v3 inputs=1
2026-09-17T03:35:38.601164Z DEBUG panoptikon::inferio::http: processing local inference predict model=tags/wd-vit-tagger-v3 inputs=1
2026-09-17T03:35:38.601235Z DEBUG panoptikon::inferio::http: processing local inference predict model=tags/wd-vit-tagger-v3 inputs=1
2026-09-17T03:35:38.601312Z DEBUG panoptikon::inferio::http: processing local inference predict model=tags/wd-vit-tagger-v3 inputs=1
2026-09-17T03:35:38.601347Z DEBUG panoptikon::inferio::http: processing local inference predict model=tags/wd-vit-tagger-v3 inputs=1
2026-09-17T03:35:38.601394Z DEBUG panoptikon::inferio::http: processing local inference predict model=tags/wd-vit-tagger-v3 inputs=1
2026-09-17T03:35:38.601425Z DEBUG panoptikon::inferio::http: processing local inference predict model=tags/wd-vit-tagger-v3 inputs=1
2026-09-17T03:35:38.601469Z DEBUG panoptikon::inferio::http: processing local inference predict model=tags/wd-vit-tagger-v3 inputs=1
2026-09-17T03:35:38.601509Z DEBUG panoptikon::inferio::http: processing local inference predict model=tags/wd-vit-tagger-v3 inputs=1
2026-09-17T03:35:38.601564Z DEBUG panoptikon::inferio::http: processing local inference predict model=tags/wd-vit-tagger-v3 inputs=1
2026-09-17T03:35:38.601608Z DEBUG panoptikon::inferio::http: processing local inference predict model=tags/wd-vit-tagger-v3 inputs=1
2026-09-17T03:35:38.601670Z DEBUG panoptikon::inferio::http: processing local inference predict model=tags/wd-vit-tagger-v3 inputs=1
2026-09-17T03:35:38.601723Z DEBUG panoptikon::inferio::http: processing local inference predict model=tags/wd-vit-tagger-v3 inputs=1
2026-09-17T03:35:38.601766Z DEBUG panoptikon::inferio::ledger: issued a memory grant model=tags/wd-vit-tagger-v3 gpu=CPU unit_budget=15 mb=520 canvas_pixels=none share_mb=89303 room_mb=89303 headroom_mb=88462 external_mb=37844 reserve_mb=1024 reserve_rule="capped_default" pre_fit=false ramp_step=4 deflation=0 squeezed=false window_requests=45
2026-09-17T03:35:38.601819Z DEBUG panoptikon::inferio::http: processing local inference predict model=tags/wd-vit-tagger-v3 inputs=1
2026-09-17T03:35:38.601851Z DEBUG panoptikon::inferio::http: processing local inference predict model=tags/wd-vit-tagger-v3 inputs=1
2026-09-17T03:35:38.601900Z DEBUG panoptikon::inferio::http: processing local inference predict model=tags/wd-vit-tagger-v3 inputs=1
2026-09-17T03:35:38.601974Z DEBUG panoptikon::inferio::http: processing local inference predict model=tags/wd-vit-tagger-v3 inputs=1
2026-09-17T03:35:38.602016Z DEBUG panoptikon::inferio::http: processing local inference predict model=tags/wd-vit-tagger-v3 inputs=1
2026-09-17T03:35:38.602048Z DEBUG panoptikon::inferio::http: processing local inference predict model=tags/wd-vit-tagger-v3 inputs=1
2026-09-17T03:35:38.602089Z DEBUG panoptikon::inferio::http: processing local inference predict model=tags/wd-vit-tagger-v3 inputs=1
2026-09-17T03:35:38.602134Z DEBUG panoptikon::inferio::http: processing local inference predict model=tags/wd-vit-tagger-v3 inputs=1
2026-09-17T03:35:38.602184Z DEBUG panoptikon::inferio::http: processing local inference predict model=tags/wd-vit-tagger-v3 inputs=1
2026-09-17T03:35:38.602231Z DEBUG panoptikon::inferio::http: processing local inference predict model=tags/wd-vit-tagger-v3 inputs=1
2026-09-17T03:35:38.602266Z DEBUG panoptikon::inferio::http: processing local inference predict model=tags/wd-vit-tagger-v3 inputs=1
2026-09-17T03:35:38.602304Z DEBUG panoptikon::inferio::http: processing local inference predict model=tags/wd-vit-tagger-v3 inputs=1
2026-09-17T03:35:38.602346Z DEBUG panoptikon::inferio::http: processing local inference predict model=tags/wd-vit-tagger-v3 inputs=1
2026-09-17T03:35:38.602416Z DEBUG panoptikon::inferio::http: processing local inference predict model=tags/wd-vit-tagger-v3 inputs=1
2026-09-17T03:35:38.602451Z DEBUG panoptikon::inferio::http: processing local inference predict model=tags/wd-vit-tagger-v3 inputs=1
2026-09-17T03:35:38.602486Z DEBUG panoptikon::inferio::http: processing local inference predict model=tags/wd-vit-tagger-v3 inputs=1
2026-09-17T03:35:38.602772Z DEBUG panoptikon::inferio::http: processing local inference predict model=tags/wd-vit-tagger-v3 inputs=1
2026-09-17T03:35:38.602906Z DEBUG panoptikon::inferio::http: processing local inference predict model=tags/wd-vit-tagger-v3 inputs=1
2026-09-17T03:35:38.603001Z DEBUG panoptikon::inferio::http: processing local inference predict model=tags/wd-vit-tagger-v3 inputs=1
2026-09-17T03:35:38.603052Z DEBUG panoptikon::inferio::http: processing local inference predict model=tags/wd-vit-tagger-v3 inputs=1
2026-09-17T03:35:38.603108Z DEBUG panoptikon::inferio::http: processing local inference predict model=tags/wd-vit-tagger-v3 inputs=1
2026-09-17T03:35:38.603417Z DEBUG panoptikon::inferio::http: processing local inference predict model=tags/wd-vit-tagger-v3 inputs=1
2026-09-17T03:35:38.603458Z DEBUG panoptikon::inferio::http: processing local inference predict model=tags/wd-vit-tagger-v3 inputs=1
2026-09-17T03:35:38.603507Z DEBUG panoptikon::inferio::http: processing local inference predict model=tags/wd-vit-tagger-v3 inputs=1
2026-09-17T03:35:38.603566Z DEBUG panoptikon::inferio::http: processing local inference predict model=tags/wd-vit-tagger-v3 inputs=1
2026-09-17T03:35:38.603619Z DEBUG panoptikon::inferio::http: processing local inference predict model=tags/wd-vit-tagger-v3 inputs=1
2026-09-17T03:35:38.603669Z DEBUG panoptikon::inferio::http: processing local inference predict model=tags/wd-vit-tagger-v3 inputs=1
2026-09-17T03:35:38.604339Z DEBUG panoptikon::inferio::http: processing local inference predict model=tags/wd-vit-tagger-v3 inputs=1
2026-09-17T03:35:38.604386Z DEBUG panoptikon::inferio::http: processing local inference predict model=tags/wd-vit-tagger-v3 inputs=1
2026-09-17T03:35:38.604440Z DEBUG panoptikon::inferio::http: processing local inference predict model=tags/wd-vit-tagger-v3 inputs=1
2026-09-17T03:35:38.604489Z DEBUG panoptikon::inferio::http: processing local inference predict model=tags/wd-vit-tagger-v3 inputs=1
2026-09-17T03:35:38.604540Z DEBUG panoptikon::inferio::http: processing local inference predict model=tags/wd-vit-tagger-v3 inputs=1
2026-09-17T03:35:38.604598Z DEBUG panoptikon::inferio::http: processing local inference predict model=tags/wd-vit-tagger-v3 inputs=1
2026-09-17T03:35:38.604658Z DEBUG panoptikon::inferio::http: processing local inference predict model=tags/wd-vit-tagger-v3 inputs=1
2026-09-17T03:35:38.604692Z DEBUG panoptikon::inferio::http: processing local inference predict model=tags/wd-vit-tagger-v3 inputs=1
2026-09-17T03:35:38.604739Z DEBUG panoptikon::inferio::http: processing local inference predict model=tags/wd-vit-tagger-v3 inputs=1
2026-09-17T03:35:38.604778Z DEBUG panoptikon::inferio::http: processing local inference predict model=tags/wd-vit-tagger-v3 inputs=1
2026-09-17T03:35:38.604856Z DEBUG panoptikon::inferio::http: processing local inference predict model=tags/wd-vit-tagger-v3 inputs=1
2026-09-17T03:35:38.604910Z DEBUG panoptikon::inferio::http: processing local inference predict model=tags/wd-vit-tagger-v3 inputs=1
2026-09-17T03:35:38.604961Z DEBUG panoptikon::inferio::http: processing local inference predict model=tags/wd-vit-tagger-v3 inputs=1
2026-09-17T03:35:38.605186Z DEBUG panoptikon::inferio::http: processing local inference predict model=tags/wd-vit-tagger-v3 inputs=1
2026-09-17T03:35:38.605234Z DEBUG panoptikon::inferio::http: processing local inference predict model=tags/wd-vit-tagger-v3 inputs=1
2026-09-17T03:35:38.605294Z DEBUG panoptikon::inferio::http: processing local inference predict model=tags/wd-vit-tagger-v3 inputs=1
2026-09-17T03:35:38.605345Z DEBUG panoptikon::inferio::http: processing local inference predict model=tags/wd-vit-tagger-v3 inputs=1
2026-09-17T03:35:38.605389Z DEBUG panoptikon::inferio::http: processing local inference predict model=tags/wd-vit-tagger-v3 inputs=1
2026-09-17T03:35:38.605441Z DEBUG panoptikon::inferio::http: processing local inference predict model=tags/wd-vit-tagger-v3 inputs=1
2026-09-17T03:35:38.605525Z DEBUG panoptikon::inferio::http: processing local inference predict model=tags/wd-vit-tagger-v3 inputs=1
2026-09-17T03:35:38.605577Z DEBUG panoptikon::inferio::http: processing local inference predict model=tags/wd-vit-tagger-v3 inputs=1
2026-09-17T03:35:38.605628Z DEBUG panoptikon::inferio::http: processing local inference predict model=tags/wd-vit-tagger-v3 inputs=1
2026-09-17T03:35:38.605686Z DEBUG panoptikon::inferio::http: processing local inference predict model=tags/wd-vit-tagger-v3 inputs=1
2026-09-17T03:35:38.605743Z DEBUG panoptikon::inferio::http: processing local inference predict model=tags/wd-vit-tagger-v3 inputs=1
2026-09-17T03:35:38.605785Z DEBUG panoptikon::inferio::http: processing local inference predict model=tags/wd-vit-tagger-v3 inputs=1
2026-09-17T03:35:38.605832Z DEBUG panoptikon::inferio::http: processing local inference predict model=tags/wd-vit-tagger-v3 inputs=1
2026-09-17T03:35:38.605899Z DEBUG panoptikon::inferio::http: processing local inference predict model=tags/wd-vit-tagger-v3 inputs=1
2026-09-17T03:35:38.605948Z DEBUG panoptikon::inferio::http: processing local inference predict model=tags/wd-vit-tagger-v3 inputs=1
2026-09-17T03:35:38.606004Z DEBUG panoptikon::inferio::http: processing local inference predict model=tags/wd-vit-tagger-v3 inputs=1
2026-09-17T03:35:38.606040Z DEBUG panoptikon::inferio::http: processing local inference predict model=tags/wd-vit-tagger-v3 inputs=1
2026-09-17T03:35:38.606081Z DEBUG panoptikon::inferio::http: processing local inference predict model=tags/wd-vit-tagger-v3 inputs=1
2026-09-17T03:35:38.606122Z DEBUG panoptikon::inferio::http: processing local inference predict model=tags/wd-vit-tagger-v3 inputs=1
2026-09-17T03:35:38.606167Z DEBUG panoptikon::inferio::http: processing local inference predict model=tags/wd-vit-tagger-v3 inputs=1
2026-09-17T03:35:38.606224Z DEBUG panoptikon::inferio::http: processing local inference predict model=tags/wd-vit-tagger-v3 inputs=1
2026-09-17T03:35:38.606296Z DEBUG panoptikon::inferio::http: processing local inference predict model=tags/wd-vit-tagger-v3 inputs=1
2026-09-17T03:35:38.606346Z DEBUG panoptikon::inferio::http: processing local inference predict model=tags/wd-vit-tagger-v3 inputs=1
2026-09-17T03:35:38.606395Z DEBUG panoptikon::inferio::http: processing local inference predict model=tags/wd-vit-tagger-v3 inputs=1
2026-09-17T03:35:38.606437Z DEBUG panoptikon::inferio::http: processing local inference predict model=tags/wd-vit-tagger-v3 inputs=1
2026-09-17T03:35:38.606498Z DEBUG panoptikon::inferio::http: processing local inference predict model=tags/wd-vit-tagger-v3 inputs=1
2026-09-17T03:35:38.606554Z DEBUG panoptikon::inferio::http: processing local inference predict model=tags/wd-vit-tagger-v3 inputs=1
2026-09-17T03:35:38.606592Z DEBUG panoptikon::inferio::http: processing local inference predict model=tags/wd-vit-tagger-v3 inputs=1
2026-09-17T03:35:38.606636Z DEBUG panoptikon::inferio::http: processing local inference predict model=tags/wd-vit-tagger-v3 inputs=1
2026-09-17T03:35:38.606697Z DEBUG panoptikon::inferio::http: processing local inference predict model=tags/wd-vit-tagger-v3 inputs=1
2026-09-17T03:35:38.606728Z DEBUG panoptikon::inferio::http: processing local inference predict model=tags/wd-vit-tagger-v3 inputs=1
2026-09-17T03:35:38.606780Z DEBUG panoptikon::inferio::http: processing local inference predict model=tags/wd-vit-tagger-v3 inputs=1
2026-09-17T03:35:38.606815Z DEBUG panoptikon::inferio::http: processing local inference predict model=tags/wd-vit-tagger-v3 inputs=1
2026-09-17T03:35:38.606875Z DEBUG panoptikon::inferio::http: processing local inference predict model=tags/wd-vit-tagger-v3 inputs=1
2026-09-17T03:35:38.606929Z DEBUG panoptikon::inferio::http: processing local inference predict model=tags/wd-vit-tagger-v3 inputs=1
2026-09-17T03:35:38.606965Z DEBUG panoptikon::inferio::http: processing local inference predict model=tags/wd-vit-tagger-v3 inputs=1
2026-09-17T03:35:38.607005Z DEBUG panoptikon::inferio::http: processing local inference predict model=tags/wd-vit-tagger-v3 inputs=1
2026-09-17T03:35:38.607046Z DEBUG panoptikon::inferio::http: processing local inference predict model=tags/wd-vit-tagger-v3 inputs=1
2026-09-17T03:35:38.607102Z DEBUG panoptikon::inferio::http: processing local inference predict model=tags/wd-vit-tagger-v3 inputs=1
2026-09-17T03:35:38.607162Z DEBUG panoptikon::inferio::http: processing local inference predict model=tags/wd-vit-tagger-v3 inputs=1
2026-09-17T03:35:38.607209Z DEBUG panoptikon::inferio::http: processing local inference predict model=tags/wd-vit-tagger-v3 inputs=1
2026-09-17T03:35:38.607272Z DEBUG panoptikon::inferio::http: processing local inference predict model=tags/wd-vit-tagger-v3 inputs=1
2026-09-17T03:35:38.607320Z DEBUG panoptikon::inferio::http: processing local inference predict model=tags/wd-vit-tagger-v3 inputs=1
2026-09-17T03:35:38.607361Z DEBUG panoptikon::inferio::http: processing local inference predict model=tags/wd-vit-tagger-v3 inputs=1
2026-09-17T03:35:38.607416Z DEBUG panoptikon::inferio::http: processing local inference predict model=tags/wd-vit-tagger-v3 inputs=1
2026-09-17T03:35:38.607452Z DEBUG panoptikon::inferio::http: processing local inference predict model=tags/wd-vit-tagger-v3 inputs=1
2026-09-17T03:35:38.607494Z DEBUG panoptikon::inferio::http: processing local inference predict model=tags/wd-vit-tagger-v3 inputs=1
2026-09-17T03:35:38.607524Z DEBUG panoptikon::inferio::http: processing local inference predict model=tags/wd-vit-tagger-v3 inputs=1
2026-09-17T03:35:38.607568Z DEBUG panoptikon::inferio::http: processing local inference predict model=tags/wd-vit-tagger-v3 inputs=1
2026-09-17T03:35:38.607611Z DEBUG panoptikon::inferio::http: processing local inference predict model=tags/wd-vit-tagger-v3 inputs=1
2026-09-17T03:35:38.607657Z DEBUG panoptikon::inferio::http: processing local inference predict model=tags/wd-vit-tagger-v3 inputs=1
2026-09-17T03:35:38.607696Z DEBUG panoptikon::inferio::http: processing local inference predict model=tags/wd-vit-tagger-v3 inputs=1
2026-09-17T03:35:38.607756Z DEBUG panoptikon::inferio::http: processing local inference predict model=tags/wd-vit-tagger-v3 inputs=1
2026-09-17T03:35:38.607822Z DEBUG panoptikon::inferio::http: processing local inference predict model=tags/wd-vit-tagger-v3 inputs=1
2026-09-17T03:35:38.607860Z DEBUG panoptikon::inferio::http: processing local inference predict model=tags/wd-vit-tagger-v3 inputs=1
2026-09-17T03:35:38.607903Z DEBUG panoptikon::inferio::http: processing local inference predict model=tags/wd-vit-tagger-v3 inputs=1
2026-09-17T03:35:38.607971Z DEBUG panoptikon::inferio::http: processing local inference predict model=tags/wd-vit-tagger-v3 inputs=1
2026-09-17T03:35:38.608015Z DEBUG panoptikon::inferio::http: processing local inference predict model=tags/wd-vit-tagger-v3 inputs=1
2026-09-17T03:35:38.608076Z DEBUG panoptikon::inferio::http: processing local inference predict model=tags/wd-vit-tagger-v3 inputs=1
2026-09-17T03:35:38.608112Z DEBUG panoptikon::inferio::http: processing local inference predict model=tags/wd-vit-tagger-v3 inputs=1
2026-09-17T03:35:38.608151Z DEBUG panoptikon::inferio::http: processing local inference predict model=tags/wd-vit-tagger-v3 inputs=1
2026-09-17T03:35:38.608199Z DEBUG panoptikon::inferio::http: processing local inference predict model=tags/wd-vit-tagger-v3 inputs=1
2026-09-17T03:35:38.608245Z DEBUG panoptikon::inferio::http: processing local inference predict model=tags/wd-vit-tagger-v3 inputs=1
2026-09-17T03:35:38.608289Z DEBUG panoptikon::inferio::http: processing local inference predict model=tags/wd-vit-tagger-v3 inputs=1
2026-09-17T03:35:38.608330Z DEBUG panoptikon::inferio::http: processing local inference predict model=tags/wd-vit-tagger-v3 inputs=1
2026-09-17T03:35:38.608385Z DEBUG panoptikon::inferio::http: processing local inference predict model=tags/wd-vit-tagger-v3 inputs=1
2026-09-17T03:35:38.608424Z DEBUG panoptikon::inferio::http: processing local inference predict model=tags/wd-vit-tagger-v3 inputs=1
2026-09-17T03:35:38.608468Z DEBUG panoptikon::inferio::http: processing local inference predict model=tags/wd-vit-tagger-v3 inputs=1
2026-09-17T03:35:38.608500Z DEBUG panoptikon::inferio::http: processing local inference predict model=tags/wd-vit-tagger-v3 inputs=1
2026-09-17T03:35:38.608610Z DEBUG panoptikon::inferio::http: processing local inference predict model=tags/wd-vit-tagger-v3 inputs=1
2026-09-17T03:35:38.608648Z DEBUG panoptikon::inferio::http: processing local inference predict model=tags/wd-vit-tagger-v3 inputs=1
2026-09-17T03:35:38.608989Z DEBUG panoptikon::inferio::http: processing local inference predict model=tags/wd-vit-tagger-v3 inputs=1
2026-09-17T03:35:38.609244Z DEBUG panoptikon::inferio::http: processing local inference predict model=tags/wd-vit-tagger-v3 inputs=1
2026-09-17T03:35:38.609294Z DEBUG panoptikon::inferio::http: processing local inference predict model=tags/wd-vit-tagger-v3 inputs=1
2026-09-17T03:35:38.609359Z DEBUG panoptikon::inferio::http: processing local inference predict model=tags/wd-vit-tagger-v3 inputs=1
2026-09-17T03:35:38.609750Z DEBUG panoptikon::inferio::http: processing local inference predict model=tags/wd-vit-tagger-v3 inputs=1
2026-09-17T03:35:38.609789Z DEBUG panoptikon::inferio::http: processing local inference predict model=tags/wd-vit-tagger-v3 inputs=1
2026-09-17T03:35:38.609849Z DEBUG panoptikon::inferio::http: processing local inference predict model=tags/wd-vit-tagger-v3 inputs=1
2026-09-17T03:35:38.610081Z DEBUG panoptikon::inferio::http: processing local inference predict model=tags/wd-vit-tagger-v3 inputs=1
2026-09-17T03:35:38.610201Z DEBUG panoptikon::inferio::http: processing local inference predict model=tags/wd-vit-tagger-v3 inputs=1
2026-09-17T03:35:38.610511Z DEBUG panoptikon::inferio::http: processing local inference predict model=tags/wd-vit-tagger-v3 inputs=1
2026-09-17T03:35:38.610552Z DEBUG panoptikon::inferio::http: processing local inference predict model=tags/wd-vit-tagger-v3 inputs=1
2026-09-17T03:35:38.610592Z DEBUG panoptikon::inferio::http: processing local inference predict model=tags/wd-vit-tagger-v3 inputs=1
2026-09-17T03:35:38.610630Z DEBUG panoptikon::inferio::http: processing local inference predict model=tags/wd-vit-tagger-v3 inputs=1
2026-09-17T03:35:38.610669Z DEBUG panoptikon::inferio::http: processing local inference predict model=tags/wd-vit-tagger-v3 inputs=1
2026-09-17T03:35:38.610844Z DEBUG panoptikon::inferio::http: processing local inference predict model=tags/wd-vit-tagger-v3 inputs=1
2026-09-17T03:35:38.610903Z DEBUG panoptikon::inferio::http: processing local inference predict model=tags/wd-vit-tagger-v3 inputs=1
2026-09-17T03:35:38.611019Z DEBUG panoptikon::inferio::http: processing local inference predict model=tags/wd-vit-tagger-v3 inputs=1
2026-09-17T03:35:38.611125Z DEBUG panoptikon::inferio::http: processing local inference predict model=tags/wd-vit-tagger-v3 inputs=1
2026-09-17T03:35:38.611287Z DEBUG panoptikon::inferio::http: processing local inference predict model=tags/wd-vit-tagger-v3 inputs=1
2026-09-17T03:35:38.612144Z  INFO panoptikon::inferio::worker: 2026-09-17 03:35:38,611 [DEBUG] inferio_worker.packing: this window's 520 MiB grant is below 80% of the 1078 MiB of releasable slack in the 1895 MiB pool (1/2 consecutive windows before releasing it) worker=wd_tagger
2026-09-17T03:35:38.750611Z  INFO panoptikon::inferio::worker: 2026-09-17 03:35:38,750 [DEBUG] inferio_worker_impl_0_wd_tagger: Running inference on 15 images worker=wd_tagger
2026-09-17T03:35:41.527840Z  INFO panoptikon::inferio::worker: 2026-09-17 03:35:41,527 [DEBUG] inferio_worker_impl_0_wd_tagger: Running inference on 15 images worker=wd_tagger
2026-09-17T03:35:43.610560Z  INFO panoptikon::inferio::worker: 2026-09-17 03:35:43,610 [DEBUG] inferio_worker_impl_0_wd_tagger: Running inference on 15 images worker=wd_tagger
2026-09-17T03:35:45.664977Z DEBUG panoptikon::inferio::ledger: refitted the memory cost model model=tags/wd-vit-tagger-v3 gpu=CPU slope_mb_per_unit=34.63148148148148 intercept_mb=93.31851851851854 residual_mb=12.209259259259284 samples=9 version=12
2026-09-17T03:35:45.665023Z DEBUG panoptikon::inferio::ledger: queued a calibration profile update for the store model=tags/wd-vit-tagger-v3 gpu=CPU reason="fit_changed" max_units_measured=32 fit_version=12
2026-09-17T03:35:45.665046Z DEBUG panoptikon::inferio::ledger: settled a granted window model=tags/wd-vit-tagger-v3 gpu=CPU outcome="clean" fit_samples=3 throughput_samples=3 clamped_samples=0 clamped=none ramp_step=4 deflation=0 clean_windows=23 max_units_measured=32
2026-09-17T03:35:45.665134Z DEBUG panoptikon::inferio::ledger: issued a memory grant model=tags/wd-vit-tagger-v3 gpu=CPU unit_budget=15 mb=520 canvas_pixels=none share_mb=89298 room_mb=89298 headroom_mb=88457 external_mb=37849 reserve_mb=1024 reserve_rule="capped_default" pre_fit=false ramp_step=4 deflation=0 squeezed=false window_requests=45
2026-09-17T03:35:45.667044Z DEBUG panoptikon::inferio::http: processing local inference predict model=tags/wd-vit-tagger-v3 inputs=1
2026-09-17T03:35:45.752711Z  INFO panoptikon::inferio::worker: 2026-09-17 03:35:45,752 [DEBUG] inferio_worker_impl_0_wd_tagger: Running inference on 15 images worker=wd_tagger
2026-09-17T03:35:47.869024Z  INFO panoptikon::inferio::worker: 2026-09-17 03:35:47,868 [DEBUG] inferio_worker_impl_0_wd_tagger: Running inference on 15 images worker=wd_tagger
2026-09-17T03:35:49.968220Z  INFO panoptikon::inferio::worker: 2026-09-17 03:35:49,967 [DEBUG] inferio_worker_impl_0_wd_tagger: Running inference on 15 images worker=wd_tagger
2026-09-17T03:35:52.257146Z DEBUG panoptikon::inferio::ledger: refitted the memory cost model model=tags/wd-vit-tagger-v3 gpu=CPU slope_mb_per_unit=34.622507122507116 intercept_mb=93.37749287749288 residual_mb=9.377492877492898 samples=9 version=13
2026-09-17T03:35:52.257196Z DEBUG panoptikon::inferio::ledger: queued a calibration profile update for the store model=tags/wd-vit-tagger-v3 gpu=CPU reason="fit_changed" max_units_measured=32 fit_version=13
2026-09-17T03:35:52.257227Z DEBUG panoptikon::inferio::ledger: settled a granted window model=tags/wd-vit-tagger-v3 gpu=CPU outcome="clean" fit_samples=3 throughput_samples=3 clamped_samples=0 clamped=none ramp_step=4 deflation=0 clean_windows=24 max_units_measured=32
2026-09-17T03:35:52.257292Z DEBUG panoptikon::inferio::ledger: issued a memory grant model=tags/wd-vit-tagger-v3 gpu=CPU unit_budget=15 mb=520 canvas_pixels=none share_mb=89314 room_mb=89314 headroom_mb=88473 external_mb=37833 reserve_mb=1024 reserve_rule="capped_default" pre_fit=false ramp_step=4 deflation=0 squeezed=false window_requests=45
2026-09-17T03:35:52.265022Z  INFO panoptikon::inferio::worker: 2026-09-17 03:35:52,264 [DEBUG] inferio_worker.packing: this window's 520 MiB grant is below 80% of the 1080 MiB of releasable slack in the 1895 MiB pool (1/2 consecutive windows before releasing it) worker=wd_tagger
2026-09-17T03:35:52.345473Z  INFO panoptikon::inferio::worker: 2026-09-17 03:35:52,345 [DEBUG] inferio_worker_impl_0_wd_tagger: Running inference on 15 images worker=wd_tagger
2026-09-17T03:35:54.832188Z  INFO panoptikon::inferio::worker: 2026-09-17 03:35:54,831 [DEBUG] inferio_worker_impl_0_wd_tagger: Running inference on 15 images worker=wd_tagger
2026-09-17T03:35:57.019899Z  INFO panoptikon::inferio::worker: 2026-09-17 03:35:57,019 [DEBUG] inferio_worker_impl_0_wd_tagger: Running inference on 15 images worker=wd_tagger
2026-09-17T03:35:59.056696Z DEBUG panoptikon::inferio::ledger: refitted the memory cost model model=tags/wd-vit-tagger-v3 gpu=CPU slope_mb_per_unit=34.63148148148148 intercept_mb=93.31851851851854 residual_mb=10.209259259259284 samples=9 version=14
2026-09-17T03:35:59.056738Z DEBUG panoptikon::inferio::ledger: queued a calibration profile update for the store model=tags/wd-vit-tagger-v3 gpu=CPU reason="fit_changed" max_units_measured=32 fit_version=14
2026-09-17T03:35:59.056763Z DEBUG panoptikon::inferio::ledger: settled a granted window model=tags/wd-vit-tagger-v3 gpu=CPU outcome="clean" fit_samples=3 throughput_samples=3 clamped_samples=0 clamped=none ramp_step=4 deflation=0 clean_windows=25 max_units_measured=32
2026-09-17T03:35:59.056847Z DEBUG panoptikon::inferio::ledger: issued a memory grant model=tags/wd-vit-tagger-v3 gpu=CPU unit_budget=15 mb=520 canvas_pixels=none share_mb=89344 room_mb=89344 headroom_mb=88503 external_mb=37803 reserve_mb=1024 reserve_rule="capped_default" pre_fit=false ramp_step=4 deflation=0 squeezed=false window_requests=45
2026-09-17T03:35:59.059439Z DEBUG panoptikon::inferio::http: processing local inference predict model=tags/wd-vit-tagger-v3 inputs=1
2026-09-17T03:35:59.059609Z DEBUG panoptikon::inferio::http: processing local inference predict model=tags/wd-vit-tagger-v3 inputs=1
2026-09-17T03:35:59.059684Z DEBUG panoptikon::inferio::http: processing local inference predict model=tags/wd-vit-tagger-v3 inputs=1
2026-09-17T03:35:59.059791Z DEBUG panoptikon::inferio::http: processing local inference predict model=tags/wd-vit-tagger-v3 inputs=1
2026-09-17T03:35:59.059827Z DEBUG panoptikon::inferio::http: processing local inference predict model=tags/wd-vit-tagger-v3 inputs=1
2026-09-17T03:35:59.059871Z DEBUG panoptikon::inferio::http: processing local inference predict model=tags/wd-vit-tagger-v3 inputs=1
2026-09-17T03:35:59.059899Z DEBUG panoptikon::inferio::http: processing local inference predict model=tags/wd-vit-tagger-v3 inputs=1
2026-09-17T03:35:59.059995Z DEBUG panoptikon::inferio::http: processing local inference predict model=tags/wd-vit-tagger-v3 inputs=1
2026-09-17T03:35:59.060110Z DEBUG panoptikon::inferio::http: processing local inference predict model=tags/wd-vit-tagger-v3 inputs=1
2026-09-17T03:35:59.060163Z DEBUG panoptikon::inferio::http: processing local inference predict model=tags/wd-vit-tagger-v3 inputs=1
2026-09-17T03:35:59.060218Z DEBUG panoptikon::inferio::http: processing local inference predict model=tags/wd-vit-tagger-v3 inputs=1
2026-09-17T03:35:59.060277Z DEBUG panoptikon::inferio::http: processing local inference predict model=tags/wd-vit-tagger-v3 inputs=1
2026-09-17T03:35:59.060440Z DEBUG panoptikon::inferio::http: processing local inference predict model=tags/wd-vit-tagger-v3 inputs=1
2026-09-17T03:35:59.060460Z DEBUG panoptikon::inferio::http: processing local inference predict model=tags/wd-vit-tagger-v3 inputs=1
2026-09-17T03:35:59.060516Z DEBUG panoptikon::inferio::http: processing local inference predict model=tags/wd-vit-tagger-v3 inputs=1
2026-09-17T03:35:59.060560Z DEBUG panoptikon::inferio::http: processing local inference predict model=tags/wd-vit-tagger-v3 inputs=1
2026-09-17T03:35:59.060604Z DEBUG panoptikon::inferio::http: processing local inference predict model=tags/wd-vit-tagger-v3 inputs=1
2026-09-17T03:35:59.060644Z DEBUG panoptikon::inferio::http: processing local inference predict model=tags/wd-vit-tagger-v3 inputs=1
2026-09-17T03:35:59.060675Z DEBUG panoptikon::inferio::http: processing local inference predict model=tags/wd-vit-tagger-v3 inputs=1
2026-09-17T03:35:59.060714Z DEBUG panoptikon::inferio::http: processing local inference predict model=tags/wd-vit-tagger-v3 inputs=1
2026-09-17T03:35:59.060753Z DEBUG panoptikon::inferio::http: processing local inference predict model=tags/wd-vit-tagger-v3 inputs=1
2026-09-17T03:35:59.060795Z DEBUG panoptikon::inferio::http: processing local inference predict model=tags/wd-vit-tagger-v3 inputs=1
2026-09-17T03:35:59.060941Z DEBUG panoptikon::inferio::http: processing local inference predict model=tags/wd-vit-tagger-v3 inputs=1
2026-09-17T03:35:59.060975Z DEBUG panoptikon::inferio::http: processing local inference predict model=tags/wd-vit-tagger-v3 inputs=1
2026-09-17T03:35:59.061024Z DEBUG panoptikon::inferio::http: processing local inference predict model=tags/wd-vit-tagger-v3 inputs=1
2026-09-17T03:35:59.061054Z DEBUG panoptikon::inferio::http: processing local inference predict model=tags/wd-vit-tagger-v3 inputs=1
2026-09-17T03:35:59.061103Z DEBUG panoptikon::inferio::http: processing local inference predict model=tags/wd-vit-tagger-v3 inputs=1
2026-09-17T03:35:59.061214Z DEBUG panoptikon::inferio::http: processing local inference predict model=tags/wd-vit-tagger-v3 inputs=1
2026-09-17T03:35:59.061283Z DEBUG panoptikon::inferio::http: processing local inference predict model=tags/wd-vit-tagger-v3 inputs=1
2026-09-17T03:35:59.061324Z DEBUG panoptikon::inferio::http: processing local inference predict model=tags/wd-vit-tagger-v3 inputs=1
2026-09-17T03:35:59.061588Z DEBUG panoptikon::inferio::http: processing local inference predict model=tags/wd-vit-tagger-v3 inputs=1
2026-09-17T03:35:59.061615Z DEBUG panoptikon::inferio::http: processing local inference predict model=tags/wd-vit-tagger-v3 inputs=1
2026-09-17T03:35:59.061654Z DEBUG panoptikon::inferio::http: processing local inference predict model=tags/wd-vit-tagger-v3 inputs=1
2026-09-17T03:35:59.061683Z DEBUG panoptikon::inferio::http: processing local inference predict model=tags/wd-vit-tagger-v3 inputs=1
2026-09-17T03:35:59.061725Z DEBUG panoptikon::inferio::http: processing local inference predict model=tags/wd-vit-tagger-v3 inputs=1
2026-09-17T03:35:59.061769Z DEBUG panoptikon::inferio::http: processing local inference predict model=tags/wd-vit-tagger-v3 inputs=1
2026-09-17T03:35:59.061812Z DEBUG panoptikon::inferio::http: processing local inference predict model=tags/wd-vit-tagger-v3 inputs=1
2026-09-17T03:35:59.061843Z DEBUG panoptikon::inferio::http: processing local inference predict model=tags/wd-vit-tagger-v3 inputs=1
2026-09-17T03:35:59.145888Z  INFO panoptikon::inferio::worker: 2026-09-17 03:35:59,145 [DEBUG] inferio_worker_impl_0_wd_tagger: Running inference on 15 images worker=wd_tagger
2026-09-17T03:36:01.277560Z  INFO panoptikon::inferio::worker: 2026-09-17 03:36:01,277 [DEBUG] inferio_worker_impl_0_wd_tagger: Running inference on 15 images worker=wd_tagger
2026-09-17T03:36:03.435318Z  INFO panoptikon::inferio::worker: 2026-09-17 03:36:03,435 [DEBUG] inferio_worker_impl_0_wd_tagger: Running inference on 15 images worker=wd_tagger
2026-09-17T03:36:05.490154Z DEBUG panoptikon::inferio::ledger: refitted the memory cost model model=tags/wd-vit-tagger-v3 gpu=CPU slope_mb_per_unit=34.622507122507116 intercept_mb=93.37749287749288 residual_mb=9.377492877492898 samples=9 version=15
2026-09-17T03:36:05.490194Z DEBUG panoptikon::inferio::ledger: queued a calibration profile update for the store model=tags/wd-vit-tagger-v3 gpu=CPU reason="fit_changed" max_units_measured=32 fit_version=15
2026-09-17T03:36:05.490217Z DEBUG panoptikon::inferio::ledger: settled a granted window model=tags/wd-vit-tagger-v3 gpu=CPU outcome="clean" fit_samples=3 throughput_samples=3 clamped_samples=0 clamped=none ramp_step=4 deflation=0 clean_windows=26 max_units_measured=32
2026-09-17T03:36:05.490270Z DEBUG panoptikon::inferio::ledger: issued a memory grant model=tags/wd-vit-tagger-v3 gpu=CPU unit_budget=15 mb=520 canvas_pixels=none share_mb=89345 room_mb=89345 headroom_mb=88504 external_mb=37802 reserve_mb=1024 reserve_rule="capped_default" pre_fit=false ramp_step=4 deflation=0 squeezed=false window_requests=45
2026-09-17T03:36:05.491290Z DEBUG panoptikon::inferio::http: processing local inference predict model=tags/wd-vit-tagger-v3 inputs=1
2026-09-17T03:36:05.491679Z DEBUG panoptikon::inferio::http: processing local inference predict model=tags/wd-vit-tagger-v3 inputs=1
2026-09-17T03:36:05.491827Z DEBUG panoptikon::inferio::http: processing local inference predict model=tags/wd-vit-tagger-v3 inputs=1
2026-09-17T03:36:05.491862Z DEBUG panoptikon::inferio::http: processing local inference predict model=tags/wd-vit-tagger-v3 inputs=1
2026-09-17T03:36:05.491901Z DEBUG panoptikon::inferio::http: processing local inference predict model=tags/wd-vit-tagger-v3 inputs=1
2026-09-17T03:36:05.491937Z DEBUG panoptikon::inferio::http: processing local inference predict model=tags/wd-vit-tagger-v3 inputs=1
2026-09-17T03:36:05.491967Z DEBUG panoptikon::inferio::http: processing local inference predict model=tags/wd-vit-tagger-v3 inputs=1
2026-09-17T03:36:05.492106Z DEBUG panoptikon::inferio::http: processing local inference predict model=tags/wd-vit-tagger-v3 inputs=1
2026-09-17T03:36:05.492186Z DEBUG panoptikon::inferio::http: processing local inference predict model=tags/wd-vit-tagger-v3 inputs=1
2026-09-17T03:36:05.492230Z DEBUG panoptikon::inferio::http: processing local inference predict model=tags/wd-vit-tagger-v3 inputs=1
2026-09-17T03:36:05.492266Z DEBUG panoptikon::inferio::http: processing local inference predict model=tags/wd-vit-tagger-v3 inputs=1
2026-09-17T03:36:05.492308Z DEBUG panoptikon::inferio::http: processing local inference predict model=tags/wd-vit-tagger-v3 inputs=1
2026-09-17T03:36:05.492340Z DEBUG panoptikon::inferio::http: processing local inference predict model=tags/wd-vit-tagger-v3 inputs=1
2026-09-17T03:36:05.492391Z DEBUG panoptikon::inferio::http: processing local inference predict model=tags/wd-vit-tagger-v3 inputs=1
2026-09-17T03:36:05.492433Z DEBUG panoptikon::inferio::http: processing local inference predict model=tags/wd-vit-tagger-v3 inputs=1
2026-09-17T03:36:05.492517Z DEBUG panoptikon::inferio::http: processing local inference predict model=tags/wd-vit-tagger-v3 inputs=1
2026-09-17T03:36:05.492588Z DEBUG panoptikon::inferio::http: processing local inference predict model=tags/wd-vit-tagger-v3 inputs=1
2026-09-17T03:36:05.492615Z DEBUG panoptikon::inferio::http: processing local inference predict model=tags/wd-vit-tagger-v3 inputs=1
2026-09-17T03:36:05.492671Z DEBUG panoptikon::inferio::http: processing local inference predict model=tags/wd-vit-tagger-v3 inputs=1
2026-09-17T03:36:05.492756Z DEBUG panoptikon::inferio::http: processing local inference predict model=tags/wd-vit-tagger-v3 inputs=1
2026-09-17T03:36:05.492784Z DEBUG panoptikon::inferio::http: processing local inference predict model=tags/wd-vit-tagger-v3 inputs=1
2026-09-17T03:36:05.492829Z DEBUG panoptikon::inferio::http: processing local inference predict model=tags/wd-vit-tagger-v3 inputs=1
2026-09-17T03:36:05.492854Z DEBUG panoptikon::inferio::http: processing local inference predict model=tags/wd-vit-tagger-v3 inputs=1
2026-09-17T03:36:05.492884Z DEBUG panoptikon::inferio::http: processing local inference predict model=tags/wd-vit-tagger-v3 inputs=1
2026-09-17T03:36:05.492959Z DEBUG panoptikon::inferio::http: processing local inference predict model=tags/wd-vit-tagger-v3 inputs=1
2026-09-17T03:36:05.492980Z DEBUG panoptikon::inferio::http: processing local inference predict model=tags/wd-vit-tagger-v3 inputs=1
2026-09-17T03:36:05.493051Z DEBUG panoptikon::inferio::http: processing local inference predict model=tags/wd-vit-tagger-v3 inputs=1
2026-09-17T03:36:05.493083Z DEBUG panoptikon::inferio::http: processing local inference predict model=tags/wd-vit-tagger-v3 inputs=1
2026-09-17T03:36:05.493116Z DEBUG panoptikon::inferio::http: processing local inference predict model=tags/wd-vit-tagger-v3 inputs=1
2026-09-17T03:36:05.493323Z DEBUG panoptikon::inferio::http: processing local inference predict model=tags/wd-vit-tagger-v3 inputs=1
2026-09-17T03:36:05.493350Z DEBUG panoptikon::inferio::http: processing local inference predict model=tags/wd-vit-tagger-v3 inputs=1
2026-09-17T03:36:05.493380Z DEBUG panoptikon::inferio::http: processing local inference predict model=tags/wd-vit-tagger-v3 inputs=1
2026-09-17T03:36:05.493407Z DEBUG panoptikon::inferio::http: processing local inference predict model=tags/wd-vit-tagger-v3 inputs=1
2026-09-17T03:36:05.493435Z DEBUG panoptikon::inferio::http: processing local inference predict model=tags/wd-vit-tagger-v3 inputs=1
2026-09-17T03:36:05.493468Z DEBUG panoptikon::inferio::http: processing local inference predict model=tags/wd-vit-tagger-v3 inputs=1
2026-09-17T03:36:05.493490Z DEBUG panoptikon::inferio::http: processing local inference predict model=tags/wd-vit-tagger-v3 inputs=1
2026-09-17T03:36:05.493517Z DEBUG panoptikon::inferio::http: processing local inference predict model=tags/wd-vit-tagger-v3 inputs=1
2026-09-17T03:36:05.493546Z DEBUG panoptikon::inferio::http: processing local inference predict model=tags/wd-vit-tagger-v3 inputs=1
2026-09-17T03:36:05.493591Z DEBUG panoptikon::inferio::http: processing local inference predict model=tags/wd-vit-tagger-v3 inputs=1
2026-09-17T03:36:05.493843Z DEBUG panoptikon::inferio::http: processing local inference predict model=tags/wd-vit-tagger-v3 inputs=1
2026-09-17T03:36:05.493872Z DEBUG panoptikon::inferio::http: processing local inference predict model=tags/wd-vit-tagger-v3 inputs=1
2026-09-17T03:36:05.493917Z DEBUG panoptikon::inferio::http: processing local inference predict model=tags/wd-vit-tagger-v3 inputs=1
2026-09-17T03:36:05.493943Z DEBUG panoptikon::inferio::http: processing local inference predict model=tags/wd-vit-tagger-v3 inputs=1
2026-09-17T03:36:05.494065Z DEBUG panoptikon::inferio::http: processing local inference predict model=tags/wd-vit-tagger-v3 inputs=1
2026-09-17T03:36:05.494156Z DEBUG panoptikon::inferio::http: processing local inference predict model=tags/wd-vit-tagger-v3 inputs=1
2026-09-17T03:36:05.497780Z  INFO panoptikon::inferio::worker: 2026-09-17 03:36:05,497 [DEBUG] inferio_worker.packing: this window's 520 MiB grant is below 80% of the 1080 MiB of releasable slack in the 1895 MiB pool (1/2 consecutive windows before releasing it) worker=wd_tagger
2026-09-17T03:36:05.577440Z  INFO panoptikon::inferio::worker: 2026-09-17 03:36:05,577 [DEBUG] inferio_worker_impl_0_wd_tagger: Running inference on 15 images worker=wd_tagger
2026-09-17T03:36:07.951700Z  INFO panoptikon::inferio::worker: 2026-09-17 03:36:07,951 [DEBUG] inferio_worker_impl_0_wd_tagger: Running inference on 15 images worker=wd_tagger
2026-09-17T03:36:08.594592Z  INFO panoptikon::inferio::calibration: wrote the local calibration store path=data/inferio/calibration.toml profiles=1
2026-09-17T03:36:10.080448Z  INFO panoptikon::inferio::worker: 2026-09-17 03:36:10,080 [DEBUG] inferio_worker_impl_0_wd_tagger: Running inference on 15 images worker=wd_tagger
2026-09-17T03:36:12.106634Z DEBUG panoptikon::inferio::ledger: refitted the memory cost model model=tags/wd-vit-tagger-v3 gpu=CPU slope_mb_per_unit=34.63148148148148 intercept_mb=93.31851851851854 residual_mb=10.209259259259284 samples=9 version=16
2026-09-17T03:36:12.106678Z DEBUG panoptikon::inferio::ledger: queued a calibration profile update for the store model=tags/wd-vit-tagger-v3 gpu=CPU reason="fit_changed" max_units_measured=32 fit_version=16
2026-09-17T03:36:12.106701Z DEBUG panoptikon::inferio::ledger: settled a granted window model=tags/wd-vit-tagger-v3 gpu=CPU outcome="clean" fit_samples=3 throughput_samples=3 clamped_samples=0 clamped=none ramp_step=4 deflation=0 clean_windows=27 max_units_measured=32
2026-09-17T03:36:12.106768Z DEBUG panoptikon::inferio::ledger: issued a memory grant model=tags/wd-vit-tagger-v3 gpu=CPU unit_budget=15 mb=520 canvas_pixels=none share_mb=89327 room_mb=89327 headroom_mb=88486 external_mb=37820 reserve_mb=1024 reserve_rule="capped_default" pre_fit=false ramp_step=4 deflation=0 squeezed=false window_requests=45
2026-09-17T03:36:12.107814Z DEBUG panoptikon::inferio::http: processing local inference predict model=tags/wd-vit-tagger-v3 inputs=1
2026-09-17T03:36:12.107864Z DEBUG panoptikon::inferio::http: processing local inference predict model=tags/wd-vit-tagger-v3 inputs=1
2026-09-17T03:36:12.108555Z DEBUG panoptikon::inferio::http: processing local inference predict model=tags/wd-vit-tagger-v3 inputs=1
2026-09-17T03:36:12.108587Z DEBUG panoptikon::inferio::http: processing local inference predict model=tags/wd-vit-tagger-v3 inputs=1
2026-09-17T03:36:12.108741Z DEBUG panoptikon::inferio::http: processing local inference predict model=tags/wd-vit-tagger-v3 inputs=1
2026-09-17T03:36:12.108787Z DEBUG panoptikon::inferio::http: processing local inference predict model=tags/wd-vit-tagger-v3 inputs=1
2026-09-17T03:36:12.108893Z DEBUG panoptikon::inferio::http: processing local inference predict model=tags/wd-vit-tagger-v3 inputs=1
2026-09-17T03:36:12.108994Z DEBUG panoptikon::inferio::http: processing local inference predict model=tags/wd-vit-tagger-v3 inputs=1
2026-09-17T03:36:12.109037Z DEBUG panoptikon::inferio::http: processing local inference predict model=tags/wd-vit-tagger-v3 inputs=1
2026-09-17T03:36:12.109153Z DEBUG panoptikon::inferio::http: processing local inference predict model=tags/wd-vit-tagger-v3 inputs=1
2026-09-17T03:36:12.109197Z DEBUG panoptikon::inferio::http: processing local inference predict model=tags/wd-vit-tagger-v3 inputs=1
2026-09-17T03:36:12.109227Z DEBUG panoptikon::inferio::http: processing local inference predict model=tags/wd-vit-tagger-v3 inputs=1
2026-09-17T03:36:12.109258Z DEBUG panoptikon::inferio::http: processing local inference predict model=tags/wd-vit-tagger-v3 inputs=1
2026-09-17T03:36:12.109282Z DEBUG panoptikon::inferio::http: processing local inference predict model=tags/wd-vit-tagger-v3 inputs=1
2026-09-17T03:36:12.109334Z DEBUG panoptikon::inferio::http: processing local inference predict model=tags/wd-vit-tagger-v3 inputs=1
2026-09-17T03:36:12.109372Z DEBUG panoptikon::inferio::http: processing local inference predict model=tags/wd-vit-tagger-v3 inputs=1
2026-09-17T03:36:12.109396Z DEBUG panoptikon::inferio::http: processing local inference predict model=tags/wd-vit-tagger-v3 inputs=1
2026-09-17T03:36:12.109548Z DEBUG panoptikon::inferio::http: processing local inference predict model=tags/wd-vit-tagger-v3 inputs=1
2026-09-17T03:36:12.109633Z DEBUG panoptikon::inferio::http: processing local inference predict model=tags/wd-vit-tagger-v3 inputs=1
2026-09-17T03:36:12.109739Z DEBUG panoptikon::inferio::http: processing local inference predict model=tags/wd-vit-tagger-v3 inputs=1
2026-09-17T03:36:12.109780Z DEBUG panoptikon::inferio::http: processing local inference predict model=tags/wd-vit-tagger-v3 inputs=1
2026-09-17T03:36:12.109919Z DEBUG panoptikon::inferio::http: processing local inference predict model=tags/wd-vit-tagger-v3 inputs=1
2026-09-17T03:36:12.109949Z DEBUG panoptikon::inferio::http: processing local inference predict model=tags/wd-vit-tagger-v3 inputs=1
2026-09-17T03:36:12.110007Z DEBUG panoptikon::inferio::http: processing local inference predict model=tags/wd-vit-tagger-v3 inputs=1
2026-09-17T03:36:12.110043Z DEBUG panoptikon::inferio::http: processing local inference predict model=tags/wd-vit-tagger-v3 inputs=1
2026-09-17T03:36:12.110082Z DEBUG panoptikon::inferio::http: processing local inference predict model=tags/wd-vit-tagger-v3 inputs=1
2026-09-17T03:36:12.110165Z DEBUG panoptikon::inferio::http: processing local inference predict model=tags/wd-vit-tagger-v3 inputs=1
2026-09-17T03:36:12.110237Z DEBUG panoptikon::inferio::http: processing local inference predict model=tags/wd-vit-tagger-v3 inputs=1
2026-09-17T03:36:12.110266Z DEBUG panoptikon::inferio::http: processing local inference predict model=tags/wd-vit-tagger-v3 inputs=1
2026-09-17T03:36:12.110312Z DEBUG panoptikon::inferio::http: processing local inference predict model=tags/wd-vit-tagger-v3 inputs=1
2026-09-17T03:36:12.110348Z DEBUG panoptikon::inferio::http: processing local inference predict model=tags/wd-vit-tagger-v3 inputs=1
2026-09-17T03:36:12.110385Z DEBUG panoptikon::inferio::http: processing local inference predict model=tags/wd-vit-tagger-v3 inputs=1
2026-09-17T03:36:12.110419Z DEBUG panoptikon::inferio::http: processing local inference predict model=tags/wd-vit-tagger-v3 inputs=1
2026-09-17T03:36:12.110447Z DEBUG panoptikon::inferio::http: processing local inference predict model=tags/wd-vit-tagger-v3 inputs=1
2026-09-17T03:36:12.110479Z DEBUG panoptikon::inferio::http: processing local inference predict model=tags/wd-vit-tagger-v3 inputs=1
2026-09-17T03:36:12.110504Z DEBUG panoptikon::inferio::http: processing local inference predict model=tags/wd-vit-tagger-v3 inputs=1
2026-09-17T03:36:12.110700Z DEBUG panoptikon::inferio::http: processing local inference predict model=tags/wd-vit-tagger-v3 inputs=1
2026-09-17T03:36:12.110931Z DEBUG panoptikon::inferio::http: processing local inference predict model=tags/wd-vit-tagger-v3 inputs=1
2026-09-17T03:36:12.110960Z DEBUG panoptikon::inferio::http: processing local inference predict model=tags/wd-vit-tagger-v3 inputs=1
2026-09-17T03:36:12.110996Z DEBUG panoptikon::inferio::http: processing local inference predict model=tags/wd-vit-tagger-v3 inputs=1
2026-09-17T03:36:12.111079Z DEBUG panoptikon::inferio::http: processing local inference predict model=tags/wd-vit-tagger-v3 inputs=1
2026-09-17T03:36:12.111245Z DEBUG panoptikon::inferio::http: processing local inference predict model=tags/wd-vit-tagger-v3 inputs=1
2026-09-17T03:36:12.111307Z DEBUG panoptikon::inferio::http: processing local inference predict model=tags/wd-vit-tagger-v3 inputs=1
2026-09-17T03:36:12.111431Z DEBUG panoptikon::inferio::http: processing local inference predict model=tags/wd-vit-tagger-v3 inputs=1
2026-09-17T03:36:12.111470Z DEBUG panoptikon::inferio::http: processing local inference predict model=tags/wd-vit-tagger-v3 inputs=1
2026-09-17T03:36:12.197689Z  INFO panoptikon::inferio::worker: 2026-09-17 03:36:12,197 [DEBUG] inferio_worker_impl_0_wd_tagger: Running inference on 15 images worker=wd_tagger
2026-09-17T03:36:14.889741Z  INFO panoptikon::inferio::worker: 2026-09-17 03:36:14,889 [DEBUG] inferio_worker_impl_0_wd_tagger: Running inference on 15 images worker=wd_tagger
2026-09-17T03:36:17.280726Z  INFO panoptikon::inferio::worker: 2026-09-17 03:36:17,280 [DEBUG] inferio_worker_impl_0_wd_tagger: Running inference on 15 images worker=wd_tagger
2026-09-17T03:36:19.583812Z DEBUG panoptikon::inferio::ledger: refitted the memory cost model model=tags/wd-vit-tagger-v3 gpu=CPU slope_mb_per_unit=34.58404558404558 intercept_mb=93.41595441595442 residual_mb=9.415954415954417 samples=9 version=17
2026-09-17T03:36:19.583860Z DEBUG panoptikon::inferio::ledger: queued a calibration profile update for the store model=tags/wd-vit-tagger-v3 gpu=CPU reason="fit_changed" max_units_measured=32 fit_version=17
2026-09-17T03:36:19.583882Z DEBUG panoptikon::inferio::ledger: settled a granted window model=tags/wd-vit-tagger-v3 gpu=CPU outcome="clean" fit_samples=3 throughput_samples=3 clamped_samples=0 clamped=none ramp_step=4 deflation=0 clean_windows=28 max_units_measured=32
2026-09-17T03:36:19.583969Z DEBUG panoptikon::inferio::ledger: issued a memory grant model=tags/wd-vit-tagger-v3 gpu=CPU unit_budget=15 mb=519 canvas_pixels=none share_mb=89292 room_mb=89292 headroom_mb=88451 external_mb=37855 reserve_mb=1024 reserve_rule="capped_default" pre_fit=false ramp_step=4 deflation=0 squeezed=false window_requests=45
2026-09-17T03:36:19.585561Z DEBUG panoptikon::inferio::http: processing local inference predict model=tags/wd-vit-tagger-v3 inputs=1
2026-09-17T03:36:19.585880Z DEBUG panoptikon::inferio::http: processing local inference predict model=tags/wd-vit-tagger-v3 inputs=1
2026-09-17T03:36:19.586176Z DEBUG panoptikon::inferio::http: processing local inference predict model=tags/wd-vit-tagger-v3 inputs=1
2026-09-17T03:36:19.586340Z DEBUG panoptikon::inferio::http: processing local inference predict model=tags/wd-vit-tagger-v3 inputs=1
2026-09-17T03:36:19.586458Z DEBUG panoptikon::inferio::http: processing local inference predict model=tags/wd-vit-tagger-v3 inputs=1
2026-09-17T03:36:19.586498Z DEBUG panoptikon::inferio::http: processing local inference predict model=tags/wd-vit-tagger-v3 inputs=1
2026-09-17T03:36:19.586550Z DEBUG panoptikon::inferio::http: processing local inference predict model=tags/wd-vit-tagger-v3 inputs=1
2026-09-17T03:36:19.586745Z DEBUG panoptikon::inferio::http: processing local inference predict model=tags/wd-vit-tagger-v3 inputs=1
2026-09-17T03:36:19.586877Z DEBUG panoptikon::inferio::http: processing local inference predict model=tags/wd-vit-tagger-v3 inputs=1
2026-09-17T03:36:19.586912Z DEBUG panoptikon::inferio::http: processing local inference predict model=tags/wd-vit-tagger-v3 inputs=1
2026-09-17T03:36:19.586948Z DEBUG panoptikon::inferio::http: processing local inference predict model=tags/wd-vit-tagger-v3 inputs=1
2026-09-17T03:36:19.587047Z DEBUG panoptikon::inferio::http: processing local inference predict model=tags/wd-vit-tagger-v3 inputs=1
2026-09-17T03:36:19.587210Z DEBUG panoptikon::inferio::http: processing local inference predict model=tags/wd-vit-tagger-v3 inputs=1
2026-09-17T03:36:19.587260Z DEBUG panoptikon::inferio::http: processing local inference predict model=tags/wd-vit-tagger-v3 inputs=1
2026-09-17T03:36:19.587335Z DEBUG panoptikon::inferio::http: processing local inference predict model=tags/wd-vit-tagger-v3 inputs=1
2026-09-17T03:36:19.587378Z DEBUG panoptikon::inferio::http: processing local inference predict model=tags/wd-vit-tagger-v3 inputs=1
2026-09-17T03:36:19.587421Z DEBUG panoptikon::inferio::http: processing local inference predict model=tags/wd-vit-tagger-v3 inputs=1
2026-09-17T03:36:19.587743Z DEBUG panoptikon::inferio::http: processing local inference predict model=tags/wd-vit-tagger-v3 inputs=1
2026-09-17T03:36:19.587791Z DEBUG panoptikon::inferio::http: processing local inference predict model=tags/wd-vit-tagger-v3 inputs=1
2026-09-17T03:36:19.587819Z DEBUG panoptikon::inferio::http: processing local inference predict model=tags/wd-vit-tagger-v3 inputs=1
2026-09-17T03:36:19.587866Z DEBUG panoptikon::inferio::http: processing local inference predict model=tags/wd-vit-tagger-v3 inputs=1
2026-09-17T03:36:19.587898Z DEBUG panoptikon::inferio::http: processing local inference predict model=tags/wd-vit-tagger-v3 inputs=1
2026-09-17T03:36:19.588053Z DEBUG panoptikon::inferio::http: processing local inference predict model=tags/wd-vit-tagger-v3 inputs=1
2026-09-17T03:36:19.588082Z DEBUG panoptikon::inferio::http: processing local inference predict model=tags/wd-vit-tagger-v3 inputs=1
2026-09-17T03:36:19.588139Z DEBUG panoptikon::inferio::http: processing local inference predict model=tags/wd-vit-tagger-v3 inputs=1
2026-09-17T03:36:19.588175Z DEBUG panoptikon::inferio::http: processing local inference predict model=tags/wd-vit-tagger-v3 inputs=1
2026-09-17T03:36:19.588216Z DEBUG panoptikon::inferio::http: processing local inference predict model=tags/wd-vit-tagger-v3 inputs=1
2026-09-17T03:36:19.588256Z DEBUG panoptikon::inferio::http: processing local inference predict model=tags/wd-vit-tagger-v3 inputs=1
2026-09-17T03:36:19.588285Z DEBUG panoptikon::inferio::http: processing local inference predict model=tags/wd-vit-tagger-v3 inputs=1
2026-09-17T03:36:19.588310Z DEBUG panoptikon::inferio::http: processing local inference predict model=tags/wd-vit-tagger-v3 inputs=1
2026-09-17T03:36:19.588349Z DEBUG panoptikon::inferio::http: processing local inference predict model=tags/wd-vit-tagger-v3 inputs=1
2026-09-17T03:36:19.588391Z DEBUG panoptikon::inferio::http: processing local inference predict model=tags/wd-vit-tagger-v3 inputs=1
2026-09-17T03:36:19.588418Z DEBUG panoptikon::inferio::http: processing local inference predict model=tags/wd-vit-tagger-v3 inputs=1
2026-09-17T03:36:19.588443Z DEBUG panoptikon::inferio::http: processing local inference predict model=tags/wd-vit-tagger-v3 inputs=1
2026-09-17T03:36:19.588472Z DEBUG panoptikon::inferio::http: processing local inference predict model=tags/wd-vit-tagger-v3 inputs=1
2026-09-17T03:36:19.588522Z DEBUG panoptikon::inferio::http: processing local inference predict model=tags/wd-vit-tagger-v3 inputs=1
2026-09-17T03:36:19.588814Z DEBUG panoptikon::inferio::http: processing local inference predict model=tags/wd-vit-tagger-v3 inputs=1
2026-09-17T03:36:19.588846Z DEBUG panoptikon::inferio::http: processing local inference predict model=tags/wd-vit-tagger-v3 inputs=1
2026-09-17T03:36:19.588893Z DEBUG panoptikon::inferio::http: processing local inference predict model=tags/wd-vit-tagger-v3 inputs=1
2026-09-17T03:36:19.588928Z DEBUG panoptikon::inferio::http: processing local inference predict model=tags/wd-vit-tagger-v3 inputs=1
2026-09-17T03:36:19.589103Z DEBUG panoptikon::inferio::http: processing local inference predict model=tags/wd-vit-tagger-v3 inputs=1
2026-09-17T03:36:19.589135Z DEBUG panoptikon::inferio::http: processing local inference predict model=tags/wd-vit-tagger-v3 inputs=1
2026-09-17T03:36:19.589172Z DEBUG panoptikon::inferio::http: processing local inference predict model=tags/wd-vit-tagger-v3 inputs=1
2026-09-17T03:36:19.589237Z DEBUG panoptikon::inferio::http: processing local inference predict model=tags/wd-vit-tagger-v3 inputs=1
2026-09-17T03:36:19.589281Z DEBUG panoptikon::inferio::http: processing local inference predict model=tags/wd-vit-tagger-v3 inputs=1
2026-09-17T03:36:19.592765Z  INFO panoptikon::inferio::worker: 2026-09-17 03:36:19,592 [DEBUG] inferio_worker.packing: this window's 519 MiB grant is below 80% of the 1080 MiB of releasable slack in the 1895 MiB pool (1/2 consecutive windows before releasing it) worker=wd_tagger
2026-09-17T03:36:19.673899Z  INFO panoptikon::inferio::worker: 2026-09-17 03:36:19,673 [DEBUG] inferio_worker_impl_0_wd_tagger: Running inference on 15 images worker=wd_tagger
2026-09-17T03:36:21.826855Z  INFO panoptikon::inferio::worker: 2026-09-17 03:36:21,826 [DEBUG] inferio_worker_impl_0_wd_tagger: Running inference on 15 images worker=wd_tagger
2026-09-17T03:36:24.002457Z  INFO panoptikon::inferio::worker: 2026-09-17 03:36:24,002 [DEBUG] inferio_worker_impl_0_wd_tagger: Running inference on 15 images worker=wd_tagger
2026-09-17T03:36:26.119968Z DEBUG panoptikon::inferio::ledger: refitted the memory cost model model=tags/wd-vit-tagger-v3 gpu=CPU slope_mb_per_unit=34.63148148148148 intercept_mb=93.31851851851854 residual_mb=10.209259259259284 samples=9 version=18
2026-09-17T03:36:26.120008Z DEBUG panoptikon::inferio::ledger: queued a calibration profile update for the store model=tags/wd-vit-tagger-v3 gpu=CPU reason="fit_changed" max_units_measured=32 fit_version=18
2026-09-17T03:36:26.120029Z DEBUG panoptikon::inferio::ledger: settled a granted window model=tags/wd-vit-tagger-v3 gpu=CPU outcome="clean" fit_samples=3 throughput_samples=3 clamped_samples=0 clamped=none ramp_step=4 deflation=0 clean_windows=29 max_units_measured=32
2026-09-17T03:36:26.120092Z DEBUG panoptikon::inferio::ledger: issued a memory grant model=tags/wd-vit-tagger-v3 gpu=CPU unit_budget=15 mb=520 canvas_pixels=none share_mb=89367 room_mb=89367 headroom_mb=88526 external_mb=37780 reserve_mb=1024 reserve_rule="capped_default" pre_fit=false ramp_step=4 deflation=0 squeezed=false window_requests=45
2026-09-17T03:36:26.121703Z DEBUG panoptikon::inferio::http: processing local inference predict model=tags/wd-vit-tagger-v3 inputs=1
2026-09-17T03:36:26.121927Z DEBUG panoptikon::inferio::http: processing local inference predict model=tags/wd-vit-tagger-v3 inputs=1
2026-09-17T03:36:26.121972Z DEBUG panoptikon::inferio::http: processing local inference predict model=tags/wd-vit-tagger-v3 inputs=1
2026-09-17T03:36:26.122013Z DEBUG panoptikon::inferio::http: processing local inference predict model=tags/wd-vit-tagger-v3 inputs=1
2026-09-17T03:36:26.122055Z DEBUG panoptikon::inferio::http: processing local inference predict model=tags/wd-vit-tagger-v3 inputs=1
2026-09-17T03:36:26.122192Z DEBUG panoptikon::inferio::http: processing local inference predict model=tags/wd-vit-tagger-v3 inputs=1
2026-09-17T03:36:26.122269Z DEBUG panoptikon::inferio::http: processing local inference predict model=tags/wd-vit-tagger-v3 inputs=1
2026-09-17T03:36:26.122346Z DEBUG panoptikon::inferio::http: processing local inference predict model=tags/wd-vit-tagger-v3 inputs=1
2026-09-17T03:36:26.122492Z DEBUG panoptikon::inferio::http: processing local inference predict model=tags/wd-vit-tagger-v3 inputs=1
2026-09-17T03:36:26.122539Z DEBUG panoptikon::inferio::http: processing local inference predict model=tags/wd-vit-tagger-v3 inputs=1
2026-09-17T03:36:26.122643Z DEBUG panoptikon::inferio::http: processing local inference predict model=tags/wd-vit-tagger-v3 inputs=1
2026-09-17T03:36:26.122745Z DEBUG panoptikon::inferio::http: processing local inference predict model=tags/wd-vit-tagger-v3 inputs=1
2026-09-17T03:36:26.122775Z DEBUG panoptikon::inferio::http: processing local inference predict model=tags/wd-vit-tagger-v3 inputs=1
2026-09-17T03:36:26.122815Z DEBUG panoptikon::inferio::http: processing local inference predict model=tags/wd-vit-tagger-v3 inputs=1
2026-09-17T03:36:26.122856Z DEBUG panoptikon::inferio::http: processing local inference predict model=tags/wd-vit-tagger-v3 inputs=1
2026-09-17T03:36:26.122947Z DEBUG panoptikon::inferio::http: processing local inference predict model=tags/wd-vit-tagger-v3 inputs=1
2026-09-17T03:36:26.123006Z DEBUG panoptikon::inferio::http: processing local inference predict model=tags/wd-vit-tagger-v3 inputs=1
2026-09-17T03:36:26.123144Z DEBUG panoptikon::inferio::http: processing local inference predict model=tags/wd-vit-tagger-v3 inputs=1
2026-09-17T03:36:26.123172Z DEBUG panoptikon::inferio::http: processing local inference predict model=tags/wd-vit-tagger-v3 inputs=1
2026-09-17T03:36:26.123203Z DEBUG panoptikon::inferio::http: processing local inference predict model=tags/wd-vit-tagger-v3 inputs=1
2026-09-17T03:36:26.123264Z DEBUG panoptikon::inferio::http: processing local inference predict model=tags/wd-vit-tagger-v3 inputs=1
2026-09-17T03:36:26.123408Z DEBUG panoptikon::inferio::http: processing local inference predict model=tags/wd-vit-tagger-v3 inputs=1
2026-09-17T03:36:26.123521Z DEBUG panoptikon::inferio::http: processing local inference predict model=tags/wd-vit-tagger-v3 inputs=1
2026-09-17T03:36:26.123620Z DEBUG panoptikon::inferio::http: processing local inference predict model=tags/wd-vit-tagger-v3 inputs=1
2026-09-17T03:36:26.123654Z DEBUG panoptikon::inferio::http: processing local inference predict model=tags/wd-vit-tagger-v3 inputs=1
2026-09-17T03:36:26.123696Z DEBUG panoptikon::inferio::http: processing local inference predict model=tags/wd-vit-tagger-v3 inputs=1
2026-09-17T03:36:26.123778Z DEBUG panoptikon::inferio::http: processing local inference predict model=tags/wd-vit-tagger-v3 inputs=1
2026-09-17T03:36:26.123874Z DEBUG panoptikon::inferio::http: processing local inference predict model=tags/wd-vit-tagger-v3 inputs=1
2026-09-17T03:36:26.123914Z DEBUG panoptikon::inferio::http: processing local inference predict model=tags/wd-vit-tagger-v3 inputs=1
2026-09-17T03:36:26.124029Z DEBUG panoptikon::inferio::http: processing local inference predict model=tags/wd-vit-tagger-v3 inputs=1
2026-09-17T03:36:26.124060Z DEBUG panoptikon::inferio::http: processing local inference predict model=tags/wd-vit-tagger-v3 inputs=1
2026-09-17T03:36:26.124096Z DEBUG panoptikon::inferio::http: processing local inference predict model=tags/wd-vit-tagger-v3 inputs=1
2026-09-17T03:36:26.124144Z DEBUG panoptikon::inferio::http: processing local inference predict model=tags/wd-vit-tagger-v3 inputs=1
2026-09-17T03:36:26.124186Z DEBUG panoptikon::inferio::http: processing local inference predict model=tags/wd-vit-tagger-v3 inputs=1
2026-09-17T03:36:26.124285Z DEBUG panoptikon::inferio::http: processing local inference predict model=tags/wd-vit-tagger-v3 inputs=1
2026-09-17T03:36:26.124333Z DEBUG panoptikon::inferio::http: processing local inference predict model=tags/wd-vit-tagger-v3 inputs=1
2026-09-17T03:36:26.124405Z DEBUG panoptikon::inferio::http: processing local inference predict model=tags/wd-vit-tagger-v3 inputs=1
2026-09-17T03:36:26.124438Z DEBUG panoptikon::inferio::http: processing local inference predict model=tags/wd-vit-tagger-v3 inputs=1
2026-09-17T03:36:26.124497Z DEBUG panoptikon::inferio::http: processing local inference predict model=tags/wd-vit-tagger-v3 inputs=1
2026-09-17T03:36:26.124699Z DEBUG panoptikon::inferio::http: processing local inference predict model=tags/wd-vit-tagger-v3 inputs=1
2026-09-17T03:36:26.124727Z DEBUG panoptikon::inferio::http: processing local inference predict model=tags/wd-vit-tagger-v3 inputs=1
2026-09-17T03:36:26.124827Z DEBUG panoptikon::inferio::http: processing local inference predict model=tags/wd-vit-tagger-v3 inputs=1
2026-09-17T03:36:26.124920Z DEBUG panoptikon::inferio::http: processing local inference predict model=tags/wd-vit-tagger-v3 inputs=1
2026-09-17T03:36:26.124962Z DEBUG panoptikon::inferio::http: processing local inference predict model=tags/wd-vit-tagger-v3 inputs=1
2026-09-17T03:36:26.125179Z DEBUG panoptikon::inferio::http: processing local inference predict model=tags/wd-vit-tagger-v3 inputs=1
2026-09-17T03:36:26.210112Z  INFO panoptikon::inferio::worker: 2026-09-17 03:36:26,209 [DEBUG] inferio_worker_impl_0_wd_tagger: Running inference on 15 images worker=wd_tagger
2026-09-17T03:36:28.432540Z  INFO panoptikon::inferio::worker: 2026-09-17 03:36:28,432 [DEBUG] inferio_worker_impl_0_wd_tagger: Running inference on 15 images worker=wd_tagger
2026-09-17T03:36:30.563160Z  INFO panoptikon::inferio::worker: 2026-09-17 03:36:30,562 [DEBUG] inferio_worker_impl_0_wd_tagger: Running inference on 15 images worker=wd_tagger
2026-09-17T03:36:32.619021Z DEBUG panoptikon::inferio::ledger: refitted the memory cost model model=tags/wd-vit-tagger-v3 gpu=CPU slope_mb_per_unit=34.69047619047619 intercept_mb=74.95238095238096 residual_mb=12.714285714285722 samples=9 version=19
2026-09-17T03:36:32.619068Z DEBUG panoptikon::inferio::ledger: queued a calibration profile update for the store model=tags/wd-vit-tagger-v3 gpu=CPU reason="fit_changed" max_units_measured=32 fit_version=19
2026-09-17T03:36:32.619090Z DEBUG panoptikon::inferio::ledger: settled a granted window model=tags/wd-vit-tagger-v3 gpu=CPU outcome="clean" fit_samples=3 throughput_samples=3 clamped_samples=0 clamped=none ramp_step=4 deflation=0 clean_windows=30 max_units_measured=32
2026-09-17T03:36:32.619159Z DEBUG panoptikon::inferio::ledger: issued a memory grant model=tags/wd-vit-tagger-v3 gpu=CPU unit_budget=15 mb=521 canvas_pixels=none share_mb=89353 room_mb=89353 headroom_mb=88512 external_mb=37794 reserve_mb=1024 reserve_rule="capped_default" pre_fit=false ramp_step=4 deflation=0 squeezed=false window_requests=45
2026-09-17T03:36:32.620603Z DEBUG panoptikon::inferio::http: processing local inference predict model=tags/wd-vit-tagger-v3 inputs=1
2026-09-17T03:36:32.620940Z DEBUG panoptikon::inferio::http: processing local inference predict model=tags/wd-vit-tagger-v3 inputs=1
2026-09-17T03:36:32.621071Z DEBUG panoptikon::inferio::http: processing local inference predict model=tags/wd-vit-tagger-v3 inputs=1
2026-09-17T03:36:32.621420Z DEBUG panoptikon::inferio::http: processing local inference predict model=tags/wd-vit-tagger-v3 inputs=1
2026-09-17T03:36:32.621454Z DEBUG panoptikon::inferio::http: processing local inference predict model=tags/wd-vit-tagger-v3 inputs=1
2026-09-17T03:36:32.621625Z DEBUG panoptikon::inferio::http: processing local inference predict model=tags/wd-vit-tagger-v3 inputs=1
2026-09-17T03:36:32.621701Z DEBUG panoptikon::inferio::http: processing local inference predict model=tags/wd-vit-tagger-v3 inputs=1
2026-09-17T03:36:32.621926Z DEBUG panoptikon::inferio::http: processing local inference predict model=tags/wd-vit-tagger-v3 inputs=1
2026-09-17T03:36:32.622037Z DEBUG panoptikon::inferio::http: processing local inference predict model=tags/wd-vit-tagger-v3 inputs=1
2026-09-17T03:36:32.622086Z DEBUG panoptikon::inferio::http: processing local inference predict model=tags/wd-vit-tagger-v3 inputs=1
2026-09-17T03:36:32.622148Z DEBUG panoptikon::inferio::http: processing local inference predict model=tags/wd-vit-tagger-v3 inputs=1
2026-09-17T03:36:32.622184Z DEBUG panoptikon::inferio::http: processing local inference predict model=tags/wd-vit-tagger-v3 inputs=1
2026-09-17T03:36:32.622222Z DEBUG panoptikon::inferio::http: processing local inference predict model=tags/wd-vit-tagger-v3 inputs=1
2026-09-17T03:36:32.622268Z DEBUG panoptikon::inferio::http: processing local inference predict model=tags/wd-vit-tagger-v3 inputs=1
2026-09-17T03:36:32.622463Z DEBUG panoptikon::inferio::http: processing local inference predict model=tags/wd-vit-tagger-v3 inputs=1
2026-09-17T03:36:32.622503Z DEBUG panoptikon::inferio::http: processing local inference predict model=tags/wd-vit-tagger-v3 inputs=1
2026-09-17T03:36:32.622532Z DEBUG panoptikon::inferio::http: processing local inference predict model=tags/wd-vit-tagger-v3 inputs=1
2026-09-17T03:36:32.622559Z DEBUG panoptikon::inferio::http: processing local inference predict model=tags/wd-vit-tagger-v3 inputs=1
2026-09-17T03:36:32.622735Z DEBUG panoptikon::inferio::http: processing local inference predict model=tags/wd-vit-tagger-v3 inputs=1
2026-09-17T03:36:32.622762Z DEBUG panoptikon::inferio::http: processing local inference predict model=tags/wd-vit-tagger-v3 inputs=1
2026-09-17T03:36:32.623069Z DEBUG panoptikon::inferio::http: processing local inference predict model=tags/wd-vit-tagger-v3 inputs=1
2026-09-17T03:36:32.623106Z DEBUG panoptikon::inferio::http: processing local inference predict model=tags/wd-vit-tagger-v3 inputs=1
2026-09-17T03:36:32.623141Z DEBUG panoptikon::inferio::http: processing local inference predict model=tags/wd-vit-tagger-v3 inputs=1
2026-09-17T03:36:32.623176Z DEBUG panoptikon::inferio::http: processing local inference predict model=tags/wd-vit-tagger-v3 inputs=1
2026-09-17T03:36:32.623199Z DEBUG panoptikon::inferio::http: processing local inference predict model=tags/wd-vit-tagger-v3 inputs=1
2026-09-17T03:36:32.623254Z DEBUG panoptikon::inferio::http: processing local inference predict model=tags/wd-vit-tagger-v3 inputs=1
2026-09-17T03:36:32.623302Z DEBUG panoptikon::inferio::http: processing local inference predict model=tags/wd-vit-tagger-v3 inputs=1
2026-09-17T03:36:32.623416Z DEBUG panoptikon::inferio::http: processing local inference predict model=tags/wd-vit-tagger-v3 inputs=1
2026-09-17T03:36:32.623447Z DEBUG panoptikon::inferio::http: processing local inference predict model=tags/wd-vit-tagger-v3 inputs=1
2026-09-17T03:36:32.623499Z DEBUG panoptikon::inferio::http: processing local inference predict model=tags/wd-vit-tagger-v3 inputs=1
2026-09-17T03:36:32.623703Z DEBUG panoptikon::inferio::http: processing local inference predict model=tags/wd-vit-tagger-v3 inputs=1
2026-09-17T03:36:32.623725Z DEBUG panoptikon::inferio::http: processing local inference predict model=tags/wd-vit-tagger-v3 inputs=1
2026-09-17T03:36:32.623766Z DEBUG panoptikon::inferio::http: processing local inference predict model=tags/wd-vit-tagger-v3 inputs=1
2026-09-17T03:36:32.623805Z DEBUG panoptikon::inferio::http: processing local inference predict model=tags/wd-vit-tagger-v3 inputs=1
2026-09-17T03:36:32.623835Z DEBUG panoptikon::inferio::http: processing local inference predict model=tags/wd-vit-tagger-v3 inputs=1
2026-09-17T03:36:32.623879Z DEBUG panoptikon::inferio::http: processing local inference predict model=tags/wd-vit-tagger-v3 inputs=1
2026-09-17T03:36:32.623913Z DEBUG panoptikon::inferio::http: processing local inference predict model=tags/wd-vit-tagger-v3 inputs=1
2026-09-17T03:36:32.623966Z DEBUG panoptikon::inferio::http: processing local inference predict model=tags/wd-vit-tagger-v3 inputs=1
2026-09-17T03:36:32.623999Z DEBUG panoptikon::inferio::http: processing local inference predict model=tags/wd-vit-tagger-v3 inputs=1
2026-09-17T03:36:32.624110Z DEBUG panoptikon::inferio::http: processing local inference predict model=tags/wd-vit-tagger-v3 inputs=1
2026-09-17T03:36:32.624135Z DEBUG panoptikon::inferio::http: processing local inference predict model=tags/wd-vit-tagger-v3 inputs=1
2026-09-17T03:36:32.624393Z DEBUG panoptikon::inferio::http: processing local inference predict model=tags/wd-vit-tagger-v3 inputs=1
2026-09-17T03:36:32.624558Z DEBUG panoptikon::inferio::http: processing local inference predict model=tags/wd-vit-tagger-v3 inputs=1
2026-09-17T03:36:32.624635Z DEBUG panoptikon::inferio::http: processing local inference predict model=tags/wd-vit-tagger-v3 inputs=1
2026-09-17T03:36:32.624652Z DEBUG panoptikon::inferio::http: processing local inference predict model=tags/wd-vit-tagger-v3 inputs=1
2026-09-17T03:36:32.628173Z  INFO panoptikon::inferio::worker: 2026-09-17 03:36:32,628 [DEBUG] inferio_worker.packing: this window's 521 MiB grant is below 80% of the 1080 MiB of releasable slack in the 1895 MiB pool (1/2 consecutive windows before releasing it) worker=wd_tagger
2026-09-17T03:36:32.708883Z  INFO panoptikon::inferio::worker: 2026-09-17 03:36:32,708 [DEBUG] inferio_worker_impl_0_wd_tagger: Running inference on 15 images worker=wd_tagger
2026-09-17T03:36:35.536499Z  INFO panoptikon::inferio::worker: 2026-09-17 03:36:35,536 [DEBUG] inferio_worker_impl_0_wd_tagger: Running inference on 15 images worker=wd_tagger
2026-09-17T03:36:37.806139Z  INFO panoptikon::inferio::worker: 2026-09-17 03:36:37,805 [DEBUG] inferio_worker_impl_0_wd_tagger: Running inference on 15 images worker=wd_tagger
2026-09-17T03:36:38.596005Z  INFO panoptikon::inferio::calibration: wrote the local calibration store path=data/inferio/calibration.toml profiles=1
2026-09-17T03:36:39.864220Z DEBUG panoptikon::inferio::ledger: refitted the memory cost model model=tags/wd-vit-tagger-v3 gpu=CPU slope_mb_per_unit=34.63148148148148 intercept_mb=85.52777777777783 residual_mb=9.6314814814815 samples=9 version=20
2026-09-17T03:36:39.864271Z DEBUG panoptikon::inferio::ledger: queued a calibration profile update for the store model=tags/wd-vit-tagger-v3 gpu=CPU reason="fit_changed" max_units_measured=32 fit_version=20
2026-09-17T03:36:39.864293Z DEBUG panoptikon::inferio::ledger: settled a granted window model=tags/wd-vit-tagger-v3 gpu=CPU outcome="clean" fit_samples=3 throughput_samples=3 clamped_samples=0 clamped=none ramp_step=4 deflation=0 clean_windows=31 max_units_measured=32
2026-09-17T03:36:39.864350Z DEBUG panoptikon::inferio::ledger: issued a memory grant model=tags/wd-vit-tagger-v3 gpu=CPU unit_budget=15 mb=520 canvas_pixels=none share_mb=89284 room_mb=89284 headroom_mb=88443 external_mb=37863 reserve_mb=1024 reserve_rule="capped_default" pre_fit=false ramp_step=4 deflation=0 squeezed=false window_requests=45
2026-09-17T03:36:39.865830Z DEBUG panoptikon::inferio::http: processing local inference predict model=tags/wd-vit-tagger-v3 inputs=1
2026-09-17T03:36:39.865927Z DEBUG panoptikon::inferio::http: processing local inference predict model=tags/wd-vit-tagger-v3 inputs=1
2026-09-17T03:36:39.866201Z DEBUG panoptikon::inferio::http: processing local inference predict model=tags/wd-vit-tagger-v3 inputs=1
2026-09-17T03:36:39.866236Z DEBUG panoptikon::inferio::http: processing local inference predict model=tags/wd-vit-tagger-v3 inputs=1
2026-09-17T03:36:39.866275Z DEBUG panoptikon::inferio::http: processing local inference predict model=tags/wd-vit-tagger-v3 inputs=1
2026-09-17T03:36:39.866346Z DEBUG panoptikon::inferio::http: processing local inference predict model=tags/wd-vit-tagger-v3 inputs=1
2026-09-17T03:36:39.866384Z DEBUG panoptikon::inferio::http: processing local inference predict model=tags/wd-vit-tagger-v3 inputs=1
2026-09-17T03:36:39.866596Z DEBUG panoptikon::inferio::http: processing local inference predict model=tags/wd-vit-tagger-v3 inputs=1
2026-09-17T03:36:39.866708Z DEBUG panoptikon::inferio::http: processing local inference predict model=tags/wd-vit-tagger-v3 inputs=1
2026-09-17T03:36:39.866746Z DEBUG panoptikon::inferio::http: processing local inference predict model=tags/wd-vit-tagger-v3 inputs=1
2026-09-17T03:36:39.866784Z DEBUG panoptikon::inferio::http: processing local inference predict model=tags/wd-vit-tagger-v3 inputs=1
2026-09-17T03:36:39.866922Z DEBUG panoptikon::inferio::http: processing local inference predict model=tags/wd-vit-tagger-v3 inputs=1
2026-09-17T03:36:39.866973Z DEBUG panoptikon::inferio::http: processing local inference predict model=tags/wd-vit-tagger-v3 inputs=1
2026-09-17T03:36:39.867146Z DEBUG panoptikon::inferio::http: processing local inference predict model=tags/wd-vit-tagger-v3 inputs=1
2026-09-17T03:36:39.867219Z DEBUG panoptikon::inferio::http: processing local inference predict model=tags/wd-vit-tagger-v3 inputs=1
2026-09-17T03:36:39.867248Z DEBUG panoptikon::inferio::http: processing local inference predict model=tags/wd-vit-tagger-v3 inputs=1
2026-09-17T03:36:39.867284Z DEBUG panoptikon::inferio::http: processing local inference predict model=tags/wd-vit-tagger-v3 inputs=1
2026-09-17T03:36:39.867319Z DEBUG panoptikon::inferio::http: processing local inference predict model=tags/wd-vit-tagger-v3 inputs=1
2026-09-17T03:36:39.867351Z DEBUG panoptikon::inferio::http: processing local inference predict model=tags/wd-vit-tagger-v3 inputs=1
2026-09-17T03:36:39.867403Z DEBUG panoptikon::inferio::http: processing local inference predict model=tags/wd-vit-tagger-v3 inputs=1
2026-09-17T03:36:39.867431Z DEBUG panoptikon::inferio::http: processing local inference predict model=tags/wd-vit-tagger-v3 inputs=1
2026-09-17T03:36:39.867464Z DEBUG panoptikon::inferio::http: processing local inference predict model=tags/wd-vit-tagger-v3 inputs=1
2026-09-17T03:36:39.867493Z DEBUG panoptikon::inferio::http: processing local inference predict model=tags/wd-vit-tagger-v3 inputs=1
2026-09-17T03:36:39.867528Z DEBUG panoptikon::inferio::http: processing local inference predict model=tags/wd-vit-tagger-v3 inputs=1
2026-09-17T03:36:39.867555Z DEBUG panoptikon::inferio::http: processing local inference predict model=tags/wd-vit-tagger-v3 inputs=1
2026-09-17T03:36:39.867586Z DEBUG panoptikon::inferio::http: processing local inference predict model=tags/wd-vit-tagger-v3 inputs=1
2026-09-17T03:36:39.867646Z DEBUG panoptikon::inferio::http: processing local inference predict model=tags/wd-vit-tagger-v3 inputs=1
2026-09-17T03:36:39.867721Z DEBUG panoptikon::inferio::http: processing local inference predict model=tags/wd-vit-tagger-v3 inputs=1
2026-09-17T03:36:39.867746Z DEBUG panoptikon::inferio::http: processing local inference predict model=tags/wd-vit-tagger-v3 inputs=1
2026-09-17T03:36:39.867896Z DEBUG panoptikon::inferio::http: processing local inference predict model=tags/wd-vit-tagger-v3 inputs=1
2026-09-17T03:36:39.867921Z DEBUG panoptikon::inferio::http: processing local inference predict model=tags/wd-vit-tagger-v3 inputs=1
2026-09-17T03:36:39.867952Z DEBUG panoptikon::inferio::http: processing local inference predict model=tags/wd-vit-tagger-v3 inputs=1
2026-09-17T03:36:39.867997Z DEBUG panoptikon::inferio::http: processing local inference predict model=tags/wd-vit-tagger-v3 inputs=1
2026-09-17T03:36:39.868025Z DEBUG panoptikon::inferio::http: processing local inference predict model=tags/wd-vit-tagger-v3 inputs=1
2026-09-17T03:36:39.868049Z DEBUG panoptikon::inferio::http: processing local inference predict model=tags/wd-vit-tagger-v3 inputs=1
2026-09-17T03:36:39.868087Z DEBUG panoptikon::inferio::http: processing local inference predict model=tags/wd-vit-tagger-v3 inputs=1
2026-09-17T03:36:39.868116Z DEBUG panoptikon::inferio::http: processing local inference predict model=tags/wd-vit-tagger-v3 inputs=1
2026-09-17T03:36:39.868143Z DEBUG panoptikon::inferio::http: processing local inference predict model=tags/wd-vit-tagger-v3 inputs=1
2026-09-17T03:36:39.868179Z DEBUG panoptikon::inferio::http: processing local inference predict model=tags/wd-vit-tagger-v3 inputs=1
2026-09-17T03:36:39.868282Z DEBUG panoptikon::inferio::http: processing local inference predict model=tags/wd-vit-tagger-v3 inputs=1
2026-09-17T03:36:39.868319Z DEBUG panoptikon::inferio::http: processing local inference predict model=tags/wd-vit-tagger-v3 inputs=1
2026-09-17T03:36:39.868436Z DEBUG panoptikon::inferio::http: processing local inference predict model=tags/wd-vit-tagger-v3 inputs=1
2026-09-17T03:36:39.868465Z DEBUG panoptikon::inferio::http: processing local inference predict model=tags/wd-vit-tagger-v3 inputs=1
2026-09-17T03:36:39.868489Z DEBUG panoptikon::inferio::http: processing local inference predict model=tags/wd-vit-tagger-v3 inputs=1
2026-09-17T03:36:39.868577Z DEBUG panoptikon::inferio::http: processing local inference predict model=tags/wd-vit-tagger-v3 inputs=1
2026-09-17T03:36:39.950439Z  INFO panoptikon::inferio::worker: 2026-09-17 03:36:39,950 [DEBUG] inferio_worker_impl_0_wd_tagger: Running inference on 15 images worker=wd_tagger
2026-09-17T03:36:42.062879Z  INFO panoptikon::inferio::worker: 2026-09-17 03:36:42,062 [DEBUG] inferio_worker_impl_0_wd_tagger: Running inference on 15 images worker=wd_tagger
2026-09-17T03:36:44.203788Z  INFO panoptikon::inferio::worker: 2026-09-17 03:36:44,203 [DEBUG] inferio_worker_impl_0_wd_tagger: Running inference on 15 images worker=wd_tagger
2026-09-17T03:36:46.425454Z DEBUG panoptikon::inferio::ledger: refitted the memory cost model model=tags/wd-vit-tagger-v3 gpu=CPU slope_mb_per_unit=34.63148148148148 intercept_mb=93.31851851851854 residual_mb=10.209259259259284 samples=9 version=21
2026-09-17T03:36:46.425506Z DEBUG panoptikon::inferio::ledger: queued a calibration profile update for the store model=tags/wd-vit-tagger-v3 gpu=CPU reason="fit_changed" max_units_measured=32 fit_version=21
2026-09-17T03:36:46.425531Z DEBUG panoptikon::inferio::ledger: settled a granted window model=tags/wd-vit-tagger-v3 gpu=CPU outcome="clean" fit_samples=3 throughput_samples=3 clamped_samples=0 clamped=none ramp_step=4 deflation=0 clean_windows=32 max_units_measured=32
2026-09-17T03:36:46.425625Z DEBUG panoptikon::inferio::ledger: issued a memory grant model=tags/wd-vit-tagger-v3 gpu=CPU unit_budget=15 mb=520 canvas_pixels=none share_mb=89279 room_mb=89279 headroom_mb=88438 external_mb=37868 reserve_mb=1024 reserve_rule="capped_default" pre_fit=false ramp_step=4 deflation=0 squeezed=false window_requests=45
2026-09-17T03:36:46.427333Z DEBUG panoptikon::inferio::http: processing local inference predict model=tags/wd-vit-tagger-v3 inputs=1
2026-09-17T03:36:46.427605Z DEBUG panoptikon::inferio::http: processing local inference predict model=tags/wd-vit-tagger-v3 inputs=1
2026-09-17T03:36:46.427891Z DEBUG panoptikon::inferio::http: processing local inference predict model=tags/wd-vit-tagger-v3 inputs=1
2026-09-17T03:36:46.428156Z DEBUG panoptikon::inferio::http: processing local inference predict model=tags/wd-vit-tagger-v3 inputs=1
2026-09-17T03:36:46.428261Z DEBUG panoptikon::inferio::http: processing local inference predict model=tags/wd-vit-tagger-v3 inputs=1
2026-09-17T03:36:46.428295Z DEBUG panoptikon::inferio::http: processing local inference predict model=tags/wd-vit-tagger-v3 inputs=1
2026-09-17T03:36:46.428535Z DEBUG panoptikon::inferio::http: processing local inference predict model=tags/wd-vit-tagger-v3 inputs=1
2026-09-17T03:36:46.428770Z DEBUG panoptikon::inferio::http: processing local inference predict model=tags/wd-vit-tagger-v3 inputs=1
2026-09-17T03:36:46.428863Z DEBUG panoptikon::inferio::http: processing local inference predict model=tags/wd-vit-tagger-v3 inputs=1
2026-09-17T03:36:46.428899Z DEBUG panoptikon::inferio::http: processing local inference predict model=tags/wd-vit-tagger-v3 inputs=1
2026-09-17T03:36:46.428962Z DEBUG panoptikon::inferio::http: processing local inference predict model=tags/wd-vit-tagger-v3 inputs=1
2026-09-17T03:36:46.429004Z DEBUG panoptikon::inferio::http: processing local inference predict model=tags/wd-vit-tagger-v3 inputs=1
2026-09-17T03:36:46.429057Z DEBUG panoptikon::inferio::http: processing local inference predict model=tags/wd-vit-tagger-v3 inputs=1
2026-09-17T03:36:46.429094Z DEBUG panoptikon::inferio::http: processing local inference predict model=tags/wd-vit-tagger-v3 inputs=1
2026-09-17T03:36:46.429147Z DEBUG panoptikon::inferio::http: processing local inference predict model=tags/wd-vit-tagger-v3 inputs=1
2026-09-17T03:36:46.429182Z DEBUG panoptikon::inferio::http: processing local inference predict model=tags/wd-vit-tagger-v3 inputs=1
2026-09-17T03:36:46.429226Z DEBUG panoptikon::inferio::http: processing local inference predict model=tags/wd-vit-tagger-v3 inputs=1
2026-09-17T03:36:46.429265Z DEBUG panoptikon::inferio::http: processing local inference predict model=tags/wd-vit-tagger-v3 inputs=1
2026-09-17T03:36:46.429363Z DEBUG panoptikon::inferio::http: processing local inference predict model=tags/wd-vit-tagger-v3 inputs=1
2026-09-17T03:36:46.429411Z DEBUG panoptikon::inferio::http: processing local inference predict model=tags/wd-vit-tagger-v3 inputs=1
2026-09-17T03:36:46.429504Z DEBUG panoptikon::inferio::http: processing local inference predict model=tags/wd-vit-tagger-v3 inputs=1
2026-09-17T03:36:46.429542Z DEBUG panoptikon::inferio::http: processing local inference predict model=tags/wd-vit-tagger-v3 inputs=1
2026-09-17T03:36:46.429586Z DEBUG panoptikon::inferio::http: processing local inference predict model=tags/wd-vit-tagger-v3 inputs=1
2026-09-17T03:36:46.429637Z DEBUG panoptikon::inferio::http: processing local inference predict model=tags/wd-vit-tagger-v3 inputs=1
2026-09-17T03:36:46.429683Z DEBUG panoptikon::inferio::http: processing local inference predict model=tags/wd-vit-tagger-v3 inputs=1
2026-09-17T03:36:46.429803Z DEBUG panoptikon::inferio::http: processing local inference predict model=tags/wd-vit-tagger-v3 inputs=1
2026-09-17T03:36:46.429825Z DEBUG panoptikon::inferio::http: processing local inference predict model=tags/wd-vit-tagger-v3 inputs=1
2026-09-17T03:36:46.429886Z DEBUG panoptikon::inferio::http: processing local inference predict model=tags/wd-vit-tagger-v3 inputs=1
2026-09-17T03:36:46.429931Z DEBUG panoptikon::inferio::http: processing local inference predict model=tags/wd-vit-tagger-v3 inputs=1
2026-09-17T03:36:46.429962Z DEBUG panoptikon::inferio::http: processing local inference predict model=tags/wd-vit-tagger-v3 inputs=1
2026-09-17T03:36:46.429990Z DEBUG panoptikon::inferio::http: processing local inference predict model=tags/wd-vit-tagger-v3 inputs=1
2026-09-17T03:36:46.430160Z DEBUG panoptikon::inferio::http: processing local inference predict model=tags/wd-vit-tagger-v3 inputs=1
2026-09-17T03:36:46.430190Z DEBUG panoptikon::inferio::http: processing local inference predict model=tags/wd-vit-tagger-v3 inputs=1
2026-09-17T03:36:46.430234Z DEBUG panoptikon::inferio::http: processing local inference predict model=tags/wd-vit-tagger-v3 inputs=1
2026-09-17T03:36:46.430275Z DEBUG panoptikon::inferio::http: processing local inference predict model=tags/wd-vit-tagger-v3 inputs=1
2026-09-17T03:36:46.430308Z DEBUG panoptikon::inferio::http: processing local inference predict model=tags/wd-vit-tagger-v3 inputs=1
2026-09-17T03:36:46.430449Z DEBUG panoptikon::inferio::http: processing local inference predict model=tags/wd-vit-tagger-v3 inputs=1
2026-09-17T03:36:46.430476Z DEBUG panoptikon::inferio::http: processing local inference predict model=tags/wd-vit-tagger-v3 inputs=1
2026-09-17T03:36:46.430512Z DEBUG panoptikon::inferio::http: processing local inference predict model=tags/wd-vit-tagger-v3 inputs=1
2026-09-17T03:36:46.430604Z DEBUG panoptikon::inferio::http: processing local inference predict model=tags/wd-vit-tagger-v3 inputs=1
2026-09-17T03:36:46.430854Z DEBUG panoptikon::inferio::http: processing local inference predict model=tags/wd-vit-tagger-v3 inputs=1
2026-09-17T03:36:46.430887Z DEBUG panoptikon::inferio::http: processing local inference predict model=tags/wd-vit-tagger-v3 inputs=1
2026-09-17T03:36:46.431234Z DEBUG panoptikon::inferio::http: processing local inference predict model=tags/wd-vit-tagger-v3 inputs=1
2026-09-17T03:36:46.431269Z DEBUG panoptikon::inferio::http: processing local inference predict model=tags/wd-vit-tagger-v3 inputs=1
2026-09-17T03:36:46.431304Z DEBUG panoptikon::inferio::http: processing local inference predict model=tags/wd-vit-tagger-v3 inputs=1
2026-09-17T03:36:46.434669Z  INFO panoptikon::inferio::worker: 2026-09-17 03:36:46,434 [DEBUG] inferio_worker.packing: this window's 520 MiB grant is below 80% of the 1080 MiB of releasable slack in the 1895 MiB pool (1/2 consecutive windows before releasing it) worker=wd_tagger
2026-09-17T03:36:46.526832Z  INFO panoptikon::inferio::worker: 2026-09-17 03:36:46,526 [DEBUG] inferio_worker_impl_0_wd_tagger: Running inference on 15 images worker=wd_tagger
2026-09-17T03:36:49.564473Z  INFO panoptikon::inferio::worker: 2026-09-17 03:36:49,564 [DEBUG] inferio_worker_impl_0_wd_tagger: Running inference on 15 images worker=wd_tagger
2026-09-17T03:36:51.803569Z  INFO panoptikon::inferio::worker: 2026-09-17 03:36:51,803 [DEBUG] inferio_worker_impl_0_wd_tagger: Running inference on 15 images worker=wd_tagger
2026-09-17T03:36:54.274151Z DEBUG panoptikon::inferio::ledger: declining to fit a throughput knee: this knee last expired and was widened, and the ring has not yet seen enough of the wider size to put it back bucket=3 observed_floor=1 observed_top=5 anchor=32 observations=88
2026-09-17T03:36:54.274185Z  INFO panoptikon::inferio::ledger: this model has run cleanly at its throughput knee for long enough, with memory to spare, that the knee is worth re-testing; widening the cap by one batch-size step. A knee is a brake, not a ceiling: if the curve really does flatten here, the next fit from honest samples puts it back model=tags/wd-vit-tagger-v3 gpu=CPU knee_units_before=15 knee_units_after=31 clean_windows_at_the_knee=12 last_grant_units=15
2026-09-17T03:36:54.274205Z DEBUG panoptikon::inferio::ledger: settled a granted window model=tags/wd-vit-tagger-v3 gpu=CPU outcome="clean" fit_samples=3 throughput_samples=3 clamped_samples=0 clamped=none ramp_step=4 deflation=0 clean_windows=33 max_units_measured=32
2026-09-17T03:36:54.275613Z DEBUG panoptikon::inferio::http: processing local inference predict model=tags/wd-vit-tagger-v3 inputs=1
2026-09-17T03:36:54.275652Z DEBUG panoptikon::inferio::http: processing local inference predict model=tags/wd-vit-tagger-v3 inputs=1
2026-09-17T03:36:54.276371Z DEBUG panoptikon::inferio::http: processing local inference predict model=tags/wd-vit-tagger-v3 inputs=1
2026-09-17T03:36:54.276479Z DEBUG panoptikon::inferio::http: processing local inference predict model=tags/wd-vit-tagger-v3 inputs=1
2026-09-17T03:36:54.276515Z DEBUG panoptikon::inferio::http: processing local inference predict model=tags/wd-vit-tagger-v3 inputs=1
2026-09-17T03:36:54.276715Z DEBUG panoptikon::inferio::http: processing local inference predict model=tags/wd-vit-tagger-v3 inputs=1
2026-09-17T03:36:54.276827Z DEBUG panoptikon::inferio::http: processing local inference predict model=tags/wd-vit-tagger-v3 inputs=1
2026-09-17T03:36:54.276891Z DEBUG panoptikon::inferio::http: processing local inference predict model=tags/wd-vit-tagger-v3 inputs=1
2026-09-17T03:36:54.276940Z DEBUG panoptikon::inferio::http: processing local inference predict model=tags/wd-vit-tagger-v3 inputs=1
2026-09-17T03:36:54.276957Z DEBUG panoptikon::inferio::http: processing local inference predict model=tags/wd-vit-tagger-v3 inputs=1
2026-09-17T03:36:54.276999Z DEBUG panoptikon::inferio::http: processing local inference predict model=tags/wd-vit-tagger-v3 inputs=1
2026-09-17T03:36:54.277041Z DEBUG panoptikon::inferio::http: processing local inference predict model=tags/wd-vit-tagger-v3 inputs=1
2026-09-17T03:36:54.277097Z DEBUG panoptikon::inferio::http: processing local inference predict model=tags/wd-vit-tagger-v3 inputs=1
2026-09-17T03:36:54.277144Z DEBUG panoptikon::inferio::http: processing local inference predict model=tags/wd-vit-tagger-v3 inputs=1
2026-09-17T03:36:54.277179Z DEBUG panoptikon::inferio::http: processing local inference predict model=tags/wd-vit-tagger-v3 inputs=1
2026-09-17T03:36:54.277211Z DEBUG panoptikon::inferio::http: processing local inference predict model=tags/wd-vit-tagger-v3 inputs=1
2026-09-17T03:36:54.277243Z DEBUG panoptikon::inferio::http: processing local inference predict model=tags/wd-vit-tagger-v3 inputs=1
2026-09-17T03:36:54.277274Z DEBUG panoptikon::inferio::http: processing local inference predict model=tags/wd-vit-tagger-v3 inputs=1
2026-09-17T03:36:54.277295Z DEBUG panoptikon::inferio::http: processing local inference predict model=tags/wd-vit-tagger-v3 inputs=1
2026-09-17T03:36:54.277357Z DEBUG panoptikon::inferio::http: processing local inference predict model=tags/wd-vit-tagger-v3 inputs=1
2026-09-17T03:36:54.277409Z DEBUG panoptikon::inferio::http: processing local inference predict model=tags/wd-vit-tagger-v3 inputs=1
2026-09-17T03:36:54.277452Z DEBUG panoptikon::inferio::http: processing local inference predict model=tags/wd-vit-tagger-v3 inputs=1
2026-09-17T03:36:54.277480Z DEBUG panoptikon::inferio::http: processing local inference predict model=tags/wd-vit-tagger-v3 inputs=1
2026-09-17T03:36:54.277513Z DEBUG panoptikon::inferio::http: processing local inference predict model=tags/wd-vit-tagger-v3 inputs=1
2026-09-17T03:36:54.277554Z DEBUG panoptikon::inferio::http: processing local inference predict model=tags/wd-vit-tagger-v3 inputs=1
2026-09-17T03:36:54.277806Z DEBUG panoptikon::inferio::http: processing local inference predict model=tags/wd-vit-tagger-v3 inputs=1
2026-09-17T03:36:54.277827Z DEBUG panoptikon::inferio::http: processing local inference predict model=tags/wd-vit-tagger-v3 inputs=1
2026-09-17T03:36:54.277857Z DEBUG panoptikon::inferio::http: processing local inference predict model=tags/wd-vit-tagger-v3 inputs=1
2026-09-17T03:36:54.277894Z DEBUG panoptikon::inferio::http: processing local inference predict model=tags/wd-vit-tagger-v3 inputs=1
2026-09-17T03:36:54.277925Z DEBUG panoptikon::inferio::http: processing local inference predict model=tags/wd-vit-tagger-v3 inputs=1
2026-09-17T03:36:54.277961Z DEBUG panoptikon::inferio::http: processing local inference predict model=tags/wd-vit-tagger-v3 inputs=1
2026-09-17T03:36:54.277985Z DEBUG panoptikon::inferio::http: processing local inference predict model=tags/wd-vit-tagger-v3 inputs=1
2026-09-17T03:36:54.278013Z DEBUG panoptikon::inferio::http: processing local inference predict model=tags/wd-vit-tagger-v3 inputs=1
2026-09-17T03:36:54.278057Z DEBUG panoptikon::inferio::http: processing local inference predict model=tags/wd-vit-tagger-v3 inputs=1
2026-09-17T03:36:54.278127Z DEBUG panoptikon::inferio::http: processing local inference predict model=tags/wd-vit-tagger-v3 inputs=1
2026-09-17T03:36:54.278222Z DEBUG panoptikon::inferio::http: processing local inference predict model=tags/wd-vit-tagger-v3 inputs=1
2026-09-17T03:36:54.278436Z DEBUG panoptikon::inferio::http: processing local inference predict model=tags/wd-vit-tagger-v3 inputs=1
2026-09-17T03:36:54.278477Z DEBUG panoptikon::inferio::http: processing local inference predict model=tags/wd-vit-tagger-v3 inputs=1
2026-09-17T03:36:54.278504Z DEBUG panoptikon::inferio::http: processing local inference predict model=tags/wd-vit-tagger-v3 inputs=1
2026-09-17T03:36:54.278546Z DEBUG panoptikon::inferio::http: processing local inference predict model=tags/wd-vit-tagger-v3 inputs=1
2026-09-17T03:36:54.278677Z DEBUG panoptikon::inferio::http: processing local inference predict model=tags/wd-vit-tagger-v3 inputs=1
2026-09-17T03:36:54.278700Z DEBUG panoptikon::inferio::http: processing local inference predict model=tags/wd-vit-tagger-v3 inputs=1
2026-09-17T03:36:54.278855Z DEBUG panoptikon::inferio::http: processing local inference predict model=tags/wd-vit-tagger-v3 inputs=1
2026-09-17T03:36:54.278916Z DEBUG panoptikon::inferio::http: processing local inference predict model=tags/wd-vit-tagger-v3 inputs=1
2026-09-17T03:36:54.278981Z DEBUG panoptikon::inferio::http: processing local inference predict model=tags/wd-vit-tagger-v3 inputs=1
2026-09-17T03:36:54.282020Z DEBUG panoptikon::inferio::ledger: issued a memory grant model=tags/wd-vit-tagger-v3 gpu=CPU unit_budget=31 mb=1074 canvas_pixels=none share_mb=89280 room_mb=89280 headroom_mb=88439 external_mb=37867 reserve_mb=1024 reserve_rule="capped_default" pre_fit=false ramp_step=4 deflation=0 squeezed=false window_requests=90
2026-09-17T03:36:54.459696Z  INFO panoptikon::inferio::worker: 2026-09-17 03:36:54,459 [DEBUG] inferio_worker_impl_0_wd_tagger: Running inference on 31 images worker=wd_tagger
2026-09-17T03:37:01.619428Z  INFO panoptikon::inferio::worker: 2026-09-17 03:37:01,619 [DEBUG] inferio_worker_impl_0_wd_tagger: Running inference on 31 images worker=wd_tagger
2026-09-17T03:37:07.937916Z  INFO panoptikon::inferio::worker: 2026-09-17 03:37:07,937 [DEBUG] inferio_worker_impl_0_wd_tagger: Running inference on 28 images worker=wd_tagger
2026-09-17T03:37:08.596836Z  INFO panoptikon::inferio::calibration: wrote the local calibration store path=data/inferio/calibration.toml profiles=1
2026-09-17T03:37:13.606971Z DEBUG panoptikon::inferio::ledger: refitted the memory cost model model=tags/wd-vit-tagger-v3 gpu=CPU slope_mb_per_unit=34.56666666666666 intercept_mb=93.43333333333334 residual_mb=11.066666666666606 samples=9 version=22
2026-09-17T03:37:13.607017Z DEBUG panoptikon::inferio::ledger: fitted a throughput knee; batches larger than this are no longer admitted however much memory is free model=tags/wd-vit-tagger-v3 gpu=CPU knee_units=15 previous=Some(31) observations=91
2026-09-17T03:37:13.607033Z DEBUG panoptikon::inferio::ledger: queued a calibration profile update for the store model=tags/wd-vit-tagger-v3 gpu=CPU reason="fit_changed" max_units_measured=32 fit_version=22
2026-09-17T03:37:13.607051Z DEBUG panoptikon::inferio::ledger: settled a granted window model=tags/wd-vit-tagger-v3 gpu=CPU outcome="clean" fit_samples=3 throughput_samples=3 clamped_samples=0 clamped=none ramp_step=4 deflation=0 clean_windows=34 max_units_measured=32
2026-09-17T03:37:13.611652Z DEBUG panoptikon::inferio::http: processing local inference predict model=tags/wd-vit-tagger-v3 inputs=1
2026-09-17T03:37:13.611705Z DEBUG panoptikon::inferio::http: processing local inference predict model=tags/wd-vit-tagger-v3 inputs=1
2026-09-17T03:37:13.611774Z DEBUG panoptikon::inferio::http: processing local inference predict model=tags/wd-vit-tagger-v3 inputs=1
2026-09-17T03:37:13.611811Z DEBUG panoptikon::inferio::http: processing local inference predict model=tags/wd-vit-tagger-v3 inputs=1
2026-09-17T03:37:13.611902Z DEBUG panoptikon::inferio::http: processing local inference predict model=tags/wd-vit-tagger-v3 inputs=1
2026-09-17T03:37:13.612426Z DEBUG panoptikon::inferio::http: processing local inference predict model=tags/wd-vit-tagger-v3 inputs=1
2026-09-17T03:37:13.612528Z DEBUG panoptikon::inferio::http: processing local inference predict model=tags/wd-vit-tagger-v3 inputs=1
2026-09-17T03:37:13.612572Z DEBUG panoptikon::inferio::http: processing local inference predict model=tags/wd-vit-tagger-v3 inputs=1
2026-09-17T03:37:13.612626Z DEBUG panoptikon::inferio::http: processing local inference predict model=tags/wd-vit-tagger-v3 inputs=1
2026-09-17T03:37:13.612659Z DEBUG panoptikon::inferio::http: processing local inference predict model=tags/wd-vit-tagger-v3 inputs=1
2026-09-17T03:37:13.612755Z DEBUG panoptikon::inferio::http: processing local inference predict model=tags/wd-vit-tagger-v3 inputs=1
2026-09-17T03:37:13.612846Z DEBUG panoptikon::inferio::http: processing local inference predict model=tags/wd-vit-tagger-v3 inputs=1
2026-09-17T03:37:13.612881Z DEBUG panoptikon::inferio::http: processing local inference predict model=tags/wd-vit-tagger-v3 inputs=1
2026-09-17T03:37:13.613001Z DEBUG panoptikon::inferio::http: processing local inference predict model=tags/wd-vit-tagger-v3 inputs=1
2026-09-17T03:37:13.613250Z DEBUG panoptikon::inferio::http: processing local inference predict model=tags/wd-vit-tagger-v3 inputs=1
2026-09-17T03:37:13.613306Z DEBUG panoptikon::inferio::http: processing local inference predict model=tags/wd-vit-tagger-v3 inputs=1
2026-09-17T03:37:13.613616Z DEBUG panoptikon::inferio::http: processing local inference predict model=tags/wd-vit-tagger-v3 inputs=1
2026-09-17T03:37:13.613658Z DEBUG panoptikon::inferio::http: processing local inference predict model=tags/wd-vit-tagger-v3 inputs=1
2026-09-17T03:37:13.613698Z DEBUG panoptikon::inferio::http: processing local inference predict model=tags/wd-vit-tagger-v3 inputs=1
2026-09-17T03:37:13.613737Z DEBUG panoptikon::inferio::http: processing local inference predict model=tags/wd-vit-tagger-v3 inputs=1
2026-09-17T03:37:13.613767Z DEBUG panoptikon::inferio::http: processing local inference predict model=tags/wd-vit-tagger-v3 inputs=1
2026-09-17T03:37:13.613819Z DEBUG panoptikon::inferio::http: processing local inference predict model=tags/wd-vit-tagger-v3 inputs=1
2026-09-17T03:37:13.613861Z DEBUG panoptikon::inferio::http: processing local inference predict model=tags/wd-vit-tagger-v3 inputs=1
2026-09-17T03:37:13.613901Z DEBUG panoptikon::inferio::http: processing local inference predict model=tags/wd-vit-tagger-v3 inputs=1
2026-09-17T03:37:13.613926Z DEBUG panoptikon::inferio::http: processing local inference predict model=tags/wd-vit-tagger-v3 inputs=1
2026-09-17T03:37:13.613956Z DEBUG panoptikon::inferio::http: processing local inference predict model=tags/wd-vit-tagger-v3 inputs=1
2026-09-17T03:37:13.614043Z DEBUG panoptikon::inferio::http: processing local inference predict model=tags/wd-vit-tagger-v3 inputs=1
2026-09-17T03:37:13.614062Z DEBUG panoptikon::inferio::http: processing local inference predict model=tags/wd-vit-tagger-v3 inputs=1
2026-09-17T03:37:13.614088Z DEBUG panoptikon::inferio::http: processing local inference predict model=tags/wd-vit-tagger-v3 inputs=1
2026-09-17T03:37:13.614118Z DEBUG panoptikon::inferio::http: processing local inference predict model=tags/wd-vit-tagger-v3 inputs=1
2026-09-17T03:37:13.614144Z DEBUG panoptikon::inferio::http: processing local inference predict model=tags/wd-vit-tagger-v3 inputs=1
2026-09-17T03:37:13.614213Z DEBUG panoptikon::inferio::http: processing local inference predict model=tags/wd-vit-tagger-v3 inputs=1
2026-09-17T03:37:13.614262Z DEBUG panoptikon::inferio::http: processing local inference predict model=tags/wd-vit-tagger-v3 inputs=1
2026-09-17T03:37:13.614316Z DEBUG panoptikon::inferio::http: processing local inference predict model=tags/wd-vit-tagger-v3 inputs=1
2026-09-17T03:37:13.614379Z DEBUG panoptikon::inferio::http: processing local inference predict model=tags/wd-vit-tagger-v3 inputs=1
2026-09-17T03:37:13.614479Z DEBUG panoptikon::inferio::http: processing local inference predict model=tags/wd-vit-tagger-v3 inputs=1
2026-09-17T03:37:13.614505Z DEBUG panoptikon::inferio::http: processing local inference predict model=tags/wd-vit-tagger-v3 inputs=1
2026-09-17T03:37:13.614534Z DEBUG panoptikon::inferio::http: processing local inference predict model=tags/wd-vit-tagger-v3 inputs=1
2026-09-17T03:37:13.614755Z DEBUG panoptikon::inferio::http: processing local inference predict model=tags/wd-vit-tagger-v3 inputs=1
2026-09-17T03:37:13.614843Z DEBUG panoptikon::inferio::http: processing local inference predict model=tags/wd-vit-tagger-v3 inputs=1
2026-09-17T03:37:13.614871Z DEBUG panoptikon::inferio::http: processing local inference predict model=tags/wd-vit-tagger-v3 inputs=1
2026-09-17T03:37:13.614922Z DEBUG panoptikon::inferio::http: processing local inference predict model=tags/wd-vit-tagger-v3 inputs=1
2026-09-17T03:37:13.614955Z DEBUG panoptikon::inferio::http: processing local inference predict model=tags/wd-vit-tagger-v3 inputs=1
2026-09-17T03:37:13.614995Z DEBUG panoptikon::inferio::http: processing local inference predict model=tags/wd-vit-tagger-v3 inputs=1
2026-09-17T03:37:13.615046Z DEBUG panoptikon::inferio::http: processing local inference predict model=tags/wd-vit-tagger-v3 inputs=1
2026-09-17T03:37:13.615067Z DEBUG panoptikon::inferio::http: processing local inference predict model=tags/wd-vit-tagger-v3 inputs=1
2026-09-17T03:37:13.615132Z DEBUG panoptikon::inferio::ledger: issued a memory grant model=tags/wd-vit-tagger-v3 gpu=CPU unit_budget=15 mb=519 canvas_pixels=none share_mb=89305 room_mb=89305 headroom_mb=88464 external_mb=37842 reserve_mb=1024 reserve_rule="capped_default" pre_fit=false ramp_step=4 deflation=0 squeezed=false window_requests=45
2026-09-17T03:37:13.615199Z DEBUG panoptikon::inferio::http: processing local inference predict model=tags/wd-vit-tagger-v3 inputs=1
2026-09-17T03:37:13.615261Z DEBUG panoptikon::inferio::http: processing local inference predict model=tags/wd-vit-tagger-v3 inputs=1
2026-09-17T03:37:13.615306Z DEBUG panoptikon::inferio::http: processing local inference predict model=tags/wd-vit-tagger-v3 inputs=1
2026-09-17T03:37:13.615587Z DEBUG panoptikon::inferio::http: processing local inference predict model=tags/wd-vit-tagger-v3 inputs=1
2026-09-17T03:37:13.615690Z DEBUG panoptikon::inferio::http: processing local inference predict model=tags/wd-vit-tagger-v3 inputs=1
2026-09-17T03:37:13.615769Z DEBUG panoptikon::inferio::http: processing local inference predict model=tags/wd-vit-tagger-v3 inputs=1
2026-09-17T03:37:13.615809Z DEBUG panoptikon::inferio::http: processing local inference predict model=tags/wd-vit-tagger-v3 inputs=1
2026-09-17T03:37:13.615941Z DEBUG panoptikon::inferio::http: processing local inference predict model=tags/wd-vit-tagger-v3 inputs=1
2026-09-17T03:37:13.615981Z DEBUG panoptikon::inferio::http: processing local inference predict model=tags/wd-vit-tagger-v3 inputs=1
2026-09-17T03:37:13.616019Z DEBUG panoptikon::inferio::http: processing local inference predict model=tags/wd-vit-tagger-v3 inputs=1
2026-09-17T03:37:13.616051Z DEBUG panoptikon::inferio::http: processing local inference predict model=tags/wd-vit-tagger-v3 inputs=1
2026-09-17T03:37:13.616093Z DEBUG panoptikon::inferio::http: processing local inference predict model=tags/wd-vit-tagger-v3 inputs=1
2026-09-17T03:37:13.616139Z DEBUG panoptikon::inferio::http: processing local inference predict model=tags/wd-vit-tagger-v3 inputs=1
2026-09-17T03:37:13.616182Z DEBUG panoptikon::inferio::http: processing local inference predict model=tags/wd-vit-tagger-v3 inputs=1
2026-09-17T03:37:13.616220Z DEBUG panoptikon::inferio::http: processing local inference predict model=tags/wd-vit-tagger-v3 inputs=1
2026-09-17T03:37:13.616252Z DEBUG panoptikon::inferio::http: processing local inference predict model=tags/wd-vit-tagger-v3 inputs=1
2026-09-17T03:37:13.616285Z DEBUG panoptikon::inferio::http: processing local inference predict model=tags/wd-vit-tagger-v3 inputs=1
2026-09-17T03:37:13.616327Z DEBUG panoptikon::inferio::http: processing local inference predict model=tags/wd-vit-tagger-v3 inputs=1
2026-09-17T03:37:13.616379Z DEBUG panoptikon::inferio::http: processing local inference predict model=tags/wd-vit-tagger-v3 inputs=1
2026-09-17T03:37:13.616400Z DEBUG panoptikon::inferio::http: processing local inference predict model=tags/wd-vit-tagger-v3 inputs=1
2026-09-17T03:37:13.616439Z DEBUG panoptikon::inferio::http: processing local inference predict model=tags/wd-vit-tagger-v3 inputs=1
2026-09-17T03:37:13.616463Z DEBUG panoptikon::inferio::http: processing local inference predict model=tags/wd-vit-tagger-v3 inputs=1
2026-09-17T03:37:13.616498Z DEBUG panoptikon::inferio::http: processing local inference predict model=tags/wd-vit-tagger-v3 inputs=1
2026-09-17T03:37:13.616537Z DEBUG panoptikon::inferio::http: processing local inference predict model=tags/wd-vit-tagger-v3 inputs=1
2026-09-17T03:37:13.616655Z DEBUG panoptikon::inferio::http: processing local inference predict model=tags/wd-vit-tagger-v3 inputs=1
2026-09-17T03:37:13.616758Z DEBUG panoptikon::inferio::http: processing local inference predict model=tags/wd-vit-tagger-v3 inputs=1
2026-09-17T03:37:13.616787Z DEBUG panoptikon::inferio::http: processing local inference predict model=tags/wd-vit-tagger-v3 inputs=1
2026-09-17T03:37:13.616828Z DEBUG panoptikon::inferio::http: processing local inference predict model=tags/wd-vit-tagger-v3 inputs=1
2026-09-17T03:37:13.616850Z DEBUG panoptikon::inferio::http: processing local inference predict model=tags/wd-vit-tagger-v3 inputs=1
2026-09-17T03:37:13.616881Z DEBUG panoptikon::inferio::http: processing local inference predict model=tags/wd-vit-tagger-v3 inputs=1
2026-09-17T03:37:13.616931Z DEBUG panoptikon::inferio::http: processing local inference predict model=tags/wd-vit-tagger-v3 inputs=1
2026-09-17T03:37:13.616952Z DEBUG panoptikon::inferio::http: processing local inference predict model=tags/wd-vit-tagger-v3 inputs=1
2026-09-17T03:37:13.617088Z DEBUG panoptikon::inferio::http: processing local inference predict model=tags/wd-vit-tagger-v3 inputs=1
2026-09-17T03:37:13.617125Z DEBUG panoptikon::inferio::http: processing local inference predict model=tags/wd-vit-tagger-v3 inputs=1
2026-09-17T03:37:13.617199Z DEBUG panoptikon::inferio::http: processing local inference predict model=tags/wd-vit-tagger-v3 inputs=1
2026-09-17T03:37:13.617373Z DEBUG panoptikon::inferio::http: processing local inference predict model=tags/wd-vit-tagger-v3 inputs=1
2026-09-17T03:37:13.617430Z DEBUG panoptikon::inferio::http: processing local inference predict model=tags/wd-vit-tagger-v3 inputs=1
2026-09-17T03:37:13.617480Z DEBUG panoptikon::inferio::http: processing local inference predict model=tags/wd-vit-tagger-v3 inputs=1
2026-09-17T03:37:13.617520Z DEBUG panoptikon::inferio::http: processing local inference predict model=tags/wd-vit-tagger-v3 inputs=1
2026-09-17T03:37:13.617560Z DEBUG panoptikon::inferio::http: processing local inference predict model=tags/wd-vit-tagger-v3 inputs=1
2026-09-17T03:37:13.617770Z DEBUG panoptikon::inferio::http: processing local inference predict model=tags/wd-vit-tagger-v3 inputs=1
2026-09-17T03:37:13.617801Z DEBUG panoptikon::inferio::http: processing local inference predict model=tags/wd-vit-tagger-v3 inputs=1
2026-09-17T03:37:13.617832Z DEBUG panoptikon::inferio::http: processing local inference predict model=tags/wd-vit-tagger-v3 inputs=1
2026-09-17T03:37:13.617869Z DEBUG panoptikon::inferio::http: processing local inference predict model=tags/wd-vit-tagger-v3 inputs=1
2026-09-17T03:37:13.617903Z DEBUG panoptikon::inferio::http: processing local inference predict model=tags/wd-vit-tagger-v3 inputs=1
2026-09-17T03:37:13.617927Z DEBUG panoptikon::inferio::http: processing local inference predict model=tags/wd-vit-tagger-v3 inputs=1
2026-09-17T03:37:13.617971Z DEBUG panoptikon::inferio::http: processing local inference predict model=tags/wd-vit-tagger-v3 inputs=1
2026-09-17T03:37:13.618011Z DEBUG panoptikon::inferio::http: processing local inference predict model=tags/wd-vit-tagger-v3 inputs=1
2026-09-17T03:37:13.618044Z DEBUG panoptikon::inferio::http: processing local inference predict model=tags/wd-vit-tagger-v3 inputs=1
2026-09-17T03:37:13.618079Z DEBUG panoptikon::inferio::http: processing local inference predict model=tags/wd-vit-tagger-v3 inputs=1
2026-09-17T03:37:13.618124Z DEBUG panoptikon::inferio::http: processing local inference predict model=tags/wd-vit-tagger-v3 inputs=1
2026-09-17T03:37:13.618153Z DEBUG panoptikon::inferio::http: processing local inference predict model=tags/wd-vit-tagger-v3 inputs=1
2026-09-17T03:37:13.618187Z DEBUG panoptikon::inferio::http: processing local inference predict model=tags/wd-vit-tagger-v3 inputs=1
2026-09-17T03:37:13.618236Z DEBUG panoptikon::inferio::http: processing local inference predict model=tags/wd-vit-tagger-v3 inputs=1
2026-09-17T03:37:13.618270Z DEBUG panoptikon::inferio::http: processing local inference predict model=tags/wd-vit-tagger-v3 inputs=1
2026-09-17T03:37:13.618310Z DEBUG panoptikon::inferio::http: processing local inference predict model=tags/wd-vit-tagger-v3 inputs=1
2026-09-17T03:37:13.618343Z DEBUG panoptikon::inferio::http: processing local inference predict model=tags/wd-vit-tagger-v3 inputs=1
2026-09-17T03:37:13.618375Z DEBUG panoptikon::inferio::http: processing local inference predict model=tags/wd-vit-tagger-v3 inputs=1
2026-09-17T03:37:13.618430Z DEBUG panoptikon::inferio::http: processing local inference predict model=tags/wd-vit-tagger-v3 inputs=1
2026-09-17T03:37:13.618463Z DEBUG panoptikon::inferio::http: processing local inference predict model=tags/wd-vit-tagger-v3 inputs=1
2026-09-17T03:37:13.618510Z DEBUG panoptikon::inferio::http: processing local inference predict model=tags/wd-vit-tagger-v3 inputs=1
2026-09-17T03:37:13.618533Z DEBUG panoptikon::inferio::http: processing local inference predict model=tags/wd-vit-tagger-v3 inputs=1
2026-09-17T03:37:13.618565Z DEBUG panoptikon::inferio::http: processing local inference predict model=tags/wd-vit-tagger-v3 inputs=1
2026-09-17T03:37:13.618609Z DEBUG panoptikon::inferio::http: processing local inference predict model=tags/wd-vit-tagger-v3 inputs=1
2026-09-17T03:37:13.618655Z DEBUG panoptikon::inferio::http: processing local inference predict model=tags/wd-vit-tagger-v3 inputs=1
2026-09-17T03:37:13.618699Z DEBUG panoptikon::inferio::http: processing local inference predict model=tags/wd-vit-tagger-v3 inputs=1
2026-09-17T03:37:13.618726Z DEBUG panoptikon::inferio::http: processing local inference predict model=tags/wd-vit-tagger-v3 inputs=1
2026-09-17T03:37:13.618757Z DEBUG panoptikon::inferio::http: processing local inference predict model=tags/wd-vit-tagger-v3 inputs=1
2026-09-17T03:37:13.618811Z DEBUG panoptikon::inferio::http: processing local inference predict model=tags/wd-vit-tagger-v3 inputs=1
2026-09-17T03:37:13.618840Z DEBUG panoptikon::inferio::http: processing local inference predict model=tags/wd-vit-tagger-v3 inputs=1
2026-09-17T03:37:13.618874Z DEBUG panoptikon::inferio::http: processing local inference predict model=tags/wd-vit-tagger-v3 inputs=1
2026-09-17T03:37:13.618918Z DEBUG panoptikon::inferio::http: processing local inference predict model=tags/wd-vit-tagger-v3 inputs=1
2026-09-17T03:37:13.618965Z DEBUG panoptikon::inferio::http: processing local inference predict model=tags/wd-vit-tagger-v3 inputs=1
2026-09-17T03:37:13.619014Z DEBUG panoptikon::inferio::http: processing local inference predict model=tags/wd-vit-tagger-v3 inputs=1
2026-09-17T03:37:13.619047Z DEBUG panoptikon::inferio::http: processing local inference predict model=tags/wd-vit-tagger-v3 inputs=1
2026-09-17T03:37:13.619080Z DEBUG panoptikon::inferio::http: processing local inference predict model=tags/wd-vit-tagger-v3 inputs=1
2026-09-17T03:37:13.619120Z DEBUG panoptikon::inferio::http: processing local inference predict model=tags/wd-vit-tagger-v3 inputs=1
2026-09-17T03:37:13.619190Z DEBUG panoptikon::inferio::http: processing local inference predict model=tags/wd-vit-tagger-v3 inputs=1
2026-09-17T03:37:13.619226Z DEBUG panoptikon::inferio::http: processing local inference predict model=tags/wd-vit-tagger-v3 inputs=1
2026-09-17T03:37:13.619265Z DEBUG panoptikon::inferio::http: processing local inference predict model=tags/wd-vit-tagger-v3 inputs=1
2026-09-17T03:37:13.619291Z DEBUG panoptikon::inferio::http: processing local inference predict model=tags/wd-vit-tagger-v3 inputs=1
2026-09-17T03:37:13.619326Z DEBUG panoptikon::inferio::http: processing local inference predict model=tags/wd-vit-tagger-v3 inputs=1
2026-09-17T03:37:13.619350Z DEBUG panoptikon::inferio::http: processing local inference predict model=tags/wd-vit-tagger-v3 inputs=1
2026-09-17T03:37:13.619383Z DEBUG panoptikon::inferio::http: processing local inference predict model=tags/wd-vit-tagger-v3 inputs=1
2026-09-17T03:37:13.619414Z DEBUG panoptikon::inferio::http: processing local inference predict model=tags/wd-vit-tagger-v3 inputs=1
2026-09-17T03:37:13.619452Z DEBUG panoptikon::inferio::http: processing local inference predict model=tags/wd-vit-tagger-v3 inputs=1
2026-09-17T03:37:13.619483Z DEBUG panoptikon::inferio::http: processing local inference predict model=tags/wd-vit-tagger-v3 inputs=1
2026-09-17T03:37:13.619528Z DEBUG panoptikon::inferio::http: processing local inference predict model=tags/wd-vit-tagger-v3 inputs=1
2026-09-17T03:37:13.619553Z DEBUG panoptikon::inferio::http: processing local inference predict model=tags/wd-vit-tagger-v3 inputs=1
2026-09-17T03:37:13.619582Z DEBUG panoptikon::inferio::http: processing local inference predict model=tags/wd-vit-tagger-v3 inputs=1
2026-09-17T03:37:13.619609Z DEBUG panoptikon::inferio::http: processing local inference predict model=tags/wd-vit-tagger-v3 inputs=1
2026-09-17T03:37:13.619647Z DEBUG panoptikon::inferio::http: processing local inference predict model=tags/wd-vit-tagger-v3 inputs=1
2026-09-17T03:37:13.619695Z DEBUG panoptikon::inferio::http: processing local inference predict model=tags/wd-vit-tagger-v3 inputs=1
2026-09-17T03:37:13.619719Z DEBUG panoptikon::inferio::http: processing local inference predict model=tags/wd-vit-tagger-v3 inputs=1
2026-09-17T03:37:13.619748Z DEBUG panoptikon::inferio::http: processing local inference predict model=tags/wd-vit-tagger-v3 inputs=1
2026-09-17T03:37:13.619788Z DEBUG panoptikon::inferio::http: processing local inference predict model=tags/wd-vit-tagger-v3 inputs=1
2026-09-17T03:37:13.619818Z DEBUG panoptikon::inferio::http: processing local inference predict model=tags/wd-vit-tagger-v3 inputs=1
2026-09-17T03:37:13.619837Z DEBUG panoptikon::inferio::http: processing local inference predict model=tags/wd-vit-tagger-v3 inputs=1
2026-09-17T03:37:13.619934Z DEBUG panoptikon::inferio::http: processing local inference predict model=tags/wd-vit-tagger-v3 inputs=1
2026-09-17T03:37:13.619964Z DEBUG panoptikon::inferio::http: processing local inference predict model=tags/wd-vit-tagger-v3 inputs=1
2026-09-17T03:37:13.619997Z DEBUG panoptikon::inferio::http: processing local inference predict model=tags/wd-vit-tagger-v3 inputs=1
2026-09-17T03:37:13.620025Z DEBUG panoptikon::inferio::http: processing local inference predict model=tags/wd-vit-tagger-v3 inputs=1
2026-09-17T03:37:13.620151Z DEBUG panoptikon::inferio::http: processing local inference predict model=tags/wd-vit-tagger-v3 inputs=1
2026-09-17T03:37:13.620184Z DEBUG panoptikon::inferio::http: processing local inference predict model=tags/wd-vit-tagger-v3 inputs=1
2026-09-17T03:37:13.620224Z DEBUG panoptikon::inferio::http: processing local inference predict model=tags/wd-vit-tagger-v3 inputs=1
2026-09-17T03:37:13.620333Z DEBUG panoptikon::inferio::http: processing local inference predict model=tags/wd-vit-tagger-v3 inputs=1
2026-09-17T03:37:13.620398Z DEBUG panoptikon::inferio::http: processing local inference predict model=tags/wd-vit-tagger-v3 inputs=1
2026-09-17T03:37:13.620439Z DEBUG panoptikon::inferio::http: processing local inference predict model=tags/wd-vit-tagger-v3 inputs=1
2026-09-17T03:37:13.620471Z DEBUG panoptikon::inferio::http: processing local inference predict model=tags/wd-vit-tagger-v3 inputs=1
2026-09-17T03:37:13.620515Z DEBUG panoptikon::inferio::http: processing local inference predict model=tags/wd-vit-tagger-v3 inputs=1
2026-09-17T03:37:13.620552Z DEBUG panoptikon::inferio::http: processing local inference predict model=tags/wd-vit-tagger-v3 inputs=1
2026-09-17T03:37:13.620576Z DEBUG panoptikon::inferio::http: processing local inference predict model=tags/wd-vit-tagger-v3 inputs=1
2026-09-17T03:37:13.620676Z DEBUG panoptikon::inferio::http: processing local inference predict model=tags/wd-vit-tagger-v3 inputs=1
2026-09-17T03:37:13.620719Z DEBUG panoptikon::inferio::http: processing local inference predict model=tags/wd-vit-tagger-v3 inputs=1
2026-09-17T03:37:13.620841Z DEBUG panoptikon::inferio::http: processing local inference predict model=tags/wd-vit-tagger-v3 inputs=1
2026-09-17T03:37:13.620871Z DEBUG panoptikon::inferio::http: processing local inference predict model=tags/wd-vit-tagger-v3 inputs=1
2026-09-17T03:37:13.620909Z DEBUG panoptikon::inferio::http: processing local inference predict model=tags/wd-vit-tagger-v3 inputs=1
2026-09-17T03:37:13.621163Z DEBUG panoptikon::inferio::http: processing local inference predict model=tags/wd-vit-tagger-v3 inputs=1
2026-09-17T03:37:13.621264Z DEBUG panoptikon::inferio::http: processing local inference predict model=tags/wd-vit-tagger-v3 inputs=1
2026-09-17T03:37:13.621297Z DEBUG panoptikon::inferio::http: processing local inference predict model=tags/wd-vit-tagger-v3 inputs=1
2026-09-17T03:37:13.621328Z DEBUG panoptikon::inferio::http: processing local inference predict model=tags/wd-vit-tagger-v3 inputs=1
2026-09-17T03:37:13.621854Z DEBUG panoptikon::inferio::http: processing local inference predict model=tags/wd-vit-tagger-v3 inputs=1
2026-09-17T03:37:13.621907Z DEBUG panoptikon::inferio::http: processing local inference predict model=tags/wd-vit-tagger-v3 inputs=1
2026-09-17T03:37:13.622030Z DEBUG panoptikon::inferio::http: processing local inference predict model=tags/wd-vit-tagger-v3 inputs=1
2026-09-17T03:37:13.622433Z DEBUG panoptikon::inferio::http: processing local inference predict model=tags/wd-vit-tagger-v3 inputs=1
2026-09-17T03:37:13.622466Z DEBUG panoptikon::inferio::http: processing local inference predict model=tags/wd-vit-tagger-v3 inputs=1
2026-09-17T03:37:13.622500Z DEBUG panoptikon::inferio::http: processing local inference predict model=tags/wd-vit-tagger-v3 inputs=1
2026-09-17T03:37:13.622533Z DEBUG panoptikon::inferio::http: processing local inference predict model=tags/wd-vit-tagger-v3 inputs=1
2026-09-17T03:37:13.622562Z DEBUG panoptikon::inferio::http: processing local inference predict model=tags/wd-vit-tagger-v3 inputs=1
2026-09-17T03:37:13.622591Z DEBUG panoptikon::inferio::http: processing local inference predict model=tags/wd-vit-tagger-v3 inputs=1
2026-09-17T03:37:13.622622Z DEBUG panoptikon::inferio::http: processing local inference predict model=tags/wd-vit-tagger-v3 inputs=1
2026-09-17T03:37:13.622661Z DEBUG panoptikon::inferio::http: processing local inference predict model=tags/wd-vit-tagger-v3 inputs=1
2026-09-17T03:37:13.622689Z DEBUG panoptikon::inferio::http: processing local inference predict model=tags/wd-vit-tagger-v3 inputs=1
2026-09-17T03:37:13.622792Z DEBUG panoptikon::inferio::http: processing local inference predict model=tags/wd-vit-tagger-v3 inputs=1
2026-09-17T03:37:13.623049Z DEBUG panoptikon::inferio::http: processing local inference predict model=tags/wd-vit-tagger-v3 inputs=1
2026-09-17T03:37:13.623077Z DEBUG panoptikon::inferio::http: processing local inference predict model=tags/wd-vit-tagger-v3 inputs=1
2026-09-17T03:37:13.623241Z DEBUG panoptikon::inferio::http: processing local inference predict model=tags/wd-vit-tagger-v3 inputs=1
2026-09-17T03:37:13.623276Z DEBUG panoptikon::inferio::http: processing local inference predict model=tags/wd-vit-tagger-v3 inputs=1
2026-09-17T03:37:13.623457Z DEBUG panoptikon::inferio::http: processing local inference predict model=tags/wd-vit-tagger-v3 inputs=1
2026-09-17T03:37:13.623505Z DEBUG panoptikon::inferio::http: processing local inference predict model=tags/wd-vit-tagger-v3 inputs=1
2026-09-17T03:37:13.626662Z  INFO panoptikon::inferio::worker: 2026-09-17 03:37:13,626 [DEBUG] inferio_worker.packing: this window's 519 MiB grant is below 80% of the 1080 MiB of releasable slack in the 1895 MiB pool (1/2 consecutive windows before releasing it) worker=wd_tagger
2026-09-17T03:37:13.718376Z  INFO panoptikon::inferio::worker: 2026-09-17 03:37:13,718 [DEBUG] inferio_worker_impl_0_wd_tagger: Running inference on 15 images worker=wd_tagger
2026-09-17T03:37:16.771518Z  INFO panoptikon::inferio::worker: 2026-09-17 03:37:16,771 [DEBUG] inferio_worker_impl_0_wd_tagger: Running inference on 15 images worker=wd_tagger
2026-09-17T03:37:19.484993Z  INFO panoptikon::inferio::worker: 2026-09-17 03:37:19,484 [DEBUG] inferio_worker_impl_0_wd_tagger: Running inference on 15 images worker=wd_tagger
2026-09-17T03:37:21.662290Z DEBUG panoptikon::inferio::ledger: refitted the memory cost model model=tags/wd-vit-tagger-v3 gpu=CPU slope_mb_per_unit=34.56666666666666 intercept_mb=92.5 residual_mb=10.366666666666674 samples=9 version=23
2026-09-17T03:37:21.662349Z DEBUG panoptikon::inferio::ledger: queued a calibration profile update for the store model=tags/wd-vit-tagger-v3 gpu=CPU reason="fit_changed" max_units_measured=32 fit_version=23
2026-09-17T03:37:21.662374Z DEBUG panoptikon::inferio::ledger: settled a granted window model=tags/wd-vit-tagger-v3 gpu=CPU outcome="clean" fit_samples=3 throughput_samples=3 clamped_samples=0 clamped=none ramp_step=4 deflation=0 clean_windows=35 max_units_measured=32
2026-09-17T03:37:21.662446Z DEBUG panoptikon::inferio::ledger: issued a memory grant model=tags/wd-vit-tagger-v3 gpu=CPU unit_budget=15 mb=519 canvas_pixels=none share_mb=89319 room_mb=89319 headroom_mb=88478 external_mb=37828 reserve_mb=1024 reserve_rule="capped_default" pre_fit=false ramp_step=4 deflation=0 squeezed=false window_requests=45
2026-09-17T03:37:21.663590Z DEBUG panoptikon::inferio::http: processing local inference predict model=tags/wd-vit-tagger-v3 inputs=1
2026-09-17T03:37:21.762288Z  INFO panoptikon::inferio::worker: 2026-09-17 03:37:21,762 [DEBUG] inferio_worker_impl_0_wd_tagger: Running inference on 15 images worker=wd_tagger
2026-09-17T03:37:23.916803Z  INFO panoptikon::inferio::worker: 2026-09-17 03:37:23,916 [DEBUG] inferio_worker_impl_0_wd_tagger: Running inference on 15 images worker=wd_tagger
2026-09-17T03:37:26.276543Z  INFO panoptikon::inferio::worker: 2026-09-17 03:37:26,276 [DEBUG] inferio_worker_impl_0_wd_tagger: Running inference on 15 images worker=wd_tagger
2026-09-17T03:37:29.844303Z DEBUG panoptikon::inferio::ledger: refitted the memory cost model model=tags/wd-vit-tagger-v3 gpu=CPU slope_mb_per_unit=34.56666666666666 intercept_mb=93.43333333333334 residual_mb=11.066666666666606 samples=9 version=24
2026-09-17T03:37:29.844342Z DEBUG panoptikon::inferio::ledger: queued a calibration profile update for the store model=tags/wd-vit-tagger-v3 gpu=CPU reason="fit_changed" max_units_measured=32 fit_version=24
2026-09-17T03:37:29.844361Z DEBUG panoptikon::inferio::ledger: settled a granted window model=tags/wd-vit-tagger-v3 gpu=CPU outcome="clean" fit_samples=3 throughput_samples=3 clamped_samples=0 clamped=none ramp_step=4 deflation=0 clean_windows=36 max_units_measured=32
2026-09-17T03:37:29.844408Z DEBUG panoptikon::inferio::ledger: issued a memory grant model=tags/wd-vit-tagger-v3 gpu=CPU unit_budget=15 mb=519 canvas_pixels=none share_mb=89379 room_mb=89379 headroom_mb=88538 external_mb=37768 reserve_mb=1024 reserve_rule="capped_default" pre_fit=false ramp_step=4 deflation=0 squeezed=false window_requests=45
2026-09-17T03:37:29.851040Z  INFO panoptikon::inferio::worker: 2026-09-17 03:37:29,850 [DEBUG] inferio_worker.packing: this window's 519 MiB grant is below 80% of the 1080 MiB of releasable slack in the 1895 MiB pool (1/2 consecutive windows before releasing it) worker=wd_tagger
2026-09-17T03:37:29.943897Z  INFO panoptikon::inferio::worker: 2026-09-17 03:37:29,943 [DEBUG] inferio_worker_impl_0_wd_tagger: Running inference on 15 images worker=wd_tagger
2026-09-17T03:37:33.155508Z  INFO panoptikon::inferio::worker: 2026-09-17 03:37:33,155 [DEBUG] inferio_worker_impl_0_wd_tagger: Running inference on 15 images worker=wd_tagger
2026-09-17T03:37:35.870434Z  INFO panoptikon::inferio::worker: 2026-09-17 03:37:35,870 [DEBUG] inferio_worker_impl_0_wd_tagger: Running inference on 15 images worker=wd_tagger
2026-09-17T03:37:37.941746Z DEBUG panoptikon::inferio::ledger: refitted the memory cost model model=tags/wd-vit-tagger-v3 gpu=CPU slope_mb_per_unit=34.58939393939394 intercept_mb=76.5696969696969 residual_mb=14.410606060606028 samples=9 version=25
2026-09-17T03:37:37.941806Z DEBUG panoptikon::inferio::ledger: queued a calibration profile update for the store model=tags/wd-vit-tagger-v3 gpu=CPU reason="fit_changed" max_units_measured=32 fit_version=25
2026-09-17T03:37:37.941824Z DEBUG panoptikon::inferio::ledger: settled a granted window model=tags/wd-vit-tagger-v3 gpu=CPU outcome="clean" fit_samples=3 throughput_samples=3 clamped_samples=0 clamped=none ramp_step=4 deflation=0 clean_windows=37 max_units_measured=32
2026-09-17T03:37:37.941879Z DEBUG panoptikon::inferio::ledger: issued a memory grant model=tags/wd-vit-tagger-v3 gpu=CPU unit_budget=15 mb=519 canvas_pixels=none share_mb=89318 room_mb=89318 headroom_mb=88477 external_mb=37829 reserve_mb=1024 reserve_rule="capped_default" pre_fit=false ramp_step=4 deflation=0 squeezed=false window_requests=45
2026-09-17T03:37:37.943779Z DEBUG panoptikon::inferio::http: processing local inference predict model=tags/wd-vit-tagger-v3 inputs=1
2026-09-17T03:37:37.943819Z DEBUG panoptikon::inferio::http: processing local inference predict model=tags/wd-vit-tagger-v3 inputs=1
2026-09-17T03:37:37.943924Z DEBUG panoptikon::inferio::http: processing local inference predict model=tags/wd-vit-tagger-v3 inputs=1
2026-09-17T03:37:37.944060Z DEBUG panoptikon::inferio::http: processing local inference predict model=tags/wd-vit-tagger-v3 inputs=1
2026-09-17T03:37:37.944340Z DEBUG panoptikon::inferio::http: processing local inference predict model=tags/wd-vit-tagger-v3 inputs=1
2026-09-17T03:37:37.944387Z DEBUG panoptikon::inferio::http: processing local inference predict model=tags/wd-vit-tagger-v3 inputs=1
2026-09-17T03:37:37.944449Z DEBUG panoptikon::inferio::http: processing local inference predict model=tags/wd-vit-tagger-v3 inputs=1
2026-09-17T03:37:37.944500Z DEBUG panoptikon::inferio::http: processing local inference predict model=tags/wd-vit-tagger-v3 inputs=1
2026-09-17T03:37:37.944534Z DEBUG panoptikon::inferio::http: processing local inference predict model=tags/wd-vit-tagger-v3 inputs=1
2026-09-17T03:37:37.944573Z DEBUG panoptikon::inferio::http: processing local inference predict model=tags/wd-vit-tagger-v3 inputs=1
2026-09-17T03:37:37.944613Z DEBUG panoptikon::inferio::http: processing local inference predict model=tags/wd-vit-tagger-v3 inputs=1
2026-09-17T03:37:37.944666Z DEBUG panoptikon::inferio::http: processing local inference predict model=tags/wd-vit-tagger-v3 inputs=1
2026-09-17T03:37:37.944693Z DEBUG panoptikon::inferio::http: processing local inference predict model=tags/wd-vit-tagger-v3 inputs=1
2026-09-17T03:37:37.944715Z DEBUG panoptikon::inferio::http: processing local inference predict model=tags/wd-vit-tagger-v3 inputs=1
2026-09-17T03:37:37.944787Z DEBUG panoptikon::inferio::http: processing local inference predict model=tags/wd-vit-tagger-v3 inputs=1
2026-09-17T03:37:37.944829Z DEBUG panoptikon::inferio::http: processing local inference predict model=tags/wd-vit-tagger-v3 inputs=1
2026-09-17T03:37:37.944950Z DEBUG panoptikon::inferio::http: processing local inference predict model=tags/wd-vit-tagger-v3 inputs=1
2026-09-17T03:37:37.945008Z DEBUG panoptikon::inferio::http: processing local inference predict model=tags/wd-vit-tagger-v3 inputs=1
2026-09-17T03:37:37.945047Z DEBUG panoptikon::inferio::http: processing local inference predict model=tags/wd-vit-tagger-v3 inputs=1
2026-09-17T03:37:37.945082Z DEBUG panoptikon::inferio::http: processing local inference predict model=tags/wd-vit-tagger-v3 inputs=1
2026-09-17T03:37:37.945122Z DEBUG panoptikon::inferio::http: processing local inference predict model=tags/wd-vit-tagger-v3 inputs=1
2026-09-17T03:37:37.945195Z DEBUG panoptikon::inferio::http: processing local inference predict model=tags/wd-vit-tagger-v3 inputs=1
2026-09-17T03:37:37.945224Z DEBUG panoptikon::inferio::http: processing local inference predict model=tags/wd-vit-tagger-v3 inputs=1
2026-09-17T03:37:37.945261Z DEBUG panoptikon::inferio::http: processing local inference predict model=tags/wd-vit-tagger-v3 inputs=1
2026-09-17T03:37:37.945358Z DEBUG panoptikon::inferio::http: processing local inference predict model=tags/wd-vit-tagger-v3 inputs=1
2026-09-17T03:37:37.945411Z DEBUG panoptikon::inferio::http: processing local inference predict model=tags/wd-vit-tagger-v3 inputs=1
2026-09-17T03:37:37.945617Z DEBUG panoptikon::inferio::http: processing local inference predict model=tags/wd-vit-tagger-v3 inputs=1
2026-09-17T03:37:37.945656Z DEBUG panoptikon::inferio::http: processing local inference predict model=tags/wd-vit-tagger-v3 inputs=1
2026-09-17T03:37:37.945675Z DEBUG panoptikon::inferio::http: processing local inference predict model=tags/wd-vit-tagger-v3 inputs=1
2026-09-17T03:37:37.945713Z DEBUG panoptikon::inferio::http: processing local inference predict model=tags/wd-vit-tagger-v3 inputs=1
2026-09-17T03:37:37.945754Z DEBUG panoptikon::inferio::http: processing local inference predict model=tags/wd-vit-tagger-v3 inputs=1
2026-09-17T03:37:37.945795Z DEBUG panoptikon::inferio::http: processing local inference predict model=tags/wd-vit-tagger-v3 inputs=1
2026-09-17T03:37:37.945837Z DEBUG panoptikon::inferio::http: processing local inference predict model=tags/wd-vit-tagger-v3 inputs=1
2026-09-17T03:37:37.945873Z DEBUG panoptikon::inferio::http: processing local inference predict model=tags/wd-vit-tagger-v3 inputs=1
2026-09-17T03:37:37.945902Z DEBUG panoptikon::inferio::http: processing local inference predict model=tags/wd-vit-tagger-v3 inputs=1
2026-09-17T03:37:37.946133Z DEBUG panoptikon::inferio::http: processing local inference predict model=tags/wd-vit-tagger-v3 inputs=1
2026-09-17T03:37:37.946161Z DEBUG panoptikon::inferio::http: processing local inference predict model=tags/wd-vit-tagger-v3 inputs=1
2026-09-17T03:37:37.946200Z DEBUG panoptikon::inferio::http: processing local inference predict model=tags/wd-vit-tagger-v3 inputs=1
2026-09-17T03:37:38.035164Z  INFO panoptikon::inferio::worker: 2026-09-17 03:37:38,034 [DEBUG] inferio_worker_impl_0_wd_tagger: Running inference on 15 images worker=wd_tagger
2026-09-17T03:37:38.599174Z  INFO panoptikon::inferio::calibration: wrote the local calibration store path=data/inferio/calibration.toml profiles=1
2026-09-17T03:37:40.267032Z  INFO panoptikon::inferio::worker: 2026-09-17 03:37:40,266 [DEBUG] inferio_worker_impl_0_wd_tagger: Running inference on 15 images worker=wd_tagger
2026-09-17T03:37:42.413817Z  INFO panoptikon::inferio::worker: 2026-09-17 03:37:42,413 [DEBUG] inferio_worker_impl_0_wd_tagger: Running inference on 15 images worker=wd_tagger
2026-09-17T03:37:44.507127Z DEBUG panoptikon::inferio::ledger: refitted the memory cost model model=tags/wd-vit-tagger-v3 gpu=CPU slope_mb_per_unit=34.70899470899471 intercept_mb=74.65608465608466 residual_mb=12.492063492063494 samples=9 version=26
2026-09-17T03:37:44.507173Z DEBUG panoptikon::inferio::ledger: queued a calibration profile update for the store model=tags/wd-vit-tagger-v3 gpu=CPU reason="fit_changed" max_units_measured=32 fit_version=26
2026-09-17T03:37:44.507197Z DEBUG panoptikon::inferio::ledger: settled a granted window model=tags/wd-vit-tagger-v3 gpu=CPU outcome="clean" fit_samples=3 throughput_samples=3 clamped_samples=0 clamped=none ramp_step=4 deflation=0 clean_windows=38 max_units_measured=32
2026-09-17T03:37:44.507256Z DEBUG panoptikon::inferio::ledger: issued a memory grant model=tags/wd-vit-tagger-v3 gpu=CPU unit_budget=15 mb=521 canvas_pixels=none share_mb=89316 room_mb=89316 headroom_mb=88475 external_mb=37831 reserve_mb=1024 reserve_rule="capped_default" pre_fit=false ramp_step=4 deflation=0 squeezed=false window_requests=45
2026-09-17T03:37:44.509151Z DEBUG panoptikon::inferio::http: processing local inference predict model=tags/wd-vit-tagger-v3 inputs=1
2026-09-17T03:37:44.509199Z DEBUG panoptikon::inferio::http: processing local inference predict model=tags/wd-vit-tagger-v3 inputs=1
2026-09-17T03:37:44.509336Z DEBUG panoptikon::inferio::http: processing local inference predict model=tags/wd-vit-tagger-v3 inputs=1
2026-09-17T03:37:44.509379Z DEBUG panoptikon::inferio::http: processing local inference predict model=tags/wd-vit-tagger-v3 inputs=1
2026-09-17T03:37:44.509457Z DEBUG panoptikon::inferio::http: processing local inference predict model=tags/wd-vit-tagger-v3 inputs=1
2026-09-17T03:37:44.509494Z DEBUG panoptikon::inferio::http: processing local inference predict model=tags/wd-vit-tagger-v3 inputs=1
2026-09-17T03:37:44.509844Z DEBUG panoptikon::inferio::http: processing local inference predict model=tags/wd-vit-tagger-v3 inputs=1
2026-09-17T03:37:44.509880Z DEBUG panoptikon::inferio::http: processing local inference predict model=tags/wd-vit-tagger-v3 inputs=1
2026-09-17T03:37:44.509941Z DEBUG panoptikon::inferio::http: processing local inference predict model=tags/wd-vit-tagger-v3 inputs=1
2026-09-17T03:37:44.509984Z DEBUG panoptikon::inferio::http: processing local inference predict model=tags/wd-vit-tagger-v3 inputs=1
2026-09-17T03:37:44.510025Z DEBUG panoptikon::inferio::http: processing local inference predict model=tags/wd-vit-tagger-v3 inputs=1
2026-09-17T03:37:44.510128Z DEBUG panoptikon::inferio::http: processing local inference predict model=tags/wd-vit-tagger-v3 inputs=1
2026-09-17T03:37:44.510234Z DEBUG panoptikon::inferio::http: processing local inference predict model=tags/wd-vit-tagger-v3 inputs=1
2026-09-17T03:37:44.510273Z DEBUG panoptikon::inferio::http: processing local inference predict model=tags/wd-vit-tagger-v3 inputs=1
2026-09-17T03:37:44.510523Z DEBUG panoptikon::inferio::http: processing local inference predict model=tags/wd-vit-tagger-v3 inputs=1
2026-09-17T03:37:44.510568Z DEBUG panoptikon::inferio::http: processing local inference predict model=tags/wd-vit-tagger-v3 inputs=1
2026-09-17T03:37:44.510616Z DEBUG panoptikon::inferio::http: processing local inference predict model=tags/wd-vit-tagger-v3 inputs=1
2026-09-17T03:37:44.510653Z DEBUG panoptikon::inferio::http: processing local inference predict model=tags/wd-vit-tagger-v3 inputs=1
2026-09-17T03:37:44.510689Z DEBUG panoptikon::inferio::http: processing local inference predict model=tags/wd-vit-tagger-v3 inputs=1
2026-09-17T03:37:44.510723Z DEBUG panoptikon::inferio::http: processing local inference predict model=tags/wd-vit-tagger-v3 inputs=1
2026-09-17T03:37:44.510830Z DEBUG panoptikon::inferio::http: processing local inference predict model=tags/wd-vit-tagger-v3 inputs=1
2026-09-17T03:37:44.510893Z DEBUG panoptikon::inferio::http: processing local inference predict model=tags/wd-vit-tagger-v3 inputs=1
2026-09-17T03:37:44.510919Z DEBUG panoptikon::inferio::http: processing local inference predict model=tags/wd-vit-tagger-v3 inputs=1
2026-09-17T03:37:44.510952Z DEBUG panoptikon::inferio::http: processing local inference predict model=tags/wd-vit-tagger-v3 inputs=1
2026-09-17T03:37:44.510991Z DEBUG panoptikon::inferio::http: processing local inference predict model=tags/wd-vit-tagger-v3 inputs=1
2026-09-17T03:37:44.511022Z DEBUG panoptikon::inferio::http: processing local inference predict model=tags/wd-vit-tagger-v3 inputs=1
2026-09-17T03:37:44.511061Z DEBUG panoptikon::inferio::http: processing local inference predict model=tags/wd-vit-tagger-v3 inputs=1
2026-09-17T03:37:44.511099Z DEBUG panoptikon::inferio::http: processing local inference predict model=tags/wd-vit-tagger-v3 inputs=1
2026-09-17T03:37:44.511176Z DEBUG panoptikon::inferio::http: processing local inference predict model=tags/wd-vit-tagger-v3 inputs=1
2026-09-17T03:37:44.511202Z DEBUG panoptikon::inferio::http: processing local inference predict model=tags/wd-vit-tagger-v3 inputs=1
2026-09-17T03:37:44.511249Z DEBUG panoptikon::inferio::http: processing local inference predict model=tags/wd-vit-tagger-v3 inputs=1
2026-09-17T03:37:44.511273Z DEBUG panoptikon::inferio::http: processing local inference predict model=tags/wd-vit-tagger-v3 inputs=1
2026-09-17T03:37:44.511309Z DEBUG panoptikon::inferio::http: processing local inference predict model=tags/wd-vit-tagger-v3 inputs=1
2026-09-17T03:37:44.511335Z DEBUG panoptikon::inferio::http: processing local inference predict model=tags/wd-vit-tagger-v3 inputs=1
2026-09-17T03:37:44.511635Z DEBUG panoptikon::inferio::http: processing local inference predict model=tags/wd-vit-tagger-v3 inputs=1
2026-09-17T03:37:44.511780Z DEBUG panoptikon::inferio::http: processing local inference predict model=tags/wd-vit-tagger-v3 inputs=1
2026-09-17T03:37:44.511812Z DEBUG panoptikon::inferio::http: processing local inference predict model=tags/wd-vit-tagger-v3 inputs=1
2026-09-17T03:37:44.511853Z DEBUG panoptikon::inferio::http: processing local inference predict model=tags/wd-vit-tagger-v3 inputs=1
2026-09-17T03:37:44.511943Z DEBUG panoptikon::inferio::http: processing local inference predict model=tags/wd-vit-tagger-v3 inputs=1
2026-09-17T03:37:44.512005Z DEBUG panoptikon::inferio::http: processing local inference predict model=tags/wd-vit-tagger-v3 inputs=1
2026-09-17T03:37:44.512189Z DEBUG panoptikon::inferio::http: processing local inference predict model=tags/wd-vit-tagger-v3 inputs=1
2026-09-17T03:37:44.512348Z DEBUG panoptikon::inferio::http: processing local inference predict model=tags/wd-vit-tagger-v3 inputs=1
2026-09-17T03:37:44.512388Z DEBUG panoptikon::inferio::http: processing local inference predict model=tags/wd-vit-tagger-v3 inputs=1
2026-09-17T03:37:44.512427Z DEBUG panoptikon::inferio::http: processing local inference predict model=tags/wd-vit-tagger-v3 inputs=1
2026-09-17T03:37:44.512462Z DEBUG panoptikon::inferio::http: processing local inference predict model=tags/wd-vit-tagger-v3 inputs=1
2026-09-17T03:37:44.516577Z  INFO panoptikon::inferio::worker: 2026-09-17 03:37:44,516 [DEBUG] inferio_worker.packing: this window's 521 MiB grant is below 80% of the 1080 MiB of releasable slack in the 1895 MiB pool (1/2 consecutive windows before releasing it) worker=wd_tagger
2026-09-17T03:37:44.595926Z  INFO panoptikon::inferio::worker: 2026-09-17 03:37:44,595 [DEBUG] inferio_worker_impl_0_wd_tagger: Running inference on 15 images worker=wd_tagger
2026-09-17T03:37:46.833075Z  INFO panoptikon::inferio::worker: 2026-09-17 03:37:46,832 [DEBUG] inferio_worker_impl_0_wd_tagger: Running inference on 15 images worker=wd_tagger
2026-09-17T03:37:48.957864Z  INFO panoptikon::inferio::worker: 2026-09-17 03:37:48,957 [DEBUG] inferio_worker_impl_0_wd_tagger: Running inference on 15 images worker=wd_tagger
2026-09-17T03:37:51.027248Z DEBUG panoptikon::inferio::ledger: refitted the memory cost model model=tags/wd-vit-tagger-v3 gpu=CPU slope_mb_per_unit=34.56666666666666 intercept_mb=92.5 residual_mb=10.366666666666674 samples=9 version=27
2026-09-17T03:37:51.027293Z DEBUG panoptikon::inferio::ledger: queued a calibration profile update for the store model=tags/wd-vit-tagger-v3 gpu=CPU reason="fit_changed" max_units_measured=32 fit_version=27
2026-09-17T03:37:51.027314Z DEBUG panoptikon::inferio::ledger: settled a granted window model=tags/wd-vit-tagger-v3 gpu=CPU outcome="clean" fit_samples=3 throughput_samples=3 clamped_samples=0 clamped=none ramp_step=4 deflation=0 clean_windows=39 max_units_measured=32
2026-09-17T03:37:51.027396Z DEBUG panoptikon::inferio::ledger: issued a memory grant model=tags/wd-vit-tagger-v3 gpu=CPU unit_budget=15 mb=519 canvas_pixels=none share_mb=89367 room_mb=89367 headroom_mb=88526 external_mb=37780 reserve_mb=1024 reserve_rule="capped_default" pre_fit=false ramp_step=4 deflation=0 squeezed=false window_requests=45
2026-09-17T03:37:51.029130Z DEBUG panoptikon::inferio::http: processing local inference predict model=tags/wd-vit-tagger-v3 inputs=1
2026-09-17T03:37:51.029397Z DEBUG panoptikon::inferio::http: processing local inference predict model=tags/wd-vit-tagger-v3 inputs=1
2026-09-17T03:37:51.029531Z DEBUG panoptikon::inferio::http: processing local inference predict model=tags/wd-vit-tagger-v3 inputs=1
2026-09-17T03:37:51.029574Z DEBUG panoptikon::inferio::http: processing local inference predict model=tags/wd-vit-tagger-v3 inputs=1
2026-09-17T03:37:51.029612Z DEBUG panoptikon::inferio::http: processing local inference predict model=tags/wd-vit-tagger-v3 inputs=1
2026-09-17T03:37:51.029830Z DEBUG panoptikon::inferio::http: processing local inference predict model=tags/wd-vit-tagger-v3 inputs=1
2026-09-17T03:37:51.029875Z DEBUG panoptikon::inferio::http: processing local inference predict model=tags/wd-vit-tagger-v3 inputs=1
2026-09-17T03:37:51.029916Z DEBUG panoptikon::inferio::http: processing local inference predict model=tags/wd-vit-tagger-v3 inputs=1
2026-09-17T03:37:51.029945Z DEBUG panoptikon::inferio::http: processing local inference predict model=tags/wd-vit-tagger-v3 inputs=1
2026-09-17T03:37:51.030296Z DEBUG panoptikon::inferio::http: processing local inference predict model=tags/wd-vit-tagger-v3 inputs=1
2026-09-17T03:37:51.030379Z DEBUG panoptikon::inferio::http: processing local inference predict model=tags/wd-vit-tagger-v3 inputs=1
2026-09-17T03:37:51.030412Z DEBUG panoptikon::inferio::http: processing local inference predict model=tags/wd-vit-tagger-v3 inputs=1
2026-09-17T03:37:51.030453Z DEBUG panoptikon::inferio::http: processing local inference predict model=tags/wd-vit-tagger-v3 inputs=1
2026-09-17T03:37:51.030482Z DEBUG panoptikon::inferio::http: processing local inference predict model=tags/wd-vit-tagger-v3 inputs=1
2026-09-17T03:37:51.030525Z DEBUG panoptikon::inferio::http: processing local inference predict model=tags/wd-vit-tagger-v3 inputs=1
2026-09-17T03:37:51.030561Z DEBUG panoptikon::inferio::http: processing local inference predict model=tags/wd-vit-tagger-v3 inputs=1
2026-09-17T03:37:51.030619Z DEBUG panoptikon::inferio::http: processing local inference predict model=tags/wd-vit-tagger-v3 inputs=1
2026-09-17T03:37:51.030655Z DEBUG panoptikon::inferio::http: processing local inference predict model=tags/wd-vit-tagger-v3 inputs=1
2026-09-17T03:37:51.030700Z DEBUG panoptikon::inferio::http: processing local inference predict model=tags/wd-vit-tagger-v3 inputs=1
2026-09-17T03:37:51.030730Z DEBUG panoptikon::inferio::http: processing local inference predict model=tags/wd-vit-tagger-v3 inputs=1
2026-09-17T03:37:51.030762Z DEBUG panoptikon::inferio::http: processing local inference predict model=tags/wd-vit-tagger-v3 inputs=1
2026-09-17T03:37:51.030798Z DEBUG panoptikon::inferio::http: processing local inference predict model=tags/wd-vit-tagger-v3 inputs=1
2026-09-17T03:37:51.030832Z DEBUG panoptikon::inferio::http: processing local inference predict model=tags/wd-vit-tagger-v3 inputs=1
2026-09-17T03:37:51.030867Z DEBUG panoptikon::inferio::http: processing local inference predict model=tags/wd-vit-tagger-v3 inputs=1
2026-09-17T03:37:51.030926Z DEBUG panoptikon::inferio::http: processing local inference predict model=tags/wd-vit-tagger-v3 inputs=1
2026-09-17T03:37:51.031044Z DEBUG panoptikon::inferio::http: processing local inference predict model=tags/wd-vit-tagger-v3 inputs=1
2026-09-17T03:37:51.031071Z DEBUG panoptikon::inferio::http: processing local inference predict model=tags/wd-vit-tagger-v3 inputs=1
2026-09-17T03:37:51.031116Z DEBUG panoptikon::inferio::http: processing local inference predict model=tags/wd-vit-tagger-v3 inputs=1
2026-09-17T03:37:51.031153Z DEBUG panoptikon::inferio::http: processing local inference predict model=tags/wd-vit-tagger-v3 inputs=1
2026-09-17T03:37:51.031289Z DEBUG panoptikon::inferio::http: processing local inference predict model=tags/wd-vit-tagger-v3 inputs=1
2026-09-17T03:37:51.031417Z DEBUG panoptikon::inferio::http: processing local inference predict model=tags/wd-vit-tagger-v3 inputs=1
2026-09-17T03:37:51.031441Z DEBUG panoptikon::inferio::http: processing local inference predict model=tags/wd-vit-tagger-v3 inputs=1
2026-09-17T03:37:51.031472Z DEBUG panoptikon::inferio::http: processing local inference predict model=tags/wd-vit-tagger-v3 inputs=1
2026-09-17T03:37:51.031515Z DEBUG panoptikon::inferio::http: processing local inference predict model=tags/wd-vit-tagger-v3 inputs=1
2026-09-17T03:37:51.031639Z DEBUG panoptikon::inferio::http: processing local inference predict model=tags/wd-vit-tagger-v3 inputs=1
2026-09-17T03:37:51.031739Z DEBUG panoptikon::inferio::http: processing local inference predict model=tags/wd-vit-tagger-v3 inputs=1
2026-09-17T03:37:51.031769Z DEBUG panoptikon::inferio::http: processing local inference predict model=tags/wd-vit-tagger-v3 inputs=1
2026-09-17T03:37:51.032048Z DEBUG panoptikon::inferio::http: processing local inference predict model=tags/wd-vit-tagger-v3 inputs=1
2026-09-17T03:37:51.032073Z DEBUG panoptikon::inferio::http: processing local inference predict model=tags/wd-vit-tagger-v3 inputs=1
2026-09-17T03:37:51.032148Z DEBUG panoptikon::inferio::http: processing local inference predict model=tags/wd-vit-tagger-v3 inputs=1
2026-09-17T03:37:51.032207Z DEBUG panoptikon::inferio::http: processing local inference predict model=tags/wd-vit-tagger-v3 inputs=1
2026-09-17T03:37:51.032611Z DEBUG panoptikon::inferio::http: processing local inference predict model=tags/wd-vit-tagger-v3 inputs=1
2026-09-17T03:37:51.032722Z DEBUG panoptikon::inferio::http: processing local inference predict model=tags/wd-vit-tagger-v3 inputs=1
2026-09-17T03:37:51.032745Z DEBUG panoptikon::inferio::http: processing local inference predict model=tags/wd-vit-tagger-v3 inputs=1
2026-09-17T03:37:51.032783Z DEBUG panoptikon::inferio::http: processing local inference predict model=tags/wd-vit-tagger-v3 inputs=1
2026-09-17T03:37:51.117411Z  INFO panoptikon::inferio::worker: 2026-09-17 03:37:51,117 [DEBUG] inferio_worker_impl_0_wd_tagger: Running inference on 15 images worker=wd_tagger
2026-09-17T03:37:53.705946Z  INFO panoptikon::inferio::worker: 2026-09-17 03:37:53,705 [DEBUG] inferio_worker_impl_0_wd_tagger: Running inference on 15 images worker=wd_tagger
2026-09-17T03:37:55.955499Z  INFO panoptikon::inferio::worker: 2026-09-17 03:37:55,955 [DEBUG] inferio_worker_impl_0_wd_tagger: Running inference on 15 images worker=wd_tagger
2026-09-17T03:37:58.002457Z DEBUG panoptikon::inferio::ledger: refitted the memory cost model model=tags/wd-vit-tagger-v3 gpu=CPU slope_mb_per_unit=34.56666666666666 intercept_mb=93.43333333333334 residual_mb=11.066666666666606 samples=9 version=28
2026-09-17T03:37:58.002513Z DEBUG panoptikon::inferio::ledger: queued a calibration profile update for the store model=tags/wd-vit-tagger-v3 gpu=CPU reason="fit_changed" max_units_measured=32 fit_version=28
2026-09-17T03:37:58.002534Z DEBUG panoptikon::inferio::ledger: settled a granted window model=tags/wd-vit-tagger-v3 gpu=CPU outcome="clean" fit_samples=3 throughput_samples=3 clamped_samples=0 clamped=none ramp_step=4 deflation=0 clean_windows=40 max_units_measured=32
2026-09-17T03:37:58.002589Z DEBUG panoptikon::inferio::ledger: issued a memory grant model=tags/wd-vit-tagger-v3 gpu=CPU unit_budget=15 mb=519 canvas_pixels=none share_mb=89305 room_mb=89305 headroom_mb=88464 external_mb=37842 reserve_mb=1024 reserve_rule="capped_default" pre_fit=false ramp_step=4 deflation=0 squeezed=false window_requests=45
2026-09-17T03:37:58.004478Z DEBUG panoptikon::inferio::http: processing local inference predict model=tags/wd-vit-tagger-v3 inputs=1
2026-09-17T03:37:58.004561Z DEBUG panoptikon::inferio::http: processing local inference predict model=tags/wd-vit-tagger-v3 inputs=1
2026-09-17T03:37:58.004687Z DEBUG panoptikon::inferio::http: processing local inference predict model=tags/wd-vit-tagger-v3 inputs=1
2026-09-17T03:37:58.004747Z DEBUG panoptikon::inferio::http: processing local inference predict model=tags/wd-vit-tagger-v3 inputs=1
2026-09-17T03:37:58.005008Z DEBUG panoptikon::inferio::http: processing local inference predict model=tags/wd-vit-tagger-v3 inputs=1
2026-09-17T03:37:58.005171Z DEBUG panoptikon::inferio::http: processing local inference predict model=tags/wd-vit-tagger-v3 inputs=1
2026-09-17T03:37:58.005501Z DEBUG panoptikon::inferio::http: processing local inference predict model=tags/wd-vit-tagger-v3 inputs=1
2026-09-17T03:37:58.005601Z DEBUG panoptikon::inferio::http: processing local inference predict model=tags/wd-vit-tagger-v3 inputs=1
2026-09-17T03:37:58.005634Z DEBUG panoptikon::inferio::http: processing local inference predict model=tags/wd-vit-tagger-v3 inputs=1
2026-09-17T03:37:58.005683Z DEBUG panoptikon::inferio::http: processing local inference predict model=tags/wd-vit-tagger-v3 inputs=1
2026-09-17T03:37:58.005726Z DEBUG panoptikon::inferio::http: processing local inference predict model=tags/wd-vit-tagger-v3 inputs=1
2026-09-17T03:37:58.005782Z DEBUG panoptikon::inferio::http: processing local inference predict model=tags/wd-vit-tagger-v3 inputs=1
2026-09-17T03:37:58.005816Z DEBUG panoptikon::inferio::http: processing local inference predict model=tags/wd-vit-tagger-v3 inputs=1
2026-09-17T03:37:58.005867Z DEBUG panoptikon::inferio::http: processing local inference predict model=tags/wd-vit-tagger-v3 inputs=1
2026-09-17T03:37:58.005910Z DEBUG panoptikon::inferio::http: processing local inference predict model=tags/wd-vit-tagger-v3 inputs=1
2026-09-17T03:37:58.005940Z DEBUG panoptikon::inferio::http: processing local inference predict model=tags/wd-vit-tagger-v3 inputs=1
2026-09-17T03:37:58.005972Z DEBUG panoptikon::inferio::http: processing local inference predict model=tags/wd-vit-tagger-v3 inputs=1
2026-09-17T03:37:58.006021Z DEBUG panoptikon::inferio::http: processing local inference predict model=tags/wd-vit-tagger-v3 inputs=1
2026-09-17T03:37:58.006064Z DEBUG panoptikon::inferio::http: processing local inference predict model=tags/wd-vit-tagger-v3 inputs=1
2026-09-17T03:37:58.006240Z DEBUG panoptikon::inferio::http: processing local inference predict model=tags/wd-vit-tagger-v3 inputs=1
2026-09-17T03:37:58.006283Z DEBUG panoptikon::inferio::http: processing local inference predict model=tags/wd-vit-tagger-v3 inputs=1
2026-09-17T03:37:58.006329Z DEBUG panoptikon::inferio::http: processing local inference predict model=tags/wd-vit-tagger-v3 inputs=1
2026-09-17T03:37:58.006358Z DEBUG panoptikon::inferio::http: processing local inference predict model=tags/wd-vit-tagger-v3 inputs=1
2026-09-17T03:37:58.006414Z DEBUG panoptikon::inferio::http: processing local inference predict model=tags/wd-vit-tagger-v3 inputs=1
2026-09-17T03:37:58.006452Z DEBUG panoptikon::inferio::http: processing local inference predict model=tags/wd-vit-tagger-v3 inputs=1
2026-09-17T03:37:58.006521Z DEBUG panoptikon::inferio::http: processing local inference predict model=tags/wd-vit-tagger-v3 inputs=1
2026-09-17T03:37:58.006559Z DEBUG panoptikon::inferio::http: processing local inference predict model=tags/wd-vit-tagger-v3 inputs=1
2026-09-17T03:37:58.006605Z DEBUG panoptikon::inferio::http: processing local inference predict model=tags/wd-vit-tagger-v3 inputs=1
2026-09-17T03:37:58.006638Z DEBUG panoptikon::inferio::http: processing local inference predict model=tags/wd-vit-tagger-v3 inputs=1
2026-09-17T03:37:58.006926Z DEBUG panoptikon::inferio::http: processing local inference predict model=tags/wd-vit-tagger-v3 inputs=1
2026-09-17T03:37:58.007047Z DEBUG panoptikon::inferio::http: processing local inference predict model=tags/wd-vit-tagger-v3 inputs=1
2026-09-17T03:37:58.007071Z DEBUG panoptikon::inferio::http: processing local inference predict model=tags/wd-vit-tagger-v3 inputs=1
2026-09-17T03:37:58.007104Z DEBUG panoptikon::inferio::http: processing local inference predict model=tags/wd-vit-tagger-v3 inputs=1
2026-09-17T03:37:58.007156Z DEBUG panoptikon::inferio::http: processing local inference predict model=tags/wd-vit-tagger-v3 inputs=1
2026-09-17T03:37:58.007180Z DEBUG panoptikon::inferio::http: processing local inference predict model=tags/wd-vit-tagger-v3 inputs=1
2026-09-17T03:37:58.007217Z DEBUG panoptikon::inferio::http: processing local inference predict model=tags/wd-vit-tagger-v3 inputs=1
2026-09-17T03:37:58.007292Z DEBUG panoptikon::inferio::http: processing local inference predict model=tags/wd-vit-tagger-v3 inputs=1
2026-09-17T03:37:58.007630Z DEBUG panoptikon::inferio::http: processing local inference predict model=tags/wd-vit-tagger-v3 inputs=1
2026-09-17T03:37:58.007930Z DEBUG panoptikon::inferio::http: processing local inference predict model=tags/wd-vit-tagger-v3 inputs=1
2026-09-17T03:37:58.008001Z DEBUG panoptikon::inferio::http: processing local inference predict model=tags/wd-vit-tagger-v3 inputs=1
2026-09-17T03:37:58.008118Z DEBUG panoptikon::inferio::http: processing local inference predict model=tags/wd-vit-tagger-v3 inputs=1
2026-09-17T03:37:58.008147Z DEBUG panoptikon::inferio::http: processing local inference predict model=tags/wd-vit-tagger-v3 inputs=1
2026-09-17T03:37:58.008223Z DEBUG panoptikon::inferio::http: processing local inference predict model=tags/wd-vit-tagger-v3 inputs=1
2026-09-17T03:37:58.008416Z DEBUG panoptikon::inferio::http: processing local inference predict model=tags/wd-vit-tagger-v3 inputs=1
2026-09-17T03:37:58.008445Z DEBUG panoptikon::inferio::http: processing local inference predict model=tags/wd-vit-tagger-v3 inputs=1
2026-09-17T03:37:58.011651Z  INFO panoptikon::inferio::worker: 2026-09-17 03:37:58,011 [DEBUG] inferio_worker.packing: this window's 519 MiB grant is below 80% of the 1080 MiB of releasable slack in the 1895 MiB pool (1/2 consecutive windows before releasing it) worker=wd_tagger
2026-09-17T03:37:58.096113Z  INFO panoptikon::inferio::worker: 2026-09-17 03:37:58,095 [DEBUG] inferio_worker_impl_0_wd_tagger: Running inference on 15 images worker=wd_tagger
2026-09-17T03:38:00.559408Z  INFO panoptikon::inferio::worker: 2026-09-17 03:38:00,559 [DEBUG] inferio_worker_impl_0_wd_tagger: Running inference on 15 images worker=wd_tagger
2026-09-17T03:38:02.847894Z  INFO panoptikon::inferio::worker: 2026-09-17 03:38:02,847 [DEBUG] inferio_worker_impl_0_wd_tagger: Running inference on 15 images worker=wd_tagger
2026-09-17T03:38:04.949683Z DEBUG panoptikon::inferio::ledger: settled a granted window model=tags/wd-vit-tagger-v3 gpu=CPU outcome="clean" fit_samples=3 throughput_samples=3 clamped_samples=0 clamped=none ramp_step=4 deflation=0 clean_windows=41 max_units_measured=32
2026-09-17T03:38:04.949784Z DEBUG panoptikon::inferio::ledger: issued a memory grant model=tags/wd-vit-tagger-v3 gpu=CPU unit_budget=15 mb=519 canvas_pixels=none share_mb=89343 room_mb=89343 headroom_mb=88502 external_mb=37804 reserve_mb=1024 reserve_rule="capped_default" pre_fit=false ramp_step=4 deflation=0 squeezed=false window_requests=45
2026-09-17T03:38:04.950905Z DEBUG panoptikon::inferio::http: processing local inference predict model=tags/wd-vit-tagger-v3 inputs=1
2026-09-17T03:38:04.951201Z DEBUG panoptikon::inferio::http: processing local inference predict model=tags/wd-vit-tagger-v3 inputs=1
2026-09-17T03:38:04.951248Z DEBUG panoptikon::inferio::http: processing local inference predict model=tags/wd-vit-tagger-v3 inputs=1
2026-09-17T03:38:04.951332Z DEBUG panoptikon::inferio::http: processing local inference predict model=tags/wd-vit-tagger-v3 inputs=1
2026-09-17T03:38:04.951482Z DEBUG panoptikon::inferio::http: processing local inference predict model=tags/wd-vit-tagger-v3 inputs=1
2026-09-17T03:38:04.951580Z DEBUG panoptikon::inferio::http: processing local inference predict model=tags/wd-vit-tagger-v3 inputs=1
2026-09-17T03:38:04.951627Z DEBUG panoptikon::inferio::http: processing local inference predict model=tags/wd-vit-tagger-v3 inputs=1
2026-09-17T03:38:04.951678Z DEBUG panoptikon::inferio::http: processing local inference predict model=tags/wd-vit-tagger-v3 inputs=1
2026-09-17T03:38:04.951732Z DEBUG panoptikon::inferio::http: processing local inference predict model=tags/wd-vit-tagger-v3 inputs=1
2026-09-17T03:38:04.951769Z DEBUG panoptikon::inferio::http: processing local inference predict model=tags/wd-vit-tagger-v3 inputs=1
2026-09-17T03:38:04.951807Z DEBUG panoptikon::inferio::http: processing local inference predict model=tags/wd-vit-tagger-v3 inputs=1
2026-09-17T03:38:04.951831Z DEBUG panoptikon::inferio::http: processing local inference predict model=tags/wd-vit-tagger-v3 inputs=1
2026-09-17T03:38:04.951868Z DEBUG panoptikon::inferio::http: processing local inference predict model=tags/wd-vit-tagger-v3 inputs=1
2026-09-17T03:38:04.951928Z DEBUG panoptikon::inferio::http: processing local inference predict model=tags/wd-vit-tagger-v3 inputs=1
2026-09-17T03:38:04.951963Z DEBUG panoptikon::inferio::http: processing local inference predict model=tags/wd-vit-tagger-v3 inputs=1
2026-09-17T03:38:04.951994Z DEBUG panoptikon::inferio::http: processing local inference predict model=tags/wd-vit-tagger-v3 inputs=1
2026-09-17T03:38:04.952020Z DEBUG panoptikon::inferio::http: processing local inference predict model=tags/wd-vit-tagger-v3 inputs=1
2026-09-17T03:38:04.952207Z DEBUG panoptikon::inferio::http: processing local inference predict model=tags/wd-vit-tagger-v3 inputs=1
2026-09-17T03:38:04.952240Z DEBUG panoptikon::inferio::http: processing local inference predict model=tags/wd-vit-tagger-v3 inputs=1
2026-09-17T03:38:04.952338Z DEBUG panoptikon::inferio::http: processing local inference predict model=tags/wd-vit-tagger-v3 inputs=1
2026-09-17T03:38:04.952375Z DEBUG panoptikon::inferio::http: processing local inference predict model=tags/wd-vit-tagger-v3 inputs=1
2026-09-17T03:38:04.952412Z DEBUG panoptikon::inferio::http: processing local inference predict model=tags/wd-vit-tagger-v3 inputs=1
2026-09-17T03:38:04.952444Z DEBUG panoptikon::inferio::http: processing local inference predict model=tags/wd-vit-tagger-v3 inputs=1
2026-09-17T03:38:04.952472Z DEBUG panoptikon::inferio::http: processing local inference predict model=tags/wd-vit-tagger-v3 inputs=1
2026-09-17T03:38:04.952508Z DEBUG panoptikon::inferio::http: processing local inference predict model=tags/wd-vit-tagger-v3 inputs=1
2026-09-17T03:38:04.952601Z DEBUG panoptikon::inferio::http: processing local inference predict model=tags/wd-vit-tagger-v3 inputs=1
2026-09-17T03:38:04.952626Z DEBUG panoptikon::inferio::http: processing local inference predict model=tags/wd-vit-tagger-v3 inputs=1
2026-09-17T03:38:04.952656Z DEBUG panoptikon::inferio::http: processing local inference predict model=tags/wd-vit-tagger-v3 inputs=1
2026-09-17T03:38:04.952679Z DEBUG panoptikon::inferio::http: processing local inference predict model=tags/wd-vit-tagger-v3 inputs=1
2026-09-17T03:38:04.952708Z DEBUG panoptikon::inferio::http: processing local inference predict model=tags/wd-vit-tagger-v3 inputs=1
2026-09-17T03:38:04.952766Z DEBUG panoptikon::inferio::http: processing local inference predict model=tags/wd-vit-tagger-v3 inputs=1
2026-09-17T03:38:04.952841Z DEBUG panoptikon::inferio::http: processing local inference predict model=tags/wd-vit-tagger-v3 inputs=1
2026-09-17T03:38:04.952865Z DEBUG panoptikon::inferio::http: processing local inference predict model=tags/wd-vit-tagger-v3 inputs=1
2026-09-17T03:38:04.952902Z DEBUG panoptikon::inferio::http: processing local inference predict model=tags/wd-vit-tagger-v3 inputs=1
2026-09-17T03:38:04.952968Z DEBUG panoptikon::inferio::http: processing local inference predict model=tags/wd-vit-tagger-v3 inputs=1
2026-09-17T03:38:04.953030Z DEBUG panoptikon::inferio::http: processing local inference predict model=tags/wd-vit-tagger-v3 inputs=1
2026-09-17T03:38:04.953059Z DEBUG panoptikon::inferio::http: processing local inference predict model=tags/wd-vit-tagger-v3 inputs=1
2026-09-17T03:38:04.953107Z DEBUG panoptikon::inferio::http: processing local inference predict model=tags/wd-vit-tagger-v3 inputs=1
2026-09-17T03:38:04.953146Z DEBUG panoptikon::inferio::http: processing local inference predict model=tags/wd-vit-tagger-v3 inputs=1
2026-09-17T03:38:04.953245Z DEBUG panoptikon::inferio::http: processing local inference predict model=tags/wd-vit-tagger-v3 inputs=1
2026-09-17T03:38:04.953288Z DEBUG panoptikon::inferio::http: processing local inference predict model=tags/wd-vit-tagger-v3 inputs=1
2026-09-17T03:38:04.953481Z DEBUG panoptikon::inferio::http: processing local inference predict model=tags/wd-vit-tagger-v3 inputs=1
2026-09-17T03:38:04.953619Z DEBUG panoptikon::inferio::http: processing local inference predict model=tags/wd-vit-tagger-v3 inputs=1
2026-09-17T03:38:04.953651Z DEBUG panoptikon::inferio::http: processing local inference predict model=tags/wd-vit-tagger-v3 inputs=1
2026-09-17T03:38:04.953680Z DEBUG panoptikon::inferio::http: processing local inference predict model=tags/wd-vit-tagger-v3 inputs=1
2026-09-17T03:38:05.034894Z  INFO panoptikon::inferio::worker: 2026-09-17 03:38:05,034 [DEBUG] inferio_worker_impl_0_wd_tagger: Running inference on 15 images worker=wd_tagger
2026-09-17T03:38:07.177355Z  INFO panoptikon::inferio::worker: 2026-09-17 03:38:07,177 [DEBUG] inferio_worker_impl_0_wd_tagger: Running inference on 15 images worker=wd_tagger
2026-09-17T03:38:08.600443Z  INFO panoptikon::inferio::calibration: wrote the local calibration store path=data/inferio/calibration.toml profiles=1
2026-09-17T03:38:09.364753Z  INFO panoptikon::inferio::worker: 2026-09-17 03:38:09,364 [DEBUG] inferio_worker_impl_0_wd_tagger: Running inference on 15 images worker=wd_tagger
2026-09-17T03:38:11.422297Z DEBUG panoptikon::inferio::ledger: settled a granted window model=tags/wd-vit-tagger-v3 gpu=CPU outcome="clean" fit_samples=3 throughput_samples=3 clamped_samples=0 clamped=none ramp_step=4 deflation=0 clean_windows=42 max_units_measured=32
2026-09-17T03:38:11.422366Z DEBUG panoptikon::inferio::ledger: issued a memory grant model=tags/wd-vit-tagger-v3 gpu=CPU unit_budget=15 mb=519 canvas_pixels=none share_mb=89401 room_mb=89401 headroom_mb=88560 external_mb=37746 reserve_mb=1024 reserve_rule="capped_default" pre_fit=false ramp_step=4 deflation=0 squeezed=false window_requests=45
2026-09-17T03:38:11.423652Z DEBUG panoptikon::inferio::http: processing local inference predict model=tags/wd-vit-tagger-v3 inputs=1
2026-09-17T03:38:11.423703Z DEBUG panoptikon::inferio::http: processing local inference predict model=tags/wd-vit-tagger-v3 inputs=1
2026-09-17T03:38:11.423879Z DEBUG panoptikon::inferio::http: processing local inference predict model=tags/wd-vit-tagger-v3 inputs=1
2026-09-17T03:38:11.424199Z DEBUG panoptikon::inferio::http: processing local inference predict model=tags/wd-vit-tagger-v3 inputs=1
2026-09-17T03:38:11.424365Z DEBUG panoptikon::inferio::http: processing local inference predict model=tags/wd-vit-tagger-v3 inputs=1
2026-09-17T03:38:11.424414Z DEBUG panoptikon::inferio::http: processing local inference predict model=tags/wd-vit-tagger-v3 inputs=1
2026-09-17T03:38:11.424458Z DEBUG panoptikon::inferio::http: processing local inference predict model=tags/wd-vit-tagger-v3 inputs=1
2026-09-17T03:38:11.424518Z DEBUG panoptikon::inferio::http: processing local inference predict model=tags/wd-vit-tagger-v3 inputs=1
2026-09-17T03:38:11.424562Z DEBUG panoptikon::inferio::http: processing local inference predict model=tags/wd-vit-tagger-v3 inputs=1
2026-09-17T03:38:11.424586Z DEBUG panoptikon::inferio::http: processing local inference predict model=tags/wd-vit-tagger-v3 inputs=1
2026-09-17T03:38:11.424638Z DEBUG panoptikon::inferio::http: processing local inference predict model=tags/wd-vit-tagger-v3 inputs=1
2026-09-17T03:38:11.424960Z DEBUG panoptikon::inferio::http: processing local inference predict model=tags/wd-vit-tagger-v3 inputs=1
2026-09-17T03:38:11.424991Z DEBUG panoptikon::inferio::http: processing local inference predict model=tags/wd-vit-tagger-v3 inputs=1
2026-09-17T03:38:11.425061Z DEBUG panoptikon::inferio::http: processing local inference predict model=tags/wd-vit-tagger-v3 inputs=1
2026-09-17T03:38:11.425345Z DEBUG panoptikon::inferio::http: processing local inference predict model=tags/wd-vit-tagger-v3 inputs=1
2026-09-17T03:38:11.425379Z DEBUG panoptikon::inferio::http: processing local inference predict model=tags/wd-vit-tagger-v3 inputs=1
2026-09-17T03:38:11.425425Z DEBUG panoptikon::inferio::http: processing local inference predict model=tags/wd-vit-tagger-v3 inputs=1
2026-09-17T03:38:11.425469Z DEBUG panoptikon::inferio::http: processing local inference predict model=tags/wd-vit-tagger-v3 inputs=1
2026-09-17T03:38:11.425501Z DEBUG panoptikon::inferio::http: processing local inference predict model=tags/wd-vit-tagger-v3 inputs=1
2026-09-17T03:38:11.425528Z DEBUG panoptikon::inferio::http: processing local inference predict model=tags/wd-vit-tagger-v3 inputs=1
2026-09-17T03:38:11.425588Z DEBUG panoptikon::inferio::http: processing local inference predict model=tags/wd-vit-tagger-v3 inputs=1
2026-09-17T03:38:11.425627Z DEBUG panoptikon::inferio::http: processing local inference predict model=tags/wd-vit-tagger-v3 inputs=1
2026-09-17T03:38:11.425664Z DEBUG panoptikon::inferio::http: processing local inference predict model=tags/wd-vit-tagger-v3 inputs=1
2026-09-17T03:38:11.425690Z DEBUG panoptikon::inferio::http: processing local inference predict model=tags/wd-vit-tagger-v3 inputs=1
2026-09-17T03:38:11.425733Z DEBUG panoptikon::inferio::http: processing local inference predict model=tags/wd-vit-tagger-v3 inputs=1
2026-09-17T03:38:11.425767Z DEBUG panoptikon::inferio::http: processing local inference predict model=tags/wd-vit-tagger-v3 inputs=1
2026-09-17T03:38:11.425798Z DEBUG panoptikon::inferio::http: processing local inference predict model=tags/wd-vit-tagger-v3 inputs=1
2026-09-17T03:38:11.425984Z DEBUG panoptikon::inferio::http: processing local inference predict model=tags/wd-vit-tagger-v3 inputs=1
2026-09-17T03:38:11.426020Z DEBUG panoptikon::inferio::http: processing local inference predict model=tags/wd-vit-tagger-v3 inputs=1
2026-09-17T03:38:11.426054Z DEBUG panoptikon::inferio::http: processing local inference predict model=tags/wd-vit-tagger-v3 inputs=1
2026-09-17T03:38:11.426078Z DEBUG panoptikon::inferio::http: processing local inference predict model=tags/wd-vit-tagger-v3 inputs=1
2026-09-17T03:38:11.426103Z DEBUG panoptikon::inferio::http: processing local inference predict model=tags/wd-vit-tagger-v3 inputs=1
2026-09-17T03:38:11.426370Z DEBUG panoptikon::inferio::http: processing local inference predict model=tags/wd-vit-tagger-v3 inputs=1
2026-09-17T03:38:11.426395Z DEBUG panoptikon::inferio::http: processing local inference predict model=tags/wd-vit-tagger-v3 inputs=1
2026-09-17T03:38:11.426432Z DEBUG panoptikon::inferio::http: processing local inference predict model=tags/wd-vit-tagger-v3 inputs=1
2026-09-17T03:38:11.426464Z DEBUG panoptikon::inferio::http: processing local inference predict model=tags/wd-vit-tagger-v3 inputs=1
2026-09-17T03:38:11.426492Z DEBUG panoptikon::inferio::http: processing local inference predict model=tags/wd-vit-tagger-v3 inputs=1
2026-09-17T03:38:11.426524Z DEBUG panoptikon::inferio::http: processing local inference predict model=tags/wd-vit-tagger-v3 inputs=1
2026-09-17T03:38:11.426619Z DEBUG panoptikon::inferio::http: processing local inference predict model=tags/wd-vit-tagger-v3 inputs=1
2026-09-17T03:38:11.426695Z DEBUG panoptikon::inferio::http: processing local inference predict model=tags/wd-vit-tagger-v3 inputs=1
2026-09-17T03:38:11.426732Z DEBUG panoptikon::inferio::http: processing local inference predict model=tags/wd-vit-tagger-v3 inputs=1
2026-09-17T03:38:11.426970Z DEBUG panoptikon::inferio::http: processing local inference predict model=tags/wd-vit-tagger-v3 inputs=1
2026-09-17T03:38:11.427002Z DEBUG panoptikon::inferio::http: processing local inference predict model=tags/wd-vit-tagger-v3 inputs=1
2026-09-17T03:38:11.427067Z DEBUG panoptikon::inferio::http: processing local inference predict model=tags/wd-vit-tagger-v3 inputs=1
2026-09-17T03:38:11.427171Z DEBUG panoptikon::inferio::http: processing local inference predict model=tags/wd-vit-tagger-v3 inputs=1
2026-09-17T03:38:11.430664Z  INFO panoptikon::inferio::worker: 2026-09-17 03:38:11,430 [DEBUG] inferio_worker.packing: this window's 519 MiB grant is below 80% of the 1080 MiB of releasable slack in the 1895 MiB pool (1/2 consecutive windows before releasing it) worker=wd_tagger
2026-09-17T03:38:11.510774Z  INFO panoptikon::inferio::worker: 2026-09-17 03:38:11,510 [DEBUG] inferio_worker_impl_0_wd_tagger: Running inference on 15 images worker=wd_tagger
2026-09-17T03:38:13.861998Z  INFO panoptikon::inferio::worker: 2026-09-17 03:38:13,861 [DEBUG] inferio_worker_impl_0_wd_tagger: Running inference on 15 images worker=wd_tagger
2026-09-17T03:38:16.643759Z  INFO panoptikon::inferio::worker: 2026-09-17 03:38:16,643 [DEBUG] inferio_worker_impl_0_wd_tagger: Running inference on 15 images worker=wd_tagger
2026-09-17T03:38:18.810808Z DEBUG panoptikon::inferio::ledger: settled a granted window model=tags/wd-vit-tagger-v3 gpu=CPU outcome="clean" fit_samples=3 throughput_samples=3 clamped_samples=0 clamped=none ramp_step=4 deflation=0 clean_windows=43 max_units_measured=32
2026-09-17T03:38:18.810860Z DEBUG panoptikon::inferio::ledger: issued a memory grant model=tags/wd-vit-tagger-v3 gpu=CPU unit_budget=15 mb=519 canvas_pixels=none share_mb=89425 room_mb=89425 headroom_mb=88584 external_mb=37722 reserve_mb=1024 reserve_rule="capped_default" pre_fit=false ramp_step=4 deflation=0 squeezed=false window_requests=45
2026-09-17T03:38:18.812211Z DEBUG panoptikon::inferio::http: processing local inference predict model=tags/wd-vit-tagger-v3 inputs=1
2026-09-17T03:38:18.812497Z DEBUG panoptikon::inferio::http: processing local inference predict model=tags/wd-vit-tagger-v3 inputs=1
2026-09-17T03:38:18.812643Z DEBUG panoptikon::inferio::http: processing local inference predict model=tags/wd-vit-tagger-v3 inputs=1
2026-09-17T03:38:18.812801Z DEBUG panoptikon::inferio::http: processing local inference predict model=tags/wd-vit-tagger-v3 inputs=1
2026-09-17T03:38:18.812835Z DEBUG panoptikon::inferio::http: processing local inference predict model=tags/wd-vit-tagger-v3 inputs=1
2026-09-17T03:38:18.812853Z DEBUG panoptikon::inferio::http: processing local inference predict model=tags/wd-vit-tagger-v3 inputs=1
2026-09-17T03:38:18.812957Z DEBUG panoptikon::inferio::http: processing local inference predict model=tags/wd-vit-tagger-v3 inputs=1
2026-09-17T03:38:18.813009Z DEBUG panoptikon::inferio::http: processing local inference predict model=tags/wd-vit-tagger-v3 inputs=1
2026-09-17T03:38:18.813127Z DEBUG panoptikon::inferio::http: processing local inference predict model=tags/wd-vit-tagger-v3 inputs=1
2026-09-17T03:38:18.813158Z DEBUG panoptikon::inferio::http: processing local inference predict model=tags/wd-vit-tagger-v3 inputs=1
2026-09-17T03:38:18.813218Z DEBUG panoptikon::inferio::http: processing local inference predict model=tags/wd-vit-tagger-v3 inputs=1
2026-09-17T03:38:18.813251Z DEBUG panoptikon::inferio::http: processing local inference predict model=tags/wd-vit-tagger-v3 inputs=1
2026-09-17T03:38:18.813345Z DEBUG panoptikon::inferio::http: processing local inference predict model=tags/wd-vit-tagger-v3 inputs=1
2026-09-17T03:38:18.813484Z DEBUG panoptikon::inferio::http: processing local inference predict model=tags/wd-vit-tagger-v3 inputs=1
2026-09-17T03:38:18.813527Z DEBUG panoptikon::inferio::http: processing local inference predict model=tags/wd-vit-tagger-v3 inputs=1
2026-09-17T03:38:18.813569Z DEBUG panoptikon::inferio::http: processing local inference predict model=tags/wd-vit-tagger-v3 inputs=1
2026-09-17T03:38:18.813587Z DEBUG panoptikon::inferio::http: processing local inference predict model=tags/wd-vit-tagger-v3 inputs=1
2026-09-17T03:38:18.813652Z DEBUG panoptikon::inferio::http: processing local inference predict model=tags/wd-vit-tagger-v3 inputs=1
2026-09-17T03:38:18.813703Z DEBUG panoptikon::inferio::http: processing local inference predict model=tags/wd-vit-tagger-v3 inputs=1
2026-09-17T03:38:18.813737Z DEBUG panoptikon::inferio::http: processing local inference predict model=tags/wd-vit-tagger-v3 inputs=1
2026-09-17T03:38:18.813764Z DEBUG panoptikon::inferio::http: processing local inference predict model=tags/wd-vit-tagger-v3 inputs=1
2026-09-17T03:38:18.813797Z DEBUG panoptikon::inferio::http: processing local inference predict model=tags/wd-vit-tagger-v3 inputs=1
2026-09-17T03:38:18.813828Z DEBUG panoptikon::inferio::http: processing local inference predict model=tags/wd-vit-tagger-v3 inputs=1
2026-09-17T03:38:18.813859Z DEBUG panoptikon::inferio::http: processing local inference predict model=tags/wd-vit-tagger-v3 inputs=1
2026-09-17T03:38:18.813955Z DEBUG panoptikon::inferio::http: processing local inference predict model=tags/wd-vit-tagger-v3 inputs=1
2026-09-17T03:38:18.813977Z DEBUG panoptikon::inferio::http: processing local inference predict model=tags/wd-vit-tagger-v3 inputs=1
2026-09-17T03:38:18.814001Z DEBUG panoptikon::inferio::http: processing local inference predict model=tags/wd-vit-tagger-v3 inputs=1
2026-09-17T03:38:18.814029Z DEBUG panoptikon::inferio::http: processing local inference predict model=tags/wd-vit-tagger-v3 inputs=1
2026-09-17T03:38:18.814054Z DEBUG panoptikon::inferio::http: processing local inference predict model=tags/wd-vit-tagger-v3 inputs=1
2026-09-17T03:38:18.814365Z DEBUG panoptikon::inferio::http: processing local inference predict model=tags/wd-vit-tagger-v3 inputs=1
2026-09-17T03:38:18.814422Z DEBUG panoptikon::inferio::http: processing local inference predict model=tags/wd-vit-tagger-v3 inputs=1
2026-09-17T03:38:18.814783Z DEBUG panoptikon::inferio::http: processing local inference predict model=tags/wd-vit-tagger-v3 inputs=1
2026-09-17T03:38:18.814821Z DEBUG panoptikon::inferio::http: processing local inference predict model=tags/wd-vit-tagger-v3 inputs=1
2026-09-17T03:38:18.814848Z DEBUG panoptikon::inferio::http: processing local inference predict model=tags/wd-vit-tagger-v3 inputs=1
2026-09-17T03:38:18.814885Z DEBUG panoptikon::inferio::http: processing local inference predict model=tags/wd-vit-tagger-v3 inputs=1
2026-09-17T03:38:18.815089Z DEBUG panoptikon::inferio::http: processing local inference predict model=tags/wd-vit-tagger-v3 inputs=1
2026-09-17T03:38:18.815336Z DEBUG panoptikon::inferio::http: processing local inference predict model=tags/wd-vit-tagger-v3 inputs=1
2026-09-17T03:38:18.815383Z DEBUG panoptikon::inferio::http: processing local inference predict model=tags/wd-vit-tagger-v3 inputs=1
2026-09-17T03:38:18.815407Z DEBUG panoptikon::inferio::http: processing local inference predict model=tags/wd-vit-tagger-v3 inputs=1
2026-09-17T03:38:18.815441Z DEBUG panoptikon::inferio::http: processing local inference predict model=tags/wd-vit-tagger-v3 inputs=1
2026-09-17T03:38:18.815458Z DEBUG panoptikon::inferio::http: processing local inference predict model=tags/wd-vit-tagger-v3 inputs=1
2026-09-17T03:38:18.815479Z DEBUG panoptikon::inferio::http: processing local inference predict model=tags/wd-vit-tagger-v3 inputs=1
2026-09-17T03:38:18.815511Z DEBUG panoptikon::inferio::http: processing local inference predict model=tags/wd-vit-tagger-v3 inputs=1
2026-09-17T03:38:18.815536Z DEBUG panoptikon::inferio::http: processing local inference predict model=tags/wd-vit-tagger-v3 inputs=1
2026-09-17T03:38:18.815558Z DEBUG panoptikon::inferio::http: processing local inference predict model=tags/wd-vit-tagger-v3 inputs=1
2026-09-17T03:38:18.895795Z  INFO panoptikon::inferio::worker: 2026-09-17 03:38:18,895 [DEBUG] inferio_worker_impl_0_wd_tagger: Running inference on 15 images worker=wd_tagger
2026-09-17T03:38:21.197297Z  INFO panoptikon::inferio::worker: 2026-09-17 03:38:21,197 [DEBUG] inferio_worker_impl_0_wd_tagger: Running inference on 15 images worker=wd_tagger
2026-09-17T03:38:23.349086Z  INFO panoptikon::inferio::worker: 2026-09-17 03:38:23,348 [DEBUG] inferio_worker_impl_0_wd_tagger: Running inference on 15 images worker=wd_tagger
2026-09-17T03:38:25.437998Z DEBUG panoptikon::inferio::ledger: settled a granted window model=tags/wd-vit-tagger-v3 gpu=CPU outcome="clean" fit_samples=3 throughput_samples=3 clamped_samples=0 clamped=none ramp_step=4 deflation=0 clean_windows=44 max_units_measured=32
2026-09-17T03:38:25.438124Z DEBUG panoptikon::inferio::ledger: issued a memory grant model=tags/wd-vit-tagger-v3 gpu=CPU unit_budget=15 mb=519 canvas_pixels=none share_mb=89400 room_mb=89400 headroom_mb=88559 external_mb=37747 reserve_mb=1024 reserve_rule="capped_default" pre_fit=false ramp_step=4 deflation=0 squeezed=false window_requests=45
2026-09-17T03:38:25.439601Z DEBUG panoptikon::inferio::http: processing local inference predict model=tags/wd-vit-tagger-v3 inputs=1
2026-09-17T03:38:25.439818Z DEBUG panoptikon::inferio::http: processing local inference predict model=tags/wd-vit-tagger-v3 inputs=1
2026-09-17T03:38:25.439950Z DEBUG panoptikon::inferio::http: processing local inference predict model=tags/wd-vit-tagger-v3 inputs=1
2026-09-17T03:38:25.440112Z DEBUG panoptikon::inferio::http: processing local inference predict model=tags/wd-vit-tagger-v3 inputs=1
2026-09-17T03:38:25.445004Z  INFO panoptikon::inferio::worker: 2026-09-17 03:38:25,444 [DEBUG] inferio_worker.packing: this window's 519 MiB grant is below 80% of the 1080 MiB of releasable slack in the 1895 MiB pool (1/2 consecutive windows before releasing it) worker=wd_tagger
2026-09-17T03:38:25.525294Z  INFO panoptikon::inferio::worker: 2026-09-17 03:38:25,525 [DEBUG] inferio_worker_impl_0_wd_tagger: Running inference on 15 images worker=wd_tagger
2026-09-17T03:38:27.670418Z  INFO panoptikon::inferio::worker: 2026-09-17 03:38:27,670 [DEBUG] inferio_worker_impl_0_wd_tagger: Running inference on 15 images worker=wd_tagger
2026-09-17T03:38:29.840820Z  INFO panoptikon::inferio::worker: 2026-09-17 03:38:29,840 [DEBUG] inferio_worker_impl_0_wd_tagger: Running inference on 15 images worker=wd_tagger
2026-09-17T03:38:31.908730Z DEBUG panoptikon::inferio::ledger: declining to fit a throughput knee: this knee last expired and was widened, and the ring has not yet seen enough of the wider size to put it back bucket=3 observed_floor=1 observed_top=5 anchor=32 observations=124
2026-09-17T03:38:31.908791Z  INFO panoptikon::inferio::ledger: this model has run cleanly at its throughput knee for long enough, with memory to spare, that the knee is worth re-testing; widening the cap by one batch-size step. A knee is a brake, not a ceiling: if the curve really does flatten here, the next fit from honest samples puts it back model=tags/wd-vit-tagger-v3 gpu=CPU knee_units_before=15 knee_units_after=31 clean_windows_at_the_knee=12 last_grant_units=15
2026-09-17T03:38:31.908813Z DEBUG panoptikon::inferio::ledger: settled a granted window model=tags/wd-vit-tagger-v3 gpu=CPU outcome="clean" fit_samples=3 throughput_samples=3 clamped_samples=0 clamped=none ramp_step=4 deflation=0 clean_windows=45 max_units_measured=32
2026-09-17T03:38:31.911737Z DEBUG panoptikon::inferio::ledger: issued a memory grant model=tags/wd-vit-tagger-v3 gpu=CPU unit_budget=4 mb=139 canvas_pixels=none share_mb=89417 room_mb=89417 headroom_mb=88576 external_mb=37730 reserve_mb=1024 reserve_rule="capped_default" pre_fit=false ramp_step=4 deflation=0 squeezed=false window_requests=4
2026-09-17T03:38:31.938003Z  INFO panoptikon::inferio::worker: 2026-09-17 03:38:31,937 [DEBUG] inferio_worker_impl_0_wd_tagger: Running inference on 4 images worker=wd_tagger
2026-09-17T03:38:32.673045Z DEBUG panoptikon::inferio::ledger: refitted the memory cost model model=tags/wd-vit-tagger-v3 gpu=CPU slope_mb_per_unit=34.0 intercept_mb=104.0 residual_mb=10.0 samples=9 version=29
2026-09-17T03:38:32.673091Z DEBUG panoptikon::inferio::ledger: declining to fit a throughput knee: this knee last expired and was widened, and the ring has not yet seen enough of the wider size to put it back bucket=3 observed_floor=1 observed_top=5 anchor=32 observations=125
2026-09-17T03:38:32.673110Z DEBUG panoptikon::inferio::ledger: queued a calibration profile update for the store model=tags/wd-vit-tagger-v3 gpu=CPU reason="fit_changed" max_units_measured=32 fit_version=29
2026-09-17T03:38:32.673187Z DEBUG panoptikon::inferio::ledger: settled a granted window model=tags/wd-vit-tagger-v3 gpu=CPU outcome="clean" fit_samples=1 throughput_samples=1 clamped_samples=0 clamped=none ramp_step=4 deflation=0 clean_windows=46 max_units_measured=32
2026-09-17T03:38:32.698942Z  INFO panoptikon::jobs::extraction: extraction job phase timing data_load_busy_secs=0.118421171 data_load_work_secs=0.8387531089999991 inference_busy_secs=335.378843342 inference_work_secs=34267.77355188499
2026-09-17T03:38:32.702304Z  INFO Actor{id="0.5" name="job-runner"}: panoptikon::jobs::queue: scheduling deferred database maintenance index_db="cal" queue_id=5 owed=wrote_data,tags_changed
2026-09-17T03:38:32.702323Z  INFO Actor{id="0.5" name="job-runner"}: panoptikon::jobs::queue: unloading batch model at job boundary setter=tags/wd-vit-tagger-v3
2026-09-17T03:38:32.702592Z DEBUG panoptikon::inferio::manager: unload requested model=tags/wd-vit-tagger-v3 cache_key=batch
2026-09-17T03:38:32.702618Z DEBUG panoptikon::inferio::manager: unloading model model=tags/wd-vit-tagger-v3
2026-09-17T03:38:32.702678Z DEBUG panoptikon::inferio::ledger: credited a departed replica's footprint back to the GPU's free reading, so its memory is not reattributed to external usage, and flagged the reading for a refresh model=tags/wd-vit-tagger-v3 gpu=CPU footprint_mb=1319 adjusted_free_mb=90862
2026-09-17T03:38:32.715173Z  INFO panoptikon::inferio::worker: 2026-09-17 03:38:32,715 [DEBUG] inferio_worker_impl_0_wd_tagger: Model SmilingWolf/wd-vit-tagger-v3 unloaded worker=wd_tagger
2026-09-17T03:38:32.715227Z  INFO panoptikon::inferio::worker: 2026-09-17 03:38:32,715 [INFO] inferio_worker: Unloaded; exiting. worker=wd_tagger
2026-09-17T03:38:38.602161Z  INFO panoptikon::inferio::calibration: wrote the local calibration store path=data/inferio/calibration.toml profiles=1
2026-09-17T03:39:13.511982Z  INFO panoptikon::shutdown: shutdown signal received; stopping gracefully (repeat the signal to force exit)
2026-09-17T03:39:13.512318Z  INFO panoptikon::shutdown: index DB writers drained writers=2
2026-09-17T03:39:13.512586Z  INFO panoptikon::shutdown: local inference workers stopped
2026-09-17T03:39:13.512621Z  INFO panoptikon::shutdown: background work stopped cleanly
2026-09-17T03:39:13.513304Z  INFO panoptikon: gateway stopped
